cust_id,date_of_complaint,issue_type,feedback_text,priority_level,days_to_resolve,is_escalated,is_resolved
C00002,2024-11-26,Meter Reading,The technician arrived a bit late but did a good job.,2,7,0,1
C00003,2023-12-01,Meter Reading,I want to cancel my account. I have had enough of this terrible service.,5,20,0,1
C00003,2022-02-19,Meter Reading,I want a full refund and I am cancelling everything today.,5,23,1,0
C00003,2022-06-16,Service Quality,I feel like loyal customers are not being valued the way they should be.,3,17,1,0
C00004,2024-12-06,Technical,Just checking when my next meter read is scheduled.,1,9,1,1
C00005,2023-02-04,Account Management,I had trouble navigating the new online portal at first.,2,4,1,0
C00005,2024-02-22,Meter Reading,Just checking when my next meter read is scheduled.,1,1,0,1
C00005,2023-04-26,Technical,The website was slow when I tried to log in yesterday.,2,8,0,1
C00005,2023-03-25,Billing,I want to switch to paperless billing.,1,5,0,1
C00006,2022-10-02,Technical,I was on hold for about 20 minutes which felt long.,2,2,0,1
C00007,2024-10-24,Billing,Just checking when my next meter read is scheduled.,1,9,0,1
C00007,2024-12-03,Service Quality,I waited longer than usual for a callback but it came eventually.,2,1,0,1
C00007,2024-12-05,Service Quality,I have been without power for five days and your team does not care at all.,5,28,1,0
C00007,2024-02-13,Account Management,Calling to update my billing address.,1,2,1,1
C00007,2024-03-05,Technical,I am not satisfied with how my previous complaint was handled.,3,7,0,1
C00008,2023-08-01,Billing,I was on hold for about 20 minutes which felt long.,2,6,1,1
C00009,2023-07-26,Account Management,I want to cancel my account. I have had enough of this terrible service.,5,23,0,0
C00009,2023-08-02,Account Management,Can you confirm my direct debit amount?,1,7,0,1
C00009,2022-11-08,Service Quality,I was treated rudely on my last call and I want this addressed.,4,12,1,0
C00009,2024-06-21,Billing,"There was a small discrepancy on my statement, now resolved.",2,7,0,1
C00010,2022-07-12,Service Quality,I feel like loyal customers are not being valued the way they should be.,3,13,0,1
C00012,2024-02-28,Outage,Could you send me a copy of last month's bill?,1,1,0,1
C00012,2023-01-19,Service Quality,The online chat bot could not help me and I had to call anyway.,3,17,1,1
C00012,2024-12-17,Billing,Can you confirm my direct debit amount?,1,7,0,1
C00013,2023-11-23,Service Quality,Calling to update my billing address.,1,8,1,1
C00013,2024-03-23,Account Management,I am switching providers immediately. I cannot tolerate this incompetence.,5,3,0,0
C00013,2023-01-19,Technical,I had trouble navigating the new online portal at first.,2,7,0,1
C00014,2024-04-13,Billing,The rate increase was not communicated clearly and came as a surprise.,3,11,1,1
C00014,2022-01-25,Account Management,I was on hold for about 20 minutes which felt long.,2,6,0,1
C00014,2023-08-07,Billing,I was treated rudely on my last call and I want this addressed.,4,1,1,0
C00014,2022-02-12,Account Management,Response time was a bit slower than last time I called.,2,7,0,1
C00016,2024-11-26,Account Management,The rate increase was not communicated clearly and came as a surprise.,3,14,0,0
C00016,2024-10-04,Meter Reading,My meter reading submission didn't go through on the first try.,2,10,0,1
C00016,2022-09-18,Outage,I am not satisfied with how my previous complaint was handled.,3,10,1,1
C00016,2023-01-04,Service Quality,My power has been out for two days and nobody has given me an update.,4,16,0,0
C00016,2022-11-23,Technical,The rate increase was not communicated clearly and came as a surprise.,3,15,0,0
C00017,2024-12-15,Account Management,The online chat bot could not help me and I had to call anyway.,3,12,1,1
C00017,2024-07-10,Technical,The customer service agent I spoke to was not very helpful.,3,16,0,0
C00018,2022-11-02,Technical,I have been trying to get this resolved for two weeks now.,3,19,1,1
C00018,2023-06-04,Service Quality,The level of service I am receiving is completely unacceptable.,4,15,1,1
C00020,2023-12-17,Outage,The technician did not show up at the agreed time without any notice.,3,6,1,1
C00021,2024-09-27,Outage,This is the third billing error in a row. I am losing patience.,4,8,1,0
C00021,2024-03-04,Outage,I took a day off work for the technician and nobody came.,4,6,1,1
C00021,2024-10-10,Technical,I waited longer than usual for a callback but it came eventually.,2,2,0,1
C00022,2022-10-28,Meter Reading,I am not satisfied with how my previous complaint was handled.,3,15,1,0
C00023,2023-08-27,Account Management,Quick question about the new tariff letter I received.,1,1,0,0
C00024,2024-12-26,Account Management,I waited longer than usual for a callback but it came eventually.,2,5,0,1
C00024,2022-03-18,Billing,I have escalated this complaint twice and it is still not resolved.,4,9,0,1
C00025,2022-08-28,Technical,Just checking when my next meter read is scheduled.,1,3,0,1
C00026,2022-09-14,Outage,I waited longer than usual for a callback but it came eventually.,2,8,0,0
C00026,2024-08-04,Technical,The online chat bot could not help me and I had to call anyway.,3,6,0,0
C00027,2023-04-23,Technical,This is the third billing error in a row. I am losing patience.,4,10,0,1
C00027,2024-04-03,Outage,I would like to check my current balance please.,1,1,0,1
C00027,2024-04-04,Outage,The technician arrived a bit late but did a good job.,2,5,1,0
C00028,2024-11-13,Billing,Response time was a bit slower than last time I called.,2,12,0,0
C00028,2022-07-23,Technical,I feel like loyal customers are not being valued the way they should be.,3,3,0,1
C00028,2022-11-16,Meter Reading,I have been waiting over a week for someone to call me back.,3,2,0,1
C00029,2024-08-16,Outage,The website was slow when I tried to log in yesterday.,2,9,0,1
C00029,2024-12-27,Billing,I need to change my contact phone number on the account.,1,5,0,1
C00029,2024-01-05,Billing,My bill has errors and I have had to call twice about the same issue.,3,1,1,0
C00030,2023-05-20,Technical,I am very unhappy with the service. My complaint from last month is still open.,4,1,0,0
C00031,2024-03-21,Billing,My power has been out for two days and nobody has given me an update.,4,8,1,1
C00032,2023-11-14,Technical,I have escalated this complaint twice and it is still not resolved.,4,7,1,0
C00032,2023-11-09,Billing,I was treated rudely on my last call and I want this addressed.,4,18,1,1
C00032,2023-11-01,Billing,I am very unhappy with the service. My complaint from last month is still open.,4,9,0,1
C00032,2023-02-12,Account Management,Nobody in your company seems to take responsibility for anything.,4,15,0,1
C00032,2023-09-19,Account Management,I am considering switching providers if this is not fixed immediately.,4,19,1,0
C00032,2023-05-25,Technical,I would like to check my current balance please.,1,1,0,1
C00032,2023-01-22,Outage,The technician did not show up at the agreed time without any notice.,3,4,0,0
C00032,2024-06-21,Outage,I am going to leave a public review warning everyone about this company.,5,2,1,0
C00032,2023-10-04,Service Quality,I waited longer than usual for a callback but it came eventually.,2,12,0,1
C00033,2023-07-05,Outage,My account was charged incorrectly and I am still waiting for a credit.,3,18,1,0
C00033,2024-07-22,Technical,I took a day off work for the technician and nobody came.,4,8,0,1
C00033,2024-05-07,Meter Reading,I want to cancel my account. I have had enough of this terrible service.,5,28,1,0
C00035,2024-09-02,Account Management,The rate increase was not communicated clearly and came as a surprise.,3,17,0,1
C00035,2024-10-26,Billing,Nobody in your company seems to take responsibility for anything.,4,11,0,1
C00035,2024-12-26,Billing,I have been waiting over a week for someone to call me back.,3,16,0,0
C00035,2024-10-25,Meter Reading,I would like to check my current balance please.,1,1,0,1
C00036,2024-12-10,Billing,Your company has overcharged me for months and nobody will fix it.,5,12,0,0
C00036,2023-10-06,Outage,"Everything is fine, just updating my details.",1,4,0,1
C00037,2022-06-06,Billing,The technician did not show up at the agreed time without any notice.,3,6,1,0
C00037,2022-12-12,Billing,The technician arrived a bit late but did a good job.,2,5,0,0
C00038,2023-07-07,Outage,The technician arrived a bit late but did a good job.,2,2,0,0
C00039,2022-09-19,Technical,The customer service agent I spoke to was not very helpful.,3,13,0,0
C00039,2024-09-01,Account Management,My account was charged incorrectly and I am still waiting for a credit.,3,2,0,1
C00039,2024-06-26,Technical,The rate increase was not communicated clearly and came as a surprise.,3,6,1,1
C00040,2022-10-23,Account Management,Response time was a bit slower than last time I called.,2,14,0,0
C00041,2024-04-24,Outage,My bill has errors and I have had to call twice about the same issue.,3,8,0,1
C00041,2024-06-04,Billing,The technician did not show up at the agreed time without any notice.,3,8,0,0
C00041,2023-09-21,Billing,I am not satisfied with how my previous complaint was handled.,3,17,1,1
C00042,2024-02-19,Service Quality,Just checking when my next meter read is scheduled.,1,2,0,1
C00042,2024-12-16,Meter Reading,This is absolutely disgraceful. I am filing a formal complaint with the regulator.,5,11,1,1
C00042,2022-09-25,Billing,I am considering switching providers if this is not fixed immediately.,4,20,1,1
C00042,2023-10-15,Billing,I am contacting my lawyer. This is negligent and completely unacceptable.,5,5,1,0
C00043,2024-02-18,Meter Reading,My bill was slightly higher than I expected this month.,2,6,1,1
C00043,2023-02-15,Technical,I took a day off work for the technician and nobody came.,4,21,0,1
C00043,2024-01-22,Meter Reading,"Three technicians, three no-shows. I have lost my patience entirely.",5,7,1,0
C00043,2022-12-15,Meter Reading,"There was a small discrepancy on my statement, now resolved.",2,9,0,0
C00043,2023-09-20,Account Management,I have been without power for five days and your team does not care at all.,5,8,1,0
C00043,2024-01-03,Technical,I need to change my contact phone number on the account.,1,9,0,0
C00044,2024-01-10,Meter Reading,I had trouble navigating the new online portal at first.,2,6,0,1
C00044,2024-01-08,Service Quality,The rate increase was not communicated clearly and came as a surprise.,3,5,1,1
C00046,2023-07-20,Service Quality,I would like to check my current balance please.,1,9,0,1
C00046,2023-02-01,Account Management,The email confirmation for my account change took two days to arrive.,2,12,0,1
C00046,2024-06-13,Service Quality,Can you confirm my direct debit amount?,1,3,0,1
C00047,2022-12-06,Billing,This is the third billing error in a row. I am losing patience.,4,10,1,0
C00050,2023-08-14,Account Management,I waited longer than usual for a callback but it came eventually.,2,10,0,0
C00050,2023-09-05,Service Quality,I waited longer than usual for a callback but it came eventually.,2,3,1,1
C00050,2022-03-05,Outage,Could you send me a copy of last month's bill?,1,4,1,0
C00050,2022-08-14,Account Management,I have been trying to get this resolved for two weeks now.,3,6,0,1
C00050,2022-10-27,Billing,The email confirmation for my account change took two days to arrive.,2,3,0,1
C00050,2022-12-04,Meter Reading,The website was slow when I tried to log in yesterday.,2,4,0,0
C00050,2023-07-03,Account Management,I need to change my contact phone number on the account.,1,2,0,1
C00051,2023-08-11,Technical,I had trouble navigating the new online portal at first.,2,5,0,1
C00052,2023-04-09,Service Quality,The website was slow when I tried to log in yesterday.,2,12,1,1
C00053,2022-12-11,Technical,The technician did not show up at the agreed time without any notice.,3,15,0,1
C00053,2023-09-17,Service Quality,The customer service agent I spoke to was not very helpful.,3,9,0,1
C00053,2023-03-12,Outage,Can you confirm my direct debit amount?,1,8,0,1
C00053,2024-08-11,Outage,Response time was a bit slower than last time I called.,2,4,1,0
C00053,2022-08-07,Meter Reading,Response time was a bit slower than last time I called.,2,14,0,1
C00053,2023-05-27,Technical,My account was charged incorrectly and I am still waiting for a credit.,3,19,0,1
C00054,2022-12-06,Outage,The technician arrived a bit late but did a good job.,2,8,0,1
C00055,2024-03-19,Meter Reading,I need to change my contact phone number on the account.,1,4,0,1
C00055,2022-08-26,Meter Reading,Quick question about the new tariff letter I received.,1,9,0,1
C00055,2023-03-23,Outage,"Everything is fine, just updating my details.",1,7,0,1
C00056,2024-11-17,Meter Reading,Nobody in your company seems to take responsibility for anything.,4,24,1,1
C00056,2023-04-18,Outage,I am not satisfied with how my previous complaint was handled.,3,12,0,1
C00058,2024-05-28,Meter Reading,The website was slow when I tried to log in yesterday.,2,9,1,0
C00058,2024-07-17,Meter Reading,Response time was a bit slower than last time I called.,2,2,0,0
C00059,2024-08-14,Account Management,My meter reading submission didn't go through on the first try.,2,6,1,1
C00059,2024-08-27,Account Management,I am switching providers immediately. I cannot tolerate this incompetence.,5,5,1,1
C00059,2023-06-16,Technical,My bill has errors and I have had to call twice about the same issue.,3,2,0,1
C00059,2023-12-20,Billing,I am considering switching providers if this is not fixed immediately.,4,22,0,1
C00061,2023-11-23,Billing,My power has been out for two days and nobody has given me an update.,4,24,1,0
C00062,2024-07-20,Meter Reading,Can you confirm my direct debit amount?,1,6,0,1
C00063,2024-03-17,Technical,The email confirmation for my account change took two days to arrive.,2,7,0,1
C00063,2023-03-04,Billing,My bill has errors and I have had to call twice about the same issue.,3,19,0,0
C00064,2023-02-28,Service Quality,"There was a small discrepancy on my statement, now resolved.",2,8,1,1
C00064,2024-11-17,Service Quality,The technician did not show up at the agreed time without any notice.,3,11,1,0
C00066,2022-11-28,Technical,I have been trying to get this resolved for two weeks now.,3,1,0,0
C00066,2022-09-25,Outage,"Everything is fine, just updating my details.",1,6,1,1
C00067,2024-01-19,Technical,The technician arrived a bit late but did a good job.,2,11,0,0
C00067,2023-01-23,Billing,I am not satisfied with how my previous complaint was handled.,3,8,1,1
C00067,2023-09-02,Billing,I waited longer than usual for a callback but it came eventually.,2,8,0,1
C00068,2024-10-28,Outage,I have been without power for five days and your team does not care at all.,5,25,0,1
C00069,2023-12-22,Account Management,I have been waiting over a week for someone to call me back.,3,15,0,0
C00070,2023-10-25,Service Quality,The customer service agent I spoke to was not very helpful.,3,8,0,1
C00071,2022-09-03,Account Management,I have been waiting over a week for someone to call me back.,3,3,0,0
C00071,2022-03-09,Account Management,This is absolutely disgraceful. I am filing a formal complaint with the regulator.,5,25,0,1
C00072,2024-12-11,Billing,I was treated rudely on my last call and I want this addressed.,4,5,1,1
C00072,2022-02-16,Meter Reading,I have been trying to get this resolved for two weeks now.,3,12,0,1
C00072,2024-07-05,Billing,The technician did not show up at the agreed time without any notice.,3,4,0,0
C00073,2024-05-25,Service Quality,I took a day off work for the technician and nobody came.,4,11,1,0
C00073,2024-01-11,Billing,I waited longer than usual for a callback but it came eventually.,2,2,1,1
C00075,2023-02-23,Billing,I want to switch to paperless billing.,1,1,0,0
C00075,2023-01-19,Meter Reading,Calling to update my billing address.,1,5,1,0
C00076,2023-11-03,Technical,I need to change my contact phone number on the account.,1,9,0,1
C00076,2024-08-12,Outage,I waited longer than usual for a callback but it came eventually.,2,6,0,1
C00076,2024-02-13,Account Management,The technician did not show up at the agreed time without any notice.,3,17,0,0
C00077,2024-09-27,Account Management,"Everything is fine, just updating my details.",1,2,1,1
C00077,2024-08-05,Outage,The rate increase was not communicated clearly and came as a surprise.,3,17,0,1
C00077,2024-04-17,Account Management,The level of service I am receiving is completely unacceptable.,4,10,1,0
C00077,2024-04-27,Outage,"There was a small discrepancy on my statement, now resolved.",2,5,0,0
C00077,2022-04-05,Service Quality,I have been waiting over a week for someone to call me back.,3,7,0,0
C00079,2023-01-01,Technical,My bill has errors and I have had to call twice about the same issue.,3,1,1,1
C00079,2024-05-05,Account Management,I have been waiting over a week for someone to call me back.,3,10,0,0
C00079,2022-12-12,Meter Reading,I am very unhappy with the service. My complaint from last month is still open.,4,18,0,1
C00080,2023-06-03,Meter Reading,I waited longer than usual for a callback but it came eventually.,2,4,0,1
C00080,2023-11-24,Billing,I have been without power for five days and your team does not care at all.,5,6,1,0
C00081,2024-07-20,Outage,The customer service agent I spoke to was not very helpful.,3,14,1,1
C00082,2023-12-04,Meter Reading,I want a formal complaint registered. This has gone on too long.,4,2,1,1
C00085,2022-03-19,Meter Reading,I had trouble navigating the new online portal at first.,2,1,0,0
C00088,2024-11-19,Service Quality,I feel like loyal customers are not being valued the way they should be.,3,5,1,0
C00089,2023-01-15,Outage,I am not satisfied with how my previous complaint was handled.,3,5,0,0
C00090,2024-06-23,Service Quality,The technician did not show up at the agreed time without any notice.,3,16,1,1
C00092,2024-05-18,Meter Reading,This is the third billing error in a row. I am losing patience.,4,20,0,1
C00093,2024-06-17,Technical,Response time was a bit slower than last time I called.,2,8,1,1
C00094,2023-06-27,Outage,The technician arrived a bit late but did a good job.,2,5,0,0
C00094,2024-03-23,Billing,I would like to know my current contract end date.,1,9,0,1
C00095,2024-01-21,Outage,The technician arrived a bit late but did a good job.,2,9,0,1
C00095,2024-01-16,Account Management,Could you send me a copy of last month's bill?,1,1,0,1
C00095,2024-05-05,Meter Reading,I feel like loyal customers are not being valued the way they should be.,3,16,0,1
C00095,2024-07-17,Account Management,This is the third billing error in a row. I am losing patience.,4,17,0,1
C00095,2024-10-10,Outage,I want a full refund and I am cancelling everything today.,5,11,1,0
C00096,2022-08-19,Account Management,"There was a small discrepancy on my statement, now resolved.",2,1,0,1
C00096,2024-01-06,Outage,I need to change my contact phone number on the account.,1,5,1,1
C00097,2023-06-26,Billing,I took a day off work for the technician and nobody came.,4,24,0,1
C00097,2023-05-27,Account Management,Can you confirm my direct debit amount?,1,2,0,0
C00097,2023-02-18,Technical,Response time was a bit slower than last time I called.,2,4,0,1
C00098,2023-11-11,Billing,I had trouble navigating the new online portal at first.,2,5,0,0
C00098,2022-01-02,Billing,This is the third billing error in a row. I am losing patience.,4,14,0,0
C00100,2022-04-06,Meter Reading,I am considering switching providers if this is not fixed immediately.,4,15,1,0
C00100,2022-11-11,Billing,Can you confirm my direct debit amount?,1,8,0,1
C00100,2023-06-01,Service Quality,The technician arrived a bit late but did a good job.,2,1,0,1
C00101,2024-07-23,Meter Reading,The technician did not show up at the agreed time without any notice.,3,18,1,1
C00102,2022-03-28,Billing,The website was slow when I tried to log in yesterday.,2,11,0,1
C00102,2023-09-07,Meter Reading,I am not satisfied with how my previous complaint was handled.,3,6,1,1
C00102,2023-01-02,Service Quality,I am very unhappy with the service. My complaint from last month is still open.,4,3,0,0
C00103,2023-06-01,Meter Reading,I want to switch to paperless billing.,1,8,0,0
C00103,2024-09-17,Account Management,The technician arrived a bit late but did a good job.,2,7,0,1
C00103,2024-01-03,Technical,Calling to update my billing address.,1,4,0,1
C00105,2023-02-06,Billing,I have escalated this complaint twice and it is still not resolved.,4,16,0,0
C00105,2023-08-03,Meter Reading,I was treated rudely on my last call and I want this addressed.,4,20,1,0
C00105,2023-01-26,Meter Reading,Calling to update my billing address.,1,7,0,1
C00106,2022-12-03,Billing,I want a full refund and I am cancelling everything today.,5,21,0,0
C00106,2023-12-19,Service Quality,Calling to update my billing address.,1,1,0,1
C00106,2024-07-27,Service Quality,This is absolutely disgraceful. I am filing a formal complaint with the regulator.,5,28,1,0
C00106,2022-09-01,Service Quality,Calling to update my billing address.,1,9,0,0
C00107,2024-10-23,Outage,The rate increase was not communicated clearly and came as a surprise.,3,12,1,0
C00108,2022-06-03,Technical,I feel like loyal customers are not being valued the way they should be.,3,1,0,1
C00108,2024-10-02,Outage,"There was a small discrepancy on my statement, now resolved.",2,11,0,0
C00108,2023-05-07,Technical,I am considering switching providers if this is not fixed immediately.,4,2,0,0
C00108,2022-09-25,Service Quality,This is absolutely disgraceful. I am filing a formal complaint with the regulator.,5,10,0,0
C00111,2022-12-12,Account Management,Response time was a bit slower than last time I called.,2,11,0,1
C00111,2024-04-09,Billing,Nobody in your company seems to take responsibility for anything.,4,14,1,1
C00111,2024-05-28,Technical,I feel like loyal customers are not being valued the way they should be.,3,14,1,1
C00113,2022-04-27,Meter Reading,I am very unhappy with the service. My complaint from last month is still open.,4,19,0,0
C00113,2023-11-21,Outage,I need to change my contact phone number on the account.,1,8,0,1
C00113,2024-11-15,Billing,My meter reading submission didn't go through on the first try.,2,10,1,0
C00113,2022-04-11,Technical,Just checking when my next meter read is scheduled.,1,9,0,1
C00113,2022-02-19,Account Management,I waited longer than usual for a callback but it came eventually.,2,14,1,1
C00115,2023-07-11,Billing,I have been trying to get this resolved for two weeks now.,3,4,0,0
C00115,2022-09-12,Account Management,This is the third billing error in a row. I am losing patience.,4,14,1,1
C00115,2022-04-10,Technical,The technician arrived a bit late but did a good job.,2,7,0,1
C00116,2024-08-22,Account Management,I took a day off work for the technician and nobody came.,4,1,0,0
C00116,2023-04-20,Meter Reading,I have been without power for five days and your team does not care at all.,5,9,0,0
C00117,2023-08-24,Account Management,The worst customer experience I have ever had in my life.,5,10,0,0
C00117,2023-12-03,Account Management,My meter reading submission didn't go through on the first try.,2,6,0,1
C00117,2022-04-18,Service Quality,Nobody in your company seems to take responsibility for anything.,4,22,1,0
C00118,2024-11-22,Technical,I want a formal complaint registered. This has gone on too long.,4,9,1,0
C00118,2024-07-28,Service Quality,I am considering switching providers if this is not fixed immediately.,4,10,0,1
C00118,2024-12-06,Meter Reading,Can you confirm my direct debit amount?,1,8,0,1
C00118,2024-03-08,Billing,I need to change my contact phone number on the account.,1,2,0,1
C00119,2022-01-21,Technical,The customer service agent I spoke to was not very helpful.,3,13,0,0
C00119,2023-11-13,Meter Reading,The technician arrived a bit late but did a good job.,2,8,0,0
C00119,2023-05-10,Billing,I would like to know my current contract end date.,1,1,0,1
C00120,2024-09-06,Meter Reading,Could you send me a copy of last month's bill?,1,6,0,1
C00120,2024-09-12,Billing,I want a full refund and I am cancelling everything today.,5,20,1,0
C00122,2022-04-20,Technical,I have been waiting over a week for someone to call me back.,3,12,1,1
C00123,2022-11-12,Meter Reading,The rate increase was not communicated clearly and came as a surprise.,3,11,1,1
C00123,2024-09-25,Outage,The website was slow when I tried to log in yesterday.,2,13,0,0
C00124,2023-01-06,Outage,This is absolutely disgraceful. I am filing a formal complaint with the regulator.,5,11,0,0
C00124,2023-04-18,Technical,"There was a small discrepancy on my statement, now resolved.",2,11,0,1
C00126,2024-10-08,Technical,I had trouble navigating the new online portal at first.,2,2,0,1
C00127,2022-02-09,Service Quality,My bill has errors and I have had to call twice about the same issue.,3,5,0,1
C00127,2023-05-25,Service Quality,My meter reading submission didn't go through on the first try.,2,5,0,1
C00127,2022-12-02,Billing,"There was a small discrepancy on my statement, now resolved.",2,6,0,1
C00128,2024-09-21,Technical,The website was slow when I tried to log in yesterday.,2,1,0,0
C00128,2024-01-11,Service Quality,Quick question about the new tariff letter I received.,1,7,0,1
C00128,2024-02-09,Service Quality,Quick question about the new tariff letter I received.,1,9,0,1
C00129,2024-02-20,Account Management,The email confirmation for my account change took two days to arrive.,2,2,0,1
C00130,2022-02-05,Billing,I waited longer than usual for a callback but it came eventually.,2,11,0,1
C00130,2022-08-27,Outage,I was treated rudely on my last call and I want this addressed.,4,16,0,1
C00130,2023-10-14,Service Quality,Calling to update my billing address.,1,8,0,1
C00131,2023-05-10,Outage,I have escalated this complaint twice and it is still not resolved.,4,7,0,1
C00131,2024-02-05,Meter Reading,Response time was a bit slower than last time I called.,2,10,0,1
C00132,2022-07-10,Outage,I have been without power for five days and your team does not care at all.,5,20,1,1
C00133,2023-07-18,Meter Reading,"There was a small discrepancy on my statement, now resolved.",2,12,1,0
C00133,2022-02-11,Service Quality,The online chat bot could not help me and I had to call anyway.,3,8,0,0
C00133,2023-01-21,Billing,My account was charged incorrectly and I am still waiting for a credit.,3,1,1,1
C00133,2023-11-22,Meter Reading,"Three technicians, three no-shows. I have lost my patience entirely.",5,23,0,0
C00134,2023-01-11,Service Quality,I have been trying to get this resolved for two weeks now.,3,16,0,0
C00136,2022-01-11,Meter Reading,I have been waiting over a week for someone to call me back.,3,18,1,0
C00136,2023-01-23,Account Management,Calling to update my billing address.,1,6,1,1
C00138,2024-05-10,Account Management,I am not satisfied with how my previous complaint was handled.,3,4,0,0
C00140,2024-02-22,Billing,Nobody in your company seems to take responsibility for anything.,4,5,0,0
C00140,2024-08-22,Billing,Could you send me a copy of last month's bill?,1,7,0,1
C00141,2022-05-24,Outage,I have escalated this complaint twice and it is still not resolved.,4,15,1,1
C00141,2024-08-02,Meter Reading,I waited longer than usual for a callback but it came eventually.,2,3,1,0
C00141,2022-05-06,Billing,The customer service agent I spoke to was not very helpful.,3,1,0,1
C00143,2022-01-03,Outage,I am switching providers immediately. I cannot tolerate this incompetence.,5,26,1,0
C00143,2022-07-06,Account Management,I have been trying to get this resolved for two weeks now.,3,15,0,1
C00143,2022-02-26,Service Quality,The website was slow when I tried to log in yesterday.,2,10,0,1
C00144,2024-09-19,Outage,Quick question about the new tariff letter I received.,1,3,0,1
C00144,2022-07-17,Outage,I was on hold for about 20 minutes which felt long.,2,7,0,1
C00144,2022-06-21,Billing,My bill has errors and I have had to call twice about the same issue.,3,16,0,1
C00144,2022-07-07,Account Management,The technician did not show up at the agreed time without any notice.,3,4,0,1
C00144,2022-09-02,Outage,This is absolutely disgraceful. I am filing a formal complaint with the regulator.,5,9,1,0
C00144,2024-06-25,Technical,The customer service agent I spoke to was not very helpful.,3,19,0,1
C00144,2023-03-23,Service Quality,"Three technicians, three no-shows. I have lost my patience entirely.",5,1,0,0
C00144,2023-03-11,Service Quality,The website was slow when I tried to log in yesterday.,2,7,1,1
C00145,2024-11-23,Meter Reading,I am contacting my lawyer. This is negligent and completely unacceptable.,5,20,1,0
C00145,2024-04-12,Technical,The email confirmation for my account change took two days to arrive.,2,4,0,1
C00145,2024-03-01,Billing,I want a formal complaint registered. This has gone on too long.,4,7,1,1
C00145,2024-03-21,Outage,I have escalated this complaint twice and it is still not resolved.,4,8,1,0
C00146,2023-07-21,Meter Reading,Calling to update my billing address.,1,2,0,1
C00146,2024-02-21,Outage,The technician did not show up at the agreed time without any notice.,3,10,0,1
C00146,2023-07-21,Account Management,I took a day off work for the technician and nobody came.,4,8,1,0
C00146,2022-09-21,Service Quality,My power has been out for two days and nobody has given me an update.,4,23,1,0
C00146,2022-04-05,Billing,I would like to know my current contract end date.,1,1,0,0
C00146,2022-02-16,Outage,I was treated rudely on my last call and I want this addressed.,4,10,1,0
C00149,2022-08-13,Service Quality,I want to cancel my account. I have had enough of this terrible service.,5,8,1,0
C00149,2022-06-24,Outage,The customer service agent I spoke to was not very helpful.,3,3,1,0
C00150,2022-04-10,Billing,I am switching providers immediately. I cannot tolerate this incompetence.,5,3,1,0
C00151,2024-04-05,Billing,My power has been out for two days and nobody has given me an update.,4,11,0,0
C00151,2022-04-14,Service Quality,Response time was a bit slower than last time I called.,2,2,0,1
C00151,2022-03-28,Account Management,I had trouble navigating the new online portal at first.,2,9,1,0
C00152,2023-04-28,Billing,The technician did not show up at the agreed time without any notice.,3,12,1,0
C00153,2024-11-03,Billing,I waited longer than usual for a callback but it came eventually.,2,3,0,0
C00154,2022-06-20,Outage,The rate increase was not communicated clearly and came as a surprise.,3,10,0,0
C00155,2024-11-07,Service Quality,My bill has errors and I have had to call twice about the same issue.,3,14,0,1
C00155,2023-08-21,Outage,I want a formal complaint registered. This has gone on too long.,4,3,1,1
C00156,2023-01-27,Technical,I was on hold for about 20 minutes which felt long.,2,5,0,1
C00156,2023-12-04,Technical,I had trouble navigating the new online portal at first.,2,14,1,0
C00156,2024-07-13,Billing,My bill was slightly higher than I expected this month.,2,11,1,1
C00157,2022-01-01,Service Quality,The level of service I am receiving is completely unacceptable.,4,19,1,1
C00157,2023-12-24,Technical,I had trouble navigating the new online portal at first.,2,11,1,1
C00157,2023-12-07,Service Quality,I am not satisfied with how my previous complaint was handled.,3,10,0,1
C00158,2024-08-27,Outage,I need to change my contact phone number on the account.,1,2,0,1
C00158,2023-06-09,Meter Reading,I want a formal complaint registered. This has gone on too long.,4,20,0,0
C00158,2022-07-11,Account Management,Could you send me a copy of last month's bill?,1,4,0,1
C00160,2024-09-12,Service Quality,The customer service agent I spoke to was not very helpful.,3,16,1,0
C00161,2022-12-08,Outage,My meter reading submission didn't go through on the first try.,2,5,0,0
C00161,2022-08-04,Meter Reading,My bill was slightly higher than I expected this month.,2,12,0,1
C00162,2023-10-28,Technical,I was treated rudely on my last call and I want this addressed.,4,23,0,1
C00162,2024-11-21,Account Management,I would like to check my current balance please.,1,2,1,1
C00163,2024-03-25,Meter Reading,I would like to know my current contract end date.,1,6,1,1
C00164,2024-11-21,Service Quality,The technician did not show up at the agreed time without any notice.,3,2,1,1
C00164,2024-11-01,Billing,Can you confirm my direct debit amount?,1,5,0,1
C00165,2023-01-27,Outage,I waited longer than usual for a callback but it came eventually.,2,10,0,1
C00165,2024-01-20,Outage,I have been without power for five days and your team does not care at all.,5,29,0,1
C00165,2024-09-15,Billing,I am considering switching providers if this is not fixed immediately.,4,5,1,1
C00166,2022-05-09,Service Quality,The level of service I am receiving is completely unacceptable.,4,12,1,1
C00166,2022-07-24,Account Management,I feel like loyal customers are not being valued the way they should be.,3,11,0,1
C00168,2022-07-23,Outage,Calling to update my billing address.,1,9,0,1
C00168,2024-06-03,Account Management,I waited longer than usual for a callback but it came eventually.,2,7,0,0
C00170,2022-09-20,Account Management,I have been trying to get this resolved for two weeks now.,3,14,1,1
C00170,2024-03-19,Billing,I would like to know my current contract end date.,1,7,0,0
C00170,2022-04-20,Technical,My bill was slightly higher than I expected this month.,2,1,0,1
C00172,2022-11-09,Outage,I am not satisfied with how my previous complaint was handled.,3,17,0,1
C00172,2024-03-28,Technical,Nobody in your company seems to take responsibility for anything.,4,20,0,0
C00172,2022-03-14,Outage,My meter reading submission didn't go through on the first try.,2,4,1,0
C00172,2022-12-26,Service Quality,I am not satisfied with how my previous complaint was handled.,3,9,0,1
C00174,2024-05-04,Technical,I want to switch to paperless billing.,1,3,0,1
C00174,2022-07-02,Billing,My meter reading submission didn't go through on the first try.,2,3,0,1
C00175,2023-07-04,Service Quality,My account was charged incorrectly and I am still waiting for a credit.,3,18,1,1
C00175,2023-07-18,Service Quality,My bill was slightly higher than I expected this month.,2,9,1,1
C00175,2023-03-03,Meter Reading,The rate increase was not communicated clearly and came as a surprise.,3,7,0,1
C00175,2024-12-09,Account Management,My bill has errors and I have had to call twice about the same issue.,3,12,1,1
C00177,2024-06-25,Account Management,The email confirmation for my account change took two days to arrive.,2,7,0,0
C00178,2024-07-10,Outage,Quick question about the new tariff letter I received.,1,6,1,1
C00178,2023-01-24,Service Quality,I need to change my contact phone number on the account.,1,9,0,1
C00178,2023-05-21,Meter Reading,My account was charged incorrectly and I am still waiting for a credit.,3,18,1,1
C00179,2024-04-17,Meter Reading,The level of service I am receiving is completely unacceptable.,4,24,1,1
C00179,2024-12-08,Billing,My account was charged incorrectly and I am still waiting for a credit.,3,15,0,0
C00179,2024-01-22,Outage,Could you send me a copy of last month's bill?,1,3,0,1
C00180,2024-10-06,Service Quality,I need to change my contact phone number on the account.,1,7,1,1
C00180,2024-01-07,Meter Reading,Could you send me a copy of last month's bill?,1,7,0,1
C00180,2023-09-11,Technical,I would like to know my current contract end date.,1,8,0,1
C00182,2023-12-23,Outage,I was on hold for about 20 minutes which felt long.,2,5,0,1
C00183,2023-09-20,Service Quality,Response time was a bit slower than last time I called.,2,2,1,1
C00183,2022-12-24,Account Management,The customer service agent I spoke to was not very helpful.,3,19,0,0
C00184,2024-06-23,Account Management,Your company has overcharged me for months and nobody will fix it.,5,12,1,0
C00185,2024-08-19,Billing,I would like to know my current contract end date.,1,1,0,1
C00185,2022-07-14,Billing,This is the third billing error in a row. I am losing patience.,4,20,1,1
C00185,2024-02-13,Account Management,This is the third billing error in a row. I am losing patience.,4,2,1,1
C00185,2024-10-21,Meter Reading,I am very unhappy with the service. My complaint from last month is still open.,4,20,0,1
C00185,2024-06-14,Billing,I need to change my contact phone number on the account.,1,5,0,1
C00185,2023-12-06,Account Management,The email confirmation for my account change took two days to arrive.,2,2,0,1
C00186,2022-05-01,Meter Reading,My meter reading submission didn't go through on the first try.,2,12,0,1
C00186,2022-09-04,Account Management,I would like to check my current balance please.,1,2,0,1
C00187,2024-03-15,Meter Reading,Quick question about the new tariff letter I received.,1,7,0,1
C00187,2024-12-24,Billing,My meter reading submission didn't go through on the first try.,2,3,0,1
C00189,2024-08-09,Outage,The rate increase was not communicated clearly and came as a surprise.,3,14,1,1
C00189,2022-09-26,Technical,I want to switch to paperless billing.,1,1,0,1
C00190,2022-07-10,Meter Reading,I want a full refund and I am cancelling everything today.,5,11,0,0
C00191,2022-02-02,Billing,I need to change my contact phone number on the account.,1,9,0,1
C00191,2023-08-11,Outage,The technician arrived a bit late but did a good job.,2,9,0,0
C00191,2022-10-24,Service Quality,I would like to check my current balance please.,1,7,0,1
C00192,2024-04-13,Outage,I want a full refund and I am cancelling everything today.,5,29,1,0
C00193,2022-08-13,Billing,Response time was a bit slower than last time I called.,2,14,0,1
C00195,2023-04-01,Technical,Can you confirm my direct debit amount?,1,4,1,1
C00196,2024-04-20,Service Quality,I feel like loyal customers are not being valued the way they should be.,3,17,0,1
C00197,2022-07-17,Account Management,I have escalated this complaint twice and it is still not resolved.,4,20,1,1
C00197,2023-02-25,Service Quality,I had trouble navigating the new online portal at first.,2,9,0,1
C00197,2024-03-13,Account Management,The customer service agent I spoke to was not very helpful.,3,15,0,0
C00199,2022-11-19,Billing,My power has been out for two days and nobody has given me an update.,4,8,1,0
C00200,2023-01-12,Billing,The level of service I am receiving is completely unacceptable.,4,17,1,1
C00201,2024-05-05,Billing,I am very unhappy with the service. My complaint from last month is still open.,4,19,0,1
C00202,2024-06-09,Service Quality,I have been without power for five days and your team does not care at all.,5,14,1,1
C00202,2023-03-09,Account Management,Nobody in your company seems to take responsibility for anything.,4,9,1,0
C00203,2023-09-01,Service Quality,I was treated rudely on my last call and I want this addressed.,4,4,1,0
C00204,2024-12-05,Technical,I am considering switching providers if this is not fixed immediately.,4,10,1,0
C00205,2024-12-04,Outage,I would like to know my current contract end date.,1,4,0,1
C00205,2024-11-19,Meter Reading,The technician arrived a bit late but did a good job.,2,7,0,1
C00206,2024-10-01,Technical,The customer service agent I spoke to was not very helpful.,3,12,1,1
C00206,2024-05-09,Account Management,The online chat bot could not help me and I had to call anyway.,3,7,0,0
C00206,2023-11-25,Billing,Response time was a bit slower than last time I called.,2,13,0,1
C00206,2024-04-07,Outage,I am going to leave a public review warning everyone about this company.,5,22,1,0
C00206,2024-08-12,Account Management,I waited longer than usual for a callback but it came eventually.,2,4,0,0
C00206,2024-10-25,Account Management,Response time was a bit slower than last time I called.,2,4,1,1
C00207,2023-09-25,Outage,I waited longer than usual for a callback but it came eventually.,2,2,1,1
C00207,2022-10-02,Meter Reading,"There was a small discrepancy on my statement, now resolved.",2,13,1,1
C00208,2022-03-26,Outage,The technician did not show up at the agreed time without any notice.,3,11,0,1
C00209,2022-03-06,Billing,I want to switch to paperless billing.,1,4,0,1
C00209,2023-04-05,Meter Reading,I waited longer than usual for a callback but it came eventually.,2,10,1,1
C00210,2022-02-17,Account Management,My bill has errors and I have had to call twice about the same issue.,3,6,0,0
C00210,2023-05-16,Outage,I would like to know my current contract end date.,1,6,0,1
C00210,2022-12-11,Meter Reading,The rate increase was not communicated clearly and came as a surprise.,3,1,0,0
C00211,2023-10-06,Service Quality,I took a day off work for the technician and nobody came.,4,7,0,0
C00211,2023-02-01,Billing,My power has been out for two days and nobody has given me an update.,4,12,1,0
C00211,2023-01-15,Billing,This is the third billing error in a row. I am losing patience.,4,9,1,0
C00212,2023-12-20,Billing,The level of service I am receiving is completely unacceptable.,4,16,1,0
C00213,2023-04-04,Technical,I was treated rudely on my last call and I want this addressed.,4,17,0,1
C00213,2024-03-28,Meter Reading,Calling to update my billing address.,1,6,0,1
C00213,2022-12-16,Billing,I was on hold for about 20 minutes which felt long.,2,13,0,1
C00213,2023-09-03,Outage,My meter reading submission didn't go through on the first try.,2,11,1,0
C00213,2024-04-15,Account Management,I want to cancel my account. I have had enough of this terrible service.,5,4,1,1
C00213,2022-02-23,Outage,I waited longer than usual for a callback but it came eventually.,2,13,0,1
C00213,2023-04-18,Technical,I am considering switching providers if this is not fixed immediately.,4,5,1,0
C00215,2023-11-26,Account Management,The technician arrived a bit late but did a good job.,2,14,0,1
C00216,2024-02-11,Service Quality,The technician arrived a bit late but did a good job.,2,9,0,1
C00216,2024-06-27,Meter Reading,The technician arrived a bit late but did a good job.,2,5,0,1
C00216,2024-11-06,Account Management,The technician arrived a bit late but did a good job.,2,7,0,1
C00216,2024-11-09,Service Quality,The customer service agent I spoke to was not very helpful.,3,19,0,1
C00216,2024-02-16,Service Quality,I want to cancel my account. I have had enough of this terrible service.,5,19,1,0
C00217,2022-10-03,Technical,I would like to check my current balance please.,1,8,0,1
C00219,2022-01-28,Account Management,I have been waiting over a week for someone to call me back.,3,11,0,0
C00219,2022-01-09,Billing,I would like to know my current contract end date.,1,3,0,1
C00219,2022-08-17,Outage,This is absolutely disgraceful. I am filing a formal complaint with the regulator.,5,6,1,1
C00219,2022-12-13,Billing,I was treated rudely on my last call and I want this addressed.,4,18,1,1
C00219,2022-06-27,Technical,The website was slow when I tried to log in yesterday.,2,11,0,0
C00220,2024-03-26,Service Quality,I had trouble navigating the new online portal at first.,2,13,1,1
C00220,2024-11-16,Billing,I have been without power for five days and your team does not care at all.,5,22,1,1
C00221,2023-03-02,Outage,This is the third billing error in a row. I am losing patience.,4,16,0,0
C00221,2023-01-13,Technical,My account was charged incorrectly and I am still waiting for a credit.,3,18,1,1
C00221,2024-07-09,Billing,I need to change my contact phone number on the account.,1,1,0,1
C00221,2022-09-13,Billing,Quick question about the new tariff letter I received.,1,7,0,1
C00222,2023-12-18,Billing,The customer service agent I spoke to was not very helpful.,3,11,0,0
C00222,2023-07-02,Account Management,I have been trying to get this resolved for two weeks now.,3,13,0,0
C00222,2024-05-25,Technical,My bill has errors and I have had to call twice about the same issue.,3,14,0,0
C00223,2024-01-04,Outage,I need to change my contact phone number on the account.,1,1,0,1
C00223,2024-06-17,Account Management,Can you confirm my direct debit amount?,1,9,0,1
C00223,2024-10-09,Technical,I have been trying to get this resolved for two weeks now.,3,18,1,1
C00224,2024-11-28,Service Quality,Could you send me a copy of last month's bill?,1,1,0,1
C00224,2024-12-02,Technical,My bill was slightly higher than I expected this month.,2,8,0,1
C00225,2022-04-23,Account Management,The online chat bot could not help me and I had to call anyway.,3,18,0,0
C00227,2024-08-06,Billing,I am going to leave a public review warning everyone about this company.,5,1,0,0
C00227,2024-07-26,Service Quality,My bill has errors and I have had to call twice about the same issue.,3,12,1,0
C00228,2022-05-23,Outage,I am considering switching providers if this is not fixed immediately.,4,14,0,0
C00228,2024-05-08,Meter Reading,I was treated rudely on my last call and I want this addressed.,4,7,1,0
C00228,2024-12-02,Billing,I was on hold for about 20 minutes which felt long.,2,13,0,1
C00229,2024-07-12,Meter Reading,I waited longer than usual for a callback but it came eventually.,2,8,0,1
C00229,2022-07-19,Billing,I had trouble navigating the new online portal at first.,2,12,0,1
C00230,2022-11-19,Meter Reading,My power has been out for two days and nobody has given me an update.,4,17,0,1
C00230,2024-04-15,Meter Reading,My bill was slightly higher than I expected this month.,2,14,0,1
C00230,2024-04-18,Meter Reading,Calling to update my billing address.,1,3,0,0
C00231,2022-09-09,Technical,Nobody in your company seems to take responsibility for anything.,4,1,1,0
C00231,2022-07-12,Service Quality,I am not satisfied with how my previous complaint was handled.,3,16,0,1
C00232,2023-07-09,Technical,The website was slow when I tried to log in yesterday.,2,7,0,1
C00232,2023-05-08,Service Quality,Calling to update my billing address.,1,3,1,1
C00232,2023-04-05,Technical,I waited longer than usual for a callback but it came eventually.,2,9,0,1
C00232,2024-04-17,Account Management,I would like to check my current balance please.,1,3,0,1
C00233,2023-02-06,Service Quality,I waited longer than usual for a callback but it came eventually.,2,14,0,0
C00233,2022-05-09,Outage,The rate increase was not communicated clearly and came as a surprise.,3,3,0,1
C00233,2023-11-23,Billing,I want to switch to paperless billing.,1,4,0,1
C00234,2022-09-17,Account Management,Can you confirm my direct debit amount?,1,5,0,1
C00234,2022-09-20,Account Management,I was on hold for about 20 minutes which felt long.,2,4,0,0
C00234,2024-12-24,Outage,I have escalated this complaint twice and it is still not resolved.,4,19,0,1
C00234,2022-07-10,Outage,I have been trying to get this resolved for two weeks now.,3,8,0,0
C00235,2024-01-26,Outage,I feel like loyal customers are not being valued the way they should be.,3,11,0,1
C00237,2024-03-28,Service Quality,I am switching providers immediately. I cannot tolerate this incompetence.,5,17,0,1
C00237,2024-10-19,Technical,I took a day off work for the technician and nobody came.,4,2,1,0
C00238,2023-01-22,Outage,I have escalated this complaint twice and it is still not resolved.,4,7,0,0
C00239,2024-07-27,Meter Reading,This is the third billing error in a row. I am losing patience.,4,17,0,1
C00239,2024-04-27,Service Quality,The online chat bot could not help me and I had to call anyway.,3,9,1,1
C00239,2024-06-13,Technical,The technician did not show up at the agreed time without any notice.,3,12,0,1
C00239,2024-10-05,Outage,Quick question about the new tariff letter I received.,1,7,1,1
C00240,2024-11-11,Outage,I have been trying to get this resolved for two weeks now.,3,18,0,1
C00240,2023-09-02,Account Management,I was treated rudely on my last call and I want this addressed.,4,23,1,1
C00241,2023-06-19,Service Quality,Just checking when my next meter read is scheduled.,1,3,1,1
C00241,2024-06-15,Billing,I would like to know my current contract end date.,1,8,0,1
C00242,2024-05-23,Outage,My meter reading submission didn't go through on the first try.,2,1,0,1
C00242,2022-12-05,Technical,Response time was a bit slower than last time I called.,2,13,0,0
C00242,2024-04-24,Service Quality,My meter reading submission didn't go through on the first try.,2,2,0,0
C00243,2024-09-22,Account Management,I am contacting my lawyer. This is negligent and completely unacceptable.,5,7,1,1
C00243,2024-02-02,Outage,The website was slow when I tried to log in yesterday.,2,7,0,1
C00244,2022-04-02,Billing,The technician did not show up at the agreed time without any notice.,3,12,0,1
C00244,2023-01-01,Service Quality,I feel like loyal customers are not being valued the way they should be.,3,8,1,1
C00244,2023-05-12,Outage,My meter reading submission didn't go through on the first try.,2,12,0,0
C00244,2024-06-04,Meter Reading,I had trouble navigating the new online portal at first.,2,7,0,1
C00244,2022-08-09,Service Quality,I feel like loyal customers are not being valued the way they should be.,3,10,0,1
C00244,2023-07-26,Billing,The customer service agent I spoke to was not very helpful.,3,13,0,0
C00244,2024-07-19,Technical,The website was slow when I tried to log in yesterday.,2,12,0,1
C00245,2022-09-05,Outage,My account was charged incorrectly and I am still waiting for a credit.,3,6,0,1
C00245,2022-03-13,Service Quality,I waited longer than usual for a callback but it came eventually.,2,3,0,1
C00245,2024-02-25,Billing,I want to switch to paperless billing.,1,8,0,1
C00246,2024-12-16,Account Management,The technician arrived a bit late but did a good job.,2,5,0,1
C00247,2023-02-04,Service Quality,Can you confirm my direct debit amount?,1,8,0,0
C00247,2024-01-09,Service Quality,Could you send me a copy of last month's bill?,1,7,0,1
C00251,2022-06-10,Billing,My bill has errors and I have had to call twice about the same issue.,3,17,0,1
C00253,2023-08-15,Account Management,"There was a small discrepancy on my statement, now resolved.",2,14,0,0
C00253,2023-06-15,Account Management,I am very unhappy with the service. My complaint from last month is still open.,4,17,1,1
C00253,2023-04-08,Technical,I am considering switching providers if this is not fixed immediately.,4,17,0,0
C00254,2023-07-22,Meter Reading,I want a full refund and I am cancelling everything today.,5,13,1,0
C00255,2024-12-15,Technical,My account was charged incorrectly and I am still waiting for a credit.,3,11,0,0
C00256,2024-02-10,Billing,I feel like loyal customers are not being valued the way they should be.,3,11,0,1
C00257,2022-02-03,Service Quality,"Three technicians, three no-shows. I have lost my patience entirely.",5,13,1,0
C00257,2022-02-01,Technical,I would like to know my current contract end date.,1,3,0,1
C00257,2024-06-04,Technical,Nobody in your company seems to take responsibility for anything.,4,19,1,0
C00258,2022-08-06,Meter Reading,The website was slow when I tried to log in yesterday.,2,6,0,1
C00258,2024-03-01,Account Management,The rate increase was not communicated clearly and came as a surprise.,3,12,0,1
C00258,2022-10-16,Account Management,I am going to leave a public review warning everyone about this company.,5,22,0,1
C00259,2022-10-03,Meter Reading,This is absolutely disgraceful. I am filing a formal complaint with the regulator.,5,1,1,0
C00259,2024-07-01,Account Management,The level of service I am receiving is completely unacceptable.,4,22,0,1
C00259,2022-06-25,Service Quality,"Three technicians, three no-shows. I have lost my patience entirely.",5,20,0,0
C00260,2024-04-04,Technical,Can you confirm my direct debit amount?,1,3,0,1
C00260,2023-03-15,Billing,The technician arrived a bit late but did a good job.,2,1,0,0
C00260,2022-03-25,Outage,I want a formal complaint registered. This has gone on too long.,4,16,0,1
C00261,2024-10-04,Service Quality,I have been waiting over a week for someone to call me back.,3,8,1,1
C00261,2024-12-22,Billing,I need to change my contact phone number on the account.,1,9,0,1
C00261,2023-09-19,Outage,My bill has errors and I have had to call twice about the same issue.,3,9,0,0
C00261,2023-06-02,Meter Reading,I waited longer than usual for a callback but it came eventually.,2,10,0,0
C00262,2024-11-14,Meter Reading,Can you confirm my direct debit amount?,1,5,0,1
C00263,2024-03-22,Technical,"Three technicians, three no-shows. I have lost my patience entirely.",5,25,1,0
C00263,2022-10-25,Billing,My meter reading submission didn't go through on the first try.,2,10,0,0
C00264,2024-09-03,Billing,Your company has overcharged me for months and nobody will fix it.,5,21,0,0
C00265,2024-08-23,Billing,My meter reading submission didn't go through on the first try.,2,2,0,1
C00265,2022-08-04,Service Quality,Quick question about the new tariff letter I received.,1,2,0,1
C00266,2024-07-18,Outage,I took a day off work for the technician and nobody came.,4,4,1,0
C00266,2024-12-20,Meter Reading,My bill was slightly higher than I expected this month.,2,11,0,0
C00266,2024-05-20,Billing,"Everything is fine, just updating my details.",1,3,0,1
C00267,2024-08-02,Account Management,"There was a small discrepancy on my statement, now resolved.",2,5,0,1
C00267,2024-10-11,Billing,I want to cancel my account. I have had enough of this terrible service.,5,11,0,0
C00267,2024-05-03,Billing,I want a formal complaint registered. This has gone on too long.,4,17,0,1
C00268,2023-08-12,Account Management,The level of service I am receiving is completely unacceptable.,4,13,0,0
C00269,2024-07-26,Service Quality,I had trouble navigating the new online portal at first.,2,2,1,0
C00270,2023-10-19,Service Quality,"There was a small discrepancy on my statement, now resolved.",2,9,0,1
C00270,2024-10-27,Billing,The level of service I am receiving is completely unacceptable.,4,10,1,1
C00270,2022-09-14,Service Quality,The worst customer experience I have ever had in my life.,5,26,1,0
C00271,2024-03-24,Meter Reading,Quick question about the new tariff letter I received.,1,1,0,1
C00271,2024-08-06,Outage,Calling to update my billing address.,1,5,0,1
C00271,2022-12-26,Account Management,I had trouble navigating the new online portal at first.,2,13,1,1
C00271,2023-07-27,Outage,Quick question about the new tariff letter I received.,1,1,0,1
C00273,2024-03-16,Service Quality,This is absolutely disgraceful. I am filing a formal complaint with the regulator.,5,12,0,0
C00273,2023-05-16,Billing,My meter reading submission didn't go through on the first try.,2,11,0,1
C00274,2023-09-25,Technical,I have been waiting over a week for someone to call me back.,3,9,0,1
C00274,2023-05-20,Billing,I have been waiting over a week for someone to call me back.,3,18,0,1
C00275,2022-09-15,Billing,The technician did not show up at the agreed time without any notice.,3,8,0,0
C00275,2022-10-26,Account Management,I am considering switching providers if this is not fixed immediately.,4,15,1,0
C00276,2023-11-08,Technical,"Three technicians, three no-shows. I have lost my patience entirely.",5,29,1,0
C00276,2022-02-12,Billing,I waited longer than usual for a callback but it came eventually.,2,12,0,0
C00277,2024-02-24,Account Management,The technician arrived a bit late but did a good job.,2,9,0,1
C00278,2024-03-07,Meter Reading,I am considering switching providers if this is not fixed immediately.,4,18,1,1
C00278,2023-06-26,Account Management,I am very unhappy with the service. My complaint from last month is still open.,4,12,0,1
C00279,2024-12-11,Service Quality,I want to cancel my account. I have had enough of this terrible service.,5,5,1,1
C00279,2024-11-28,Billing,Calling to update my billing address.,1,1,0,1
C00280,2024-01-08,Service Quality,My bill was slightly higher than I expected this month.,2,11,0,1
C00281,2022-05-17,Service Quality,This is the third billing error in a row. I am losing patience.,4,6,1,1
C00281,2024-05-17,Account Management,Can you confirm my direct debit amount?,1,4,0,1
C00281,2023-01-04,Outage,I was treated rudely on my last call and I want this addressed.,4,16,0,1
C00282,2023-04-05,Account Management,Just checking when my next meter read is scheduled.,1,5,0,1
C00282,2023-07-24,Technical,The technician did not show up at the agreed time without any notice.,3,14,0,1
C00282,2023-02-10,Outage,My meter reading submission didn't go through on the first try.,2,7,1,0
C00283,2022-08-26,Technical,I would like to check my current balance please.,1,6,0,1
C00283,2024-11-16,Technical,"There was a small discrepancy on my statement, now resolved.",2,12,0,1
C00283,2024-07-01,Outage,I was treated rudely on my last call and I want this addressed.,4,3,1,0
C00284,2022-08-04,Account Management,Quick question about the new tariff letter I received.,1,6,0,1
C00284,2023-08-23,Meter Reading,The website was slow when I tried to log in yesterday.,2,13,0,0
C00284,2023-05-24,Technical,Nobody in your company seems to take responsibility for anything.,4,17,1,0
C00285,2024-02-19,Outage,I would like to know my current contract end date.,1,1,0,1
C00285,2024-11-18,Service Quality,I have been trying to get this resolved for two weeks now.,3,4,1,0
C00286,2023-01-23,Account Management,I am contacting my lawyer. This is negligent and completely unacceptable.,5,21,1,1
C00286,2023-11-11,Technical,Quick question about the new tariff letter I received.,1,9,1,1
C00287,2022-12-22,Service Quality,The website was slow when I tried to log in yesterday.,2,6,0,1
C00287,2024-02-19,Account Management,I had trouble navigating the new online portal at first.,2,14,1,0
C00287,2024-09-18,Service Quality,I would like to check my current balance please.,1,5,0,1
C00287,2023-07-26,Technical,The worst customer experience I have ever had in my life.,5,29,1,0
C00287,2023-01-25,Account Management,The technician arrived a bit late but did a good job.,2,6,0,1
C00288,2024-10-03,Billing,This is the third billing error in a row. I am losing patience.,4,17,1,0
C00289,2022-01-15,Billing,The email confirmation for my account change took two days to arrive.,2,5,0,1
C00289,2024-05-17,Billing,The technician arrived a bit late but did a good job.,2,6,0,1
C00289,2022-03-25,Outage,My power has been out for two days and nobody has given me an update.,4,21,0,1
C00289,2024-05-17,Technical,Response time was a bit slower than last time I called.,2,2,0,1
C00290,2024-12-16,Billing,I want a formal complaint registered. This has gone on too long.,4,12,1,1
C00290,2024-08-15,Technical,My account was charged incorrectly and I am still waiting for a credit.,3,17,1,1
C00291,2024-05-23,Meter Reading,I would like to know my current contract end date.,1,7,0,1
C00291,2024-03-09,Service Quality,I was on hold for about 20 minutes which felt long.,2,2,1,0
C00291,2024-02-12,Account Management,I have escalated this complaint twice and it is still not resolved.,4,1,1,1
C00291,2024-06-18,Account Management,Quick question about the new tariff letter I received.,1,7,1,1
C00291,2024-09-22,Meter Reading,The technician did not show up at the agreed time without any notice.,3,19,0,0
C00292,2022-01-01,Technical,My bill has errors and I have had to call twice about the same issue.,3,19,0,0
C00292,2022-04-10,Service Quality,The technician arrived a bit late but did a good job.,2,13,0,1
C00292,2023-10-20,Outage,The customer service agent I spoke to was not very helpful.,3,15,0,0
C00292,2022-01-20,Meter Reading,My meter reading submission didn't go through on the first try.,2,6,1,1
C00293,2023-06-23,Outage,I want to switch to paperless billing.,1,6,0,0
C00295,2024-07-02,Billing,I am switching providers immediately. I cannot tolerate this incompetence.,5,7,1,1
C00296,2024-05-12,Outage,I have escalated this complaint twice and it is still not resolved.,4,6,1,0
C00296,2024-08-07,Account Management,Could you send me a copy of last month's bill?,1,9,0,1
C00296,2022-04-20,Meter Reading,I had trouble navigating the new online portal at first.,2,13,0,1
C00297,2022-04-10,Technical,The website was slow when I tried to log in yesterday.,2,7,0,1
C00297,2024-10-26,Billing,I have been trying to get this resolved for two weeks now.,3,9,0,0
C00297,2024-06-04,Technical,I would like to check my current balance please.,1,5,0,1
C00298,2023-01-27,Outage,Calling to update my billing address.,1,9,0,1
C00298,2024-01-07,Service Quality,I waited longer than usual for a callback but it came eventually.,2,2,0,1
C00298,2022-06-10,Outage,I have been waiting over a week for someone to call me back.,3,8,1,1
C00299,2023-08-28,Outage,I feel like loyal customers are not being valued the way they should be.,3,2,1,0
C00299,2024-11-13,Service Quality,My account was charged incorrectly and I am still waiting for a credit.,3,12,0,0
C00300,2024-02-24,Meter Reading,I would like to check my current balance please.,1,5,1,0
C00300,2022-04-19,Service Quality,The website was slow when I tried to log in yesterday.,2,9,0,1
C00300,2024-04-09,Technical,Response time was a bit slower than last time I called.,2,6,0,1
C00300,2022-01-14,Outage,I waited longer than usual for a callback but it came eventually.,2,3,0,1
C00301,2022-07-09,Outage,Nobody in your company seems to take responsibility for anything.,4,18,1,1
C00301,2024-07-10,Service Quality,"Everything is fine, just updating my details.",1,5,0,1
C00301,2024-01-28,Outage,I want to cancel my account. I have had enough of this terrible service.,5,11,0,1
C00302,2022-07-02,Service Quality,I had trouble navigating the new online portal at first.,2,2,0,1
C00302,2024-05-09,Billing,I would like to check my current balance please.,1,5,0,0
C00302,2024-08-02,Account Management,The customer service agent I spoke to was not very helpful.,3,12,1,0
C00303,2024-04-26,Technical,The customer service agent I spoke to was not very helpful.,3,10,1,1
C00303,2024-07-14,Technical,I had trouble navigating the new online portal at first.,2,1,0,1
C00303,2024-02-02,Technical,Response time was a bit slower than last time I called.,2,11,0,1
C00303,2024-12-08,Service Quality,The online chat bot could not help me and I had to call anyway.,3,17,0,0
C00304,2024-03-17,Meter Reading,I was on hold for about 20 minutes which felt long.,2,14,0,0
C00304,2024-01-21,Meter Reading,Quick question about the new tariff letter I received.,1,8,0,1
C00304,2022-02-05,Billing,The customer service agent I spoke to was not very helpful.,3,5,0,0
C00304,2023-05-14,Account Management,My bill was slightly higher than I expected this month.,2,7,0,1
C00304,2023-11-09,Billing,I am not satisfied with how my previous complaint was handled.,3,11,1,1
C00305,2024-04-10,Billing,The technician arrived a bit late but did a good job.,2,8,0,0
C00305,2022-06-23,Billing,I have been waiting over a week for someone to call me back.,3,1,0,0
C00305,2023-05-06,Service Quality,The online chat bot could not help me and I had to call anyway.,3,16,1,0
C00306,2024-12-12,Billing,I am switching providers immediately. I cannot tolerate this incompetence.,5,11,0,0
C00306,2024-05-21,Billing,I feel like loyal customers are not being valued the way they should be.,3,17,0,0
C00306,2023-04-15,Technical,I had trouble navigating the new online portal at first.,2,9,0,1
C00306,2023-03-18,Account Management,I was treated rudely on my last call and I want this addressed.,4,21,0,1
C00307,2023-02-09,Outage,The level of service I am receiving is completely unacceptable.,4,19,1,1
C00308,2023-04-20,Billing,Response time was a bit slower than last time I called.,2,12,0,1
C00308,2023-08-02,Account Management,I am not satisfied with how my previous complaint was handled.,3,7,1,1
C00309,2023-09-20,Outage,I had trouble navigating the new online portal at first.,2,10,0,1
C00309,2023-08-04,Technical,My power has been out for two days and nobody has given me an update.,4,19,0,1
C00309,2024-01-04,Service Quality,I am not satisfied with how my previous complaint was handled.,3,8,0,0
C00310,2022-06-16,Account Management,Just checking when my next meter read is scheduled.,1,4,1,0
C00311,2023-07-28,Service Quality,The online chat bot could not help me and I had to call anyway.,3,16,0,1
C00312,2024-08-02,Billing,I have been waiting over a week for someone to call me back.,3,5,1,1
C00313,2023-09-27,Meter Reading,Could you send me a copy of last month's bill?,1,2,0,1
C00313,2024-05-16,Outage,My meter reading submission didn't go through on the first try.,2,5,0,1
C00313,2023-09-19,Account Management,I had trouble navigating the new online portal at first.,2,13,0,0
C00313,2024-09-17,Technical,I am not satisfied with how my previous complaint was handled.,3,1,1,0
C00314,2024-08-11,Account Management,"There was a small discrepancy on my statement, now resolved.",2,5,1,1
C00315,2023-11-28,Technical,The website was slow when I tried to log in yesterday.,2,13,0,1
C00315,2023-08-23,Service Quality,I took a day off work for the technician and nobody came.,4,14,1,0
C00315,2023-07-01,Technical,I have been trying to get this resolved for two weeks now.,3,2,0,0
C00315,2024-12-03,Account Management,I am very unhappy with the service. My complaint from last month is still open.,4,20,1,1
C00315,2024-09-26,Outage,I want a formal complaint registered. This has gone on too long.,4,6,0,1
C00316,2024-01-23,Billing,I am considering switching providers if this is not fixed immediately.,4,19,0,1
C00317,2024-01-23,Service Quality,The technician did not show up at the agreed time without any notice.,3,13,0,0
C00317,2023-04-06,Technical,The website was slow when I tried to log in yesterday.,2,8,0,0
C00317,2023-10-28,Meter Reading,I have been waiting over a week for someone to call me back.,3,15,0,0
C00317,2024-10-06,Outage,I am contacting my lawyer. This is negligent and completely unacceptable.,5,5,0,0
C00318,2024-04-11,Billing,My meter reading submission didn't go through on the first try.,2,12,1,1
C00319,2024-02-08,Technical,I have been trying to get this resolved for two weeks now.,3,12,0,0
C00319,2024-11-10,Billing,I have been trying to get this resolved for two weeks now.,3,19,0,1
C00319,2024-12-01,Billing,I am very unhappy with the service. My complaint from last month is still open.,4,22,1,1
C00320,2024-02-14,Account Management,The online chat bot could not help me and I had to call anyway.,3,17,1,1
C00320,2023-11-26,Technical,The rate increase was not communicated clearly and came as a surprise.,3,10,0,1
C00321,2023-10-01,Meter Reading,Nobody in your company seems to take responsibility for anything.,4,5,1,0
C00321,2024-09-08,Technical,The technician did not show up at the agreed time without any notice.,3,9,0,1
C00322,2024-10-24,Billing,The website was slow when I tried to log in yesterday.,2,14,0,0
C00323,2023-11-21,Account Management,Just checking when my next meter read is scheduled.,1,8,0,1
C00323,2023-04-18,Outage,"There was a small discrepancy on my statement, now resolved.",2,11,0,0
C00324,2023-10-18,Account Management,I have been trying to get this resolved for two weeks now.,3,7,0,1
C00324,2023-07-09,Meter Reading,Can you confirm my direct debit amount?,1,4,0,1
C00324,2022-04-25,Account Management,The rate increase was not communicated clearly and came as a surprise.,3,1,1,1
C00324,2023-10-13,Service Quality,Quick question about the new tariff letter I received.,1,7,0,1
C00324,2024-04-26,Outage,My account was charged incorrectly and I am still waiting for a credit.,3,5,1,0
C00325,2024-04-28,Service Quality,I have been waiting over a week for someone to call me back.,3,9,0,0
C00325,2024-05-27,Account Management,I had trouble navigating the new online portal at first.,2,9,0,0
C00325,2024-10-09,Meter Reading,Can you confirm my direct debit amount?,1,2,0,1
C00326,2023-06-08,Outage,The online chat bot could not help me and I had to call anyway.,3,17,1,1
C00326,2023-07-15,Service Quality,My bill has errors and I have had to call twice about the same issue.,3,1,1,0
C00326,2023-07-05,Account Management,"Everything is fine, just updating my details.",1,8,1,1
C00327,2024-09-03,Technical,My bill was slightly higher than I expected this month.,2,14,0,1
C00327,2023-09-01,Technical,I need to change my contact phone number on the account.,1,8,0,1
C00327,2024-02-24,Service Quality,I waited longer than usual for a callback but it came eventually.,2,8,0,1
C00328,2022-11-05,Billing,I have been trying to get this resolved for two weeks now.,3,5,1,1
C00328,2022-07-08,Meter Reading,The technician arrived a bit late but did a good job.,2,1,0,1
C00329,2022-08-28,Service Quality,I need to change my contact phone number on the account.,1,8,1,1
C00329,2022-04-17,Account Management,The technician arrived a bit late but did a good job.,2,13,0,1
C00330,2024-03-10,Technical,This is the third billing error in a row. I am losing patience.,4,15,0,0
C00331,2024-06-12,Account Management,I need to change my contact phone number on the account.,1,2,0,0
C00331,2023-06-05,Service Quality,The website was slow when I tried to log in yesterday.,2,4,0,0
C00331,2022-07-05,Outage,I feel like loyal customers are not being valued the way they should be.,3,18,1,1
C00331,2022-04-19,Technical,I feel like loyal customers are not being valued the way they should be.,3,16,0,1
C00332,2024-09-27,Account Management,Your company has overcharged me for months and nobody will fix it.,5,2,1,0
C00334,2022-10-21,Service Quality,I am contacting my lawyer. This is negligent and completely unacceptable.,5,21,0,0
C00334,2024-03-26,Meter Reading,I need to change my contact phone number on the account.,1,6,0,1
C00336,2023-02-06,Service Quality,The level of service I am receiving is completely unacceptable.,4,23,0,1
C00337,2023-02-19,Technical,Just checking when my next meter read is scheduled.,1,5,0,1
C00338,2024-11-18,Meter Reading,Calling to update my billing address.,1,2,1,1
C00338,2023-09-08,Account Management,I feel like loyal customers are not being valued the way they should be.,3,17,0,1
C00339,2023-03-22,Meter Reading,"There was a small discrepancy on my statement, now resolved.",2,12,0,1
C00339,2024-04-20,Outage,This is the third billing error in a row. I am losing patience.,4,13,1,0
C00339,2024-07-10,Meter Reading,The email confirmation for my account change took two days to arrive.,2,6,0,1
C00339,2022-06-08,Service Quality,Can you confirm my direct debit amount?,1,8,0,1
C00339,2023-01-16,Billing,This is absolutely disgraceful. I am filing a formal complaint with the regulator.,5,21,0,0
C00340,2024-04-02,Account Management,I have been trying to get this resolved for two weeks now.,3,8,0,0
C00340,2022-11-03,Outage,I took a day off work for the technician and nobody came.,4,1,1,0
C00340,2022-02-25,Meter Reading,I waited longer than usual for a callback but it came eventually.,2,14,0,1
C00341,2022-11-01,Meter Reading,I had trouble navigating the new online portal at first.,2,7,0,0
C00342,2022-12-18,Account Management,I was on hold for about 20 minutes which felt long.,2,11,0,1
C00342,2024-03-08,Service Quality,The technician did not show up at the agreed time without any notice.,3,7,1,0
C00343,2022-12-22,Service Quality,I have been trying to get this resolved for two weeks now.,3,9,0,0
C00344,2024-10-26,Service Quality,This is the third billing error in a row. I am losing patience.,4,10,1,0
C00344,2024-07-07,Outage,I have been waiting over a week for someone to call me back.,3,4,0,1
C00344,2022-04-09,Technical,I am very unhappy with the service. My complaint from last month is still open.,4,24,1,1
C00346,2022-01-06,Meter Reading,Your company has overcharged me for months and nobody will fix it.,5,1,0,1
C00346,2022-10-08,Billing,My bill has errors and I have had to call twice about the same issue.,3,16,0,1
C00346,2024-05-05,Service Quality,I have been trying to get this resolved for two weeks now.,3,10,1,0
C00346,2024-02-04,Outage,I am very unhappy with the service. My complaint from last month is still open.,4,6,1,1
C00347,2023-08-14,Account Management,My account was charged incorrectly and I am still waiting for a credit.,3,13,0,0
C00347,2022-04-07,Billing,Calling to update my billing address.,1,9,1,1
C00347,2023-09-22,Technical,Just checking when my next meter read is scheduled.,1,9,0,1
C00347,2024-02-17,Service Quality,I am considering switching providers if this is not fixed immediately.,4,1,0,0
C00348,2024-11-24,Account Management,I feel like loyal customers are not being valued the way they should be.,3,1,0,1
C00349,2023-06-06,Technical,I feel like loyal customers are not being valued the way they should be.,3,18,1,1
C00349,2022-08-08,Account Management,This is absolutely disgraceful. I am filing a formal complaint with the regulator.,5,28,1,0
C00349,2022-04-26,Technical,I had trouble navigating the new online portal at first.,2,8,1,0
C00351,2022-01-10,Outage,The technician arrived a bit late but did a good job.,2,7,1,1
C00351,2023-10-03,Billing,My meter reading submission didn't go through on the first try.,2,10,1,1
C00351,2023-09-11,Technical,The rate increase was not communicated clearly and came as a surprise.,3,1,1,1
C00351,2022-08-26,Outage,My bill was slightly higher than I expected this month.,2,2,0,1
C00351,2024-10-06,Technical,I am contacting my lawyer. This is negligent and completely unacceptable.,5,23,0,0
C00351,2024-12-09,Outage,The customer service agent I spoke to was not very helpful.,3,9,0,0
C00352,2024-03-21,Billing,I need to change my contact phone number on the account.,1,7,0,1
C00352,2023-07-10,Service Quality,Just checking when my next meter read is scheduled.,1,3,0,1
C00353,2022-05-13,Service Quality,My meter reading submission didn't go through on the first try.,2,13,0,1
C00353,2022-06-23,Meter Reading,I waited longer than usual for a callback but it came eventually.,2,10,1,0
C00353,2024-02-13,Account Management,The customer service agent I spoke to was not very helpful.,3,6,1,1
C00354,2024-02-07,Meter Reading,My account was charged incorrectly and I am still waiting for a credit.,3,18,1,1
C00354,2023-11-17,Account Management,I have been without power for five days and your team does not care at all.,5,7,1,0
C00354,2024-04-03,Service Quality,I am not satisfied with how my previous complaint was handled.,3,14,0,0
C00355,2024-08-09,Outage,I waited longer than usual for a callback but it came eventually.,2,5,0,0
C00355,2024-06-11,Technical,"Everything is fine, just updating my details.",1,7,0,1
C00357,2024-02-06,Service Quality,The rate increase was not communicated clearly and came as a surprise.,3,2,1,0
C00358,2023-09-22,Service Quality,My bill has errors and I have had to call twice about the same issue.,3,15,0,1
C00358,2022-12-13,Account Management,The online chat bot could not help me and I had to call anyway.,3,7,0,1
C00358,2023-08-14,Meter Reading,I have been trying to get this resolved for two weeks now.,3,5,0,1
C00360,2024-10-01,Outage,I have been without power for five days and your team does not care at all.,5,1,0,0
C00361,2024-07-28,Billing,The level of service I am receiving is completely unacceptable.,4,7,0,0
C00361,2024-12-11,Meter Reading,Could you send me a copy of last month's bill?,1,4,0,1
C00361,2024-08-12,Account Management,I have been trying to get this resolved for two weeks now.,3,4,0,0
C00362,2022-04-20,Meter Reading,My account was charged incorrectly and I am still waiting for a credit.,3,12,0,0
C00363,2022-05-08,Outage,"There was a small discrepancy on my statement, now resolved.",2,2,0,1
C00363,2024-06-18,Outage,"There was a small discrepancy on my statement, now resolved.",2,5,0,1
C00363,2023-09-11,Outage,I want a formal complaint registered. This has gone on too long.,4,13,0,1
C00363,2022-03-12,Outage,The customer service agent I spoke to was not very helpful.,3,7,0,0
C00364,2022-08-26,Meter Reading,I have been waiting over a week for someone to call me back.,3,15,0,0
C00364,2024-04-04,Outage,I have been waiting over a week for someone to call me back.,3,5,0,1
C00365,2024-08-20,Technical,My bill has errors and I have had to call twice about the same issue.,3,2,0,1
C00365,2024-05-06,Service Quality,I would like to know my current contract end date.,1,6,0,0
C00365,2024-09-06,Meter Reading,I am not satisfied with how my previous complaint was handled.,3,7,1,0
C00365,2024-10-10,Service Quality,I feel like loyal customers are not being valued the way they should be.,3,14,0,1
C00367,2022-09-15,Meter Reading,I took a day off work for the technician and nobody came.,4,24,0,0
C00368,2023-06-22,Meter Reading,Nobody in your company seems to take responsibility for anything.,4,12,0,1
C00368,2024-10-24,Billing,Your company has overcharged me for months and nobody will fix it.,5,16,1,1
C00368,2024-06-09,Technical,Response time was a bit slower than last time I called.,2,2,0,1
C00368,2022-11-26,Account Management,Response time was a bit slower than last time I called.,2,12,0,1
C00369,2023-12-22,Outage,I have been waiting over a week for someone to call me back.,3,3,0,0
C00369,2024-08-01,Outage,I was on hold for about 20 minutes which felt long.,2,12,0,0
C00370,2022-03-23,Billing,My bill was slightly higher than I expected this month.,2,8,0,1
C00370,2023-07-04,Service Quality,I have been waiting over a week for someone to call me back.,3,16,1,1
C00371,2024-09-09,Service Quality,I would like to check my current balance please.,1,5,0,1
C00371,2024-03-23,Billing,My meter reading submission didn't go through on the first try.,2,8,0,1
C00371,2022-01-18,Meter Reading,I had trouble navigating the new online portal at first.,2,4,0,1
C00373,2024-11-19,Account Management,Quick question about the new tariff letter I received.,1,3,0,1
C00373,2024-12-17,Billing,Can you confirm my direct debit amount?,1,5,0,1
C00374,2022-04-21,Account Management,The website was slow when I tried to log in yesterday.,2,4,0,1
C00374,2023-09-27,Account Management,The online chat bot could not help me and I had to call anyway.,3,12,0,1
C00375,2023-03-17,Account Management,I was on hold for about 20 minutes which felt long.,2,11,1,1
C00376,2022-06-27,Account Management,I want to cancel my account. I have had enough of this terrible service.,5,15,1,1
C00377,2023-11-08,Meter Reading,The technician arrived a bit late but did a good job.,2,11,1,0
C00377,2022-04-16,Meter Reading,I took a day off work for the technician and nobody came.,4,6,0,1
C00377,2023-04-21,Technical,I have been trying to get this resolved for two weeks now.,3,12,1,0
C00379,2023-07-25,Account Management,I am switching providers immediately. I cannot tolerate this incompetence.,5,15,1,1
C00380,2024-04-24,Service Quality,Could you send me a copy of last month's bill?,1,4,0,0
C00380,2024-10-20,Account Management,I had trouble navigating the new online portal at first.,2,9,0,1
C00380,2024-06-07,Outage,I have been waiting over a week for someone to call me back.,3,7,1,0
C00380,2024-01-16,Account Management,I would like to know my current contract end date.,1,5,0,1
C00380,2024-04-25,Billing,I am not satisfied with how my previous complaint was handled.,3,9,1,0
C00381,2024-07-20,Billing,My bill has errors and I have had to call twice about the same issue.,3,13,0,0
C00381,2024-10-09,Meter Reading,The technician did not show up at the agreed time without any notice.,3,18,0,0
C00381,2024-05-10,Meter Reading,This is the third billing error in a row. I am losing patience.,4,4,0,0
C00382,2024-04-14,Technical,The website was slow when I tried to log in yesterday.,2,5,0,0
C00382,2024-12-19,Billing,My power has been out for two days and nobody has given me an update.,4,7,1,1
C00382,2022-12-27,Billing,The email confirmation for my account change took two days to arrive.,2,12,0,0
C00383,2022-07-08,Outage,I feel like loyal customers are not being valued the way they should be.,3,8,0,1
C00383,2022-10-08,Billing,"Three technicians, three no-shows. I have lost my patience entirely.",5,4,0,0
C00384,2022-06-16,Service Quality,This is absolutely disgraceful. I am filing a formal complaint with the regulator.,5,29,1,0
C00384,2022-04-06,Outage,The customer service agent I spoke to was not very helpful.,3,13,0,0
C00385,2023-08-21,Technical,Could you send me a copy of last month's bill?,1,3,0,0
C00385,2024-07-26,Service Quality,I feel like loyal customers are not being valued the way they should be.,3,3,0,0
C00386,2023-06-28,Account Management,The online chat bot could not help me and I had to call anyway.,3,7,1,0
C00386,2023-12-26,Account Management,I want a formal complaint registered. This has gone on too long.,4,22,1,1
C00386,2024-06-22,Billing,I was treated rudely on my last call and I want this addressed.,4,14,0,0
C00387,2022-08-10,Technical,The level of service I am receiving is completely unacceptable.,4,18,0,1
C00387,2023-12-02,Technical,I want to cancel my account. I have had enough of this terrible service.,5,19,0,1
C00387,2022-05-25,Account Management,The technician did not show up at the agreed time without any notice.,3,6,0,1
C00388,2024-01-20,Technical,The technician arrived a bit late but did a good job.,2,10,0,1
C00388,2024-01-05,Account Management,The worst customer experience I have ever had in my life.,5,13,0,1
C00388,2024-05-26,Technical,I was on hold for about 20 minutes which felt long.,2,10,0,1
C00388,2024-05-21,Outage,I want a formal complaint registered. This has gone on too long.,4,8,0,0
C00389,2024-09-26,Service Quality,I have escalated this complaint twice and it is still not resolved.,4,5,0,1
C00389,2024-09-17,Meter Reading,I would like to check my current balance please.,1,9,0,1
C00390,2022-10-09,Service Quality,The email confirmation for my account change took two days to arrive.,2,3,0,1
C00391,2023-05-24,Outage,I have escalated this complaint twice and it is still not resolved.,4,7,1,1
C00393,2024-07-15,Account Management,I need to change my contact phone number on the account.,1,8,0,1
C00393,2023-04-03,Outage,This is the third billing error in a row. I am losing patience.,4,19,1,1
C00393,2023-09-10,Outage,The customer service agent I spoke to was not very helpful.,3,8,0,0
C00394,2024-11-23,Billing,I waited longer than usual for a callback but it came eventually.,2,9,1,1
C00396,2023-09-22,Outage,I have escalated this complaint twice and it is still not resolved.,4,20,0,1
C00396,2022-07-16,Meter Reading,My bill has errors and I have had to call twice about the same issue.,3,17,0,1
C00396,2023-09-13,Billing,Response time was a bit slower than last time I called.,2,11,0,1
C00397,2023-04-28,Service Quality,My meter reading submission didn't go through on the first try.,2,12,1,1
C00397,2024-03-11,Account Management,I want to cancel my account. I have had enough of this terrible service.,5,15,0,0
C00397,2023-03-14,Outage,I would like to know my current contract end date.,1,1,0,1
C00397,2023-02-19,Service Quality,I have been waiting over a week for someone to call me back.,3,4,0,1
C00398,2023-08-24,Outage,Could you send me a copy of last month's bill?,1,3,0,1
C00398,2022-07-14,Service Quality,I want a full refund and I am cancelling everything today.,5,24,1,0
C00399,2024-10-22,Technical,I am very unhappy with the service. My complaint from last month is still open.,4,7,0,0
C00400,2024-04-28,Meter Reading,"There was a small discrepancy on my statement, now resolved.",2,4,0,1
C00400,2022-05-11,Technical,I was on hold for about 20 minutes which felt long.,2,7,1,1
C00401,2023-11-24,Account Management,Can you confirm my direct debit amount?,1,1,0,1
C00401,2024-02-09,Outage,Nobody in your company seems to take responsibility for anything.,4,3,0,1
C00401,2022-03-04,Billing,I was on hold for about 20 minutes which felt long.,2,10,0,1
C00403,2022-07-13,Account Management,Could you send me a copy of last month's bill?,1,5,0,1
C00403,2023-04-05,Service Quality,I waited longer than usual for a callback but it came eventually.,2,9,0,1
C00403,2023-05-25,Service Quality,The online chat bot could not help me and I had to call anyway.,3,8,0,0
C00405,2024-04-20,Account Management,Quick question about the new tariff letter I received.,1,9,0,1
C00405,2023-04-26,Service Quality,I waited longer than usual for a callback but it came eventually.,2,9,0,1
C00406,2024-11-02,Outage,I have escalated this complaint twice and it is still not resolved.,4,11,0,1
C00406,2024-05-15,Account Management,This is the third billing error in a row. I am losing patience.,4,16,1,1
C00406,2024-03-07,Outage,The email confirmation for my account change took two days to arrive.,2,11,0,1
C00406,2024-11-14,Meter Reading,Quick question about the new tariff letter I received.,1,9,0,1
C00406,2024-02-03,Meter Reading,I took a day off work for the technician and nobody came.,4,7,0,1
C00407,2023-09-19,Account Management,I feel like loyal customers are not being valued the way they should be.,3,14,0,1
C00407,2024-10-11,Service Quality,I was on hold for about 20 minutes which felt long.,2,5,1,0
C00407,2022-08-06,Account Management,Could you send me a copy of last month's bill?,1,2,0,1
C00407,2023-04-08,Meter Reading,Can you confirm my direct debit amount?,1,6,0,1
C00408,2024-10-20,Service Quality,My meter reading submission didn't go through on the first try.,2,11,1,1
C00408,2023-05-19,Meter Reading,I would like to know my current contract end date.,1,6,0,1
C00408,2023-12-04,Billing,I need to change my contact phone number on the account.,1,7,0,1
C00408,2023-11-22,Billing,My bill was slightly higher than I expected this month.,2,13,0,0
C00408,2023-11-01,Technical,The technician did not show up at the agreed time without any notice.,3,14,0,0
C00408,2024-06-08,Account Management,My bill has errors and I have had to call twice about the same issue.,3,14,0,0
C00409,2024-12-10,Outage,The website was slow when I tried to log in yesterday.,2,14,1,1
C00410,2022-12-12,Service Quality,Quick question about the new tariff letter I received.,1,3,0,1
C00411,2023-05-01,Account Management,The technician arrived a bit late but did a good job.,2,3,0,0
C00411,2023-12-04,Billing,My power has been out for two days and nobody has given me an update.,4,16,1,0
C00413,2024-02-27,Account Management,Could you send me a copy of last month's bill?,1,1,1,1
C00413,2022-11-14,Outage,"Three technicians, three no-shows. I have lost my patience entirely.",5,18,1,1
C00413,2022-03-07,Billing,The website was slow when I tried to log in yesterday.,2,4,0,1
C00413,2023-09-21,Service Quality,I was treated rudely on my last call and I want this addressed.,4,21,1,1
C00414,2022-09-14,Billing,My bill has errors and I have had to call twice about the same issue.,3,9,1,1
C00416,2022-06-03,Outage,The website was slow when I tried to log in yesterday.,2,14,1,0
C00418,2023-05-07,Meter Reading,My account was charged incorrectly and I am still waiting for a credit.,3,17,0,1
C00418,2023-04-18,Technical,I have been waiting over a week for someone to call me back.,3,10,1,1
C00418,2022-02-27,Billing,Can you confirm my direct debit amount?,1,6,0,1
C00418,2022-07-11,Outage,The email confirmation for my account change took two days to arrive.,2,11,0,0
C00418,2023-10-27,Account Management,I waited longer than usual for a callback but it came eventually.,2,3,0,1
C00418,2022-01-24,Meter Reading,I was treated rudely on my last call and I want this addressed.,4,7,1,0
C00419,2023-01-18,Technical,I am switching providers immediately. I cannot tolerate this incompetence.,5,7,1,0
C00419,2022-12-08,Outage,I have escalated this complaint twice and it is still not resolved.,4,13,1,0
C00419,2024-09-02,Account Management,Quick question about the new tariff letter I received.,1,3,0,1
C00420,2024-08-02,Technical,I have escalated this complaint twice and it is still not resolved.,4,4,1,0
C00421,2024-10-28,Account Management,I am not satisfied with how my previous complaint was handled.,3,8,1,1
C00423,2023-11-24,Outage,The technician did not show up at the agreed time without any notice.,3,19,0,1
C00424,2024-10-14,Technical,I was on hold for about 20 minutes which felt long.,2,5,0,1
C00424,2024-10-01,Meter Reading,My bill has errors and I have had to call twice about the same issue.,3,18,0,0
C00425,2023-09-03,Account Management,I have been waiting over a week for someone to call me back.,3,1,0,0
C00427,2023-06-21,Technical,I would like to check my current balance please.,1,7,0,1
C00427,2024-04-08,Technical,I have been waiting over a week for someone to call me back.,3,4,0,1
C00428,2022-02-25,Service Quality,Calling to update my billing address.,1,5,0,1
C00428,2023-09-05,Meter Reading,The customer service agent I spoke to was not very helpful.,3,5,0,1
C00429,2023-08-20,Billing,I feel like loyal customers are not being valued the way they should be.,3,5,0,1
C00429,2024-07-28,Technical,Can you confirm my direct debit amount?,1,8,0,1
C00429,2024-09-06,Outage,"Everything is fine, just updating my details.",1,1,0,1
C00429,2023-02-28,Technical,My power has been out for two days and nobody has given me an update.,4,13,1,1
C00429,2023-04-08,Outage,My meter reading submission didn't go through on the first try.,2,12,0,0
C00430,2022-10-14,Service Quality,"Everything is fine, just updating my details.",1,8,0,1
C00430,2023-09-21,Meter Reading,Can you confirm my direct debit amount?,1,6,0,1
C00431,2024-07-20,Technical,I feel like loyal customers are not being valued the way they should be.,3,16,1,0
C00433,2023-02-05,Outage,The website was slow when I tried to log in yesterday.,2,7,0,1
C00434,2022-04-10,Account Management,The level of service I am receiving is completely unacceptable.,4,23,0,0
C00435,2022-01-18,Billing,The customer service agent I spoke to was not very helpful.,3,8,0,1
C00435,2022-11-24,Billing,I was treated rudely on my last call and I want this addressed.,4,11,1,1
C00436,2024-10-13,Meter Reading,I waited longer than usual for a callback but it came eventually.,2,1,1,0
C00436,2023-11-10,Billing,The rate increase was not communicated clearly and came as a surprise.,3,5,0,0
C00437,2024-10-26,Outage,This is absolutely disgraceful. I am filing a formal complaint with the regulator.,5,24,1,1
C00437,2022-05-11,Billing,The technician arrived a bit late but did a good job.,2,11,0,1
C00437,2023-10-08,Meter Reading,I would like to know my current contract end date.,1,4,0,1
C00437,2024-09-12,Billing,Can you confirm my direct debit amount?,1,6,1,0
C00439,2022-10-18,Service Quality,I am switching providers immediately. I cannot tolerate this incompetence.,5,13,1,0
C00440,2024-07-26,Outage,Just checking when my next meter read is scheduled.,1,4,0,1
C00442,2023-02-01,Billing,My account was charged incorrectly and I am still waiting for a credit.,3,1,0,0
C00442,2024-08-20,Service Quality,I took a day off work for the technician and nobody came.,4,2,0,0
C00442,2024-06-14,Meter Reading,My bill has errors and I have had to call twice about the same issue.,3,4,0,1
C00442,2022-09-28,Technical,The online chat bot could not help me and I had to call anyway.,3,11,0,0
C00443,2024-10-13,Meter Reading,I was on hold for about 20 minutes which felt long.,2,8,0,0
C00444,2022-05-01,Service Quality,I feel like loyal customers are not being valued the way they should be.,3,10,1,1
C00444,2024-12-21,Meter Reading,The customer service agent I spoke to was not very helpful.,3,18,0,1
C00445,2024-08-09,Meter Reading,My bill was slightly higher than I expected this month.,2,10,0,0
C00446,2024-02-06,Meter Reading,I would like to check my current balance please.,1,9,0,1
C00446,2024-03-21,Service Quality,The email confirmation for my account change took two days to arrive.,2,7,0,1
C00446,2024-09-01,Billing,I have been waiting over a week for someone to call me back.,3,1,0,0
C00446,2024-09-09,Outage,Can you confirm my direct debit amount?,1,4,0,1
C00447,2024-09-17,Technical,I had trouble navigating the new online portal at first.,2,10,0,1
C00448,2023-12-24,Billing,"There was a small discrepancy on my statement, now resolved.",2,14,1,1
C00448,2024-06-17,Technical,The technician did not show up at the agreed time without any notice.,3,5,0,1
C00449,2024-06-04,Account Management,The worst customer experience I have ever had in my life.,5,5,0,1
C00449,2023-12-05,Account Management,My account was charged incorrectly and I am still waiting for a credit.,3,12,0,1
C00450,2024-10-02,Technical,I have been waiting over a week for someone to call me back.,3,2,1,1
C00451,2024-03-26,Billing,The email confirmation for my account change took two days to arrive.,2,14,1,0
C00451,2024-09-23,Meter Reading,I would like to know my current contract end date.,1,7,0,1
C00452,2024-09-09,Service Quality,My bill was slightly higher than I expected this month.,2,9,0,1
C00452,2024-08-16,Outage,The website was slow when I tried to log in yesterday.,2,10,0,1
C00453,2024-07-18,Account Management,The online chat bot could not help me and I had to call anyway.,3,5,0,0
C00453,2024-11-08,Billing,The online chat bot could not help me and I had to call anyway.,3,14,0,1
C00453,2022-02-21,Outage,"Everything is fine, just updating my details.",1,1,0,1
C00453,2022-03-14,Service Quality,I took a day off work for the technician and nobody came.,4,12,0,0
C00454,2023-03-18,Billing,I have been waiting over a week for someone to call me back.,3,9,1,0
C00454,2023-06-18,Outage,I have been waiting over a week for someone to call me back.,3,8,0,0
C00454,2024-02-14,Technical,Nobody in your company seems to take responsibility for anything.,4,7,1,0
C00454,2022-05-12,Outage,Can you confirm my direct debit amount?,1,2,0,1
C00455,2023-05-01,Service Quality,The email confirmation for my account change took two days to arrive.,2,11,0,1
C00455,2024-07-01,Billing,I am not satisfied with how my previous complaint was handled.,3,2,0,0
C00456,2024-03-24,Billing,My bill was slightly higher than I expected this month.,2,11,0,0
C00457,2023-01-14,Meter Reading,I am switching providers immediately. I cannot tolerate this incompetence.,5,10,1,0
C00457,2023-11-14,Outage,My meter reading submission didn't go through on the first try.,2,14,1,0
C00457,2024-04-27,Meter Reading,I am very unhappy with the service. My complaint from last month is still open.,4,2,0,1
C00458,2023-04-18,Billing,Quick question about the new tariff letter I received.,1,9,0,1
C00459,2022-01-25,Outage,The level of service I am receiving is completely unacceptable.,4,20,0,1
C00459,2024-08-02,Outage,I took a day off work for the technician and nobody came.,4,19,0,0
C00459,2023-06-01,Meter Reading,"Three technicians, three no-shows. I have lost my patience entirely.",5,18,0,0
C00459,2023-03-11,Billing,I waited longer than usual for a callback but it came eventually.,2,10,0,1
C00461,2022-08-02,Billing,I have been trying to get this resolved for two weeks now.,3,10,0,1
C00462,2022-05-01,Service Quality,I would like to know my current contract end date.,1,5,0,1
C00462,2023-09-09,Technical,Can you confirm my direct debit amount?,1,3,0,1
C00463,2023-04-11,Outage,I am considering switching providers if this is not fixed immediately.,4,14,0,1
C00463,2022-02-03,Technical,Calling to update my billing address.,1,7,0,0
C00463,2024-12-02,Billing,The technician arrived a bit late but did a good job.,2,9,1,1
C00463,2022-12-22,Billing,I was treated rudely on my last call and I want this addressed.,4,12,0,0
C00464,2023-02-25,Outage,I am not satisfied with how my previous complaint was handled.,3,3,0,1
C00464,2024-02-01,Meter Reading,"Everything is fine, just updating my details.",1,3,0,0
C00464,2024-05-13,Billing,I have been waiting over a week for someone to call me back.,3,17,0,1
C00465,2023-08-13,Billing,My power has been out for two days and nobody has given me an update.,4,18,0,0
C00465,2023-10-05,Billing,My bill has errors and I have had to call twice about the same issue.,3,1,0,1
C00465,2024-01-23,Outage,I waited longer than usual for a callback but it came eventually.,2,8,0,0
C00465,2024-01-23,Service Quality,I waited longer than usual for a callback but it came eventually.,2,3,1,1
C00466,2023-01-17,Service Quality,My bill was slightly higher than I expected this month.,2,7,0,1
C00466,2024-03-12,Meter Reading,Can you confirm my direct debit amount?,1,9,0,1
C00466,2023-04-23,Service Quality,I am not satisfied with how my previous complaint was handled.,3,17,0,0
C00467,2024-11-25,Meter Reading,Could you send me a copy of last month's bill?,1,8,0,1
C00468,2024-11-25,Outage,The level of service I am receiving is completely unacceptable.,4,1,0,1
C00468,2024-05-10,Account Management,This is absolutely disgraceful. I am filing a formal complaint with the regulator.,5,12,1,1
C00468,2022-04-01,Billing,My bill has errors and I have had to call twice about the same issue.,3,4,0,0
C00469,2023-11-05,Meter Reading,I have escalated this complaint twice and it is still not resolved.,4,9,1,0
C00469,2023-02-15,Outage,My power has been out for two days and nobody has given me an update.,4,10,1,0
C00469,2024-09-27,Technical,My account was charged incorrectly and I am still waiting for a credit.,3,15,0,0
C00470,2022-11-04,Account Management,I want a formal complaint registered. This has gone on too long.,4,20,1,1
C00471,2023-07-11,Service Quality,I had trouble navigating the new online portal at first.,2,1,0,0
C00473,2023-05-20,Service Quality,I feel like loyal customers are not being valued the way they should be.,3,9,0,1
C00473,2024-07-02,Meter Reading,I want to switch to paperless billing.,1,5,0,1
C00473,2023-09-26,Service Quality,The rate increase was not communicated clearly and came as a surprise.,3,18,0,1
C00473,2024-12-22,Meter Reading,Nobody in your company seems to take responsibility for anything.,4,20,1,0
C00474,2023-01-06,Billing,The website was slow when I tried to log in yesterday.,2,12,1,1
C00474,2024-05-02,Outage,"There was a small discrepancy on my statement, now resolved.",2,8,0,1
C00475,2023-12-06,Outage,The online chat bot could not help me and I had to call anyway.,3,15,0,1
C00475,2023-12-11,Billing,I had trouble navigating the new online portal at first.,2,6,0,1
C00475,2023-03-06,Technical,I want to switch to paperless billing.,1,2,1,1
C00476,2023-06-06,Technical,I was on hold for about 20 minutes which felt long.,2,5,1,0
C00476,2023-12-07,Account Management,I have escalated this complaint twice and it is still not resolved.,4,8,0,0
C00476,2022-12-06,Technical,Nobody in your company seems to take responsibility for anything.,4,24,0,0
C00476,2023-07-06,Service Quality,My bill has errors and I have had to call twice about the same issue.,3,10,1,0
C00476,2022-07-14,Billing,Could you send me a copy of last month's bill?,1,4,0,0
C00476,2024-10-12,Account Management,I am not satisfied with how my previous complaint was handled.,3,4,0,1
C00476,2023-08-22,Account Management,The email confirmation for my account change took two days to arrive.,2,14,0,1
C00477,2023-05-18,Billing,I have been trying to get this resolved for two weeks now.,3,15,1,0
C00477,2023-12-12,Outage,My bill was slightly higher than I expected this month.,2,6,1,0
C00477,2022-06-28,Service Quality,I have been waiting over a week for someone to call me back.,3,2,1,0
C00478,2022-04-11,Meter Reading,The rate increase was not communicated clearly and came as a surprise.,3,17,0,1
C00479,2022-11-02,Service Quality,Response time was a bit slower than last time I called.,2,6,1,0
C00479,2023-09-16,Billing,The website was slow when I tried to log in yesterday.,2,4,0,1
C00480,2023-06-12,Meter Reading,The rate increase was not communicated clearly and came as a surprise.,3,17,1,1
C00480,2023-08-20,Outage,Response time was a bit slower than last time I called.,2,14,0,1
C00481,2023-10-27,Outage,I have been waiting over a week for someone to call me back.,3,15,0,1
C00482,2022-09-13,Outage,The customer service agent I spoke to was not very helpful.,3,7,1,0
C00483,2022-11-13,Technical,I am very unhappy with the service. My complaint from last month is still open.,4,11,0,1
C00483,2023-06-12,Outage,I want to switch to paperless billing.,1,5,0,0
C00484,2022-09-07,Account Management,I have been without power for five days and your team does not care at all.,5,14,1,1
C00484,2024-04-01,Meter Reading,"Three technicians, three no-shows. I have lost my patience entirely.",5,19,0,0
C00485,2024-06-13,Account Management,My bill was slightly higher than I expected this month.,2,12,1,1
C00485,2024-08-23,Billing,The rate increase was not communicated clearly and came as a surprise.,3,1,1,1
C00486,2022-10-03,Service Quality,"Everything is fine, just updating my details.",1,8,0,1
C00486,2024-02-11,Meter Reading,I want to cancel my account. I have had enough of this terrible service.,5,24,0,1
C00486,2022-05-06,Service Quality,"There was a small discrepancy on my statement, now resolved.",2,10,0,1
C00487,2024-03-12,Technical,I would like to know my current contract end date.,1,8,0,1
C00487,2022-09-02,Service Quality,I have been waiting over a week for someone to call me back.,3,5,0,1
C00487,2023-07-16,Outage,I was treated rudely on my last call and I want this addressed.,4,4,0,1
C00488,2022-12-01,Account Management,The customer service agent I spoke to was not very helpful.,3,2,0,0
C00488,2024-10-23,Billing,I am very unhappy with the service. My complaint from last month is still open.,4,9,0,0
C00488,2024-04-20,Outage,"Everything is fine, just updating my details.",1,5,0,1
C00488,2023-09-07,Meter Reading,I had trouble navigating the new online portal at first.,2,9,0,1
C00489,2023-08-26,Outage,The email confirmation for my account change took two days to arrive.,2,9,0,1
C00489,2022-10-16,Account Management,My meter reading submission didn't go through on the first try.,2,2,0,1
C00491,2024-09-09,Meter Reading,The online chat bot could not help me and I had to call anyway.,3,6,0,1
C00491,2024-07-01,Technical,The rate increase was not communicated clearly and came as a surprise.,3,16,0,1
C00491,2024-08-16,Outage,The customer service agent I spoke to was not very helpful.,3,2,0,1
C00492,2024-02-15,Technical,I am switching providers immediately. I cannot tolerate this incompetence.,5,3,1,0
C00492,2024-12-07,Service Quality,I want to cancel my account. I have had enough of this terrible service.,5,2,0,0
C00493,2024-04-01,Billing,The rate increase was not communicated clearly and came as a surprise.,3,2,0,0
C00494,2022-06-26,Meter Reading,My power has been out for two days and nobody has given me an update.,4,22,0,1
C00494,2023-01-22,Service Quality,I have escalated this complaint twice and it is still not resolved.,4,2,0,1
C00494,2022-06-28,Outage,My meter reading submission didn't go through on the first try.,2,5,0,0
C00495,2023-02-25,Meter Reading,Calling to update my billing address.,1,9,0,1
C00495,2022-08-09,Service Quality,The rate increase was not communicated clearly and came as a surprise.,3,8,0,0
C00495,2024-11-02,Account Management,The rate increase was not communicated clearly and came as a surprise.,3,5,0,1
C00495,2023-06-11,Account Management,The rate increase was not communicated clearly and came as a surprise.,3,7,0,0
C00495,2023-06-09,Billing,I am going to leave a public review warning everyone about this company.,5,14,1,1
C00495,2023-08-16,Service Quality,My bill has errors and I have had to call twice about the same issue.,3,12,1,1
C00496,2024-10-14,Account Management,I was treated rudely on my last call and I want this addressed.,4,17,0,1
C00496,2023-12-09,Service Quality,"There was a small discrepancy on my statement, now resolved.",2,2,0,1
C00496,2024-10-05,Outage,Could you send me a copy of last month's bill?,1,6,0,1
C00497,2022-10-10,Billing,The email confirmation for my account change took two days to arrive.,2,4,0,0
C00497,2022-01-03,Billing,The email confirmation for my account change took two days to arrive.,2,5,0,1
C00497,2022-06-04,Billing,I have been trying to get this resolved for two weeks now.,3,16,0,1
C00497,2024-07-08,Outage,Can you confirm my direct debit amount?,1,5,1,1
C00497,2024-01-05,Technical,Nobody in your company seems to take responsibility for anything.,4,16,0,0
C00498,2022-10-28,Billing,Response time was a bit slower than last time I called.,2,5,1,1
C00498,2024-12-22,Billing,The online chat bot could not help me and I had to call anyway.,3,4,0,0
C00498,2022-09-17,Meter Reading,The rate increase was not communicated clearly and came as a surprise.,3,15,0,1
C00498,2024-02-08,Service Quality,I was on hold for about 20 minutes which felt long.,2,13,1,1
C00498,2024-09-27,Outage,This is the third billing error in a row. I am losing patience.,4,16,1,1
C00499,2023-02-27,Service Quality,I waited longer than usual for a callback but it came eventually.,2,13,0,1
C00499,2022-11-21,Service Quality,Just checking when my next meter read is scheduled.,1,4,0,0
C00500,2024-03-28,Technical,The email confirmation for my account change took two days to arrive.,2,1,0,1
C00501,2022-06-27,Account Management,I am not satisfied with how my previous complaint was handled.,3,2,0,0
C00501,2023-12-08,Technical,I waited longer than usual for a callback but it came eventually.,2,11,1,0
C00501,2024-12-16,Account Management,The online chat bot could not help me and I had to call anyway.,3,19,0,1
C00502,2024-03-11,Technical,I want to cancel my account. I have had enough of this terrible service.,5,14,1,1
C00502,2024-11-12,Account Management,The website was slow when I tried to log in yesterday.,2,12,0,1
C00502,2024-04-04,Technical,My bill was slightly higher than I expected this month.,2,5,0,1
C00502,2024-01-20,Outage,"Everything is fine, just updating my details.",1,5,0,1
C00503,2023-08-13,Service Quality,The online chat bot could not help me and I had to call anyway.,3,13,0,0
C00503,2022-07-18,Meter Reading,I am very unhappy with the service. My complaint from last month is still open.,4,4,1,0
C00503,2022-10-04,Billing,I am not satisfied with how my previous complaint was handled.,3,3,0,1
C00503,2024-02-05,Service Quality,Just checking when my next meter read is scheduled.,1,2,0,0
C00503,2022-05-01,Account Management,I am very unhappy with the service. My complaint from last month is still open.,4,20,0,0
C00504,2022-12-22,Meter Reading,Can you confirm my direct debit amount?,1,2,1,1
C00504,2022-08-21,Meter Reading,Calling to update my billing address.,1,9,0,1
C00504,2022-02-11,Service Quality,I am not satisfied with how my previous complaint was handled.,3,1,0,1
C00505,2023-06-26,Billing,The website was slow when I tried to log in yesterday.,2,9,0,1
C00505,2024-04-08,Outage,I feel like loyal customers are not being valued the way they should be.,3,14,0,1
C00505,2024-07-12,Meter Reading,The website was slow when I tried to log in yesterday.,2,11,0,1
C00507,2024-04-02,Technical,My bill has errors and I have had to call twice about the same issue.,3,9,0,0
C00507,2024-03-21,Service Quality,I want to switch to paperless billing.,1,3,0,1
C00507,2024-10-03,Service Quality,I would like to know my current contract end date.,1,5,0,1
C00508,2024-12-16,Billing,The customer service agent I spoke to was not very helpful.,3,6,0,0
C00508,2023-03-20,Service Quality,I need to change my contact phone number on the account.,1,4,0,1
C00508,2023-01-10,Billing,I waited longer than usual for a callback but it came eventually.,2,14,1,1
C00510,2024-10-21,Meter Reading,My account was charged incorrectly and I am still waiting for a credit.,3,1,0,0
C00510,2022-01-12,Service Quality,My account was charged incorrectly and I am still waiting for a credit.,3,1,0,1
C00510,2023-10-01,Account Management,Response time was a bit slower than last time I called.,2,10,0,0
C00511,2024-03-04,Outage,I am considering switching providers if this is not fixed immediately.,4,10,0,0
C00512,2022-06-08,Meter Reading,Just checking when my next meter read is scheduled.,1,6,1,1
C00512,2024-10-13,Technical,I have been waiting over a week for someone to call me back.,3,14,1,1
C00513,2024-01-19,Billing,I am considering switching providers if this is not fixed immediately.,4,11,0,1
C00513,2024-06-11,Technical,I had trouble navigating the new online portal at first.,2,5,0,0
C00515,2024-09-03,Billing,I am going to leave a public review warning everyone about this company.,5,22,1,0
C00516,2024-10-12,Meter Reading,My bill has errors and I have had to call twice about the same issue.,3,1,0,0
C00517,2023-08-25,Service Quality,I want to switch to paperless billing.,1,2,0,1
C00518,2022-03-01,Account Management,"Everything is fine, just updating my details.",1,5,0,0
C00518,2022-07-11,Meter Reading,"Everything is fine, just updating my details.",1,9,0,1
C00518,2023-07-22,Technical,I am contacting my lawyer. This is negligent and completely unacceptable.,5,2,1,0
C00519,2022-06-03,Meter Reading,Response time was a bit slower than last time I called.,2,7,0,1
C00520,2022-03-09,Account Management,I want to cancel my account. I have had enough of this terrible service.,5,9,0,1
C00520,2024-06-04,Outage,The technician did not show up at the agreed time without any notice.,3,6,0,0
C00520,2022-06-03,Billing,This is absolutely disgraceful. I am filing a formal complaint with the regulator.,5,16,1,0
C00521,2023-07-14,Meter Reading,I am switching providers immediately. I cannot tolerate this incompetence.,5,7,0,0
C00522,2024-05-06,Meter Reading,"Everything is fine, just updating my details.",1,1,0,1
C00522,2023-03-25,Account Management,Nobody in your company seems to take responsibility for anything.,4,22,1,1
C00523,2023-10-21,Meter Reading,Response time was a bit slower than last time I called.,2,1,1,1
C00523,2023-02-08,Meter Reading,My bill has errors and I have had to call twice about the same issue.,3,15,1,1
C00523,2023-05-03,Meter Reading,Calling to update my billing address.,1,8,0,1
C00524,2024-11-03,Account Management,I have been trying to get this resolved for two weeks now.,3,8,0,1
C00524,2024-12-13,Meter Reading,I was on hold for about 20 minutes which felt long.,2,11,0,1
C00524,2024-03-27,Service Quality,The email confirmation for my account change took two days to arrive.,2,12,0,0
C00524,2024-02-20,Technical,The rate increase was not communicated clearly and came as a surprise.,3,7,1,1
C00525,2024-11-13,Service Quality,I would like to know my current contract end date.,1,3,0,1
C00525,2023-02-16,Service Quality,The technician arrived a bit late but did a good job.,2,12,0,1
C00525,2023-07-04,Service Quality,I am not satisfied with how my previous complaint was handled.,3,6,0,0
C00525,2024-08-07,Outage,My power has been out for two days and nobody has given me an update.,4,11,1,0
C00526,2023-06-18,Account Management,Can you confirm my direct debit amount?,1,4,1,0
C00526,2024-02-08,Account Management,The website was slow when I tried to log in yesterday.,2,14,1,1
C00527,2023-01-16,Outage,I am switching providers immediately. I cannot tolerate this incompetence.,5,5,0,1
C00528,2022-06-02,Service Quality,The customer service agent I spoke to was not very helpful.,3,8,0,1
C00528,2024-03-02,Service Quality,The website was slow when I tried to log in yesterday.,2,7,0,1
C00528,2023-07-22,Meter Reading,I feel like loyal customers are not being valued the way they should be.,3,3,1,0
C00529,2022-03-19,Service Quality,This is the third billing error in a row. I am losing patience.,4,14,0,1
C00529,2023-11-16,Meter Reading,I want a formal complaint registered. This has gone on too long.,4,24,1,0
C00529,2023-03-20,Outage,The technician arrived a bit late but did a good job.,2,10,0,0
C00529,2022-06-13,Technical,"Three technicians, three no-shows. I have lost my patience entirely.",5,24,0,0
C00530,2022-12-22,Technical,I would like to know my current contract end date.,1,3,0,1
C00530,2024-02-18,Technical,Nobody in your company seems to take responsibility for anything.,4,22,0,0
C00530,2022-11-03,Account Management,The level of service I am receiving is completely unacceptable.,4,5,1,0
C00531,2023-10-20,Account Management,My meter reading submission didn't go through on the first try.,2,7,0,1
C00532,2023-07-23,Meter Reading,Could you send me a copy of last month's bill?,1,8,0,1
C00532,2022-07-17,Service Quality,The rate increase was not communicated clearly and came as a surprise.,3,12,1,1
C00532,2023-11-26,Service Quality,Can you confirm my direct debit amount?,1,5,0,1
C00534,2024-08-28,Billing,My bill has errors and I have had to call twice about the same issue.,3,12,0,0
C00534,2023-11-06,Outage,I need to change my contact phone number on the account.,1,2,0,1
C00534,2023-03-17,Technical,I was on hold for about 20 minutes which felt long.,2,4,1,1
C00535,2023-08-17,Outage,The online chat bot could not help me and I had to call anyway.,3,9,1,1
C00536,2023-05-01,Technical,The technician arrived a bit late but did a good job.,2,10,0,1
C00537,2023-01-10,Billing,The email confirmation for my account change took two days to arrive.,2,14,0,0
C00537,2024-03-18,Billing,The technician did not show up at the agreed time without any notice.,3,10,0,1
C00537,2023-08-09,Service Quality,Response time was a bit slower than last time I called.,2,7,0,0
C00537,2024-06-17,Account Management,The worst customer experience I have ever had in my life.,5,10,0,0
C00538,2024-03-17,Account Management,Quick question about the new tariff letter I received.,1,4,0,0
C00538,2022-08-07,Technical,This is the third billing error in a row. I am losing patience.,4,14,1,0
C00539,2023-05-23,Outage,I am very unhappy with the service. My complaint from last month is still open.,4,21,0,0
C00539,2023-06-26,Account Management,I am very unhappy with the service. My complaint from last month is still open.,4,1,0,1
C00540,2023-10-25,Billing,I took a day off work for the technician and nobody came.,4,19,1,0
C00540,2024-05-14,Meter Reading,The technician did not show up at the agreed time without any notice.,3,4,0,0
C00541,2024-03-13,Outage,I was on hold for about 20 minutes which felt long.,2,13,0,0
C00542,2023-03-03,Service Quality,The customer service agent I spoke to was not very helpful.,3,13,0,0
C00542,2022-06-21,Outage,The technician did not show up at the agreed time without any notice.,3,9,0,1
C00542,2023-01-16,Technical,Nobody in your company seems to take responsibility for anything.,4,16,0,1
C00542,2024-06-28,Billing,I had trouble navigating the new online portal at first.,2,2,0,1
C00543,2024-11-23,Service Quality,My account was charged incorrectly and I am still waiting for a credit.,3,8,0,0
C00545,2023-11-14,Meter Reading,My meter reading submission didn't go through on the first try.,2,10,0,1
C00546,2024-06-05,Billing,My meter reading submission didn't go through on the first try.,2,13,0,1
C00546,2023-11-02,Billing,Calling to update my billing address.,1,1,1,0
C00546,2023-01-03,Outage,My account was charged incorrectly and I am still waiting for a credit.,3,19,0,1
C00547,2023-10-28,Account Management,Response time was a bit slower than last time I called.,2,13,0,1
C00547,2024-05-13,Account Management,The email confirmation for my account change took two days to arrive.,2,5,0,1
C00547,2024-02-19,Service Quality,"Three technicians, three no-shows. I have lost my patience entirely.",5,21,1,1
C00547,2022-12-24,Account Management,I want a formal complaint registered. This has gone on too long.,4,22,0,0
C00548,2024-02-21,Account Management,The technician did not show up at the agreed time without any notice.,3,5,0,1
C00548,2023-03-16,Account Management,Could you send me a copy of last month's bill?,1,9,0,1
C00548,2023-09-28,Meter Reading,My meter reading submission didn't go through on the first try.,2,12,0,1
C00549,2024-01-23,Technical,I would like to check my current balance please.,1,5,1,1
C00549,2024-11-20,Meter Reading,My bill was slightly higher than I expected this month.,2,7,0,1
C00549,2024-07-24,Service Quality,I would like to know my current contract end date.,1,8,0,1
C00549,2024-01-02,Outage,I have been trying to get this resolved for two weeks now.,3,2,0,0
C00551,2023-03-19,Outage,My account was charged incorrectly and I am still waiting for a credit.,3,19,0,0
C00551,2023-09-14,Meter Reading,I waited longer than usual for a callback but it came eventually.,2,11,1,1
C00551,2022-02-25,Service Quality,The online chat bot could not help me and I had to call anyway.,3,6,0,1
C00552,2024-12-15,Technical,My bill has errors and I have had to call twice about the same issue.,3,19,0,1
C00552,2022-09-08,Outage,I had trouble navigating the new online portal at first.,2,13,0,0
C00552,2022-04-18,Billing,"There was a small discrepancy on my statement, now resolved.",2,5,0,1
C00552,2024-02-06,Meter Reading,My meter reading submission didn't go through on the first try.,2,2,1,0
C00553,2022-12-03,Meter Reading,"Everything is fine, just updating my details.",1,1,0,1
C00553,2022-07-20,Outage,I was on hold for about 20 minutes which felt long.,2,14,0,1
C00555,2022-02-17,Service Quality,I have escalated this complaint twice and it is still not resolved.,4,16,1,0
C00556,2024-05-07,Service Quality,Response time was a bit slower than last time I called.,2,1,0,0
C00556,2022-04-16,Technical,The technician did not show up at the agreed time without any notice.,3,7,0,1
C00556,2023-03-21,Account Management,I have been waiting over a week for someone to call me back.,3,17,0,1
C00556,2024-05-25,Outage,I am switching providers immediately. I cannot tolerate this incompetence.,5,20,0,0
C00556,2023-10-24,Service Quality,I feel like loyal customers are not being valued the way they should be.,3,10,0,0
C00556,2024-07-16,Meter Reading,My meter reading submission didn't go through on the first try.,2,13,0,0
C00557,2023-09-27,Billing,Can you confirm my direct debit amount?,1,9,1,1
C00558,2022-03-13,Service Quality,"There was a small discrepancy on my statement, now resolved.",2,1,1,1
C00559,2024-08-11,Billing,Could you send me a copy of last month's bill?,1,8,0,0
C00559,2024-03-17,Service Quality,Just checking when my next meter read is scheduled.,1,9,0,1
C00560,2023-12-22,Outage,The email confirmation for my account change took two days to arrive.,2,7,1,1
C00560,2024-11-07,Technical,The technician arrived a bit late but did a good job.,2,4,1,0
C00560,2024-03-02,Service Quality,I have escalated this complaint twice and it is still not resolved.,4,5,0,0
C00560,2024-11-03,Billing,My meter reading submission didn't go through on the first try.,2,10,1,0
C00561,2023-04-17,Account Management,The technician arrived a bit late but did a good job.,2,4,0,1
C00562,2022-07-02,Technical,Just checking when my next meter read is scheduled.,1,2,0,1
C00562,2023-12-25,Technical,My bill has errors and I have had to call twice about the same issue.,3,16,0,1
C00563,2024-08-23,Meter Reading,I feel like loyal customers are not being valued the way they should be.,3,1,0,0
C00563,2023-03-10,Billing,Could you send me a copy of last month's bill?,1,4,0,1
C00563,2024-07-15,Billing,My meter reading submission didn't go through on the first try.,2,5,0,1
C00564,2024-05-23,Meter Reading,Nobody in your company seems to take responsibility for anything.,4,11,1,1
C00564,2023-05-18,Billing,The technician arrived a bit late but did a good job.,2,9,0,0
C00564,2024-06-26,Billing,The email confirmation for my account change took two days to arrive.,2,13,0,1
C00566,2024-05-24,Technical,My account was charged incorrectly and I am still waiting for a credit.,3,2,1,1
C00567,2022-10-14,Meter Reading,Just checking when my next meter read is scheduled.,1,5,0,1
C00567,2023-09-01,Account Management,Response time was a bit slower than last time I called.,2,11,0,1
C00567,2022-01-20,Meter Reading,I want a formal complaint registered. This has gone on too long.,4,7,1,0
C00567,2024-01-22,Outage,I waited longer than usual for a callback but it came eventually.,2,14,0,1
C00567,2022-09-10,Billing,Your company has overcharged me for months and nobody will fix it.,5,29,0,0
C00568,2023-09-16,Outage,I would like to check my current balance please.,1,7,1,1
C00569,2024-10-17,Outage,The customer service agent I spoke to was not very helpful.,3,16,0,0
C00570,2023-05-06,Billing,Just checking when my next meter read is scheduled.,1,4,1,1
C00570,2024-01-05,Service Quality,Could you send me a copy of last month's bill?,1,1,0,1
C00570,2022-02-28,Service Quality,I would like to check my current balance please.,1,3,1,1
C00572,2024-04-06,Account Management,I would like to check my current balance please.,1,3,0,1
C00574,2022-02-15,Account Management,I am not satisfied with how my previous complaint was handled.,3,4,1,1
C00576,2022-03-12,Service Quality,This is the third billing error in a row. I am losing patience.,4,24,0,1
C00576,2024-09-19,Meter Reading,Could you send me a copy of last month's bill?,1,5,0,1
C00577,2023-12-22,Service Quality,I am considering switching providers if this is not fixed immediately.,4,23,1,1
C00578,2022-05-04,Account Management,I have been trying to get this resolved for two weeks now.,3,18,0,0
C00578,2024-06-26,Account Management,Nobody in your company seems to take responsibility for anything.,4,21,0,0
C00578,2024-03-23,Account Management,This is the third billing error in a row. I am losing patience.,4,1,0,0
C00579,2022-09-18,Billing,"There was a small discrepancy on my statement, now resolved.",2,8,0,1
C00579,2024-01-05,Billing,Response time was a bit slower than last time I called.,2,9,1,1
C00580,2023-01-02,Service Quality,Nobody in your company seems to take responsibility for anything.,4,1,1,0
C00580,2024-04-12,Meter Reading,I am not satisfied with how my previous complaint was handled.,3,10,0,0
C00580,2024-09-05,Account Management,Calling to update my billing address.,1,7,0,0
C00580,2024-01-11,Technical,My bill was slightly higher than I expected this month.,2,6,0,1
C00580,2023-01-05,Meter Reading,I took a day off work for the technician and nobody came.,4,2,1,1
C00581,2023-03-15,Technical,I need to change my contact phone number on the account.,1,3,0,1
C00581,2022-01-04,Service Quality,I want to switch to paperless billing.,1,2,0,1
C00581,2022-06-16,Technical,Quick question about the new tariff letter I received.,1,8,0,1
C00582,2023-12-19,Technical,I have been trying to get this resolved for two weeks now.,3,6,1,1
C00584,2023-12-13,Service Quality,I want a formal complaint registered. This has gone on too long.,4,16,0,1
C00584,2024-02-11,Technical,I took a day off work for the technician and nobody came.,4,6,0,1
C00584,2024-09-25,Meter Reading,I would like to check my current balance please.,1,8,0,1
C00585,2023-07-10,Billing,My power has been out for two days and nobody has given me an update.,4,9,1,0
C00585,2024-11-26,Billing,I need to change my contact phone number on the account.,1,1,0,1
C00585,2024-09-01,Meter Reading,I have been trying to get this resolved for two weeks now.,3,18,0,1
C00586,2022-07-23,Technical,I am going to leave a public review warning everyone about this company.,5,15,1,1
C00587,2022-10-22,Billing,The technician did not show up at the agreed time without any notice.,3,6,0,1
C00587,2023-06-05,Account Management,Response time was a bit slower than last time I called.,2,1,0,1
C00588,2023-07-17,Meter Reading,The rate increase was not communicated clearly and came as a surprise.,3,4,0,1
C00589,2023-05-19,Account Management,I need to change my contact phone number on the account.,1,7,0,0
C00590,2023-12-13,Technical,I would like to know my current contract end date.,1,1,1,1
C00590,2024-08-20,Outage,My account was charged incorrectly and I am still waiting for a credit.,3,5,1,0
C00590,2023-04-26,Account Management,I feel like loyal customers are not being valued the way they should be.,3,14,0,1
C00591,2024-12-01,Service Quality,I took a day off work for the technician and nobody came.,4,3,1,0
C00591,2024-11-15,Service Quality,I want to switch to paperless billing.,1,3,0,1
C00592,2024-03-28,Outage,Quick question about the new tariff letter I received.,1,9,0,1
C00593,2024-08-14,Meter Reading,The customer service agent I spoke to was not very helpful.,3,17,0,0
C00594,2024-11-02,Meter Reading,My account was charged incorrectly and I am still waiting for a credit.,3,17,0,0
C00594,2022-03-06,Service Quality,I have been trying to get this resolved for two weeks now.,3,11,1,0
C00594,2023-03-28,Technical,The website was slow when I tried to log in yesterday.,2,6,1,0
C00595,2022-08-20,Service Quality,The website was slow when I tried to log in yesterday.,2,1,0,1
C00595,2024-12-02,Outage,The customer service agent I spoke to was not very helpful.,3,6,0,1
C00595,2022-08-10,Technical,Can you confirm my direct debit amount?,1,3,0,1
C00596,2024-09-13,Billing,Response time was a bit slower than last time I called.,2,13,0,0
C00596,2024-02-25,Outage,I took a day off work for the technician and nobody came.,4,11,0,0
C00596,2024-06-05,Account Management,My account was charged incorrectly and I am still waiting for a credit.,3,7,0,0
C00596,2024-01-28,Service Quality,My bill has errors and I have had to call twice about the same issue.,3,6,0,1
C00597,2024-01-15,Account Management,Response time was a bit slower than last time I called.,2,10,1,1
C00597,2024-09-12,Outage,The technician did not show up at the agreed time without any notice.,3,19,0,1
C00597,2023-10-12,Meter Reading,I have been trying to get this resolved for two weeks now.,3,7,0,0
C00597,2023-11-21,Account Management,The customer service agent I spoke to was not very helpful.,3,19,0,0
C00597,2024-09-06,Billing,The technician arrived a bit late but did a good job.,2,12,0,1
C00598,2022-07-27,Service Quality,Your company has overcharged me for months and nobody will fix it.,5,7,0,0
C00598,2024-05-05,Technical,I feel like loyal customers are not being valued the way they should be.,3,1,1,1
C00598,2022-10-11,Billing,The customer service agent I spoke to was not very helpful.,3,8,0,0
C00598,2022-02-26,Service Quality,Nobody in your company seems to take responsibility for anything.,4,11,0,0
C00599,2022-04-22,Account Management,Your company has overcharged me for months and nobody will fix it.,5,4,1,0
C00599,2023-01-26,Outage,"There was a small discrepancy on my statement, now resolved.",2,8,0,1
C00599,2023-08-20,Outage,The customer service agent I spoke to was not very helpful.,3,19,0,1
C00601,2022-05-12,Outage,"Three technicians, three no-shows. I have lost my patience entirely.",5,6,0,0
C00601,2024-09-14,Billing,I had trouble navigating the new online portal at first.,2,10,0,1
C00601,2023-02-19,Outage,The rate increase was not communicated clearly and came as a surprise.,3,4,0,0
C00602,2024-08-11,Service Quality,I am not satisfied with how my previous complaint was handled.,3,6,1,1
C00603,2023-11-11,Service Quality,Calling to update my billing address.,1,2,0,1
C00603,2024-12-01,Outage,Quick question about the new tariff letter I received.,1,1,1,1
C00603,2023-02-08,Meter Reading,I want to switch to paperless billing.,1,7,0,1
C00603,2024-08-27,Meter Reading,The technician did not show up at the agreed time without any notice.,3,9,0,0
C00604,2022-11-25,Account Management,I want to switch to paperless billing.,1,5,0,1
C00604,2022-05-08,Meter Reading,This is absolutely disgraceful. I am filing a formal complaint with the regulator.,5,8,1,0
C00604,2022-05-01,Service Quality,My meter reading submission didn't go through on the first try.,2,7,0,1
C00607,2023-03-21,Meter Reading,I waited longer than usual for a callback but it came eventually.,2,5,0,1
C00607,2023-10-21,Billing,I was on hold for about 20 minutes which felt long.,2,7,0,1
C00607,2024-06-10,Outage,Calling to update my billing address.,1,5,0,1
C00608,2022-09-27,Account Management,The website was slow when I tried to log in yesterday.,2,9,0,0
C00609,2024-02-08,Service Quality,My account was charged incorrectly and I am still waiting for a credit.,3,9,0,0
C00609,2024-05-24,Billing,I was on hold for about 20 minutes which felt long.,2,12,0,0
C00609,2022-06-23,Meter Reading,My bill was slightly higher than I expected this month.,2,1,0,0
C00609,2023-01-15,Service Quality,I am not satisfied with how my previous complaint was handled.,3,19,0,1
C00610,2024-12-23,Technical,"Everything is fine, just updating my details.",1,1,0,1
C00611,2022-12-07,Meter Reading,I took a day off work for the technician and nobody came.,4,1,1,0
C00612,2022-04-13,Account Management,I need to change my contact phone number on the account.,1,7,0,1
C00612,2024-09-15,Service Quality,I want to switch to paperless billing.,1,3,0,1
C00612,2024-08-20,Service Quality,The technician did not show up at the agreed time without any notice.,3,2,0,1
C00613,2024-07-15,Outage,My account was charged incorrectly and I am still waiting for a credit.,3,1,1,1
C00613,2022-03-01,Meter Reading,I am not satisfied with how my previous complaint was handled.,3,4,0,1
C00614,2024-08-11,Billing,I am switching providers immediately. I cannot tolerate this incompetence.,5,23,1,0
C00614,2023-05-23,Billing,I am very unhappy with the service. My complaint from last month is still open.,4,22,0,1
C00614,2024-04-16,Billing,I feel like loyal customers are not being valued the way they should be.,3,4,0,1
C00614,2024-08-05,Outage,I was on hold for about 20 minutes which felt long.,2,10,0,1
C00615,2022-06-04,Billing,Quick question about the new tariff letter I received.,1,9,0,1
C00616,2022-10-27,Service Quality,I have been without power for five days and your team does not care at all.,5,3,0,0
C00616,2024-12-24,Billing,The rate increase was not communicated clearly and came as a surprise.,3,3,1,1
C00617,2023-08-10,Account Management,I am not satisfied with how my previous complaint was handled.,3,12,1,0
C00617,2023-11-13,Billing,I am not satisfied with how my previous complaint was handled.,3,16,1,0
C00617,2024-03-26,Account Management,The rate increase was not communicated clearly and came as a surprise.,3,15,1,0
C00617,2024-03-15,Outage,This is the third billing error in a row. I am losing patience.,4,7,0,0
C00618,2023-10-03,Technical,I need to change my contact phone number on the account.,1,7,0,1
C00618,2022-03-24,Billing,I have escalated this complaint twice and it is still not resolved.,4,8,0,1
C00618,2024-12-05,Billing,This is the third billing error in a row. I am losing patience.,4,3,0,0
C00618,2024-02-15,Account Management,"Everything is fine, just updating my details.",1,8,0,1
C00618,2023-04-16,Billing,Response time was a bit slower than last time I called.,2,1,1,1
C00619,2024-07-28,Account Management,My bill was slightly higher than I expected this month.,2,6,0,0
C00619,2023-02-25,Meter Reading,"Everything is fine, just updating my details.",1,1,0,1
C00620,2022-06-13,Billing,I waited longer than usual for a callback but it came eventually.,2,6,0,0
C00620,2024-05-05,Outage,I would like to know my current contract end date.,1,5,0,1
C00620,2022-05-09,Meter Reading,I want to switch to paperless billing.,1,6,1,1
C00621,2024-08-11,Service Quality,I had trouble navigating the new online portal at first.,2,8,0,1
C00621,2024-08-03,Meter Reading,The customer service agent I spoke to was not very helpful.,3,9,0,1
C00621,2024-09-28,Service Quality,I have been waiting over a week for someone to call me back.,3,19,0,0
C00621,2024-07-05,Outage,The rate increase was not communicated clearly and came as a surprise.,3,5,1,1
C00622,2024-03-13,Billing,The technician arrived a bit late but did a good job.,2,9,0,1
C00622,2024-02-21,Account Management,The rate increase was not communicated clearly and came as a surprise.,3,19,0,0
C00623,2022-11-18,Outage,The online chat bot could not help me and I had to call anyway.,3,1,0,0
C00624,2022-09-04,Service Quality,Response time was a bit slower than last time I called.,2,12,0,1
C00624,2024-02-19,Billing,The customer service agent I spoke to was not very helpful.,3,11,0,0
C00625,2023-07-21,Outage,The technician arrived a bit late but did a good job.,2,6,0,1
C00625,2024-11-19,Service Quality,"Everything is fine, just updating my details.",1,2,0,1
C00625,2023-05-27,Service Quality,I have been trying to get this resolved for two weeks now.,3,9,1,0
C00626,2023-06-18,Meter Reading,The worst customer experience I have ever had in my life.,5,17,0,0
C00626,2022-11-14,Outage,I want to switch to paperless billing.,1,5,0,1
C00627,2023-08-19,Outage,I am very unhappy with the service. My complaint from last month is still open.,4,5,1,0
C00627,2024-06-18,Service Quality,Response time was a bit slower than last time I called.,2,14,1,1
C00627,2024-08-04,Account Management,"Everything is fine, just updating my details.",1,7,0,1
C00627,2024-07-23,Outage,This is the third billing error in a row. I am losing patience.,4,14,1,1
C00628,2023-06-09,Meter Reading,I want to switch to paperless billing.,1,7,0,1
C00628,2023-03-23,Outage,I have been waiting over a week for someone to call me back.,3,7,0,1
C00629,2023-07-24,Outage,I am not satisfied with how my previous complaint was handled.,3,2,1,0
C00629,2023-01-03,Outage,Can you confirm my direct debit amount?,1,4,0,1
C00630,2023-01-07,Billing,The online chat bot could not help me and I had to call anyway.,3,15,0,0
C00631,2023-10-26,Service Quality,I have escalated this complaint twice and it is still not resolved.,4,6,1,0
C00633,2024-03-12,Account Management,Could you send me a copy of last month's bill?,1,9,0,1
C00633,2023-02-16,Billing,This is absolutely disgraceful. I am filing a formal complaint with the regulator.,5,26,0,1
C00633,2022-03-01,Technical,Nobody in your company seems to take responsibility for anything.,4,3,1,1
C00633,2023-02-22,Outage,I am not satisfied with how my previous complaint was handled.,3,14,0,0
C00634,2024-11-27,Technical,The online chat bot could not help me and I had to call anyway.,3,10,0,1
C00634,2024-08-12,Technical,My bill has errors and I have had to call twice about the same issue.,3,6,0,0
C00634,2024-10-17,Meter Reading,I need to change my contact phone number on the account.,1,7,1,0
C00635,2024-10-03,Meter Reading,Quick question about the new tariff letter I received.,1,7,0,1
C00637,2023-01-14,Technical,My meter reading submission didn't go through on the first try.,2,1,0,1
C00637,2024-11-19,Outage,I have been waiting over a week for someone to call me back.,3,16,0,1
C00638,2024-04-17,Outage,I had trouble navigating the new online portal at first.,2,2,1,1
C00640,2022-09-26,Account Management,I had trouble navigating the new online portal at first.,2,13,1,1
C00640,2024-05-22,Technical,Can you confirm my direct debit amount?,1,3,1,1
C00640,2022-01-21,Service Quality,I have been waiting over a week for someone to call me back.,3,15,0,0
C00640,2022-06-15,Meter Reading,My meter reading submission didn't go through on the first try.,2,4,0,1
C00641,2023-12-09,Billing,The customer service agent I spoke to was not very helpful.,3,2,0,0
C00642,2024-02-08,Account Management,Just checking when my next meter read is scheduled.,1,8,0,1
C00643,2022-06-18,Meter Reading,The technician arrived a bit late but did a good job.,2,2,0,1
C00644,2022-01-01,Meter Reading,The email confirmation for my account change took two days to arrive.,2,3,0,1
C00644,2022-02-27,Service Quality,The email confirmation for my account change took two days to arrive.,2,7,0,0
C00645,2024-12-18,Service Quality,I want to switch to paperless billing.,1,8,0,1
C00645,2022-10-15,Account Management,The email confirmation for my account change took two days to arrive.,2,1,0,0
C00646,2024-01-01,Meter Reading,I have been trying to get this resolved for two weeks now.,3,8,0,1
C00646,2022-10-07,Account Management,"Everything is fine, just updating my details.",1,6,0,0
C00646,2023-02-28,Billing,I would like to check my current balance please.,1,1,0,1
C00647,2022-04-10,Account Management,The customer service agent I spoke to was not very helpful.,3,17,0,1
C00647,2022-09-14,Outage,The website was slow when I tried to log in yesterday.,2,6,0,1
C00648,2023-04-05,Billing,The technician did not show up at the agreed time without any notice.,3,2,0,1
C00648,2024-02-08,Meter Reading,I waited longer than usual for a callback but it came eventually.,2,9,0,1
C00648,2022-07-16,Technical,This is the third billing error in a row. I am losing patience.,4,9,1,0
C00648,2022-10-16,Outage,I am switching providers immediately. I cannot tolerate this incompetence.,5,16,0,1
C00648,2024-02-19,Billing,This is absolutely disgraceful. I am filing a formal complaint with the regulator.,5,13,0,1
C00650,2022-10-02,Outage,I need to change my contact phone number on the account.,1,7,0,0
C00650,2024-05-06,Account Management,Could you send me a copy of last month's bill?,1,5,0,0
C00650,2024-09-23,Outage,I feel like loyal customers are not being valued the way they should be.,3,18,1,0
C00651,2024-05-05,Account Management,I waited longer than usual for a callback but it came eventually.,2,4,1,1
C00652,2022-01-23,Outage,The worst customer experience I have ever had in my life.,5,11,0,0
C00652,2023-08-27,Billing,"Three technicians, three no-shows. I have lost my patience entirely.",5,27,0,0
C00652,2024-09-05,Billing,I had trouble navigating the new online portal at first.,2,13,0,1
C00653,2022-02-07,Service Quality,The customer service agent I spoke to was not very helpful.,3,14,0,0
C00654,2024-12-08,Meter Reading,I had trouble navigating the new online portal at first.,2,12,0,0
C00656,2023-02-28,Meter Reading,My account was charged incorrectly and I am still waiting for a credit.,3,7,0,0
C00656,2023-02-12,Meter Reading,Can you confirm my direct debit amount?,1,8,0,0
C00657,2022-02-01,Technical,I waited longer than usual for a callback but it came eventually.,2,9,0,1
C00657,2023-06-15,Meter Reading,I had trouble navigating the new online portal at first.,2,2,0,0
C00657,2023-02-22,Meter Reading,I am not satisfied with how my previous complaint was handled.,3,4,0,1
C00658,2023-12-17,Meter Reading,I am contacting my lawyer. This is negligent and completely unacceptable.,5,15,1,0
C00658,2023-03-20,Service Quality,I was treated rudely on my last call and I want this addressed.,4,3,0,0
C00658,2022-12-16,Outage,I have been trying to get this resolved for two weeks now.,3,5,1,1
C00658,2022-05-05,Service Quality,The technician arrived a bit late but did a good job.,2,12,0,1
C00659,2023-10-15,Technical,I waited longer than usual for a callback but it came eventually.,2,11,0,1
C00659,2023-11-15,Account Management,I feel like loyal customers are not being valued the way they should be.,3,17,1,1
C00661,2023-02-03,Billing,The email confirmation for my account change took two days to arrive.,2,2,0,1
C00662,2024-11-13,Outage,My account was charged incorrectly and I am still waiting for a credit.,3,12,1,1
C00662,2024-02-24,Technical,I waited longer than usual for a callback but it came eventually.,2,11,1,1
C00662,2024-11-03,Billing,I want a formal complaint registered. This has gone on too long.,4,21,1,0
C00663,2022-02-03,Service Quality,My bill was slightly higher than I expected this month.,2,10,0,1
C00663,2022-08-06,Technical,I want to switch to paperless billing.,1,5,0,0
C00664,2024-06-08,Meter Reading,My bill has errors and I have had to call twice about the same issue.,3,4,0,1
C00664,2024-12-12,Service Quality,I have been trying to get this resolved for two weeks now.,3,14,0,0
C00664,2024-07-16,Billing,My bill has errors and I have had to call twice about the same issue.,3,5,1,1
C00664,2024-09-21,Outage,I would like to know my current contract end date.,1,9,0,1
C00665,2023-03-10,Technical,My meter reading submission didn't go through on the first try.,2,14,0,1
C00666,2023-10-11,Service Quality,The website was slow when I tried to log in yesterday.,2,4,0,1
C00666,2024-02-23,Technical,I was on hold for about 20 minutes which felt long.,2,13,0,1
C00667,2023-01-01,Account Management,I am contacting my lawyer. This is negligent and completely unacceptable.,5,9,1,1
C00667,2024-04-15,Technical,Calling to update my billing address.,1,8,0,1
C00668,2023-03-25,Service Quality,The rate increase was not communicated clearly and came as a surprise.,3,9,0,0
C00668,2024-05-13,Meter Reading,Response time was a bit slower than last time I called.,2,4,0,0
C00668,2023-08-06,Service Quality,The rate increase was not communicated clearly and came as a surprise.,3,3,0,1
C00669,2023-11-28,Outage,The online chat bot could not help me and I had to call anyway.,3,10,1,1
C00669,2023-10-04,Meter Reading,I had trouble navigating the new online portal at first.,2,2,0,0
C00669,2024-05-14,Account Management,"Everything is fine, just updating my details.",1,6,0,1
C00670,2024-03-11,Billing,I am not satisfied with how my previous complaint was handled.,3,12,0,0
C00670,2024-07-02,Technical,The online chat bot could not help me and I had to call anyway.,3,13,0,0
C00671,2024-06-07,Account Management,I would like to check my current balance please.,1,2,0,1
C00671,2023-11-20,Service Quality,My power has been out for two days and nobody has given me an update.,4,3,1,1
C00671,2023-05-25,Service Quality,I waited longer than usual for a callback but it came eventually.,2,1,0,1
C00671,2024-02-12,Billing,I would like to know my current contract end date.,1,4,0,1
C00672,2023-01-21,Meter Reading,I took a day off work for the technician and nobody came.,4,3,1,1
C00672,2024-04-21,Account Management,My meter reading submission didn't go through on the first try.,2,2,0,0
C00672,2023-12-22,Service Quality,The level of service I am receiving is completely unacceptable.,4,17,1,1
C00673,2024-03-01,Meter Reading,I would like to know my current contract end date.,1,5,1,0
C00673,2022-05-22,Service Quality,I would like to know my current contract end date.,1,9,0,1
C00673,2024-05-12,Account Management,The online chat bot could not help me and I had to call anyway.,3,11,1,0
C00674,2023-06-07,Technical,I have been trying to get this resolved for two weeks now.,3,1,0,0
C00674,2023-10-07,Billing,I waited longer than usual for a callback but it came eventually.,2,9,0,1
C00674,2024-10-22,Technical,My power has been out for two days and nobody has given me an update.,4,13,1,0
C00675,2024-11-17,Meter Reading,This is the third billing error in a row. I am losing patience.,4,23,1,1
C00675,2024-02-23,Technical,I took a day off work for the technician and nobody came.,4,17,0,1
C00677,2022-04-28,Outage,I have been without power for five days and your team does not care at all.,5,1,1,0
C00677,2023-12-24,Service Quality,I have been waiting over a week for someone to call me back.,3,4,0,1
C00677,2023-02-17,Billing,I would like to check my current balance please.,1,4,0,1
C00677,2022-10-19,Meter Reading,Could you send me a copy of last month's bill?,1,1,0,1
C00678,2024-05-26,Outage,I want a full refund and I am cancelling everything today.,5,5,1,0
C00678,2022-04-07,Service Quality,The email confirmation for my account change took two days to arrive.,2,3,0,1
C00679,2024-08-24,Meter Reading,I had trouble navigating the new online portal at first.,2,9,0,1
C00680,2023-02-26,Technical,The website was slow when I tried to log in yesterday.,2,1,0,1
C00680,2023-01-25,Outage,"Everything is fine, just updating my details.",1,6,0,0
C00681,2024-01-15,Outage,Response time was a bit slower than last time I called.,2,3,0,1
C00681,2024-08-01,Service Quality,The email confirmation for my account change took two days to arrive.,2,3,0,0
C00681,2023-06-09,Meter Reading,I have escalated this complaint twice and it is still not resolved.,4,5,1,1
C00682,2022-02-02,Meter Reading,Can you confirm my direct debit amount?,1,5,0,1
C00682,2022-04-11,Meter Reading,This is the third billing error in a row. I am losing patience.,4,11,0,0
C00682,2023-09-28,Technical,The technician arrived a bit late but did a good job.,2,3,1,0
C00683,2023-06-04,Account Management,I had trouble navigating the new online portal at first.,2,11,1,1
C00683,2023-02-12,Outage,I took a day off work for the technician and nobody came.,4,4,0,1
C00684,2022-10-16,Outage,"Everything is fine, just updating my details.",1,2,0,0
C00684,2023-01-10,Account Management,The email confirmation for my account change took two days to arrive.,2,8,0,1
C00684,2022-01-04,Account Management,I have escalated this complaint twice and it is still not resolved.,4,8,0,0
C00685,2024-03-19,Meter Reading,The website was slow when I tried to log in yesterday.,2,11,0,1
C00686,2022-11-21,Account Management,The level of service I am receiving is completely unacceptable.,4,16,1,1
C00686,2024-09-23,Technical,My account was charged incorrectly and I am still waiting for a credit.,3,16,0,1
C00687,2024-06-16,Service Quality,Calling to update my billing address.,1,7,0,1
C00687,2024-12-08,Account Management,The email confirmation for my account change took two days to arrive.,2,8,1,1
C00687,2022-10-23,Account Management,My account was charged incorrectly and I am still waiting for a credit.,3,7,1,1
C00688,2024-10-03,Technical,The level of service I am receiving is completely unacceptable.,4,6,1,1
C00688,2024-08-23,Meter Reading,The online chat bot could not help me and I had to call anyway.,3,11,0,0
C00689,2022-11-09,Outage,The technician arrived a bit late but did a good job.,2,5,0,1
C00690,2024-07-19,Technical,"There was a small discrepancy on my statement, now resolved.",2,12,0,1
C00691,2024-04-20,Technical,Calling to update my billing address.,1,7,0,1
C00692,2024-04-02,Service Quality,The email confirmation for my account change took two days to arrive.,2,11,1,0
C00692,2023-09-26,Technical,Nobody in your company seems to take responsibility for anything.,4,3,0,0
C00693,2023-02-01,Meter Reading,My bill was slightly higher than I expected this month.,2,2,1,1
C00693,2023-12-21,Service Quality,Just checking when my next meter read is scheduled.,1,3,0,1
C00694,2022-07-09,Service Quality,My bill has errors and I have had to call twice about the same issue.,3,7,1,1
C00694,2022-06-24,Meter Reading,Your company has overcharged me for months and nobody will fix it.,5,11,1,1
C00694,2023-02-16,Meter Reading,Calling to update my billing address.,1,8,1,1
C00695,2022-01-24,Billing,The rate increase was not communicated clearly and came as a surprise.,3,4,0,1
C00695,2022-09-16,Account Management,Just checking when my next meter read is scheduled.,1,7,0,1
C00696,2024-05-10,Outage,I have been trying to get this resolved for two weeks now.,3,8,0,1
C00696,2024-06-23,Account Management,I have been waiting over a week for someone to call me back.,3,12,0,1
C00696,2022-04-19,Service Quality,The rate increase was not communicated clearly and came as a surprise.,3,3,0,0
C00697,2023-11-20,Meter Reading,I want to cancel my account. I have had enough of this terrible service.,5,19,0,0
C00697,2022-08-22,Account Management,I have been waiting over a week for someone to call me back.,3,9,1,1
C00698,2024-04-03,Meter Reading,I want a full refund and I am cancelling everything today.,5,25,0,1
C00698,2022-09-03,Outage,Quick question about the new tariff letter I received.,1,2,0,1
C00699,2024-06-20,Outage,I waited longer than usual for a callback but it came eventually.,2,1,1,1
C00699,2023-08-18,Billing,The worst customer experience I have ever had in my life.,5,25,1,0
C00700,2022-05-23,Service Quality,My bill was slightly higher than I expected this month.,2,8,0,0
C00700,2024-12-06,Meter Reading,I am very unhappy with the service. My complaint from last month is still open.,4,16,0,0
C00701,2022-05-18,Account Management,I took a day off work for the technician and nobody came.,4,24,0,0
C00702,2022-02-21,Technical,I waited longer than usual for a callback but it came eventually.,2,10,0,1
C00702,2022-08-25,Outage,This is the third billing error in a row. I am losing patience.,4,16,1,1
C00702,2024-05-15,Billing,My bill has errors and I have had to call twice about the same issue.,3,7,1,0
C00702,2023-11-09,Account Management,The email confirmation for my account change took two days to arrive.,2,14,0,1
C00703,2022-01-23,Service Quality,My bill was slightly higher than I expected this month.,2,2,0,0
C00704,2024-06-01,Meter Reading,The website was slow when I tried to log in yesterday.,2,10,0,1
C00705,2024-10-22,Technical,I had trouble navigating the new online portal at first.,2,2,0,1
C00706,2023-03-13,Account Management,My meter reading submission didn't go through on the first try.,2,4,0,1
C00706,2024-03-22,Service Quality,My bill was slightly higher than I expected this month.,2,12,0,1
C00707,2024-08-27,Account Management,"There was a small discrepancy on my statement, now resolved.",2,14,0,0
C00708,2022-06-04,Meter Reading,The technician did not show up at the agreed time without any notice.,3,18,0,1
C00709,2024-02-12,Meter Reading,Can you confirm my direct debit amount?,1,1,0,1
C00709,2022-12-24,Account Management,I have been waiting over a week for someone to call me back.,3,14,0,1
C00709,2024-06-15,Outage,The level of service I am receiving is completely unacceptable.,4,21,1,1
C00710,2024-02-19,Billing,Calling to update my billing address.,1,3,0,1
C00710,2023-07-07,Meter Reading,The technician arrived a bit late but did a good job.,2,1,1,0
C00710,2023-09-20,Account Management,The technician did not show up at the agreed time without any notice.,3,17,0,1
C00710,2024-04-20,Billing,The rate increase was not communicated clearly and came as a surprise.,3,7,1,0
C00711,2023-01-04,Outage,I have been without power for five days and your team does not care at all.,5,6,0,0
C00713,2023-06-27,Service Quality,I have been waiting over a week for someone to call me back.,3,11,0,0
C00713,2022-05-10,Technical,I was treated rudely on my last call and I want this addressed.,4,8,0,1
C00715,2023-04-15,Outage,"Everything is fine, just updating my details.",1,4,0,1
C00715,2024-02-03,Account Management,The technician did not show up at the agreed time without any notice.,3,11,1,0
C00715,2024-10-07,Service Quality,I have been waiting over a week for someone to call me back.,3,11,1,0
C00716,2024-03-13,Meter Reading,The rate increase was not communicated clearly and came as a surprise.,3,17,0,0
C00716,2023-04-19,Billing,"There was a small discrepancy on my statement, now resolved.",2,3,0,0
C00716,2024-09-08,Outage,My account was charged incorrectly and I am still waiting for a credit.,3,2,1,1
C00717,2022-01-19,Account Management,The online chat bot could not help me and I had to call anyway.,3,4,0,0
C00717,2022-08-22,Meter Reading,My bill has errors and I have had to call twice about the same issue.,3,19,1,0
C00717,2023-08-01,Billing,I want a formal complaint registered. This has gone on too long.,4,1,1,1
C00718,2022-11-19,Billing,The website was slow when I tried to log in yesterday.,2,11,0,1
C00718,2023-02-17,Account Management,I took a day off work for the technician and nobody came.,4,10,0,1
C00718,2023-11-02,Technical,My bill has errors and I have had to call twice about the same issue.,3,3,1,1
C00719,2023-11-20,Meter Reading,"There was a small discrepancy on my statement, now resolved.",2,7,0,1
C00720,2023-01-18,Technical,I have been waiting over a week for someone to call me back.,3,11,1,1
C00720,2022-02-14,Technical,I have been waiting over a week for someone to call me back.,3,17,0,0
C00723,2023-11-21,Outage,My account was charged incorrectly and I am still waiting for a credit.,3,12,0,0
C00724,2023-08-20,Account Management,I would like to check my current balance please.,1,4,0,1
C00725,2023-02-07,Service Quality,The technician arrived a bit late but did a good job.,2,4,0,1
C00725,2024-07-08,Account Management,I want to switch to paperless billing.,1,3,0,1
C00726,2023-04-27,Service Quality,The technician did not show up at the agreed time without any notice.,3,8,0,1
C00727,2023-02-14,Outage,My bill was slightly higher than I expected this month.,2,8,0,1
C00728,2024-09-06,Technical,I had trouble navigating the new online portal at first.,2,4,0,1
C00728,2023-09-10,Technical,The rate increase was not communicated clearly and came as a surprise.,3,13,1,1
C00728,2023-12-28,Service Quality,My meter reading submission didn't go through on the first try.,2,4,1,0
C00728,2023-04-08,Technical,Response time was a bit slower than last time I called.,2,7,0,1
C00729,2022-05-23,Service Quality,The technician arrived a bit late but did a good job.,2,14,1,1
C00729,2022-08-16,Technical,I am switching providers immediately. I cannot tolerate this incompetence.,5,13,0,1
C00730,2022-11-19,Service Quality,The rate increase was not communicated clearly and came as a surprise.,3,17,0,1
C00730,2023-08-20,Service Quality,I want a full refund and I am cancelling everything today.,5,19,1,0
C00731,2024-03-02,Outage,My bill has errors and I have had to call twice about the same issue.,3,6,0,1
C00731,2024-10-20,Meter Reading,I am considering switching providers if this is not fixed immediately.,4,22,0,0
C00731,2024-11-15,Service Quality,My account was charged incorrectly and I am still waiting for a credit.,3,4,0,0
C00731,2024-01-15,Outage,I was on hold for about 20 minutes which felt long.,2,8,0,1
C00731,2024-01-27,Billing,The technician did not show up at the agreed time without any notice.,3,9,1,0
C00731,2024-12-19,Outage,I would like to know my current contract end date.,1,1,0,0
C00732,2022-04-26,Meter Reading,I waited longer than usual for a callback but it came eventually.,2,7,1,1
C00732,2022-06-13,Technical,The online chat bot could not help me and I had to call anyway.,3,10,0,0
C00732,2023-10-05,Service Quality,The customer service agent I spoke to was not very helpful.,3,15,0,0
C00732,2023-12-20,Technical,I have escalated this complaint twice and it is still not resolved.,4,4,1,0
C00733,2024-07-13,Account Management,Can you confirm my direct debit amount?,1,6,0,1
C00733,2022-05-22,Meter Reading,"Everything is fine, just updating my details.",1,1,0,1
C00733,2022-06-15,Billing,I had trouble navigating the new online portal at first.,2,12,0,1
C00734,2024-03-03,Technical,Nobody in your company seems to take responsibility for anything.,4,18,0,1
C00734,2024-12-04,Technical,Your company has overcharged me for months and nobody will fix it.,5,6,1,0
C00734,2024-08-11,Service Quality,The email confirmation for my account change took two days to arrive.,2,12,1,1
C00734,2024-10-10,Billing,I have been waiting over a week for someone to call me back.,3,8,0,0
C00735,2023-09-04,Account Management,The worst customer experience I have ever had in my life.,5,5,0,0
C00735,2022-03-14,Outage,I took a day off work for the technician and nobody came.,4,8,0,0
C00735,2023-10-14,Outage,Could you send me a copy of last month's bill?,1,4,0,1
C00735,2024-03-18,Service Quality,I would like to know my current contract end date.,1,4,0,1
C00735,2024-06-17,Meter Reading,"There was a small discrepancy on my statement, now resolved.",2,12,1,1
C00736,2023-02-15,Account Management,Response time was a bit slower than last time I called.,2,13,0,0
C00736,2023-07-02,Billing,My meter reading submission didn't go through on the first try.,2,3,1,1
C00737,2023-07-09,Account Management,Can you confirm my direct debit amount?,1,9,0,1
C00738,2023-04-22,Account Management,The website was slow when I tried to log in yesterday.,2,11,0,1
C00738,2023-08-16,Billing,Can you confirm my direct debit amount?,1,3,0,1
C00739,2024-06-08,Outage,I waited longer than usual for a callback but it came eventually.,2,13,0,1
C00739,2023-06-18,Service Quality,The email confirmation for my account change took two days to arrive.,2,14,0,0
C00740,2022-02-13,Account Management,Can you confirm my direct debit amount?,1,7,0,1
C00741,2022-12-18,Technical,I would like to check my current balance please.,1,9,0,1
C00742,2024-01-26,Service Quality,"There was a small discrepancy on my statement, now resolved.",2,9,0,1
C00743,2022-04-02,Outage,I took a day off work for the technician and nobody came.,4,14,0,0
C00743,2024-05-09,Technical,I feel like loyal customers are not being valued the way they should be.,3,13,0,0
C00743,2024-08-05,Outage,I have been waiting over a week for someone to call me back.,3,16,0,1
C00743,2023-01-11,Outage,The online chat bot could not help me and I had to call anyway.,3,18,0,1
C00743,2023-04-22,Meter Reading,My meter reading submission didn't go through on the first try.,2,4,1,1
C00743,2022-08-16,Account Management,Response time was a bit slower than last time I called.,2,4,0,0
C00743,2024-10-15,Outage,Response time was a bit slower than last time I called.,2,8,0,1
C00744,2024-10-02,Service Quality,I want to switch to paperless billing.,1,4,0,1
C00744,2024-09-26,Meter Reading,Can you confirm my direct debit amount?,1,3,0,1
C00744,2024-05-04,Outage,"There was a small discrepancy on my statement, now resolved.",2,12,0,0
C00744,2024-05-20,Service Quality,Response time was a bit slower than last time I called.,2,3,0,1
C00745,2022-06-28,Technical,My bill was slightly higher than I expected this month.,2,4,0,1
C00745,2023-06-08,Billing,I was on hold for about 20 minutes which felt long.,2,12,1,1
C00746,2022-06-16,Outage,The level of service I am receiving is completely unacceptable.,4,17,1,0
C00746,2022-09-23,Meter Reading,Just checking when my next meter read is scheduled.,1,7,0,1
C00747,2024-05-20,Meter Reading,Response time was a bit slower than last time I called.,2,12,0,1
C00747,2022-08-10,Technical,Calling to update my billing address.,1,2,0,1
C00747,2024-03-17,Technical,I feel like loyal customers are not being valued the way they should be.,3,13,0,1
C00748,2022-02-18,Meter Reading,Your company has overcharged me for months and nobody will fix it.,5,28,1,0
C00748,2024-04-14,Technical,Nobody in your company seems to take responsibility for anything.,4,3,1,1
C00748,2022-05-12,Technical,The online chat bot could not help me and I had to call anyway.,3,19,0,1
C00748,2024-10-28,Account Management,I took a day off work for the technician and nobody came.,4,4,1,1
C00749,2024-02-24,Billing,"There was a small discrepancy on my statement, now resolved.",2,4,0,1
C00749,2023-06-28,Service Quality,I would like to check my current balance please.,1,5,0,1
C00750,2022-05-02,Service Quality,I took a day off work for the technician and nobody came.,4,7,0,0
C00751,2023-12-01,Outage,The email confirmation for my account change took two days to arrive.,2,4,0,1
C00751,2023-05-27,Outage,Could you send me a copy of last month's bill?,1,7,0,0
C00752,2024-09-06,Account Management,Calling to update my billing address.,1,8,0,1
C00752,2023-12-13,Technical,The technician did not show up at the agreed time without any notice.,3,9,0,0
C00752,2022-09-17,Service Quality,I waited longer than usual for a callback but it came eventually.,2,10,0,1
C00752,2023-09-24,Billing,The rate increase was not communicated clearly and came as a surprise.,3,16,1,0
C00753,2022-09-17,Technical,I have been without power for five days and your team does not care at all.,5,18,1,1
C00754,2022-03-15,Outage,I am switching providers immediately. I cannot tolerate this incompetence.,5,9,0,0
C00755,2024-07-17,Account Management,I would like to check my current balance please.,1,3,1,1
C00756,2024-10-16,Technical,The technician arrived a bit late but did a good job.,2,11,0,1
C00757,2022-02-26,Service Quality,The worst customer experience I have ever had in my life.,5,23,1,0
C00757,2022-11-16,Outage,I have been waiting over a week for someone to call me back.,3,19,0,0
C00758,2024-08-18,Service Quality,The technician did not show up at the agreed time without any notice.,3,7,0,1
C00758,2024-06-08,Outage,I would like to check my current balance please.,1,4,0,1
C00758,2024-02-24,Account Management,The worst customer experience I have ever had in my life.,5,22,1,0
C00758,2024-02-27,Account Management,Response time was a bit slower than last time I called.,2,4,0,1
C00759,2024-08-06,Outage,I am switching providers immediately. I cannot tolerate this incompetence.,5,7,0,1
C00760,2024-04-06,Outage,Response time was a bit slower than last time I called.,2,11,0,1
C00760,2024-01-20,Billing,My power has been out for two days and nobody has given me an update.,4,17,0,1
C00760,2023-11-03,Technical,The customer service agent I spoke to was not very helpful.,3,9,0,0
C00760,2023-08-02,Technical,My account was charged incorrectly and I am still waiting for a credit.,3,4,1,0
C00761,2024-09-28,Service Quality,Response time was a bit slower than last time I called.,2,8,0,1
C00761,2023-04-25,Account Management,The rate increase was not communicated clearly and came as a surprise.,3,12,0,0
C00762,2023-06-02,Meter Reading,"Three technicians, three no-shows. I have lost my patience entirely.",5,26,0,0
C00763,2024-10-20,Meter Reading,The customer service agent I spoke to was not very helpful.,3,11,0,1
C00763,2023-09-26,Service Quality,The website was slow when I tried to log in yesterday.,2,5,0,1
C00764,2024-12-20,Account Management,Quick question about the new tariff letter I received.,1,5,0,0
C00764,2023-05-10,Billing,I would like to know my current contract end date.,1,8,0,1
C00765,2024-08-14,Meter Reading,My power has been out for two days and nobody has given me an update.,4,5,0,0
C00766,2022-12-21,Technical,I waited longer than usual for a callback but it came eventually.,2,1,0,0
C00766,2024-10-20,Service Quality,Can you confirm my direct debit amount?,1,2,0,1
C00766,2022-02-22,Meter Reading,"There was a small discrepancy on my statement, now resolved.",2,8,1,1
C00767,2024-09-09,Meter Reading,My bill was slightly higher than I expected this month.,2,9,1,0
C00767,2024-01-04,Outage,I would like to know my current contract end date.,1,8,0,1
C00767,2023-05-06,Account Management,My bill has errors and I have had to call twice about the same issue.,3,11,0,1
C00768,2023-09-19,Technical,My power has been out for two days and nobody has given me an update.,4,5,1,1
C00769,2022-02-20,Technical,I want a full refund and I am cancelling everything today.,5,19,0,1
C00769,2023-08-17,Technical,I have been waiting over a week for someone to call me back.,3,13,1,1
C00770,2022-04-22,Outage,I have escalated this complaint twice and it is still not resolved.,4,21,1,0
C00770,2022-04-17,Service Quality,The website was slow when I tried to log in yesterday.,2,10,0,0
C00771,2023-02-24,Account Management,The level of service I am receiving is completely unacceptable.,4,9,0,0
C00771,2023-01-19,Outage,I took a day off work for the technician and nobody came.,4,8,1,0
C00772,2024-01-18,Service Quality,Could you send me a copy of last month's bill?,1,1,0,1
C00772,2024-05-02,Outage,Your company has overcharged me for months and nobody will fix it.,5,2,0,0
C00773,2024-07-24,Billing,I want a full refund and I am cancelling everything today.,5,8,0,0
C00773,2023-01-17,Outage,The rate increase was not communicated clearly and came as a surprise.,3,7,1,1
C00773,2024-11-28,Technical,Could you send me a copy of last month's bill?,1,8,0,1
C00774,2022-02-03,Account Management,The level of service I am receiving is completely unacceptable.,4,8,0,1
C00775,2024-05-03,Billing,I feel like loyal customers are not being valued the way they should be.,3,11,0,0
C00775,2024-10-26,Billing,Quick question about the new tariff letter I received.,1,4,1,0
C00775,2023-05-04,Account Management,"There was a small discrepancy on my statement, now resolved.",2,4,1,1
C00776,2023-11-22,Account Management,This is the third billing error in a row. I am losing patience.,4,8,1,0
C00777,2024-09-09,Billing,Response time was a bit slower than last time I called.,2,4,0,0
C00777,2023-12-17,Service Quality,I waited longer than usual for a callback but it came eventually.,2,7,0,1
C00778,2022-04-28,Meter Reading,I took a day off work for the technician and nobody came.,4,20,0,0
C00778,2024-07-26,Outage,"Everything is fine, just updating my details.",1,7,0,1
C00778,2022-02-28,Billing,I want a full refund and I am cancelling everything today.,5,4,0,0
C00778,2024-05-04,Account Management,I want a full refund and I am cancelling everything today.,5,27,0,0
C00780,2024-08-06,Outage,The customer service agent I spoke to was not very helpful.,3,14,0,0
C00781,2024-06-17,Service Quality,My bill was slightly higher than I expected this month.,2,7,0,0
C00781,2024-12-22,Service Quality,The level of service I am receiving is completely unacceptable.,4,6,1,0
C00781,2024-09-21,Meter Reading,I would like to check my current balance please.,1,1,0,1
C00781,2024-03-16,Meter Reading,The email confirmation for my account change took two days to arrive.,2,11,0,1
C00781,2024-09-13,Outage,My account was charged incorrectly and I am still waiting for a credit.,3,13,0,1
C00781,2024-02-11,Meter Reading,"There was a small discrepancy on my statement, now resolved.",2,4,1,1
C00782,2023-11-08,Billing,My account was charged incorrectly and I am still waiting for a credit.,3,17,1,0
C00782,2022-12-15,Outage,Could you send me a copy of last month's bill?,1,2,0,0
C00782,2024-10-18,Outage,The worst customer experience I have ever had in my life.,5,3,1,1
C00783,2024-02-26,Technical,The website was slow when I tried to log in yesterday.,2,5,1,0
C00783,2022-06-20,Service Quality,My bill was slightly higher than I expected this month.,2,9,0,1
C00784,2023-12-22,Service Quality,My meter reading submission didn't go through on the first try.,2,11,0,1
C00785,2024-06-03,Meter Reading,I am not satisfied with how my previous complaint was handled.,3,12,1,1
C00786,2024-03-16,Account Management,I would like to know my current contract end date.,1,4,0,1
C00787,2023-07-26,Outage,I want a formal complaint registered. This has gone on too long.,4,14,0,1
C00787,2023-09-24,Outage,Calling to update my billing address.,1,5,0,0
C00789,2024-12-16,Billing,The rate increase was not communicated clearly and came as a surprise.,3,6,0,1
C00789,2023-09-12,Outage,The website was slow when I tried to log in yesterday.,2,7,1,1
C00790,2024-11-14,Service Quality,The email confirmation for my account change took two days to arrive.,2,10,1,1
C00790,2023-05-03,Meter Reading,I want to cancel my account. I have had enough of this terrible service.,5,24,1,0
C00790,2024-07-24,Service Quality,"There was a small discrepancy on my statement, now resolved.",2,5,0,0
C00791,2024-12-21,Service Quality,I need to change my contact phone number on the account.,1,7,0,0
C00791,2023-01-03,Billing,I had trouble navigating the new online portal at first.,2,13,0,0
C00792,2024-07-02,Service Quality,The worst customer experience I have ever had in my life.,5,13,1,0
C00792,2023-02-06,Service Quality,I have been without power for five days and your team does not care at all.,5,7,0,0
C00793,2024-05-26,Outage,I am considering switching providers if this is not fixed immediately.,4,19,1,1
C00793,2024-10-27,Outage,I have been waiting over a week for someone to call me back.,3,12,0,1
C00793,2024-09-10,Service Quality,My account was charged incorrectly and I am still waiting for a credit.,3,11,1,1
C00793,2024-04-16,Meter Reading,My bill was slightly higher than I expected this month.,2,8,0,0
C00793,2024-08-20,Service Quality,This is the third billing error in a row. I am losing patience.,4,6,0,0
C00795,2024-12-20,Meter Reading,Calling to update my billing address.,1,5,1,0
C00795,2024-01-23,Technical,Response time was a bit slower than last time I called.,2,1,0,1
C00795,2024-09-06,Billing,I waited longer than usual for a callback but it came eventually.,2,12,1,1
C00795,2024-10-25,Billing,Nobody in your company seems to take responsibility for anything.,4,23,1,1
C00795,2024-09-17,Account Management,The technician did not show up at the agreed time without any notice.,3,16,0,1
C00796,2023-03-07,Account Management,I waited longer than usual for a callback but it came eventually.,2,3,0,1
C00796,2022-12-12,Outage,The email confirmation for my account change took two days to arrive.,2,8,0,1
C00796,2023-03-09,Service Quality,I have escalated this complaint twice and it is still not resolved.,4,15,0,1
C00797,2023-02-24,Account Management,Quick question about the new tariff letter I received.,1,3,1,1
C00799,2024-02-24,Technical,I would like to know my current contract end date.,1,9,0,1
C00799,2023-03-16,Meter Reading,"Everything is fine, just updating my details.",1,7,0,1
C00799,2024-01-03,Billing,I have been trying to get this resolved for two weeks now.,3,2,1,0
C00799,2024-11-22,Service Quality,This is the third billing error in a row. I am losing patience.,4,9,1,0
C00799,2024-12-17,Billing,My account was charged incorrectly and I am still waiting for a credit.,3,3,1,0
C00800,2024-06-12,Meter Reading,I waited longer than usual for a callback but it came eventually.,2,5,1,1
C00800,2024-05-20,Outage,My bill has errors and I have had to call twice about the same issue.,3,4,0,0
C00801,2022-11-28,Account Management,The worst customer experience I have ever had in my life.,5,13,1,0
C00801,2023-11-17,Service Quality,This is the third billing error in a row. I am losing patience.,4,17,1,0
C00801,2024-08-11,Outage,Your company has overcharged me for months and nobody will fix it.,5,19,1,0
C00802,2023-12-13,Billing,The level of service I am receiving is completely unacceptable.,4,19,0,0
C00802,2024-01-20,Account Management,Could you send me a copy of last month's bill?,1,6,0,1
C00802,2024-04-06,Account Management,I have escalated this complaint twice and it is still not resolved.,4,5,1,0
C00802,2024-07-22,Outage,My bill has errors and I have had to call twice about the same issue.,3,19,0,0
C00803,2024-10-07,Technical,This is absolutely disgraceful. I am filing a formal complaint with the regulator.,5,22,0,0
C00804,2023-09-22,Service Quality,The online chat bot could not help me and I had to call anyway.,3,15,1,1
C00804,2024-10-23,Meter Reading,Just checking when my next meter read is scheduled.,1,9,0,1
C00805,2024-01-14,Meter Reading,I feel like loyal customers are not being valued the way they should be.,3,13,0,1
C00805,2024-03-11,Account Management,I am not satisfied with how my previous complaint was handled.,3,18,1,1
C00806,2022-09-12,Service Quality,I have been waiting over a week for someone to call me back.,3,17,0,1
C00806,2023-12-13,Outage,I would like to know my current contract end date.,1,3,0,1
C00806,2024-09-09,Outage,I want to switch to paperless billing.,1,4,0,1
C00807,2023-12-17,Account Management,I had trouble navigating the new online portal at first.,2,10,0,1
C00807,2024-11-19,Service Quality,I waited longer than usual for a callback but it came eventually.,2,10,0,0
C00807,2024-05-02,Account Management,Nobody in your company seems to take responsibility for anything.,4,5,1,1
C00808,2022-04-05,Meter Reading,Calling to update my billing address.,1,6,0,1
C00808,2023-10-04,Technical,I need to change my contact phone number on the account.,1,9,0,1
C00809,2024-02-24,Service Quality,The rate increase was not communicated clearly and came as a surprise.,3,13,0,1
C00810,2022-08-09,Outage,My bill was slightly higher than I expected this month.,2,8,0,0
C00810,2023-01-25,Billing,My power has been out for two days and nobody has given me an update.,4,14,0,1
C00810,2023-06-24,Account Management,The level of service I am receiving is completely unacceptable.,4,22,0,0
C00812,2024-10-05,Service Quality,Could you send me a copy of last month's bill?,1,6,0,1
C00812,2024-05-07,Outage,Just checking when my next meter read is scheduled.,1,1,0,1
C00812,2023-09-27,Account Management,The online chat bot could not help me and I had to call anyway.,3,13,1,1
C00814,2023-06-14,Billing,I am considering switching providers if this is not fixed immediately.,4,21,0,0
C00815,2024-01-09,Technical,The technician arrived a bit late but did a good job.,2,4,0,1
C00816,2023-12-16,Account Management,I have been waiting over a week for someone to call me back.,3,7,0,1
C00816,2024-10-26,Technical,My account was charged incorrectly and I am still waiting for a credit.,3,13,0,1
C00816,2022-05-05,Meter Reading,My bill has errors and I have had to call twice about the same issue.,3,18,0,1
C00816,2022-01-06,Account Management,Just checking when my next meter read is scheduled.,1,3,0,1
C00817,2024-11-27,Outage,I would like to know my current contract end date.,1,7,0,1
C00817,2024-04-23,Outage,I was treated rudely on my last call and I want this addressed.,4,10,1,1
C00818,2022-06-07,Service Quality,I was treated rudely on my last call and I want this addressed.,4,20,0,1
C00818,2024-01-03,Outage,I was on hold for about 20 minutes which felt long.,2,3,0,1
C00818,2022-11-13,Meter Reading,The email confirmation for my account change took two days to arrive.,2,1,1,0
C00819,2023-09-11,Service Quality,My bill was slightly higher than I expected this month.,2,1,0,1
C00819,2022-05-25,Service Quality,"There was a small discrepancy on my statement, now resolved.",2,13,0,0
C00822,2022-01-15,Outage,I am contacting my lawyer. This is negligent and completely unacceptable.,5,5,1,0
C00822,2023-08-19,Outage,I waited longer than usual for a callback but it came eventually.,2,2,1,1
C00822,2023-11-09,Technical,The email confirmation for my account change took two days to arrive.,2,11,0,1
C00822,2022-06-21,Account Management,"Everything is fine, just updating my details.",1,5,0,1
C00823,2022-12-08,Account Management,I took a day off work for the technician and nobody came.,4,15,0,0
C00824,2024-09-13,Service Quality,The customer service agent I spoke to was not very helpful.,3,4,0,1
C00824,2022-03-08,Billing,The level of service I am receiving is completely unacceptable.,4,15,0,1
C00824,2022-04-23,Billing,My meter reading submission didn't go through on the first try.,2,11,0,1
C00824,2022-04-22,Meter Reading,I have been trying to get this resolved for two weeks now.,3,10,0,0
C00824,2023-02-27,Billing,My account was charged incorrectly and I am still waiting for a credit.,3,18,0,1
C00825,2022-01-27,Account Management,I am not satisfied with how my previous complaint was handled.,3,16,0,1
C00825,2024-07-13,Service Quality,The worst customer experience I have ever had in my life.,5,5,1,0
C00826,2024-11-17,Service Quality,I had trouble navigating the new online portal at first.,2,6,0,1
C00826,2024-09-02,Outage,My account was charged incorrectly and I am still waiting for a credit.,3,5,1,1
C00827,2024-12-12,Billing,I have been trying to get this resolved for two weeks now.,3,18,0,1
C00827,2023-09-07,Meter Reading,I took a day off work for the technician and nobody came.,4,6,1,1
C00827,2024-12-19,Technical,My meter reading submission didn't go through on the first try.,2,9,0,1
C00828,2023-02-07,Service Quality,I was treated rudely on my last call and I want this addressed.,4,23,0,0
C00828,2022-12-16,Outage,I was treated rudely on my last call and I want this addressed.,4,20,1,0
C00828,2024-10-14,Billing,I need to change my contact phone number on the account.,1,3,0,1
C00828,2022-12-07,Meter Reading,I had trouble navigating the new online portal at first.,2,9,0,1
C00828,2024-05-06,Technical,I have been trying to get this resolved for two weeks now.,3,14,0,0
C00829,2024-02-22,Meter Reading,Response time was a bit slower than last time I called.,2,5,0,1
C00829,2023-05-23,Outage,I took a day off work for the technician and nobody came.,4,23,0,1
C00829,2024-12-12,Billing,I was treated rudely on my last call and I want this addressed.,4,5,0,0
C00829,2023-01-19,Outage,The website was slow when I tried to log in yesterday.,2,11,0,1
C00829,2024-04-04,Technical,The technician arrived a bit late but did a good job.,2,12,0,1
C00830,2024-10-24,Meter Reading,I would like to check my current balance please.,1,5,0,1
C00830,2023-01-16,Technical,The rate increase was not communicated clearly and came as a surprise.,3,6,0,1
C00830,2023-07-15,Account Management,I took a day off work for the technician and nobody came.,4,16,1,1
C00830,2023-10-20,Meter Reading,The customer service agent I spoke to was not very helpful.,3,11,0,0
C00831,2024-08-09,Service Quality,Response time was a bit slower than last time I called.,2,11,1,1
C00831,2022-08-16,Outage,I want to switch to paperless billing.,1,5,0,1
C00833,2022-08-21,Service Quality,My meter reading submission didn't go through on the first try.,2,7,0,1
C00833,2022-02-10,Service Quality,Can you confirm my direct debit amount?,1,3,0,1
C00833,2024-09-17,Account Management,My bill has errors and I have had to call twice about the same issue.,3,16,0,1
C00834,2022-04-08,Meter Reading,I am considering switching providers if this is not fixed immediately.,4,13,1,0
C00834,2022-03-27,Meter Reading,"Everything is fine, just updating my details.",1,9,0,1
C00834,2022-10-01,Technical,Response time was a bit slower than last time I called.,2,7,0,1
C00835,2023-11-23,Outage,The level of service I am receiving is completely unacceptable.,4,10,0,0
C00835,2024-02-04,Service Quality,Quick question about the new tariff letter I received.,1,5,0,1
C00836,2024-08-25,Technical,Quick question about the new tariff letter I received.,1,5,0,1
C00836,2022-06-21,Outage,I waited longer than usual for a callback but it came eventually.,2,3,0,1
C00837,2022-03-21,Billing,I had trouble navigating the new online portal at first.,2,5,0,0
C00837,2022-06-22,Service Quality,I feel like loyal customers are not being valued the way they should be.,3,5,1,1
C00838,2024-12-16,Account Management,I want a formal complaint registered. This has gone on too long.,4,22,0,1
C00838,2022-01-06,Account Management,The technician did not show up at the agreed time without any notice.,3,14,0,0
C00839,2023-12-12,Outage,My bill has errors and I have had to call twice about the same issue.,3,16,0,0
C00839,2024-01-25,Account Management,I would like to know my current contract end date.,1,5,0,0
C00840,2024-04-16,Outage,I need to change my contact phone number on the account.,1,4,0,1
C00840,2022-06-23,Technical,I need to change my contact phone number on the account.,1,8,0,0
C00841,2023-07-17,Meter Reading,My bill was slightly higher than I expected this month.,2,14,0,1
C00841,2022-01-28,Technical,I want to switch to paperless billing.,1,6,1,1
C00843,2024-09-14,Meter Reading,The online chat bot could not help me and I had to call anyway.,3,17,1,0
C00844,2023-11-19,Billing,I was on hold for about 20 minutes which felt long.,2,5,1,0
C00845,2024-05-18,Meter Reading,The online chat bot could not help me and I had to call anyway.,3,16,0,1
C00845,2024-04-26,Billing,I need to change my contact phone number on the account.,1,3,1,1
C00845,2024-03-22,Meter Reading,My account was charged incorrectly and I am still waiting for a credit.,3,5,1,1
C00846,2023-03-08,Technical,I am switching providers immediately. I cannot tolerate this incompetence.,5,25,1,0
C00846,2023-05-21,Account Management,I was treated rudely on my last call and I want this addressed.,4,1,0,0
C00846,2024-08-15,Account Management,I have been trying to get this resolved for two weeks now.,3,7,0,1
C00846,2024-04-27,Service Quality,The website was slow when I tried to log in yesterday.,2,4,1,1
C00847,2024-11-17,Account Management,I have been waiting over a week for someone to call me back.,3,13,0,0
C00848,2023-02-12,Account Management,I was treated rudely on my last call and I want this addressed.,4,5,1,0
C00848,2022-10-27,Meter Reading,"Three technicians, three no-shows. I have lost my patience entirely.",5,11,0,0
C00849,2024-02-09,Technical,The worst customer experience I have ever had in my life.,5,27,0,1
C00849,2024-11-03,Outage,I waited longer than usual for a callback but it came eventually.,2,11,1,1
C00850,2024-06-25,Account Management,My account was charged incorrectly and I am still waiting for a credit.,3,18,0,0
C00851,2023-04-06,Technical,I am not satisfied with how my previous complaint was handled.,3,17,0,1
C00851,2022-12-11,Account Management,The email confirmation for my account change took two days to arrive.,2,5,0,1
C00851,2024-11-08,Service Quality,I am switching providers immediately. I cannot tolerate this incompetence.,5,3,1,0
C00851,2023-05-10,Service Quality,I took a day off work for the technician and nobody came.,4,10,1,1
C00852,2023-10-07,Billing,I would like to check my current balance please.,1,8,0,1
C00852,2023-08-14,Meter Reading,The technician arrived a bit late but did a good job.,2,9,0,0
C00852,2024-10-08,Outage,Quick question about the new tariff letter I received.,1,7,0,1
C00852,2023-05-08,Account Management,The technician arrived a bit late but did a good job.,2,10,0,1
C00852,2024-11-08,Outage,I was treated rudely on my last call and I want this addressed.,4,7,0,0
C00852,2023-10-25,Technical,I want to switch to paperless billing.,1,4,0,1
C00853,2024-08-17,Meter Reading,Quick question about the new tariff letter I received.,1,1,1,1
C00853,2024-07-06,Meter Reading,The website was slow when I tried to log in yesterday.,2,4,0,1
C00854,2024-11-16,Technical,I am considering switching providers if this is not fixed immediately.,4,19,1,0
C00854,2023-06-27,Outage,I am not satisfied with how my previous complaint was handled.,3,4,0,0
C00854,2024-05-11,Billing,The website was slow when I tried to log in yesterday.,2,5,0,1
C00855,2022-10-06,Account Management,Calling to update my billing address.,1,1,0,0
C00855,2024-08-07,Meter Reading,The customer service agent I spoke to was not very helpful.,3,7,1,1
C00855,2022-05-11,Outage,I want a full refund and I am cancelling everything today.,5,22,0,0
C00855,2022-04-16,Outage,This is absolutely disgraceful. I am filing a formal complaint with the regulator.,5,23,0,1
C00856,2024-08-17,Account Management,Just checking when my next meter read is scheduled.,1,7,0,1
C00856,2024-12-19,Billing,The worst customer experience I have ever had in my life.,5,17,1,0
C00857,2023-01-20,Account Management,The online chat bot could not help me and I had to call anyway.,3,3,0,1
C00857,2024-11-02,Account Management,I feel like loyal customers are not being valued the way they should be.,3,5,0,1
C00857,2024-06-26,Outage,I have been waiting over a week for someone to call me back.,3,17,0,1
C00857,2024-03-15,Account Management,Quick question about the new tariff letter I received.,1,5,0,1
C00857,2024-01-23,Service Quality,My bill was slightly higher than I expected this month.,2,1,0,1
C00858,2024-01-28,Account Management,Response time was a bit slower than last time I called.,2,8,1,0
C00858,2022-09-07,Service Quality,I have been waiting over a week for someone to call me back.,3,15,0,1
C00859,2022-01-02,Account Management,The customer service agent I spoke to was not very helpful.,3,11,0,0
C00859,2022-04-26,Account Management,I feel like loyal customers are not being valued the way they should be.,3,7,0,1
C00860,2023-03-12,Outage,I have been trying to get this resolved for two weeks now.,3,8,0,0
C00860,2023-12-18,Billing,I would like to check my current balance please.,1,9,0,0
C00860,2022-05-25,Service Quality,The technician did not show up at the agreed time without any notice.,3,3,0,0
C00861,2022-11-25,Billing,My meter reading submission didn't go through on the first try.,2,11,0,1
C00862,2024-06-16,Service Quality,I waited longer than usual for a callback but it came eventually.,2,4,0,0
C00862,2024-05-17,Account Management,The customer service agent I spoke to was not very helpful.,3,3,0,1
C00862,2024-07-08,Technical,I am contacting my lawyer. This is negligent and completely unacceptable.,5,5,1,0
C00862,2023-12-23,Outage,I am not satisfied with how my previous complaint was handled.,3,2,0,0
C00863,2024-08-14,Service Quality,I want to switch to paperless billing.,1,2,0,1
C00863,2022-01-23,Service Quality,My bill has errors and I have had to call twice about the same issue.,3,8,0,1
C00864,2023-10-05,Outage,The website was slow when I tried to log in yesterday.,2,1,0,0
C00865,2024-10-12,Technical,Quick question about the new tariff letter I received.,1,9,0,1
C00865,2023-01-23,Service Quality,I had trouble navigating the new online portal at first.,2,3,0,0
C00867,2022-05-07,Account Management,The rate increase was not communicated clearly and came as a surprise.,3,13,0,0
C00867,2024-12-16,Service Quality,The email confirmation for my account change took two days to arrive.,2,13,1,1
C00868,2023-10-08,Account Management,I have been trying to get this resolved for two weeks now.,3,4,1,1
C00868,2022-07-12,Meter Reading,I had trouble navigating the new online portal at first.,2,11,0,1
C00868,2024-06-26,Meter Reading,The rate increase was not communicated clearly and came as a surprise.,3,12,0,1
C00869,2024-06-01,Technical,I have been waiting over a week for someone to call me back.,3,12,1,1
C00870,2022-05-13,Meter Reading,I have been without power for five days and your team does not care at all.,5,18,1,0
C00870,2022-02-11,Billing,The rate increase was not communicated clearly and came as a surprise.,3,9,0,1
C00871,2024-09-11,Service Quality,I am not satisfied with how my previous complaint was handled.,3,19,0,1
C00871,2024-07-12,Service Quality,My meter reading submission didn't go through on the first try.,2,14,1,0
C00871,2024-05-28,Service Quality,The rate increase was not communicated clearly and came as a surprise.,3,1,0,1
C00871,2024-11-27,Meter Reading,The technician did not show up at the agreed time without any notice.,3,15,0,1
C00871,2024-02-13,Outage,I have escalated this complaint twice and it is still not resolved.,4,24,1,1
C00872,2023-03-23,Account Management,I have been trying to get this resolved for two weeks now.,3,18,1,1
C00872,2024-02-10,Technical,Just checking when my next meter read is scheduled.,1,3,0,1
C00872,2022-08-21,Technical,I waited longer than usual for a callback but it came eventually.,2,4,1,1
C00873,2022-04-09,Service Quality,The online chat bot could not help me and I had to call anyway.,3,12,0,0
C00874,2023-12-08,Service Quality,The customer service agent I spoke to was not very helpful.,3,9,1,0
C00875,2023-03-20,Billing,My power has been out for two days and nobody has given me an update.,4,11,1,1
C00875,2023-11-20,Meter Reading,The technician arrived a bit late but did a good job.,2,11,0,0
C00876,2023-09-27,Technical,I have escalated this complaint twice and it is still not resolved.,4,22,1,0
C00877,2023-03-28,Billing,I am going to leave a public review warning everyone about this company.,5,28,1,0
C00878,2023-09-13,Service Quality,I had trouble navigating the new online portal at first.,2,6,1,0
C00878,2024-06-27,Account Management,"Everything is fine, just updating my details.",1,8,1,1
C00878,2023-09-28,Outage,I was on hold for about 20 minutes which felt long.,2,9,0,1
C00879,2024-12-14,Meter Reading,The email confirmation for my account change took two days to arrive.,2,3,0,1
C00880,2024-07-13,Service Quality,I waited longer than usual for a callback but it came eventually.,2,11,0,1
C00881,2024-02-19,Meter Reading,The technician did not show up at the agreed time without any notice.,3,15,1,1
C00882,2024-04-18,Service Quality,I was on hold for about 20 minutes which felt long.,2,13,0,1
C00882,2022-03-24,Service Quality,Nobody in your company seems to take responsibility for anything.,4,4,1,0
C00882,2022-07-10,Outage,I need to change my contact phone number on the account.,1,4,1,1
C00883,2023-08-09,Meter Reading,I waited longer than usual for a callback but it came eventually.,2,3,0,1
C00884,2022-10-06,Technical,Quick question about the new tariff letter I received.,1,4,0,1
C00884,2022-11-18,Outage,Quick question about the new tariff letter I received.,1,2,1,1
C00885,2022-04-22,Account Management,I am very unhappy with the service. My complaint from last month is still open.,4,22,1,0
C00885,2024-04-09,Service Quality,This is the third billing error in a row. I am losing patience.,4,15,0,0
C00885,2024-05-15,Service Quality,My power has been out for two days and nobody has given me an update.,4,14,0,0
C00885,2024-06-12,Technical,The technician arrived a bit late but did a good job.,2,11,1,1
C00885,2022-09-24,Service Quality,I have been without power for five days and your team does not care at all.,5,9,0,0
C00887,2022-08-03,Account Management,I would like to know my current contract end date.,1,8,1,1
C00888,2024-06-06,Account Management,This is absolutely disgraceful. I am filing a formal complaint with the regulator.,5,9,0,0
C00888,2024-09-09,Service Quality,The technician arrived a bit late but did a good job.,2,2,1,0
C00888,2024-08-15,Outage,I have been trying to get this resolved for two weeks now.,3,15,0,1
C00888,2024-04-13,Account Management,The online chat bot could not help me and I had to call anyway.,3,8,0,1
C00888,2024-04-26,Account Management,I want to cancel my account. I have had enough of this terrible service.,5,2,1,1
C00888,2024-06-09,Technical,The worst customer experience I have ever had in my life.,5,22,1,1
C00888,2024-09-05,Service Quality,I want to switch to paperless billing.,1,2,0,1
C00889,2024-07-09,Outage,Calling to update my billing address.,1,1,0,1
C00890,2022-01-11,Service Quality,I would like to check my current balance please.,1,5,1,1
C00891,2023-04-01,Billing,I was on hold for about 20 minutes which felt long.,2,1,0,1
C00891,2023-06-27,Meter Reading,I have escalated this complaint twice and it is still not resolved.,4,8,1,0
C00891,2024-09-16,Account Management,"Everything is fine, just updating my details.",1,5,0,1
C00893,2024-07-11,Billing,I feel like loyal customers are not being valued the way they should be.,3,17,1,0
C00893,2022-06-14,Outage,I am very unhappy with the service. My complaint from last month is still open.,4,2,1,0
C00894,2024-04-20,Meter Reading,My meter reading submission didn't go through on the first try.,2,2,0,1
C00894,2024-08-28,Technical,The technician arrived a bit late but did a good job.,2,13,0,1
C00895,2024-06-25,Account Management,I have escalated this complaint twice and it is still not resolved.,4,5,0,1
C00895,2024-01-11,Account Management,I waited longer than usual for a callback but it came eventually.,2,4,0,1
C00895,2024-08-27,Technical,The technician arrived a bit late but did a good job.,2,13,1,1
C00895,2024-10-13,Technical,I have been trying to get this resolved for two weeks now.,3,6,1,1
C00896,2023-09-01,Meter Reading,Calling to update my billing address.,1,4,1,1
C00896,2024-11-19,Meter Reading,I had trouble navigating the new online portal at first.,2,1,1,0
C00896,2023-03-07,Billing,I have escalated this complaint twice and it is still not resolved.,4,9,0,0
C00897,2024-12-12,Account Management,I am not satisfied with how my previous complaint was handled.,3,18,0,1
C00898,2024-10-25,Technical,My bill has errors and I have had to call twice about the same issue.,3,8,0,1
C00898,2024-03-17,Service Quality,The worst customer experience I have ever had in my life.,5,6,0,1
C00898,2024-05-10,Technical,Calling to update my billing address.,1,5,0,1
C00898,2024-08-06,Technical,I am not satisfied with how my previous complaint was handled.,3,15,0,0
C00898,2024-01-04,Meter Reading,My meter reading submission didn't go through on the first try.,2,14,1,1
C00898,2024-08-07,Outage,I want a formal complaint registered. This has gone on too long.,4,12,0,0
C00899,2024-11-20,Meter Reading,I would like to check my current balance please.,1,8,0,0
C00900,2024-07-18,Service Quality,My bill was slightly higher than I expected this month.,2,14,1,1
C00901,2023-09-01,Technical,My bill has errors and I have had to call twice about the same issue.,3,14,0,0
C00901,2024-09-18,Billing,The email confirmation for my account change took two days to arrive.,2,1,1,1
C00902,2022-05-08,Billing,The email confirmation for my account change took two days to arrive.,2,13,1,1
C00902,2024-02-01,Technical,The email confirmation for my account change took two days to arrive.,2,5,0,1
C00903,2024-08-02,Meter Reading,My bill has errors and I have had to call twice about the same issue.,3,4,0,1
C00903,2022-03-28,Technical,I would like to know my current contract end date.,1,4,0,1
C00903,2024-12-18,Outage,I was treated rudely on my last call and I want this addressed.,4,10,1,0
C00905,2024-12-03,Meter Reading,The rate increase was not communicated clearly and came as a surprise.,3,9,1,0
C00905,2023-09-08,Meter Reading,I have been waiting over a week for someone to call me back.,3,2,0,0
C00906,2024-04-06,Billing,The level of service I am receiving is completely unacceptable.,4,2,0,0
C00906,2024-06-12,Account Management,The email confirmation for my account change took two days to arrive.,2,12,0,1
C00906,2024-08-09,Meter Reading,My power has been out for two days and nobody has given me an update.,4,21,1,1
C00907,2023-02-15,Outage,The online chat bot could not help me and I had to call anyway.,3,16,1,1
C00907,2022-11-22,Service Quality,My bill was slightly higher than I expected this month.,2,7,1,1
C00907,2024-11-21,Meter Reading,The level of service I am receiving is completely unacceptable.,4,2,1,0
C00907,2024-01-02,Outage,The rate increase was not communicated clearly and came as a surprise.,3,2,0,1
C00909,2023-08-16,Service Quality,The technician did not show up at the agreed time without any notice.,3,11,0,1
C00910,2024-08-14,Outage,"Everything is fine, just updating my details.",1,8,0,0
C00910,2023-05-11,Service Quality,I was on hold for about 20 minutes which felt long.,2,2,0,0
C00912,2023-09-13,Service Quality,Your company has overcharged me for months and nobody will fix it.,5,3,0,0
C00915,2024-10-11,Technical,I feel like loyal customers are not being valued the way they should be.,3,4,0,0
C00916,2024-01-20,Service Quality,Can you confirm my direct debit amount?,1,6,0,0
C00916,2022-07-06,Meter Reading,I was on hold for about 20 minutes which felt long.,2,14,0,1
C00917,2022-04-03,Account Management,Just checking when my next meter read is scheduled.,1,9,0,1
C00917,2022-04-08,Billing,Quick question about the new tariff letter I received.,1,6,0,1
C00917,2024-09-21,Outage,Could you send me a copy of last month's bill?,1,7,0,1
C00917,2022-05-07,Service Quality,I am very unhappy with the service. My complaint from last month is still open.,4,10,1,0
C00917,2023-02-22,Outage,"Everything is fine, just updating my details.",1,4,1,1
C00918,2024-03-27,Technical,Quick question about the new tariff letter I received.,1,5,1,1
C00919,2022-04-03,Billing,I took a day off work for the technician and nobody came.,4,4,0,0
C00919,2024-09-13,Account Management,"Three technicians, three no-shows. I have lost my patience entirely.",5,12,0,1
C00920,2024-09-07,Billing,Just checking when my next meter read is scheduled.,1,7,0,1
C00920,2022-07-01,Service Quality,The email confirmation for my account change took two days to arrive.,2,10,1,1
C00920,2023-07-26,Technical,I feel like loyal customers are not being valued the way they should be.,3,17,1,1
C00920,2023-04-28,Billing,I am not satisfied with how my previous complaint was handled.,3,14,0,0
C00922,2024-07-10,Technical,The technician arrived a bit late but did a good job.,2,12,0,1
C00922,2024-07-01,Meter Reading,The rate increase was not communicated clearly and came as a surprise.,3,4,0,1
C00922,2024-01-06,Service Quality,I had trouble navigating the new online portal at first.,2,12,0,1
C00922,2024-09-22,Outage,The worst customer experience I have ever had in my life.,5,7,1,0
C00923,2022-05-25,Account Management,This is the third billing error in a row. I am losing patience.,4,18,0,0
C00923,2022-11-09,Meter Reading,The rate increase was not communicated clearly and came as a surprise.,3,13,0,0
C00923,2024-06-11,Meter Reading,I am not satisfied with how my previous complaint was handled.,3,9,0,1
C00923,2024-03-04,Service Quality,I took a day off work for the technician and nobody came.,4,12,0,1
C00923,2022-05-10,Technical,Could you send me a copy of last month's bill?,1,2,1,1
C00924,2023-04-03,Technical,Response time was a bit slower than last time I called.,2,6,0,0
C00924,2024-02-13,Meter Reading,I waited longer than usual for a callback but it came eventually.,2,14,0,0
C00924,2022-05-20,Service Quality,The technician did not show up at the agreed time without any notice.,3,6,0,0
C00926,2024-11-09,Outage,"Everything is fine, just updating my details.",1,8,1,1
C00926,2022-06-11,Outage,The online chat bot could not help me and I had to call anyway.,3,15,0,0
C00927,2024-10-26,Technical,Just checking when my next meter read is scheduled.,1,7,0,1
C00928,2024-11-26,Outage,Just checking when my next meter read is scheduled.,1,5,0,0
C00929,2022-01-28,Service Quality,Just checking when my next meter read is scheduled.,1,5,1,1
C00931,2022-09-21,Service Quality,The technician did not show up at the agreed time without any notice.,3,9,1,1
C00931,2023-10-04,Account Management,I am considering switching providers if this is not fixed immediately.,4,9,0,1
C00932,2022-12-03,Account Management,I am considering switching providers if this is not fixed immediately.,4,2,1,1
C00932,2022-08-10,Outage,My account was charged incorrectly and I am still waiting for a credit.,3,19,0,1
C00932,2022-07-09,Outage,Just checking when my next meter read is scheduled.,1,6,0,0
C00932,2023-08-24,Outage,The online chat bot could not help me and I had to call anyway.,3,18,0,0
C00932,2024-05-13,Billing,I need to change my contact phone number on the account.,1,2,0,1
C00933,2024-07-06,Billing,The customer service agent I spoke to was not very helpful.,3,8,0,1
C00933,2023-06-03,Service Quality,"Three technicians, three no-shows. I have lost my patience entirely.",5,1,1,1
C00934,2024-10-03,Outage,I waited longer than usual for a callback but it came eventually.,2,7,1,1
C00934,2024-07-09,Billing,The rate increase was not communicated clearly and came as a surprise.,3,7,1,1
C00934,2024-02-16,Technical,I want to switch to paperless billing.,1,1,0,0
C00934,2024-09-12,Service Quality,I have escalated this complaint twice and it is still not resolved.,4,20,0,1
C00935,2024-11-20,Billing,Can you confirm my direct debit amount?,1,1,0,1
C00935,2024-09-28,Outage,"There was a small discrepancy on my statement, now resolved.",2,5,1,0
C00935,2024-04-14,Service Quality,"Three technicians, three no-shows. I have lost my patience entirely.",5,2,0,0
C00935,2024-10-19,Meter Reading,"Everything is fine, just updating my details.",1,4,0,0
C00936,2022-08-08,Technical,I am not satisfied with how my previous complaint was handled.,3,15,1,0
C00937,2024-01-18,Meter Reading,I would like to know my current contract end date.,1,1,0,1
C00938,2023-05-25,Service Quality,The email confirmation for my account change took two days to arrive.,2,6,0,0
C00939,2022-10-03,Billing,My bill has errors and I have had to call twice about the same issue.,3,19,0,0
C00939,2022-05-08,Technical,I want to switch to paperless billing.,1,8,0,1
C00939,2022-06-19,Account Management,I am considering switching providers if this is not fixed immediately.,4,7,1,0
C00939,2022-03-03,Account Management,I want a full refund and I am cancelling everything today.,5,15,0,0
C00940,2023-01-28,Outage,I would like to know my current contract end date.,1,2,0,1
C00941,2024-10-06,Account Management,Calling to update my billing address.,1,8,0,1
C00941,2024-10-18,Account Management,I need to change my contact phone number on the account.,1,5,0,0
C00941,2024-09-25,Technical,I want a formal complaint registered. This has gone on too long.,4,23,0,0
C00942,2024-06-05,Meter Reading,The rate increase was not communicated clearly and came as a surprise.,3,10,0,1
C00942,2023-10-28,Outage,I am going to leave a public review warning everyone about this company.,5,28,0,0
C00943,2024-11-12,Billing,Calling to update my billing address.,1,2,0,1
C00944,2024-09-07,Account Management,I am very unhappy with the service. My complaint from last month is still open.,4,24,0,0
C00945,2024-05-21,Service Quality,I am contacting my lawyer. This is negligent and completely unacceptable.,5,23,0,0
C00947,2024-01-05,Service Quality,I feel like loyal customers are not being valued the way they should be.,3,19,0,1
C00948,2024-01-19,Service Quality,I have been trying to get this resolved for two weeks now.,3,10,0,0
C00948,2022-12-24,Outage,My bill has errors and I have had to call twice about the same issue.,3,19,0,0
C00949,2024-09-09,Account Management,The technician did not show up at the agreed time without any notice.,3,18,0,1
C00949,2024-09-04,Service Quality,The website was slow when I tried to log in yesterday.,2,9,0,0
C00950,2022-04-05,Technical,The customer service agent I spoke to was not very helpful.,3,11,0,0
C00950,2022-01-25,Meter Reading,The technician did not show up at the agreed time without any notice.,3,7,0,1
C00950,2024-01-04,Meter Reading,Just checking when my next meter read is scheduled.,1,5,0,1
C00950,2024-05-06,Meter Reading,I am not satisfied with how my previous complaint was handled.,3,7,0,1
C00950,2022-03-27,Outage,I would like to check my current balance please.,1,8,0,1
C00953,2022-03-11,Service Quality,I am switching providers immediately. I cannot tolerate this incompetence.,5,8,0,0
C00953,2024-02-03,Meter Reading,The online chat bot could not help me and I had to call anyway.,3,12,0,0
C00954,2024-01-15,Meter Reading,The rate increase was not communicated clearly and came as a surprise.,3,14,0,1
C00955,2024-09-12,Service Quality,I was on hold for about 20 minutes which felt long.,2,12,0,1
C00955,2022-02-07,Technical,I have been waiting over a week for someone to call me back.,3,13,0,0
C00955,2023-10-12,Account Management,The website was slow when I tried to log in yesterday.,2,8,1,1
C00955,2022-02-20,Service Quality,"There was a small discrepancy on my statement, now resolved.",2,8,0,1
C00956,2022-07-04,Account Management,I want a formal complaint registered. This has gone on too long.,4,18,0,0
C00957,2023-06-15,Technical,My power has been out for two days and nobody has given me an update.,4,18,0,0
C00957,2022-02-08,Outage,I am considering switching providers if this is not fixed immediately.,4,7,1,0
C00957,2024-03-03,Outage,The technician arrived a bit late but did a good job.,2,5,0,1
C00957,2024-10-17,Service Quality,I am considering switching providers if this is not fixed immediately.,4,9,1,1
C00958,2023-04-20,Account Management,I am not satisfied with how my previous complaint was handled.,3,1,0,1
C00959,2023-06-13,Service Quality,I had trouble navigating the new online portal at first.,2,7,0,1
C00960,2024-07-25,Account Management,I was treated rudely on my last call and I want this addressed.,4,17,1,1
C00960,2022-11-05,Technical,I am very unhappy with the service. My complaint from last month is still open.,4,7,1,1
C00960,2022-02-18,Account Management,I would like to check my current balance please.,1,2,0,1
C00961,2024-09-13,Outage,I need to change my contact phone number on the account.,1,3,0,1
C00961,2023-10-20,Outage,Response time was a bit slower than last time I called.,2,6,0,1
C00961,2024-08-01,Meter Reading,I am very unhappy with the service. My complaint from last month is still open.,4,22,0,1
C00964,2024-12-13,Meter Reading,My bill was slightly higher than I expected this month.,2,6,0,1
C00964,2024-02-21,Billing,I am contacting my lawyer. This is negligent and completely unacceptable.,5,18,1,0
C00964,2024-05-12,Outage,I would like to know my current contract end date.,1,6,0,1
C00965,2024-04-23,Meter Reading,I want to cancel my account. I have had enough of this terrible service.,5,11,1,1
C00965,2024-09-28,Meter Reading,Can you confirm my direct debit amount?,1,8,0,0
C00966,2022-03-13,Service Quality,The email confirmation for my account change took two days to arrive.,2,3,1,1
C00966,2024-07-28,Service Quality,The online chat bot could not help me and I had to call anyway.,3,2,1,1
C00967,2024-01-06,Account Management,The website was slow when I tried to log in yesterday.,2,10,0,1
C00968,2022-11-15,Meter Reading,The website was slow when I tried to log in yesterday.,2,11,1,1
C00969,2023-04-18,Meter Reading,The website was slow when I tried to log in yesterday.,2,14,1,1
C00969,2023-11-12,Meter Reading,I would like to check my current balance please.,1,4,0,0
C00970,2022-02-22,Meter Reading,I have been without power for five days and your team does not care at all.,5,13,1,0
C00970,2023-06-04,Meter Reading,The website was slow when I tried to log in yesterday.,2,1,0,0
C00970,2024-08-07,Meter Reading,I want a formal complaint registered. This has gone on too long.,4,23,0,1
C00971,2024-12-27,Billing,The technician arrived a bit late but did a good job.,2,4,1,0
C00971,2023-01-05,Service Quality,The level of service I am receiving is completely unacceptable.,4,3,0,0
C00971,2023-08-04,Outage,Quick question about the new tariff letter I received.,1,6,0,1
C00971,2024-09-04,Account Management,The technician did not show up at the agreed time without any notice.,3,1,1,1
C00972,2023-12-05,Billing,My account was charged incorrectly and I am still waiting for a credit.,3,17,0,1
C00973,2022-12-10,Account Management,I have been without power for five days and your team does not care at all.,5,18,0,1
C00973,2022-12-26,Service Quality,My meter reading submission didn't go through on the first try.,2,12,0,1
C00974,2024-10-11,Meter Reading,I have been trying to get this resolved for two weeks now.,3,9,0,1
C00974,2023-04-10,Billing,"Three technicians, three no-shows. I have lost my patience entirely.",5,3,1,1
C00974,2022-08-25,Meter Reading,"Three technicians, three no-shows. I have lost my patience entirely.",5,6,1,0
C00974,2022-10-17,Billing,I have escalated this complaint twice and it is still not resolved.,4,10,0,1
C00975,2022-12-10,Outage,I was treated rudely on my last call and I want this addressed.,4,5,1,0
C00976,2024-09-04,Billing,Calling to update my billing address.,1,6,0,1
C00976,2023-04-10,Service Quality,I am switching providers immediately. I cannot tolerate this incompetence.,5,29,0,0
C00977,2022-04-23,Technical,Response time was a bit slower than last time I called.,2,8,1,1
C00977,2024-08-16,Technical,I had trouble navigating the new online portal at first.,2,3,1,1
C00977,2023-08-25,Account Management,My meter reading submission didn't go through on the first try.,2,5,0,0
C00978,2023-12-19,Meter Reading,My account was charged incorrectly and I am still waiting for a credit.,3,15,0,1
C00978,2024-07-11,Account Management,The email confirmation for my account change took two days to arrive.,2,4,0,1
C00979,2022-07-27,Meter Reading,The technician arrived a bit late but did a good job.,2,3,0,0
C00979,2024-03-26,Account Management,My account was charged incorrectly and I am still waiting for a credit.,3,17,0,0
C00979,2024-03-03,Technical,My meter reading submission didn't go through on the first try.,2,9,0,1
C00981,2023-12-02,Technical,I want to switch to paperless billing.,1,5,1,1
C00982,2024-06-15,Service Quality,I want to switch to paperless billing.,1,6,0,1
C00982,2024-02-17,Billing,Could you send me a copy of last month's bill?,1,8,0,1
C00983,2023-06-27,Meter Reading,Calling to update my billing address.,1,2,0,1
C00983,2022-09-24,Billing,The online chat bot could not help me and I had to call anyway.,3,7,1,0
C00983,2023-05-16,Meter Reading,I waited longer than usual for a callback but it came eventually.,2,9,0,1
C00984,2022-01-26,Billing,My account was charged incorrectly and I am still waiting for a credit.,3,2,1,1
C00985,2022-06-20,Service Quality,Can you confirm my direct debit amount?,1,7,0,1
C00985,2023-04-15,Account Management,I am not satisfied with how my previous complaint was handled.,3,4,0,0
C00986,2022-10-04,Technical,The technician arrived a bit late but did a good job.,2,5,0,1
C00986,2024-05-24,Technical,The rate increase was not communicated clearly and came as a surprise.,3,3,0,1
C00987,2023-11-04,Service Quality,"Three technicians, three no-shows. I have lost my patience entirely.",5,16,0,0
C00987,2022-02-06,Technical,I want to switch to paperless billing.,1,1,1,1
C00988,2022-08-03,Billing,My account was charged incorrectly and I am still waiting for a credit.,3,13,0,1
C00988,2023-01-05,Outage,Could you send me a copy of last month's bill?,1,9,0,1
C00990,2024-11-22,Outage,The website was slow when I tried to log in yesterday.,2,9,1,1
C00990,2023-04-19,Outage,My bill was slightly higher than I expected this month.,2,5,0,1
C00990,2023-09-22,Outage,I am switching providers immediately. I cannot tolerate this incompetence.,5,5,1,0
C00990,2022-08-21,Outage,I have been waiting over a week for someone to call me back.,3,14,1,1
C00990,2022-09-18,Outage,I have been trying to get this resolved for two weeks now.,3,3,1,1
C00990,2022-05-14,Technical,I am not satisfied with how my previous complaint was handled.,3,19,1,0
C00992,2023-07-26,Meter Reading,The customer service agent I spoke to was not very helpful.,3,9,1,1
C00993,2022-05-14,Billing,The website was slow when I tried to log in yesterday.,2,6,1,0
C00993,2023-06-26,Meter Reading,I waited longer than usual for a callback but it came eventually.,2,13,0,1
C00993,2024-05-14,Account Management,My meter reading submission didn't go through on the first try.,2,11,0,1
C00994,2024-07-22,Billing,Nobody in your company seems to take responsibility for anything.,4,2,0,1
C00994,2024-05-14,Technical,The technician did not show up at the agreed time without any notice.,3,8,1,1
C00994,2022-06-16,Outage,I would like to check my current balance please.,1,7,0,1
C00995,2024-02-08,Service Quality,My meter reading submission didn't go through on the first try.,2,7,0,0
C00995,2022-07-04,Outage,My account was charged incorrectly and I am still waiting for a credit.,3,16,0,0
C00995,2024-10-23,Technical,I am not satisfied with how my previous complaint was handled.,3,3,0,1
C00995,2022-07-18,Meter Reading,The website was slow when I tried to log in yesterday.,2,7,0,0
C00995,2022-08-22,Outage,Can you confirm my direct debit amount?,1,2,0,1
C00996,2022-03-20,Meter Reading,Your company has overcharged me for months and nobody will fix it.,5,28,0,0
C00996,2022-08-13,Outage,My bill has errors and I have had to call twice about the same issue.,3,3,0,1
C00996,2023-12-16,Billing,Calling to update my billing address.,1,9,0,1
C00997,2023-01-27,Outage,Response time was a bit slower than last time I called.,2,6,1,1
C00997,2023-07-11,Billing,Response time was a bit slower than last time I called.,2,1,0,1
C00997,2024-02-15,Service Quality,My account was charged incorrectly and I am still waiting for a credit.,3,11,0,1
C00998,2024-05-07,Billing,I had trouble navigating the new online portal at first.,2,4,0,1
C00998,2022-04-05,Account Management,Response time was a bit slower than last time I called.,2,14,0,0
C00999,2022-09-01,Technical,Just checking when my next meter read is scheduled.,1,3,1,1
C00999,2023-04-11,Account Management,My bill has errors and I have had to call twice about the same issue.,3,19,1,1
C00999,2022-10-19,Outage,The customer service agent I spoke to was not very helpful.,3,4,0,1
C01000,2022-12-22,Service Quality,I am very unhappy with the service. My complaint from last month is still open.,4,5,0,1
C01000,2022-01-14,Billing,I am contacting my lawyer. This is negligent and completely unacceptable.,5,21,1,0
