cust_id,date_of_complaint,issue_type,feedback_text,priority_level,days_to_resolve,is_escalated,is_resolved
C00001,2022-02-26,Account Management,My service was cut off without warning. I demand an explanation.,5,11,0,1
C00001,2024-05-24,Service Quality,The technician never showed up. I took a day off work for nothing.,4,6,1,1
C00001,2023-04-03,Account Management,Account change was processed but took a few extra days.,3,21,0,0
C00001,2022-10-14,Account Management,This is the worst experience I have ever had. Planning to switch provider immediately.,5,16,0,0
C00002,2022-11-05,Account Management,Technician arrived on time but the fix took longer than expected.,2,7,0,1
C00003,2023-12-01,Meter Reading,No major problems but the website is a bit slow.,2,0,0,1
C00005,2022-05-10,Technical,Service is generally okay. Had a minor billing discrepancy last month.,4,23,0,0
C00005,2024-09-15,Meter Reading,I am absolutely furious — my bill doubled for no reason and no one can explain it.,4,22,1,1
C00005,2022-07-26,Service Quality,I am done. Switching to a competitor as soon as possible. Nightmare.,4,6,1,0
C00005,2022-05-26,Outage,My service was cut off without warning. I demand an explanation.,5,11,0,1
C00005,2023-08-11,Outage,Billing errors again! Third month in a row. Completely incompetent.,4,8,1,1
C00005,2024-01-05,Meter Reading,This is the worst experience I have ever had. Planning to switch provider immediately.,3,7,0,0
C00008,2024-02-06,Service Quality,I am done. Switching to a competitor as soon as possible. Nightmare.,3,17,0,0
C00008,2024-04-10,Technical,"Terrible service, waited 3 weeks for someone to show up. Completely unacceptable.",4,6,0,0
C00008,2023-06-04,Outage,I have called 7 times and nobody fixes the problem. I want to cancel my account.,3,21,1,0
C00009,2022-05-10,Billing,The support person was polite but couldn't fully resolve my issue.,1,3,0,1
C00011,2023-10-22,Meter Reading,No major problems but the website is a bit slow.,3,7,0,1
C00011,2024-10-23,Meter Reading,Very pleased with the resolution. Great team.,1,2,0,1
C00012,2023-12-13,Outage,Very pleased with the resolution. Great team.,1,7,0,1
C00013,2022-11-22,Service Quality,I have called 7 times and nobody fixes the problem. I want to cancel my account.,5,16,0,0
C00013,2022-02-14,Service Quality,The technician never showed up. I took a day off work for nothing.,3,24,0,0
C00013,2024-03-23,Technical,Technician arrived on time but the fix took longer than expected.,5,5,0,0
C00013,2024-08-02,Account Management,The outage was resolved. It would have been nice to get a notification.,3,22,1,1
C00015,2024-01-05,Outage,Nothing special to report. Service has been average.,3,4,1,1
C00016,2024-12-25,Service Quality,Unresponsive support and endless hold times. Absolutely awful.,2,1,0,1
C00017,2022-05-20,Meter Reading,I am done. Switching to a competitor as soon as possible. Nightmare.,1,2,1,1
C00018,2024-11-20,Billing,"Love the online portal, makes managing my account super easy.",2,0,0,1
C00019,2023-01-01,Service Quality,"Love the online portal, makes managing my account super easy.",2,3,0,1
C00020,2023-11-17,Billing,Technician arrived on time but the fix took longer than expected.,2,2,0,1
C00021,2024-06-05,Service Quality,Billing seems correct this month. Last month there was a small issue.,3,0,0,1
C00022,2024-02-20,Outage,My service was cut off without warning. I demand an explanation.,5,22,0,0
C00022,2023-08-08,Technical,My outage has been going on for 5 days and no one cares. Disgusting.,3,15,1,0
C00022,2024-08-27,Service Quality,I have called 7 times and nobody fixes the problem. I want to cancel my account.,5,18,1,1
C00022,2023-12-01,Billing,I am done. Switching to a competitor as soon as possible. Nightmare.,5,7,0,0
C00022,2022-06-04,Account Management,Nothing special to report. Service has been average.,5,18,0,1
C00023,2022-08-20,Technical,Billing seems correct this month. Last month there was a small issue.,1,0,0,1
C00023,2023-10-14,Technical,The support team was extremely helpful and resolved my issue quickly.,2,6,0,0
C00024,2023-06-03,Meter Reading,Had to follow up twice to get my meter reading corrected.,1,4,0,1
C00024,2022-09-07,Billing,Technician arrived on time but the fix took longer than expected.,1,1,0,1
C00026,2022-12-07,Billing,"Outstanding service quality, no issues whatsoever.",1,1,0,1
C00026,2024-03-14,Meter Reading,Very pleased with the resolution. Great team.,2,6,0,0
C00028,2023-09-21,Billing,Nothing special to report. Service has been average.,3,2,0,1
C00029,2024-08-21,Billing,My service was cut off without warning. I demand an explanation.,3,26,1,1
C00029,2022-02-18,Technical,The support person was polite but couldn't fully resolve my issue.,3,9,0,0
C00029,2023-05-19,Meter Reading,I have called 7 times and nobody fixes the problem. I want to cancel my account.,4,23,0,0
C00030,2024-04-04,Account Management,Service interruption was brief. Would like better communication next time.,5,10,0,1
C00030,2023-01-13,Meter Reading,My service was cut off without warning. I demand an explanation.,3,18,0,0
C00030,2023-11-05,Outage,This is the worst experience I have ever had. Planning to switch provider immediately.,5,12,0,0
C00030,2023-04-12,Billing,I have called 7 times and nobody fixes the problem. I want to cancel my account.,3,28,0,1
C00031,2024-02-19,Outage,The support team was extremely helpful and resolved my issue quickly.,3,5,0,1
C00031,2023-09-05,Outage,"Quick and helpful customer service, thank you!",2,2,0,1
C00032,2024-07-06,Billing,I have called 7 times and nobody fixes the problem. I want to cancel my account.,3,9,1,0
C00032,2023-06-13,Service Quality,Technician arrived on time but the fix took longer than expected.,4,15,0,1
C00032,2023-09-22,Service Quality,Service is generally okay. Had a minor billing discrepancy last month.,3,9,0,1
C00032,2024-04-25,Account Management,Service is generally okay. Had a minor billing discrepancy last month.,5,10,1,0
C00032,2024-06-21,Account Management,Nothing special to report. Service has been average.,5,10,1,1
C00032,2024-07-07,Service Quality,"Terrible service, waited 3 weeks for someone to show up. Completely unacceptable.",3,29,1,0
C00033,2023-09-11,Meter Reading,"Excellent response time, I am very satisfied.",2,2,0,1
C00034,2022-04-13,Service Quality,The support person was polite but couldn't fully resolve my issue.,1,1,1,1
C00034,2023-04-17,Account Management,Account change was processed but took a few extra days.,1,6,0,1
C00035,2022-06-13,Account Management,Very pleased with the resolution. Great team.,2,7,0,0
C00037,2023-09-09,Account Management,Service is generally okay. Had a minor billing discrepancy last month.,1,7,0,1
C00037,2023-01-28,Billing,"Love the online portal, makes managing my account super easy.",2,1,0,0
C00038,2022-02-12,Billing,"Quick and helpful customer service, thank you!",3,0,0,1
C00038,2024-07-01,Service Quality,Very pleased with the resolution. Great team.,3,1,0,1
C00039,2024-11-13,Meter Reading,Nothing special to report. Service has been average.,3,3,0,1
C00041,2022-10-28,Account Management,The outage was resolved. It would have been nice to get a notification.,5,15,0,0
C00041,2024-10-09,Technical,The outage was resolved. It would have been nice to get a notification.,5,19,1,0
C00041,2024-12-28,Meter Reading,This is the worst experience I have ever had. Planning to switch provider immediately.,5,17,0,1
C00041,2022-07-27,Technical,Service interruption was brief. Would like better communication next time.,4,10,0,0
C00041,2023-02-03,Service Quality,My outage has been going on for 5 days and no one cares. Disgusting.,3,7,1,1
C00042,2024-11-11,Technical,The new meter reading service is fantastic.,1,5,0,1
C00043,2023-07-18,Technical,My service was cut off without warning. I demand an explanation.,4,25,0,1
C00043,2024-02-26,Service Quality,My service was cut off without warning. I demand an explanation.,4,10,0,1
C00043,2023-07-01,Technical,Technician arrived on time but the fix took longer than expected.,5,12,0,1
C00043,2023-08-20,Meter Reading,"Terrible service, waited 3 weeks for someone to show up. Completely unacceptable.",5,29,0,1
C00043,2023-04-21,Billing,My outage has been going on for 5 days and no one cares. Disgusting.,4,26,1,0
C00043,2024-09-13,Billing,Service interruption was brief. Would like better communication next time.,5,14,0,0
C00044,2023-01-23,Meter Reading,The new meter reading service is fantastic.,2,4,0,1
C00044,2022-07-25,Technical,No major problems but the website is a bit slow.,1,5,0,1
C00047,2024-10-23,Billing,This is the worst experience I have ever had. Planning to switch provider immediately.,4,14,0,0
C00047,2024-03-13,Account Management,The technician never showed up. I took a day off work for nothing.,4,9,1,1
C00047,2024-01-26,Meter Reading,I have called 7 times and nobody fixes the problem. I want to cancel my account.,3,8,1,1
C00049,2024-01-18,Account Management,The technician never showed up. I took a day off work for nothing.,3,7,0,1
C00049,2022-03-08,Technical,I am done. Switching to a competitor as soon as possible. Nightmare.,4,22,1,0
C00049,2024-04-19,Outage,Billing errors again! Third month in a row. Completely incompetent.,5,28,1,1
C00049,2023-05-08,Account Management,Had to follow up twice to get my meter reading corrected.,5,26,0,1
C00049,2023-06-22,Service Quality,This is the worst experience I have ever had. Planning to switch provider immediately.,5,14,1,1
C00049,2024-05-22,Service Quality,My outage has been going on for 5 days and no one cares. Disgusting.,3,5,1,0
C00050,2023-09-06,Outage,The new meter reading service is fantastic.,2,1,0,1
C00051,2022-09-05,Meter Reading,"Quick and helpful customer service, thank you!",2,5,0,1
C00051,2024-02-05,Meter Reading,The support person was polite but couldn't fully resolve my issue.,1,2,1,1
C00052,2024-08-11,Service Quality,My service was cut off without warning. I demand an explanation.,1,5,0,0
C00053,2023-10-28,Technical,The support team was extremely helpful and resolved my issue quickly.,1,7,0,1
C00053,2023-09-21,Service Quality,The support team was extremely helpful and resolved my issue quickly.,3,4,0,1
C00054,2022-01-26,Outage,Service interruption was brief. Would like better communication next time.,3,25,0,0
C00054,2022-07-02,Technical,The support person was polite but couldn't fully resolve my issue.,3,23,0,0
C00054,2022-11-12,Billing,The technician never showed up. I took a day off work for nothing.,4,20,1,1
C00054,2023-11-04,Outage,This is the worst experience I have ever had. Planning to switch provider immediately.,5,24,0,1
C00054,2022-06-21,Account Management,The support person was polite but couldn't fully resolve my issue.,3,26,0,1
C00054,2023-07-21,Service Quality,Service is generally okay. Had a minor billing discrepancy last month.,3,9,1,0
C00055,2024-04-21,Account Management,"Quick and helpful customer service, thank you!",2,0,0,1
C00055,2022-10-10,Outage,This is the worst experience I have ever had. Planning to switch provider immediately.,2,5,0,1
C00056,2023-01-06,Meter Reading,My service was cut off without warning. I demand an explanation.,5,24,0,1
C00056,2024-12-07,Account Management,The technician never showed up. I took a day off work for nothing.,3,22,0,1
C00056,2022-09-05,Billing,Nothing special to report. Service has been average.,3,18,0,0
C00056,2023-05-07,Service Quality,Billing seems correct this month. Last month there was a small issue.,4,8,0,1
C00056,2022-02-17,Technical,Had to follow up twice to get my meter reading corrected.,5,14,1,1
C00056,2023-06-25,Billing,Service interruption was brief. Would like better communication next time.,3,13,1,0
C00057,2022-04-11,Service Quality,Very pleased with the resolution. Great team.,3,0,0,1
C00057,2024-05-18,Account Management,I have called 7 times and nobody fixes the problem. I want to cancel my account.,1,4,0,1
C00058,2022-01-18,Outage,Billing errors again! Third month in a row. Completely incompetent.,1,6,0,0
C00059,2024-07-02,Outage,"Quick and helpful customer service, thank you!",1,3,0,1
C00059,2024-01-11,Outage,The technician never showed up. I took a day off work for nothing.,3,0,0,1
C00060,2024-10-24,Billing,My billing issue was resolved within hours. Highly recommend.,2,2,0,1
C00060,2023-09-07,Outage,My billing issue was resolved within hours. Highly recommend.,2,5,0,1
C00062,2022-09-14,Service Quality,My outage has been going on for 5 days and no one cares. Disgusting.,3,5,1,1
C00062,2024-03-17,Service Quality,The outage was resolved. It would have been nice to get a notification.,2,5,0,1
C00064,2024-11-07,Outage,Account change was processed but took a few extra days.,2,7,0,1
C00065,2022-02-02,Meter Reading,Nothing special to report. Service has been average.,5,28,0,1
C00065,2023-03-09,Meter Reading,This is the worst experience I have ever had. Planning to switch provider immediately.,3,7,1,1
C00065,2023-05-18,Account Management,My outage has been going on for 5 days and no one cares. Disgusting.,5,22,0,0
C00065,2022-05-06,Meter Reading,"Terrible service, waited 3 weeks for someone to show up. Completely unacceptable.",5,10,0,1
C00065,2024-06-04,Service Quality,No major problems but the website is a bit slow.,3,8,0,0
C00065,2024-05-13,Meter Reading,This is the worst experience I have ever had. Planning to switch provider immediately.,5,20,0,0
C00066,2022-11-22,Billing,Unresponsive support and endless hold times. Absolutely awful.,2,4,0,1
C00066,2023-04-18,Outage,"Very happy with the service, everything works great.",2,1,0,1
C00067,2024-03-23,Account Management,The support team was extremely helpful and resolved my issue quickly.,3,6,0,1
C00067,2023-05-12,Service Quality,"Love the online portal, makes managing my account super easy.",1,4,0,1
C00068,2023-04-23,Billing,Had to follow up twice to get my meter reading corrected.,4,13,1,1
C00068,2023-03-11,Meter Reading,The outage was resolved. It would have been nice to get a notification.,5,23,1,0
C00068,2024-07-09,Service Quality,My outage has been going on for 5 days and no one cares. Disgusting.,3,11,0,0
C00069,2023-02-17,Technical,Had to follow up twice to get my meter reading corrected.,3,5,0,1
C00069,2022-10-01,Meter Reading,Technician arrived on time but the fix took longer than expected.,1,0,0,1
C00070,2023-08-03,Account Management,Service interruption was brief. Would like better communication next time.,2,5,1,1
C00070,2023-07-03,Service Quality,Nothing special to report. Service has been average.,2,7,0,1
C00072,2022-06-19,Service Quality,Technician arrived on time but the fix took longer than expected.,2,4,0,1
C00073,2022-08-04,Outage,Billing errors again! Third month in a row. Completely incompetent.,4,23,1,1
C00073,2022-06-14,Meter Reading,My outage has been going on for 5 days and no one cares. Disgusting.,3,25,0,1
C00073,2024-12-02,Billing,Nothing special to report. Service has been average.,3,9,0,0
C00073,2024-09-17,Billing,The outage was resolved. It would have been nice to get a notification.,4,26,1,0
C00075,2024-12-12,Billing,Had to follow up twice to get my meter reading corrected.,3,4,0,1
C00076,2023-09-15,Outage,Had to follow up twice to get my meter reading corrected.,5,15,0,0
C00076,2023-06-01,Billing,My service was cut off without warning. I demand an explanation.,3,16,0,1
C00076,2024-10-08,Service Quality,This is the worst experience I have ever had. Planning to switch provider immediately.,5,11,1,1
C00077,2022-10-16,Billing,I have called 7 times and nobody fixes the problem. I want to cancel my account.,4,12,0,1
C00077,2022-06-09,Account Management,My outage has been going on for 5 days and no one cares. Disgusting.,5,21,0,0
C00077,2024-10-07,Billing,My outage has been going on for 5 days and no one cares. Disgusting.,5,20,1,0
C00077,2024-07-27,Account Management,Billing seems correct this month. Last month there was a small issue.,5,20,1,0
C00079,2024-02-16,Outage,Service is generally okay. Had a minor billing discrepancy last month.,2,2,0,1
C00080,2022-07-03,Technical,The technician never showed up. I took a day off work for nothing.,3,18,0,0
C00080,2024-06-25,Billing,I have called 7 times and nobody fixes the problem. I want to cancel my account.,3,8,1,0
C00080,2023-11-14,Billing,"Terrible service, waited 3 weeks for someone to show up. Completely unacceptable.",5,27,1,0
C00080,2022-04-08,Account Management,Had to follow up twice to get my meter reading corrected.,4,19,1,1
C00080,2024-02-26,Billing,The technician never showed up. I took a day off work for nothing.,3,14,0,0
C00081,2024-01-28,Account Management,I am absolutely furious — my bill doubled for no reason and no one can explain it.,2,1,1,1
C00082,2024-04-24,Meter Reading,Had to follow up twice to get my meter reading corrected.,3,4,0,1
C00083,2024-06-14,Billing,"Excellent response time, I am very satisfied.",2,7,0,1
C00083,2023-05-09,Outage,No major problems but the website is a bit slow.,2,5,0,1
C00085,2024-05-01,Meter Reading,Nothing special to report. Service has been average.,1,0,0,1
C00086,2024-09-21,Service Quality,My billing issue was resolved within hours. Highly recommend.,3,4,0,1
C00086,2024-05-03,Meter Reading,Service interruption was brief. Would like better communication next time.,2,3,0,1
C00087,2022-08-14,Service Quality,I am absolutely furious — my bill doubled for no reason and no one can explain it.,5,29,0,1
C00087,2023-02-10,Outage,I have called 7 times and nobody fixes the problem. I want to cancel my account.,3,27,1,1
C00087,2023-12-13,Billing,Nothing special to report. Service has been average.,4,9,0,0
C00087,2023-09-19,Account Management,Billing seems correct this month. Last month there was a small issue.,4,16,1,1
C00088,2023-10-22,Outage,"Outstanding service quality, no issues whatsoever.",1,0,0,1
C00088,2022-03-14,Service Quality,The technician never showed up. I took a day off work for nothing.,2,7,1,1
C00089,2023-01-03,Billing,"Quick and helpful customer service, thank you!",3,3,1,1
C00089,2024-02-04,Outage,My outage has been going on for 5 days and no one cares. Disgusting.,3,5,0,1
C00090,2024-06-02,Service Quality,Unresponsive support and endless hold times. Absolutely awful.,3,17,1,1
C00090,2023-08-21,Service Quality,My service was cut off without warning. I demand an explanation.,4,15,1,0
C00090,2022-10-11,Meter Reading,Had to follow up twice to get my meter reading corrected.,3,6,0,1
C00090,2022-11-14,Outage,Nothing special to report. Service has been average.,3,5,1,0
C00090,2024-12-06,Outage,The outage was resolved. It would have been nice to get a notification.,5,13,1,0
C00092,2024-12-20,Service Quality,The technician never showed up. I took a day off work for nothing.,5,5,0,1
C00092,2023-10-11,Account Management,Had to follow up twice to get my meter reading corrected.,5,17,0,1
C00092,2024-03-02,Outage,"Terrible service, waited 3 weeks for someone to show up. Completely unacceptable.",4,20,0,1
C00092,2023-10-07,Meter Reading,My outage has been going on for 5 days and no one cares. Disgusting.,3,20,1,0
C00093,2022-11-04,Outage,I am absolutely furious — my bill doubled for no reason and no one can explain it.,1,3,0,0
C00094,2024-05-03,Outage,My outage has been going on for 5 days and no one cares. Disgusting.,2,2,0,1
C00095,2023-10-07,Outage,The support person was polite but couldn't fully resolve my issue.,2,6,0,1
C00096,2022-12-07,Billing,I am done. Switching to a competitor as soon as possible. Nightmare.,4,26,1,0
C00096,2022-12-06,Service Quality,I have called 7 times and nobody fixes the problem. I want to cancel my account.,3,6,1,1
C00096,2024-08-11,Account Management,This is the worst experience I have ever had. Planning to switch provider immediately.,3,12,0,1
C00096,2024-07-24,Billing,"Terrible service, waited 3 weeks for someone to show up. Completely unacceptable.",5,17,0,0
C00096,2023-03-05,Technical,Unresponsive support and endless hold times. Absolutely awful.,5,29,0,1
C00097,2024-04-18,Outage,"Great experience, the technician was professional and efficient.",1,3,0,1
C00100,2022-12-14,Technical,I am done. Switching to a competitor as soon as possible. Nightmare.,3,0,1,0
C00100,2022-11-06,Technical,The support team was extremely helpful and resolved my issue quickly.,1,3,0,1
C00101,2024-01-27,Meter Reading,"Quick and helpful customer service, thank you!",3,3,0,1
C00101,2024-07-22,Meter Reading,The new meter reading service is fantastic.,2,0,0,1
C00102,2023-10-03,Technical,I am done. Switching to a competitor as soon as possible. Nightmare.,3,29,0,1
C00102,2023-08-27,Outage,The outage was resolved. It would have been nice to get a notification.,5,27,0,1
C00102,2022-02-08,Outage,I have called 7 times and nobody fixes the problem. I want to cancel my account.,3,18,1,1
C00102,2023-09-24,Account Management,I have called 7 times and nobody fixes the problem. I want to cancel my account.,3,26,0,0
C00102,2024-06-08,Technical,Billing errors again! Third month in a row. Completely incompetent.,5,24,1,1
C00103,2022-04-20,Service Quality,"Very happy with the service, everything works great.",3,2,0,1
C00103,2022-02-28,Meter Reading,"Outstanding service quality, no issues whatsoever.",1,2,0,1
C00104,2023-09-13,Billing,"Quick and helpful customer service, thank you!",1,0,0,1
C00105,2024-08-24,Account Management,Billing seems correct this month. Last month there was a small issue.,3,7,0,1
C00108,2023-07-20,Meter Reading,Nothing special to report. Service has been average.,4,16,0,0
C00108,2024-12-28,Meter Reading,Account change was processed but took a few extra days.,4,5,0,0
C00108,2022-08-02,Service Quality,Account change was processed but took a few extra days.,4,13,0,1
C00110,2024-06-06,Service Quality,Nothing special to report. Service has been average.,2,6,0,1
C00110,2023-12-07,Account Management,Account change was processed but took a few extra days.,3,7,0,1
C00112,2023-05-07,Meter Reading,The new meter reading service is fantastic.,3,6,0,1
C00112,2023-10-15,Account Management,Very pleased with the resolution. Great team.,1,5,0,1
C00114,2023-02-26,Billing,The support team was extremely helpful and resolved my issue quickly.,3,2,0,1
C00115,2024-06-03,Account Management,The technician never showed up. I took a day off work for nothing.,3,14,0,1
C00115,2022-01-16,Outage,"Terrible service, waited 3 weeks for someone to show up. Completely unacceptable.",3,28,0,0
C00115,2024-03-08,Billing,This is the worst experience I have ever had. Planning to switch provider immediately.,4,17,1,1
C00115,2022-05-02,Meter Reading,This is the worst experience I have ever had. Planning to switch provider immediately.,3,25,0,0
C00115,2022-05-21,Technical,Service is generally okay. Had a minor billing discrepancy last month.,5,5,1,0
C00117,2024-02-05,Outage,My outage has been going on for 5 days and no one cares. Disgusting.,4,7,0,0
C00117,2023-04-21,Billing,"Terrible service, waited 3 weeks for someone to show up. Completely unacceptable.",4,26,0,1
C00117,2023-01-11,Outage,Service interruption was brief. Would like better communication next time.,4,9,0,1
C00121,2022-08-02,Account Management,Technician arrived on time but the fix took longer than expected.,3,3,0,1
C00123,2023-09-21,Outage,Unresponsive support and endless hold times. Absolutely awful.,2,2,1,1
C00123,2022-01-27,Account Management,"Excellent response time, I am very satisfied.",2,4,0,1
C00124,2024-11-09,Outage,Very pleased with the resolution. Great team.,2,7,0,1
C00127,2024-11-06,Billing,Service interruption was brief. Would like better communication next time.,3,5,0,1
C00129,2022-04-09,Billing,I have called 7 times and nobody fixes the problem. I want to cancel my account.,2,0,0,1
C00129,2024-11-14,Service Quality,"Quick and helpful customer service, thank you!",3,5,1,1
C00131,2023-07-28,Meter Reading,Billing seems correct this month. Last month there was a small issue.,3,2,0,1
C00132,2024-01-10,Meter Reading,Billing errors again! Third month in a row. Completely incompetent.,2,3,0,0
C00132,2024-02-28,Meter Reading,The support person was polite but couldn't fully resolve my issue.,2,5,0,1
C00133,2024-02-14,Technical,"Excellent response time, I am very satisfied.",3,0,1,1
C00134,2024-06-22,Meter Reading,Billing seems correct this month. Last month there was a small issue.,2,1,0,0
C00136,2023-04-16,Meter Reading,"Great experience, the technician was professional and efficient.",1,2,0,1
C00136,2023-10-18,Meter Reading,"Love the online portal, makes managing my account super easy.",2,3,0,1
C00139,2023-01-04,Service Quality,I am done. Switching to a competitor as soon as possible. Nightmare.,3,27,0,1
C00139,2024-10-04,Outage,Account change was processed but took a few extra days.,4,26,0,1
C00139,2022-11-12,Service Quality,Nothing special to report. Service has been average.,5,12,1,1
C00139,2023-04-22,Technical,This is the worst experience I have ever had. Planning to switch provider immediately.,3,6,1,0
C00140,2022-05-15,Account Management,Unresponsive support and endless hold times. Absolutely awful.,5,9,0,1
C00140,2022-08-28,Billing,My service was cut off without warning. I demand an explanation.,3,15,0,1
C00140,2023-01-21,Outage,The support person was polite but couldn't fully resolve my issue.,4,7,1,1
C00140,2024-09-22,Technical,This is the worst experience I have ever had. Planning to switch provider immediately.,3,12,0,1
C00140,2022-12-25,Billing,My service was cut off without warning. I demand an explanation.,5,28,0,0
C00141,2024-02-25,Service Quality,"Very happy with the service, everything works great.",2,7,0,1
C00142,2024-12-20,Technical,My outage has been going on for 5 days and no one cares. Disgusting.,3,11,1,0
C00142,2023-04-11,Meter Reading,Service is generally okay. Had a minor billing discrepancy last month.,5,23,1,0
C00142,2022-08-21,Service Quality,Account change was processed but took a few extra days.,4,19,0,1
C00142,2022-06-25,Billing,Service is generally okay. Had a minor billing discrepancy last month.,4,24,0,1
C00142,2022-10-12,Outage,I am done. Switching to a competitor as soon as possible. Nightmare.,4,22,0,1
C00143,2023-09-04,Technical,"Outstanding service quality, no issues whatsoever.",3,4,0,1
C00145,2023-11-26,Service Quality,The support team was extremely helpful and resolved my issue quickly.,1,0,0,1
C00145,2023-11-18,Technical,Very pleased with the resolution. Great team.,3,6,0,1
C00146,2024-05-01,Account Management,The support person was polite but couldn't fully resolve my issue.,3,6,0,1
C00146,2024-08-28,Technical,The outage was resolved. It would have been nice to get a notification.,3,1,0,1
C00147,2024-07-07,Service Quality,I have called 7 times and nobody fixes the problem. I want to cancel my account.,3,12,1,1
C00147,2023-04-19,Meter Reading,The technician never showed up. I took a day off work for nothing.,3,25,1,0
C00147,2023-06-05,Service Quality,Billing seems correct this month. Last month there was a small issue.,5,8,0,1
C00147,2024-03-27,Outage,No major problems but the website is a bit slow.,3,5,0,1
C00147,2023-11-02,Meter Reading,I have called 7 times and nobody fixes the problem. I want to cancel my account.,4,13,1,1
C00147,2023-04-02,Account Management,Unresponsive support and endless hold times. Absolutely awful.,4,16,0,0
C00148,2022-07-03,Billing,Nothing special to report. Service has been average.,4,8,1,1
C00148,2022-10-28,Technical,No major problems but the website is a bit slow.,5,28,0,0
C00148,2022-04-06,Account Management,"Terrible service, waited 3 weeks for someone to show up. Completely unacceptable.",5,21,1,1
C00148,2024-12-06,Service Quality,My outage has been going on for 5 days and no one cares. Disgusting.,3,17,0,0
C00148,2024-03-10,Service Quality,This is the worst experience I have ever had. Planning to switch provider immediately.,3,23,0,1
C00149,2024-09-21,Billing,I am done. Switching to a competitor as soon as possible. Nightmare.,3,11,1,0
C00149,2024-01-04,Meter Reading,This is the worst experience I have ever had. Planning to switch provider immediately.,3,8,1,0
C00149,2024-05-13,Account Management,No major problems but the website is a bit slow.,5,11,0,0
C00149,2024-12-04,Service Quality,The technician never showed up. I took a day off work for nothing.,3,22,0,1
C00150,2022-07-13,Meter Reading,No major problems but the website is a bit slow.,1,1,0,1
C00150,2023-01-15,Service Quality,I am done. Switching to a competitor as soon as possible. Nightmare.,1,0,0,1
C00152,2024-12-23,Account Management,No major problems but the website is a bit slow.,1,1,0,1
C00152,2023-01-10,Technical,The new meter reading service is fantastic.,2,4,0,1
C00154,2022-10-05,Billing,This is the worst experience I have ever had. Planning to switch provider immediately.,1,7,0,1
C00154,2023-11-11,Technical,Nothing special to report. Service has been average.,2,1,0,1
C00155,2022-11-21,Meter Reading,Service is generally okay. Had a minor billing discrepancy last month.,4,21,0,1
C00155,2022-10-22,Technical,This is the worst experience I have ever had. Planning to switch provider immediately.,3,20,1,1
C00155,2024-07-22,Outage,Technician arrived on time but the fix took longer than expected.,4,7,0,1
C00156,2024-06-13,Service Quality,"Very happy with the service, everything works great.",3,2,0,1
C00156,2022-05-10,Billing,The support team was extremely helpful and resolved my issue quickly.,3,2,0,1
C00157,2022-11-09,Meter Reading,Technician arrived on time but the fix took longer than expected.,4,16,0,1
C00157,2023-01-28,Outage,My service was cut off without warning. I demand an explanation.,3,12,1,1
C00157,2024-08-26,Service Quality,My service was cut off without warning. I demand an explanation.,4,11,0,1
C00157,2024-08-17,Meter Reading,I have called 7 times and nobody fixes the problem. I want to cancel my account.,4,27,1,0
C00157,2022-04-15,Technical,"Terrible service, waited 3 weeks for someone to show up. Completely unacceptable.",3,16,0,0
C00158,2023-01-08,Outage,Had to follow up twice to get my meter reading corrected.,1,0,0,1
C00159,2023-12-21,Outage,Service interruption was brief. Would like better communication next time.,1,2,0,1
C00159,2022-02-15,Service Quality,The new meter reading service is fantastic.,1,3,0,1
C00160,2023-07-04,Meter Reading,My billing issue was resolved within hours. Highly recommend.,3,3,0,1
C00160,2023-07-05,Meter Reading,"Love the online portal, makes managing my account super easy.",1,3,1,1
C00161,2023-04-15,Meter Reading,"Terrible service, waited 3 weeks for someone to show up. Completely unacceptable.",1,3,0,1
C00161,2024-11-26,Technical,"Great experience, the technician was professional and efficient.",2,4,0,1
C00162,2024-02-04,Account Management,My billing issue was resolved within hours. Highly recommend.,1,5,0,1
C00162,2024-11-01,Outage,"Excellent response time, I am very satisfied.",1,3,0,1
C00164,2023-01-24,Outage,Unresponsive support and endless hold times. Absolutely awful.,3,9,0,0
C00164,2023-07-11,Account Management,My service was cut off without warning. I demand an explanation.,3,25,0,0
C00164,2023-12-15,Account Management,Billing seems correct this month. Last month there was a small issue.,5,10,1,0
C00164,2023-07-12,Meter Reading,"Terrible service, waited 3 weeks for someone to show up. Completely unacceptable.",4,5,1,1
C00164,2023-06-25,Account Management,The technician never showed up. I took a day off work for nothing.,4,12,0,0
C00165,2024-03-26,Technical,Billing errors again! Third month in a row. Completely incompetent.,5,12,0,0
C00165,2024-09-07,Service Quality,I am absolutely furious — my bill doubled for no reason and no one can explain it.,3,19,0,0
C00165,2024-02-12,Account Management,My service was cut off without warning. I demand an explanation.,3,26,0,0
C00167,2023-03-18,Account Management,Billing errors again! Third month in a row. Completely incompetent.,1,0,0,1
C00168,2022-08-26,Technical,The technician never showed up. I took a day off work for nothing.,3,25,1,1
C00168,2024-06-20,Meter Reading,I am done. Switching to a competitor as soon as possible. Nightmare.,4,5,1,0
C00168,2023-08-13,Outage,Nothing special to report. Service has been average.,5,10,0,0
C00168,2022-08-24,Technical,Billing errors again! Third month in a row. Completely incompetent.,3,22,0,1
C00169,2024-12-06,Technical,I am absolutely furious — my bill doubled for no reason and no one can explain it.,3,5,0,1
C00170,2023-12-23,Service Quality,My service was cut off without warning. I demand an explanation.,4,12,0,0
C00170,2023-10-24,Technical,Unresponsive support and endless hold times. Absolutely awful.,5,19,0,0
C00170,2022-02-21,Meter Reading,I am absolutely furious — my bill doubled for no reason and no one can explain it.,4,21,0,0
C00172,2024-07-23,Service Quality,I have called 7 times and nobody fixes the problem. I want to cancel my account.,5,15,0,0
C00172,2024-08-27,Service Quality,Service is generally okay. Had a minor billing discrepancy last month.,3,7,1,0
C00172,2024-05-27,Meter Reading,I have called 7 times and nobody fixes the problem. I want to cancel my account.,5,21,1,1
C00172,2023-09-12,Meter Reading,The outage was resolved. It would have been nice to get a notification.,4,6,0,0
C00172,2023-02-13,Billing,I have called 7 times and nobody fixes the problem. I want to cancel my account.,3,12,1,1
C00172,2024-02-05,Account Management,I have called 7 times and nobody fixes the problem. I want to cancel my account.,3,7,1,1
C00174,2024-04-14,Outage,Account change was processed but took a few extra days.,5,27,1,1
C00174,2024-12-25,Account Management,I am absolutely furious — my bill doubled for no reason and no one can explain it.,4,13,0,1
C00174,2023-02-28,Service Quality,I have called 7 times and nobody fixes the problem. I want to cancel my account.,5,8,0,1
C00175,2023-07-28,Meter Reading,The outage was resolved. It would have been nice to get a notification.,3,28,0,0
C00175,2023-02-03,Account Management,I am absolutely furious — my bill doubled for no reason and no one can explain it.,3,26,0,1
C00175,2022-02-26,Meter Reading,My service was cut off without warning. I demand an explanation.,4,19,0,1
C00175,2023-06-15,Outage,My service was cut off without warning. I demand an explanation.,4,28,1,0
C00178,2023-07-09,Outage,This is the worst experience I have ever had. Planning to switch provider immediately.,3,2,1,1
C00178,2023-01-28,Billing,Very pleased with the resolution. Great team.,3,5,0,1
C00180,2024-01-02,Service Quality,"Very happy with the service, everything works great.",1,4,0,1
C00181,2023-11-21,Meter Reading,I am absolutely furious — my bill doubled for no reason and no one can explain it.,3,2,0,1
C00181,2023-04-20,Account Management,"Excellent response time, I am very satisfied.",1,4,0,1
C00184,2024-06-03,Technical,This is the worst experience I have ever had. Planning to switch provider immediately.,4,28,0,0
C00184,2024-11-07,Outage,"Terrible service, waited 3 weeks for someone to show up. Completely unacceptable.",4,5,1,0
C00184,2024-12-09,Billing,"Terrible service, waited 3 weeks for someone to show up. Completely unacceptable.",3,18,0,1
C00184,2024-04-13,Account Management,Account change was processed but took a few extra days.,4,16,1,1
C00184,2024-02-01,Service Quality,I am absolutely furious — my bill doubled for no reason and no one can explain it.,5,24,0,1
C00185,2024-07-02,Meter Reading,"Terrible service, waited 3 weeks for someone to show up. Completely unacceptable.",3,17,1,1
C00185,2024-07-19,Technical,I have called 7 times and nobody fixes the problem. I want to cancel my account.,4,6,0,1
C00185,2024-11-09,Account Management,I am done. Switching to a competitor as soon as possible. Nightmare.,5,11,0,0
C00186,2023-11-04,Service Quality,The outage was resolved. It would have been nice to get a notification.,2,2,0,1
C00188,2024-08-02,Account Management,"Love the online portal, makes managing my account super easy.",1,5,0,0
C00189,2024-02-22,Meter Reading,This is the worst experience I have ever had. Planning to switch provider immediately.,5,11,1,0
C00189,2024-07-14,Meter Reading,The support person was polite but couldn't fully resolve my issue.,3,8,0,0
C00189,2024-04-18,Account Management,I am absolutely furious — my bill doubled for no reason and no one can explain it.,5,24,0,0
C00189,2023-03-17,Outage,The technician never showed up. I took a day off work for nothing.,5,5,0,1
C00189,2023-04-15,Billing,The outage was resolved. It would have been nice to get a notification.,4,29,0,0
C00190,2023-03-22,Meter Reading,"Great experience, the technician was professional and efficient.",2,5,0,1
C00190,2023-03-17,Account Management,Technician arrived on time but the fix took longer than expected.,2,1,0,1
C00192,2023-07-08,Billing,My billing issue was resolved within hours. Highly recommend.,3,1,0,1
C00193,2024-01-12,Outage,Technician arrived on time but the fix took longer than expected.,1,5,0,1
C00194,2023-07-19,Service Quality,"Very happy with the service, everything works great.",1,0,1,1
C00195,2024-05-10,Technical,No major problems but the website is a bit slow.,2,4,0,1
C00195,2023-06-16,Outage,Had to follow up twice to get my meter reading corrected.,1,5,0,0
C00197,2022-04-16,Account Management,"Excellent response time, I am very satisfied.",1,6,0,1
C00198,2023-02-07,Service Quality,The outage was resolved. It would have been nice to get a notification.,2,2,0,1
C00198,2023-04-11,Meter Reading,My billing issue was resolved within hours. Highly recommend.,1,2,0,1
C00199,2023-05-08,Billing,Billing errors again! Third month in a row. Completely incompetent.,5,8,0,0
C00199,2024-06-28,Outage,Billing errors again! Third month in a row. Completely incompetent.,4,16,1,1
C00199,2023-12-22,Account Management,I am done. Switching to a competitor as soon as possible. Nightmare.,4,18,1,0
C00199,2024-04-02,Meter Reading,"Terrible service, waited 3 weeks for someone to show up. Completely unacceptable.",5,6,1,0
C00199,2024-05-21,Billing,My service was cut off without warning. I demand an explanation.,5,15,0,1
C00199,2024-12-28,Billing,"Terrible service, waited 3 weeks for someone to show up. Completely unacceptable.",4,12,1,0
C00200,2024-12-10,Account Management,"Excellent response time, I am very satisfied.",3,4,0,1
C00201,2023-05-23,Technical,Service is generally okay. Had a minor billing discrepancy last month.,1,2,0,1
C00201,2023-08-27,Meter Reading,Billing errors again! Third month in a row. Completely incompetent.,2,4,0,1
C00203,2024-11-25,Technical,"Very happy with the service, everything works great.",2,5,0,1
C00203,2024-09-09,Technical,I am absolutely furious — my bill doubled for no reason and no one can explain it.,2,0,0,1
C00205,2023-01-28,Outage,The support person was polite but couldn't fully resolve my issue.,2,7,0,1
C00205,2022-04-23,Account Management,The support team was extremely helpful and resolved my issue quickly.,2,3,0,1
C00206,2023-11-15,Service Quality,Nothing special to report. Service has been average.,3,7,0,1
C00207,2023-04-16,Account Management,My outage has been going on for 5 days and no one cares. Disgusting.,4,17,1,1
C00207,2023-06-17,Service Quality,This is the worst experience I have ever had. Planning to switch provider immediately.,3,22,0,1
C00207,2024-11-23,Outage,The outage was resolved. It would have been nice to get a notification.,5,5,0,0
C00207,2022-06-28,Technical,Billing seems correct this month. Last month there was a small issue.,4,13,1,1
C00207,2022-09-13,Technical,I have called 7 times and nobody fixes the problem. I want to cancel my account.,3,12,0,0
C00207,2023-10-05,Service Quality,No major problems but the website is a bit slow.,3,18,0,0
C00208,2024-09-17,Technical,Service interruption was brief. Would like better communication next time.,3,10,0,0
C00208,2024-09-01,Service Quality,Nothing special to report. Service has been average.,3,25,0,1
C00208,2024-11-04,Technical,Nothing special to report. Service has been average.,4,22,0,1
C00210,2023-07-06,Service Quality,My billing issue was resolved within hours. Highly recommend.,3,2,0,1
C00210,2023-08-17,Service Quality,The new meter reading service is fantastic.,1,0,0,1
C00212,2024-01-05,Outage,The support team was extremely helpful and resolved my issue quickly.,1,7,0,1
C00212,2023-04-12,Meter Reading,"Love the online portal, makes managing my account super easy.",3,1,0,0
C00213,2023-09-18,Service Quality,"Love the online portal, makes managing my account super easy.",1,7,0,1
C00214,2022-10-24,Outage,Very pleased with the resolution. Great team.,3,5,0,1
C00215,2023-05-20,Billing,Technician arrived on time but the fix took longer than expected.,5,29,0,0
C00215,2022-03-14,Outage,I am done. Switching to a competitor as soon as possible. Nightmare.,4,27,0,0
C00215,2022-06-13,Meter Reading,This is the worst experience I have ever had. Planning to switch provider immediately.,4,21,0,0
C00215,2023-11-10,Technical,I am done. Switching to a competitor as soon as possible. Nightmare.,3,29,1,1
C00215,2022-10-28,Service Quality,The technician never showed up. I took a day off work for nothing.,3,19,0,1
C00215,2024-10-18,Technical,I have called 7 times and nobody fixes the problem. I want to cancel my account.,3,10,0,1
C00217,2023-01-25,Account Management,"Love the online portal, makes managing my account super easy.",1,5,1,1
C00218,2024-05-15,Meter Reading,Very pleased with the resolution. Great team.,3,4,0,1
C00220,2024-07-25,Billing,Billing seems correct this month. Last month there was a small issue.,3,9,1,1
C00220,2022-06-24,Technical,Unresponsive support and endless hold times. Absolutely awful.,3,5,1,1
C00220,2024-09-02,Technical,I have called 7 times and nobody fixes the problem. I want to cancel my account.,4,27,1,0
C00220,2022-10-11,Service Quality,My service was cut off without warning. I demand an explanation.,3,11,0,1
C00220,2024-02-13,Billing,The outage was resolved. It would have been nice to get a notification.,5,25,0,0
C00221,2023-11-01,Account Management,Very pleased with the resolution. Great team.,2,1,0,1
C00222,2022-12-18,Outage,"Excellent response time, I am very satisfied.",2,0,0,1
C00222,2024-01-26,Outage,Technician arrived on time but the fix took longer than expected.,2,1,0,1
C00223,2024-11-05,Service Quality,No major problems but the website is a bit slow.,4,28,0,1
C00223,2024-08-25,Meter Reading,The support person was polite but couldn't fully resolve my issue.,5,25,1,0
C00223,2024-05-15,Account Management,Service interruption was brief. Would like better communication next time.,5,24,1,0
C00224,2023-04-23,Billing,"Outstanding service quality, no issues whatsoever.",2,2,0,1
C00226,2023-05-07,Account Management,The support person was polite but couldn't fully resolve my issue.,1,0,1,1
C00227,2024-04-10,Account Management,The support team was extremely helpful and resolved my issue quickly.,1,4,0,1
C00228,2024-07-09,Billing,The support person was polite but couldn't fully resolve my issue.,3,4,0,0
C00229,2022-11-10,Outage,This is the worst experience I have ever had. Planning to switch provider immediately.,4,13,0,0
C00229,2024-04-17,Service Quality,My service was cut off without warning. I demand an explanation.,5,27,0,0
C00229,2024-03-09,Account Management,Billing errors again! Third month in a row. Completely incompetent.,3,10,1,0
C00229,2024-08-10,Technical,Service is generally okay. Had a minor billing discrepancy last month.,5,14,1,1
C00229,2024-05-10,Service Quality,Billing errors again! Third month in a row. Completely incompetent.,3,27,0,1
C00229,2024-04-24,Outage,This is the worst experience I have ever had. Planning to switch provider immediately.,4,21,0,0
C00231,2024-10-23,Technical,Had to follow up twice to get my meter reading corrected.,1,6,0,1
C00232,2023-07-18,Outage,I am absolutely furious — my bill doubled for no reason and no one can explain it.,2,6,0,1
C00232,2024-05-11,Outage,I am done. Switching to a competitor as soon as possible. Nightmare.,3,7,0,1
C00233,2024-11-03,Meter Reading,I am done. Switching to a competitor as soon as possible. Nightmare.,3,8,1,0
C00233,2024-05-15,Account Management,The technician never showed up. I took a day off work for nothing.,4,9,0,1
C00233,2024-05-28,Outage,Service interruption was brief. Would like better communication next time.,3,18,1,0
C00233,2024-11-28,Service Quality,My outage has been going on for 5 days and no one cares. Disgusting.,4,13,0,0
C00234,2024-09-08,Meter Reading,The support person was polite but couldn't fully resolve my issue.,1,0,0,1
C00238,2024-10-17,Outage,Billing errors again! Third month in a row. Completely incompetent.,3,3,0,1
C00240,2023-09-03,Service Quality,The technician never showed up. I took a day off work for nothing.,3,18,0,0
C00240,2024-11-10,Technical,I am absolutely furious — my bill doubled for no reason and no one can explain it.,5,28,0,1
C00240,2022-05-08,Billing,Unresponsive support and endless hold times. Absolutely awful.,3,16,1,0
C00241,2024-09-10,Outage,The technician never showed up. I took a day off work for nothing.,3,3,0,1
C00246,2024-12-04,Meter Reading,My billing issue was resolved within hours. Highly recommend.,2,7,0,1
C00247,2022-12-20,Meter Reading,Service interruption was brief. Would like better communication next time.,4,13,0,0
C00247,2024-04-27,Technical,I am absolutely furious — my bill doubled for no reason and no one can explain it.,5,19,1,1
C00247,2023-07-17,Technical,Unresponsive support and endless hold times. Absolutely awful.,3,27,1,0
C00247,2024-03-20,Meter Reading,I have called 7 times and nobody fixes the problem. I want to cancel my account.,5,15,0,0
C00248,2022-11-17,Technical,Had to follow up twice to get my meter reading corrected.,3,2,0,1
C00248,2022-09-17,Technical,I am done. Switching to a competitor as soon as possible. Nightmare.,1,4,0,1
C00249,2022-03-15,Account Management,This is the worst experience I have ever had. Planning to switch provider immediately.,1,2,0,1
C00250,2024-08-08,Billing,Billing errors again! Third month in a row. Completely incompetent.,3,24,1,1
C00250,2024-06-24,Service Quality,"Terrible service, waited 3 weeks for someone to show up. Completely unacceptable.",3,28,0,1
C00250,2024-08-16,Service Quality,This is the worst experience I have ever had. Planning to switch provider immediately.,3,25,1,0
C00250,2024-06-22,Outage,My service was cut off without warning. I demand an explanation.,4,10,0,1
C00250,2024-09-28,Outage,Technician arrived on time but the fix took longer than expected.,5,26,0,0
C00251,2023-02-18,Account Management,The outage was resolved. It would have been nice to get a notification.,1,3,0,1
C00251,2024-05-21,Technical,Technician arrived on time but the fix took longer than expected.,2,4,0,1
C00252,2024-09-04,Service Quality,"Excellent response time, I am very satisfied.",1,4,0,1
C00253,2022-08-16,Billing,My billing issue was resolved within hours. Highly recommend.,1,1,0,1
C00253,2024-03-17,Technical,"Excellent response time, I am very satisfied.",1,7,0,1
C00254,2023-04-19,Outage,My outage has been going on for 5 days and no one cares. Disgusting.,4,20,0,0
C00254,2024-06-23,Account Management,"Terrible service, waited 3 weeks for someone to show up. Completely unacceptable.",3,12,1,1
C00254,2022-09-03,Technical,My outage has been going on for 5 days and no one cares. Disgusting.,5,10,0,0
C00255,2024-12-02,Service Quality,Unresponsive support and endless hold times. Absolutely awful.,4,20,1,0
C00255,2024-07-22,Outage,The outage was resolved. It would have been nice to get a notification.,3,25,1,1
C00255,2024-07-04,Service Quality,This is the worst experience I have ever had. Planning to switch provider immediately.,5,14,1,1
C00255,2024-08-11,Outage,Service is generally okay. Had a minor billing discrepancy last month.,3,21,0,0
C00257,2022-05-12,Account Management,Had to follow up twice to get my meter reading corrected.,3,7,0,1
C00257,2023-09-06,Account Management,Service interruption was brief. Would like better communication next time.,1,0,0,1
C00258,2023-09-26,Outage,Nothing special to report. Service has been average.,1,2,0,1
C00261,2022-06-03,Outage,The technician never showed up. I took a day off work for nothing.,4,25,1,1
C00261,2022-08-10,Billing,Nothing special to report. Service has been average.,5,7,1,0
C00261,2022-12-26,Technical,The technician never showed up. I took a day off work for nothing.,4,8,0,0
C00264,2023-05-25,Technical,Billing errors again! Third month in a row. Completely incompetent.,2,3,0,1
C00265,2024-05-10,Service Quality,Service interruption was brief. Would like better communication next time.,5,8,0,1
C00265,2023-03-15,Account Management,I have called 7 times and nobody fixes the problem. I want to cancel my account.,5,22,1,1
C00265,2023-11-22,Meter Reading,Service interruption was brief. Would like better communication next time.,5,25,1,0
C00266,2024-01-03,Meter Reading,The technician never showed up. I took a day off work for nothing.,4,21,0,1
C00266,2024-08-15,Service Quality,"Terrible service, waited 3 weeks for someone to show up. Completely unacceptable.",4,12,1,1
C00266,2023-06-05,Account Management,My service was cut off without warning. I demand an explanation.,5,15,0,1
C00268,2023-06-21,Billing,"Outstanding service quality, no issues whatsoever.",2,1,0,1
C00268,2023-02-20,Meter Reading,My outage has been going on for 5 days and no one cares. Disgusting.,1,5,0,1
C00269,2023-12-10,Technical,"Excellent response time, I am very satisfied.",2,5,0,1
C00270,2022-11-21,Service Quality,"Love the online portal, makes managing my account super easy.",2,5,0,1
C00272,2024-08-20,Meter Reading,"Love the online portal, makes managing my account super easy.",1,2,0,1
C00272,2023-05-18,Meter Reading,I am absolutely furious — my bill doubled for no reason and no one can explain it.,2,6,0,1
C00274,2024-08-04,Outage,No major problems but the website is a bit slow.,4,15,0,0
C00274,2023-07-22,Account Management,Service is generally okay. Had a minor billing discrepancy last month.,3,11,1,1
C00274,2022-10-02,Technical,My outage has been going on for 5 days and no one cares. Disgusting.,3,20,0,0
C00274,2022-01-11,Technical,My service was cut off without warning. I demand an explanation.,3,12,1,0
C00274,2023-10-18,Technical,The outage was resolved. It would have been nice to get a notification.,4,21,0,1
C00274,2023-09-06,Outage,I have called 7 times and nobody fixes the problem. I want to cancel my account.,4,5,1,0
C00275,2022-09-08,Service Quality,The support team was extremely helpful and resolved my issue quickly.,1,5,1,0
C00276,2024-03-12,Account Management,The technician never showed up. I took a day off work for nothing.,5,7,1,0
C00276,2023-11-06,Outage,Technician arrived on time but the fix took longer than expected.,4,27,1,0
C00276,2024-02-26,Service Quality,This is the worst experience I have ever had. Planning to switch provider immediately.,5,21,1,1
C00277,2022-05-04,Outage,Billing seems correct this month. Last month there was a small issue.,1,2,1,1
C00278,2023-04-14,Billing,The new meter reading service is fantastic.,3,1,0,1
C00279,2023-02-24,Outage,Billing seems correct this month. Last month there was a small issue.,3,0,1,1
C00279,2022-02-14,Technical,"Excellent response time, I am very satisfied.",3,2,0,1
C00280,2024-06-23,Account Management,Service interruption was brief. Would like better communication next time.,2,4,0,0
C00281,2024-07-26,Billing,Had to follow up twice to get my meter reading corrected.,3,6,0,1
C00281,2023-01-12,Billing,The new meter reading service is fantastic.,1,7,0,0
C00283,2024-02-15,Account Management,Billing errors again! Third month in a row. Completely incompetent.,3,6,0,1
C00283,2023-09-23,Account Management,The support team was extremely helpful and resolved my issue quickly.,1,7,1,1
C00284,2023-01-26,Billing,The technician never showed up. I took a day off work for nothing.,3,5,0,0
C00284,2023-06-17,Service Quality,This is the worst experience I have ever had. Planning to switch provider immediately.,3,24,1,1
C00284,2024-12-22,Meter Reading,This is the worst experience I have ever had. Planning to switch provider immediately.,5,21,1,0
C00284,2024-09-21,Outage,Had to follow up twice to get my meter reading corrected.,3,7,0,1
C00284,2023-11-20,Billing,My service was cut off without warning. I demand an explanation.,5,9,0,1
C00285,2023-09-03,Account Management,The new meter reading service is fantastic.,3,3,0,1
C00285,2023-12-14,Outage,"Quick and helpful customer service, thank you!",1,2,0,1
C00287,2024-04-05,Service Quality,"Very happy with the service, everything works great.",2,6,0,1
C00288,2023-07-07,Service Quality,The technician never showed up. I took a day off work for nothing.,3,1,0,0
C00288,2024-02-04,Meter Reading,The support team was extremely helpful and resolved my issue quickly.,3,5,0,1
C00289,2022-05-14,Meter Reading,The new meter reading service is fantastic.,2,7,0,0
C00290,2023-03-24,Outage,Billing errors again! Third month in a row. Completely incompetent.,2,5,0,1
C00291,2022-01-02,Meter Reading,"Love the online portal, makes managing my account super easy.",3,5,0,1
C00291,2023-12-07,Billing,"Love the online portal, makes managing my account super easy.",2,0,0,1
C00292,2024-07-16,Outage,"Excellent response time, I am very satisfied.",1,0,0,1
C00292,2023-01-16,Outage,Had to follow up twice to get my meter reading corrected.,3,4,0,1
C00293,2023-09-24,Technical,The support team was extremely helpful and resolved my issue quickly.,3,0,0,0
C00295,2022-01-28,Service Quality,"Very happy with the service, everything works great.",1,3,0,1
C00296,2024-08-21,Service Quality,No major problems but the website is a bit slow.,1,0,0,1
C00297,2023-01-05,Meter Reading,Nothing special to report. Service has been average.,3,1,0,1
C00298,2023-10-10,Account Management,I am done. Switching to a competitor as soon as possible. Nightmare.,2,7,0,1
C00299,2023-11-20,Outage,My service was cut off without warning. I demand an explanation.,4,8,0,0
C00299,2022-06-01,Outage,I am absolutely furious — my bill doubled for no reason and no one can explain it.,4,17,1,1
C00299,2022-06-27,Billing,Billing seems correct this month. Last month there was a small issue.,5,16,0,1
C00300,2023-10-28,Outage,The support team was extremely helpful and resolved my issue quickly.,1,7,0,1
C00301,2023-12-20,Service Quality,The new meter reading service is fantastic.,1,1,0,1
C00301,2023-07-05,Meter Reading,The outage was resolved. It would have been nice to get a notification.,1,6,0,1
C00302,2022-04-12,Service Quality,Billing errors again! Third month in a row. Completely incompetent.,4,5,0,1
C00302,2022-12-15,Service Quality,Service interruption was brief. Would like better communication next time.,5,20,0,1
C00302,2023-04-27,Billing,I have called 7 times and nobody fixes the problem. I want to cancel my account.,5,9,0,1
C00302,2022-09-22,Service Quality,Had to follow up twice to get my meter reading corrected.,4,17,1,1
C00302,2022-11-27,Service Quality,This is the worst experience I have ever had. Planning to switch provider immediately.,4,22,1,0
C00303,2024-08-04,Outage,The support person was polite but couldn't fully resolve my issue.,4,19,1,1
C00303,2024-12-27,Outage,The outage was resolved. It would have been nice to get a notification.,4,28,1,1
C00303,2024-08-10,Service Quality,Billing errors again! Third month in a row. Completely incompetent.,3,24,1,1
C00303,2024-06-11,Meter Reading,I am absolutely furious — my bill doubled for no reason and no one can explain it.,3,28,0,1
C00304,2024-05-11,Service Quality,Service is generally okay. Had a minor billing discrepancy last month.,3,4,0,1
C00304,2022-03-12,Meter Reading,The outage was resolved. It would have been nice to get a notification.,2,1,0,1
C00305,2024-12-27,Technical,The technician never showed up. I took a day off work for nothing.,3,13,0,0
C00305,2024-07-05,Billing,This is the worst experience I have ever had. Planning to switch provider immediately.,3,25,0,1
C00305,2024-10-04,Billing,Unresponsive support and endless hold times. Absolutely awful.,4,22,1,1
C00306,2024-07-27,Account Management,"Excellent response time, I am very satisfied.",2,7,0,1
C00306,2024-10-27,Account Management,This is the worst experience I have ever had. Planning to switch provider immediately.,2,7,0,1
C00307,2023-08-25,Outage,The new meter reading service is fantastic.,3,6,1,1
C00308,2024-04-02,Service Quality,I have called 7 times and nobody fixes the problem. I want to cancel my account.,3,22,1,0
C00308,2024-02-24,Account Management,My service was cut off without warning. I demand an explanation.,4,27,1,0
C00308,2024-01-28,Technical,I am done. Switching to a competitor as soon as possible. Nightmare.,4,18,1,0
C00309,2024-12-10,Meter Reading,Had to follow up twice to get my meter reading corrected.,2,7,0,1
C00310,2022-02-12,Billing,My service was cut off without warning. I demand an explanation.,4,16,0,0
C00310,2022-04-05,Service Quality,"Terrible service, waited 3 weeks for someone to show up. Completely unacceptable.",3,26,0,1
C00310,2022-09-25,Billing,Billing errors again! Third month in a row. Completely incompetent.,5,29,1,0
C00312,2022-06-18,Meter Reading,Technician arrived on time but the fix took longer than expected.,4,26,0,0
C00312,2022-04-14,Outage,"Terrible service, waited 3 weeks for someone to show up. Completely unacceptable.",4,9,0,0
C00312,2022-12-15,Account Management,Unresponsive support and endless hold times. Absolutely awful.,5,15,0,0
C00312,2023-04-02,Service Quality,"Terrible service, waited 3 weeks for someone to show up. Completely unacceptable.",5,17,1,0
C00313,2022-03-19,Outage,Billing seems correct this month. Last month there was a small issue.,1,1,0,1
C00313,2022-06-13,Billing,Service interruption was brief. Would like better communication next time.,2,4,0,1
C00314,2023-10-26,Account Management,This is the worst experience I have ever had. Planning to switch provider immediately.,2,6,0,0
C00314,2022-01-01,Account Management,Billing seems correct this month. Last month there was a small issue.,1,6,0,1
C00315,2024-08-20,Outage,"Terrible service, waited 3 weeks for someone to show up. Completely unacceptable.",5,29,0,0
C00315,2024-05-01,Technical,"Terrible service, waited 3 weeks for someone to show up. Completely unacceptable.",4,19,0,0
C00315,2024-03-11,Service Quality,I am done. Switching to a competitor as soon as possible. Nightmare.,4,27,1,1
C00316,2023-05-27,Meter Reading,Billing seems correct this month. Last month there was a small issue.,1,5,0,1
C00316,2024-08-27,Meter Reading,Had to follow up twice to get my meter reading corrected.,2,2,1,1
C00317,2022-04-20,Account Management,"Great experience, the technician was professional and efficient.",2,1,0,1
C00318,2023-01-27,Service Quality,"Very happy with the service, everything works great.",3,0,0,1
C00318,2024-09-14,Outage,"Outstanding service quality, no issues whatsoever.",2,7,0,1
C00319,2024-05-02,Outage,Nothing special to report. Service has been average.,2,6,0,1
C00319,2024-03-14,Account Management,My billing issue was resolved within hours. Highly recommend.,2,3,0,1
C00320,2023-12-24,Service Quality,"Excellent response time, I am very satisfied.",2,7,0,1
C00321,2022-09-03,Account Management,Had to follow up twice to get my meter reading corrected.,3,2,1,1
C00322,2024-02-11,Meter Reading,The outage was resolved. It would have been nice to get a notification.,5,26,0,1
C00322,2024-10-03,Technical,The technician never showed up. I took a day off work for nothing.,3,26,0,1
C00322,2022-08-27,Service Quality,I have called 7 times and nobody fixes the problem. I want to cancel my account.,5,23,0,0
C00323,2022-04-07,Outage,I am absolutely furious — my bill doubled for no reason and no one can explain it.,4,11,0,1
C00323,2024-04-19,Billing,My outage has been going on for 5 days and no one cares. Disgusting.,5,22,1,1
C00323,2023-02-02,Account Management,The technician never showed up. I took a day off work for nothing.,3,9,1,0
C00324,2022-09-02,Service Quality,Technician arrived on time but the fix took longer than expected.,1,5,0,1
C00325,2023-11-13,Outage,My billing issue was resolved within hours. Highly recommend.,1,3,0,1
C00326,2024-04-04,Account Management,No major problems but the website is a bit slow.,2,4,0,0
C00329,2023-10-17,Billing,The support person was polite but couldn't fully resolve my issue.,3,7,0,1
C00329,2022-10-09,Technical,"Great experience, the technician was professional and efficient.",1,4,0,1
C00331,2022-05-05,Account Management,I am absolutely furious — my bill doubled for no reason and no one can explain it.,1,7,0,1
C00331,2024-03-01,Technical,"Love the online portal, makes managing my account super easy.",1,4,1,0
C00332,2023-02-26,Meter Reading,Service is generally okay. Had a minor billing discrepancy last month.,1,0,0,1
C00332,2023-09-25,Account Management,Billing seems correct this month. Last month there was a small issue.,3,2,0,1
C00333,2024-10-26,Outage,No major problems but the website is a bit slow.,2,5,0,1
C00333,2024-01-01,Outage,"Outstanding service quality, no issues whatsoever.",2,1,0,1
C00335,2023-07-23,Service Quality,"Outstanding service quality, no issues whatsoever.",1,7,0,1
C00336,2024-01-18,Outage,Very pleased with the resolution. Great team.,1,4,0,1
C00337,2022-05-25,Meter Reading,The new meter reading service is fantastic.,2,7,0,1
C00337,2023-11-17,Service Quality,"Very happy with the service, everything works great.",3,1,0,1
C00338,2024-07-09,Service Quality,Billing errors again! Third month in a row. Completely incompetent.,2,2,0,1
C00338,2022-12-09,Outage,"Love the online portal, makes managing my account super easy.",1,4,0,1
C00339,2023-07-11,Outage,Technician arrived on time but the fix took longer than expected.,3,4,0,1
C00340,2022-12-27,Technical,Account change was processed but took a few extra days.,3,5,0,1
C00341,2024-11-07,Account Management,Unresponsive support and endless hold times. Absolutely awful.,5,22,0,0
C00341,2024-12-20,Account Management,This is the worst experience I have ever had. Planning to switch provider immediately.,5,20,1,0
C00341,2024-12-08,Service Quality,The technician never showed up. I took a day off work for nothing.,4,23,0,0
C00341,2024-04-01,Billing,Service interruption was brief. Would like better communication next time.,4,29,1,1
C00341,2024-07-19,Billing,No major problems but the website is a bit slow.,5,11,0,0
C00342,2022-06-04,Meter Reading,My service was cut off without warning. I demand an explanation.,3,5,0,1
C00342,2023-01-08,Billing,The support person was polite but couldn't fully resolve my issue.,3,4,0,1
C00343,2023-02-09,Account Management,Nothing special to report. Service has been average.,5,9,0,1
C00343,2024-04-09,Service Quality,Unresponsive support and endless hold times. Absolutely awful.,4,11,0,1
C00343,2023-09-02,Service Quality,I have called 7 times and nobody fixes the problem. I want to cancel my account.,4,28,0,1
C00343,2024-11-11,Outage,Billing errors again! Third month in a row. Completely incompetent.,5,6,0,0
C00343,2024-12-12,Billing,My service was cut off without warning. I demand an explanation.,3,27,0,1
C00343,2022-03-02,Meter Reading,Technician arrived on time but the fix took longer than expected.,5,7,1,0
C00344,2022-06-20,Technical,I am done. Switching to a competitor as soon as possible. Nightmare.,5,22,1,0
C00344,2024-11-24,Service Quality,No major problems but the website is a bit slow.,4,16,0,0
C00344,2024-10-26,Outage,I am done. Switching to a competitor as soon as possible. Nightmare.,3,16,0,1
C00344,2024-01-28,Billing,The technician never showed up. I took a day off work for nothing.,3,21,0,0
C00345,2023-10-14,Meter Reading,I have called 7 times and nobody fixes the problem. I want to cancel my account.,4,15,0,1
C00345,2024-12-21,Technical,Account change was processed but took a few extra days.,5,11,0,0
C00345,2022-01-11,Meter Reading,The technician never showed up. I took a day off work for nothing.,3,23,0,0
C00346,2023-04-02,Outage,This is the worst experience I have ever had. Planning to switch provider immediately.,5,24,1,0
C00346,2022-05-11,Billing,No major problems but the website is a bit slow.,4,25,0,1
C00346,2024-12-12,Outage,Service is generally okay. Had a minor billing discrepancy last month.,5,9,0,0
C00346,2024-09-12,Technical,My outage has been going on for 5 days and no one cares. Disgusting.,3,21,0,0
C00348,2024-08-27,Meter Reading,The support team was extremely helpful and resolved my issue quickly.,3,0,0,1
C00348,2024-04-16,Technical,Billing seems correct this month. Last month there was a small issue.,2,3,1,1
C00350,2023-04-25,Account Management,This is the worst experience I have ever had. Planning to switch provider immediately.,3,0,0,1
C00350,2022-08-23,Meter Reading,"Quick and helpful customer service, thank you!",2,0,0,1
C00351,2022-10-03,Service Quality,Service interruption was brief. Would like better communication next time.,3,5,0,1
C00351,2024-02-04,Outage,"Great experience, the technician was professional and efficient.",1,4,0,1
C00353,2023-03-07,Service Quality,I am done. Switching to a competitor as soon as possible. Nightmare.,2,4,1,0
C00353,2022-08-21,Service Quality,The support person was polite but couldn't fully resolve my issue.,3,3,0,1
C00356,2023-05-10,Account Management,"Terrible service, waited 3 weeks for someone to show up. Completely unacceptable.",3,2,0,1
C00356,2023-11-15,Meter Reading,"Love the online portal, makes managing my account super easy.",3,4,0,1
C00357,2024-01-05,Meter Reading,Had to follow up twice to get my meter reading corrected.,3,4,0,1
C00357,2024-05-23,Technical,"Quick and helpful customer service, thank you!",2,5,0,0
C00358,2023-05-03,Outage,The technician never showed up. I took a day off work for nothing.,5,12,1,0
C00358,2023-10-16,Service Quality,Account change was processed but took a few extra days.,5,16,0,0
C00358,2024-04-16,Technical,My service was cut off without warning. I demand an explanation.,3,8,1,1
C00358,2024-03-16,Outage,Technician arrived on time but the fix took longer than expected.,3,11,1,0
C00360,2022-06-21,Billing,My billing issue was resolved within hours. Highly recommend.,3,1,0,1
C00361,2022-02-27,Service Quality,Unresponsive support and endless hold times. Absolutely awful.,3,16,1,1
C00361,2022-07-07,Account Management,Account change was processed but took a few extra days.,3,23,0,1
C00361,2023-03-23,Account Management,Technician arrived on time but the fix took longer than expected.,5,10,0,1
C00361,2022-09-21,Outage,"Terrible service, waited 3 weeks for someone to show up. Completely unacceptable.",5,15,1,0
C00361,2023-08-10,Account Management,No major problems but the website is a bit slow.,4,15,0,1
C00361,2022-08-28,Outage,The technician never showed up. I took a day off work for nothing.,5,18,1,0
C00362,2024-11-05,Technical,"Quick and helpful customer service, thank you!",1,7,0,1
C00363,2023-04-13,Meter Reading,"Very happy with the service, everything works great.",3,3,1,1
C00363,2022-06-23,Technical,Nothing special to report. Service has been average.,1,6,0,1
C00364,2023-12-15,Meter Reading,No major problems but the website is a bit slow.,1,2,0,1
C00365,2022-01-28,Billing,Very pleased with the resolution. Great team.,2,5,1,1
C00366,2024-05-27,Meter Reading,"Outstanding service quality, no issues whatsoever.",1,1,0,1
C00367,2024-01-03,Billing,"Quick and helpful customer service, thank you!",1,0,0,1
C00367,2022-12-18,Meter Reading,The support person was polite but couldn't fully resolve my issue.,3,5,0,1
C00368,2022-01-07,Technical,My outage has been going on for 5 days and no one cares. Disgusting.,3,4,0,1
C00370,2024-10-25,Account Management,I am done. Switching to a competitor as soon as possible. Nightmare.,3,1,0,1
C00370,2022-03-21,Account Management,The new meter reading service is fantastic.,2,4,0,0
C00371,2022-10-23,Service Quality,"Terrible service, waited 3 weeks for someone to show up. Completely unacceptable.",5,25,1,1
C00371,2023-12-23,Account Management,The outage was resolved. It would have been nice to get a notification.,4,26,1,1
C00371,2022-02-08,Account Management,I am done. Switching to a competitor as soon as possible. Nightmare.,4,20,1,1
C00371,2024-08-14,Meter Reading,The technician never showed up. I took a day off work for nothing.,3,8,0,1
C00371,2024-05-12,Technical,Had to follow up twice to get my meter reading corrected.,5,25,0,0
C00371,2023-02-12,Outage,Technician arrived on time but the fix took longer than expected.,4,9,0,0
C00373,2024-12-08,Account Management,The support person was polite but couldn't fully resolve my issue.,2,5,0,1
C00373,2022-12-07,Technical,Nothing special to report. Service has been average.,1,2,0,1
C00374,2023-04-15,Account Management,The new meter reading service is fantastic.,1,0,0,1
C00374,2022-12-03,Service Quality,"Great experience, the technician was professional and efficient.",1,5,1,1
C00375,2024-02-28,Service Quality,This is the worst experience I have ever had. Planning to switch provider immediately.,4,26,0,1
C00375,2024-10-24,Billing,"Terrible service, waited 3 weeks for someone to show up. Completely unacceptable.",5,19,1,1
C00375,2024-02-13,Meter Reading,My outage has been going on for 5 days and no one cares. Disgusting.,3,22,1,0
C00375,2024-08-10,Outage,My service was cut off without warning. I demand an explanation.,3,9,1,0
C00375,2024-07-28,Account Management,My outage has been going on for 5 days and no one cares. Disgusting.,4,14,1,0
C00375,2024-10-11,Outage,No major problems but the website is a bit slow.,5,28,0,0
C00377,2023-05-08,Technical,Nothing special to report. Service has been average.,5,25,1,1
C00377,2024-06-21,Meter Reading,Account change was processed but took a few extra days.,4,13,1,1
C00377,2022-08-02,Meter Reading,"Terrible service, waited 3 weeks for someone to show up. Completely unacceptable.",5,8,1,1
C00379,2023-04-09,Technical,"Love the online portal, makes managing my account super easy.",2,0,0,1
C00379,2023-08-24,Outage,"Great experience, the technician was professional and efficient.",3,0,0,1
C00380,2024-02-20,Billing,"Terrible service, waited 3 weeks for someone to show up. Completely unacceptable.",5,27,0,1
C00380,2022-09-12,Account Management,I am absolutely furious — my bill doubled for no reason and no one can explain it.,3,20,1,1
C00380,2022-09-19,Meter Reading,The technician never showed up. I took a day off work for nothing.,4,25,1,0
C00380,2023-03-20,Outage,My service was cut off without warning. I demand an explanation.,5,27,0,1
C00380,2024-05-22,Outage,Service is generally okay. Had a minor billing discrepancy last month.,3,21,0,0
C00380,2022-05-12,Account Management,I have called 7 times and nobody fixes the problem. I want to cancel my account.,4,11,1,1
C00382,2024-01-28,Billing,Unresponsive support and endless hold times. Absolutely awful.,5,22,1,0
C00382,2024-01-02,Account Management,I am done. Switching to a competitor as soon as possible. Nightmare.,5,10,0,1
C00382,2024-07-20,Account Management,Unresponsive support and endless hold times. Absolutely awful.,4,10,0,0
C00382,2024-12-06,Outage,The outage was resolved. It would have been nice to get a notification.,4,13,0,0
C00382,2024-05-17,Account Management,My service was cut off without warning. I demand an explanation.,3,18,0,1
C00382,2024-08-17,Service Quality,I am absolutely furious — my bill doubled for no reason and no one can explain it.,4,25,0,0
C00383,2023-05-21,Account Management,The technician never showed up. I took a day off work for nothing.,5,19,0,0
C00383,2024-09-02,Service Quality,The outage was resolved. It would have been nice to get a notification.,4,17,0,1
C00383,2022-12-15,Account Management,The technician never showed up. I took a day off work for nothing.,4,5,0,0
C00383,2023-10-20,Account Management,Unresponsive support and endless hold times. Absolutely awful.,3,13,1,0
C00383,2023-12-04,Outage,My service was cut off without warning. I demand an explanation.,3,12,0,1
C00384,2024-01-23,Billing,Service is generally okay. Had a minor billing discrepancy last month.,2,0,0,1
C00385,2022-07-07,Service Quality,Technician arrived on time but the fix took longer than expected.,1,6,0,1
C00387,2022-03-06,Billing,I am done. Switching to a competitor as soon as possible. Nightmare.,4,23,0,0
C00387,2022-12-28,Service Quality,Technician arrived on time but the fix took longer than expected.,4,8,1,0
C00387,2024-04-10,Account Management,Service interruption was brief. Would like better communication next time.,3,6,0,0
C00387,2022-12-09,Technical,The support person was polite but couldn't fully resolve my issue.,5,19,0,1
C00387,2024-05-18,Outage,My outage has been going on for 5 days and no one cares. Disgusting.,5,17,0,1
C00387,2023-04-21,Service Quality,My outage has been going on for 5 days and no one cares. Disgusting.,3,29,0,1
C00389,2024-09-12,Service Quality,"Terrible service, waited 3 weeks for someone to show up. Completely unacceptable.",2,6,0,1
C00391,2024-07-27,Outage,The support team was extremely helpful and resolved my issue quickly.,3,6,0,1
C00392,2022-11-08,Technical,Account change was processed but took a few extra days.,4,15,1,0
C00392,2023-02-12,Service Quality,I have called 7 times and nobody fixes the problem. I want to cancel my account.,3,25,0,0
C00392,2024-01-15,Account Management,I have called 7 times and nobody fixes the problem. I want to cancel my account.,4,29,1,0
C00392,2023-12-23,Service Quality,My service was cut off without warning. I demand an explanation.,3,7,0,0
C00393,2023-10-15,Account Management,The new meter reading service is fantastic.,2,2,0,1
C00393,2022-03-11,Meter Reading,My billing issue was resolved within hours. Highly recommend.,2,3,0,1
C00394,2024-12-18,Meter Reading,Billing seems correct this month. Last month there was a small issue.,3,10,0,1
C00394,2022-04-13,Technical,I am absolutely furious — my bill doubled for no reason and no one can explain it.,5,28,1,1
C00394,2022-06-13,Meter Reading,This is the worst experience I have ever had. Planning to switch provider immediately.,4,17,0,1
C00394,2022-05-04,Billing,I have called 7 times and nobody fixes the problem. I want to cancel my account.,3,6,0,1
C00394,2023-05-21,Service Quality,Nothing special to report. Service has been average.,3,17,1,0
C00394,2024-12-01,Service Quality,No major problems but the website is a bit slow.,5,7,1,1
C00395,2024-03-19,Service Quality,I have called 7 times and nobody fixes the problem. I want to cancel my account.,1,2,0,1
C00395,2022-04-03,Meter Reading,"Excellent response time, I am very satisfied.",2,4,0,1
C00396,2024-07-09,Outage,My billing issue was resolved within hours. Highly recommend.,3,5,0,1
C00398,2023-04-10,Account Management,Account change was processed but took a few extra days.,3,15,0,1
C00398,2024-06-20,Technical,I have called 7 times and nobody fixes the problem. I want to cancel my account.,4,10,1,0
C00398,2022-05-13,Technical,Technician arrived on time but the fix took longer than expected.,4,19,1,0
C00398,2024-05-18,Service Quality,No major problems but the website is a bit slow.,4,18,1,0
C00398,2022-08-20,Service Quality,The technician never showed up. I took a day off work for nothing.,4,24,0,0
C00399,2024-03-06,Billing,Nothing special to report. Service has been average.,2,2,0,0
C00399,2024-05-28,Meter Reading,Nothing special to report. Service has been average.,3,5,0,1
C00400,2024-01-09,Technical,Billing seems correct this month. Last month there was a small issue.,1,4,0,1
C00400,2022-04-18,Billing,"Outstanding service quality, no issues whatsoever.",2,4,0,1
C00401,2024-04-04,Service Quality,Billing seems correct this month. Last month there was a small issue.,3,6,0,1
C00403,2024-02-10,Account Management,Unresponsive support and endless hold times. Absolutely awful.,3,8,1,1
C00403,2024-07-17,Outage,Unresponsive support and endless hold times. Absolutely awful.,5,27,0,0
C00403,2023-05-20,Meter Reading,My service was cut off without warning. I demand an explanation.,3,22,1,1
C00403,2022-04-12,Service Quality,This is the worst experience I have ever had. Planning to switch provider immediately.,4,20,1,0
C00403,2024-05-12,Meter Reading,Technician arrived on time but the fix took longer than expected.,4,17,1,0
C00403,2022-04-24,Service Quality,Unresponsive support and endless hold times. Absolutely awful.,3,23,0,1
C00404,2024-03-28,Service Quality,Had to follow up twice to get my meter reading corrected.,3,2,0,1
C00405,2022-04-08,Outage,Service interruption was brief. Would like better communication next time.,5,16,1,1
C00405,2022-11-07,Meter Reading,Technician arrived on time but the fix took longer than expected.,4,9,1,0
C00405,2022-06-21,Technical,My service was cut off without warning. I demand an explanation.,4,16,1,1
C00405,2024-06-27,Outage,Account change was processed but took a few extra days.,5,8,1,0
C00405,2022-12-06,Account Management,I am absolutely furious — my bill doubled for no reason and no one can explain it.,4,18,0,1
C00408,2023-06-15,Service Quality,The support team was extremely helpful and resolved my issue quickly.,2,7,0,1
C00409,2024-07-13,Service Quality,"Great experience, the technician was professional and efficient.",1,5,0,1
C00409,2022-04-23,Technical,"Great experience, the technician was professional and efficient.",3,5,0,1
C00410,2023-03-13,Service Quality,Technician arrived on time but the fix took longer than expected.,4,12,1,0
C00410,2024-11-23,Account Management,No major problems but the website is a bit slow.,3,20,0,1
C00410,2023-02-21,Account Management,"Terrible service, waited 3 weeks for someone to show up. Completely unacceptable.",4,17,1,1
C00413,2023-08-01,Service Quality,Nothing special to report. Service has been average.,2,1,0,1
C00415,2024-03-04,Outage,The new meter reading service is fantastic.,2,7,0,1
C00417,2022-01-17,Account Management,"Outstanding service quality, no issues whatsoever.",3,6,0,1
C00418,2023-05-09,Account Management,I am absolutely furious — my bill doubled for no reason and no one can explain it.,2,7,0,0
C00418,2023-10-10,Technical,Very pleased with the resolution. Great team.,2,5,0,1
C00419,2023-03-25,Service Quality,Nothing special to report. Service has been average.,2,2,0,1
C00419,2023-03-26,Outage,The outage was resolved. It would have been nice to get a notification.,1,3,0,1
C00421,2024-12-24,Service Quality,"Terrible service, waited 3 weeks for someone to show up. Completely unacceptable.",4,23,0,0
C00421,2024-02-28,Billing,Had to follow up twice to get my meter reading corrected.,5,27,1,0
C00421,2024-04-10,Meter Reading,I have called 7 times and nobody fixes the problem. I want to cancel my account.,3,7,0,0
C00422,2022-06-12,Account Management,Unresponsive support and endless hold times. Absolutely awful.,2,5,0,1
C00422,2023-10-05,Billing,Had to follow up twice to get my meter reading corrected.,1,5,0,1
C00424,2023-07-01,Outage,I am absolutely furious — my bill doubled for no reason and no one can explain it.,3,5,0,1
C00424,2022-02-08,Meter Reading,No major problems but the website is a bit slow.,2,7,0,1
C00425,2023-04-04,Technical,My outage has been going on for 5 days and no one cares. Disgusting.,1,6,0,1
C00426,2023-09-10,Account Management,My billing issue was resolved within hours. Highly recommend.,1,7,0,1
C00426,2023-04-16,Account Management,"Excellent response time, I am very satisfied.",3,2,1,1
C00428,2024-10-03,Technical,My outage has been going on for 5 days and no one cares. Disgusting.,4,16,1,0
C00428,2024-06-28,Technical,Account change was processed but took a few extra days.,4,14,1,0
C00428,2024-01-03,Meter Reading,I am absolutely furious — my bill doubled for no reason and no one can explain it.,4,12,1,0
C00428,2024-12-10,Meter Reading,I have called 7 times and nobody fixes the problem. I want to cancel my account.,5,15,0,1
C00428,2024-07-09,Billing,I have called 7 times and nobody fixes the problem. I want to cancel my account.,3,22,0,1
C00428,2024-09-19,Account Management,Nothing special to report. Service has been average.,3,29,0,1
C00430,2024-05-26,Technical,"Terrible service, waited 3 weeks for someone to show up. Completely unacceptable.",5,20,1,0
C00430,2024-08-26,Service Quality,Unresponsive support and endless hold times. Absolutely awful.,4,16,1,0
C00430,2022-01-13,Technical,I am absolutely furious — my bill doubled for no reason and no one can explain it.,4,12,0,1
C00432,2022-12-05,Technical,My outage has been going on for 5 days and no one cares. Disgusting.,5,8,0,0
C00432,2022-02-08,Meter Reading,I am done. Switching to a competitor as soon as possible. Nightmare.,3,11,1,0
C00432,2023-02-07,Outage,My service was cut off without warning. I demand an explanation.,4,27,1,0
C00432,2023-11-06,Meter Reading,"Terrible service, waited 3 weeks for someone to show up. Completely unacceptable.",3,11,1,1
C00432,2024-06-23,Service Quality,The outage was resolved. It would have been nice to get a notification.,5,19,1,1
C00432,2023-01-06,Technical,"Terrible service, waited 3 weeks for someone to show up. Completely unacceptable.",4,6,0,0
C00433,2024-01-01,Billing,The new meter reading service is fantastic.,1,1,0,1
C00433,2024-10-11,Billing,Account change was processed but took a few extra days.,3,5,0,1
C00434,2024-05-26,Technical,The new meter reading service is fantastic.,1,3,0,1
C00436,2024-04-25,Meter Reading,The support team was extremely helpful and resolved my issue quickly.,1,0,0,1
C00436,2024-12-11,Technical,I am done. Switching to a competitor as soon as possible. Nightmare.,3,7,0,1
C00437,2024-03-17,Outage,No major problems but the website is a bit slow.,2,7,0,1
C00438,2022-10-27,Meter Reading,I have called 7 times and nobody fixes the problem. I want to cancel my account.,1,3,0,1
C00438,2022-01-04,Meter Reading,The outage was resolved. It would have been nice to get a notification.,1,2,0,1
C00439,2022-01-25,Billing,The technician never showed up. I took a day off work for nothing.,3,4,0,1
C00440,2024-01-15,Account Management,Account change was processed but took a few extra days.,4,28,0,0
C00440,2023-04-14,Meter Reading,My outage has been going on for 5 days and no one cares. Disgusting.,4,18,1,1
C00440,2024-09-20,Outage,No major problems but the website is a bit slow.,5,8,0,0
C00441,2024-03-20,Service Quality,"Very happy with the service, everything works great.",3,3,0,1
C00442,2024-05-25,Meter Reading,Service interruption was brief. Would like better communication next time.,2,3,0,1
C00443,2023-04-03,Outage,My billing issue was resolved within hours. Highly recommend.,1,2,0,1
C00443,2022-04-13,Service Quality,This is the worst experience I have ever had. Planning to switch provider immediately.,1,0,0,1
C00444,2024-07-22,Outage,Very pleased with the resolution. Great team.,1,4,1,1
C00444,2024-06-12,Service Quality,Unresponsive support and endless hold times. Absolutely awful.,3,3,0,1
C00445,2024-08-02,Service Quality,I have called 7 times and nobody fixes the problem. I want to cancel my account.,3,8,0,1
C00445,2024-04-17,Technical,Unresponsive support and endless hold times. Absolutely awful.,5,29,0,1
C00445,2022-07-12,Service Quality,Billing errors again! Third month in a row. Completely incompetent.,4,25,0,1
C00446,2022-11-02,Meter Reading,Very pleased with the resolution. Great team.,3,0,0,1
C00446,2023-07-26,Account Management,Billing seems correct this month. Last month there was a small issue.,1,3,0,1
C00447,2023-10-22,Billing,The new meter reading service is fantastic.,1,7,0,1
C00449,2023-02-15,Outage,Technician arrived on time but the fix took longer than expected.,3,5,0,1
C00449,2022-10-03,Service Quality,"Very happy with the service, everything works great.",2,5,1,1
C00450,2024-03-17,Outage,Very pleased with the resolution. Great team.,3,5,0,1
C00451,2024-05-12,Technical,My service was cut off without warning. I demand an explanation.,5,20,1,0
C00451,2024-08-16,Billing,This is the worst experience I have ever had. Planning to switch provider immediately.,3,23,0,1
C00451,2024-09-05,Account Management,The technician never showed up. I took a day off work for nothing.,5,25,0,1
C00451,2023-04-17,Billing,Billing seems correct this month. Last month there was a small issue.,3,20,1,1
C00451,2023-01-05,Service Quality,My service was cut off without warning. I demand an explanation.,5,24,1,1
C00453,2024-01-24,Technical,Had to follow up twice to get my meter reading corrected.,3,17,0,1
C00453,2022-08-27,Billing,My outage has been going on for 5 days and no one cares. Disgusting.,3,16,1,0
C00453,2023-03-13,Technical,Nothing special to report. Service has been average.,4,19,1,0
C00453,2022-01-11,Meter Reading,I have called 7 times and nobody fixes the problem. I want to cancel my account.,3,22,0,1
C00453,2023-04-20,Service Quality,I have called 7 times and nobody fixes the problem. I want to cancel my account.,5,22,0,0
C00453,2023-05-01,Outage,Unresponsive support and endless hold times. Absolutely awful.,5,18,0,0
C00454,2024-04-24,Account Management,"Terrible service, waited 3 weeks for someone to show up. Completely unacceptable.",5,5,1,0
C00454,2023-08-01,Meter Reading,I have called 7 times and nobody fixes the problem. I want to cancel my account.,5,13,0,1
C00454,2024-09-26,Meter Reading,My outage has been going on for 5 days and no one cares. Disgusting.,3,22,1,0
C00454,2024-01-17,Service Quality,This is the worst experience I have ever had. Planning to switch provider immediately.,3,14,1,1
C00456,2023-03-07,Technical,Technician arrived on time but the fix took longer than expected.,2,2,0,1
C00456,2023-10-10,Technical,"Quick and helpful customer service, thank you!",1,3,0,1
C00457,2023-02-06,Meter Reading,Technician arrived on time but the fix took longer than expected.,1,3,0,1
C00458,2024-04-06,Service Quality,Technician arrived on time but the fix took longer than expected.,4,29,0,0
C00458,2022-03-20,Outage,Unresponsive support and endless hold times. Absolutely awful.,4,12,0,0
C00458,2024-11-08,Outage,I am done. Switching to a competitor as soon as possible. Nightmare.,5,6,0,0
C00458,2022-03-22,Technical,I have called 7 times and nobody fixes the problem. I want to cancel my account.,5,27,0,0
C00458,2024-01-25,Outage,I have called 7 times and nobody fixes the problem. I want to cancel my account.,3,26,1,0
C00459,2023-03-23,Service Quality,My billing issue was resolved within hours. Highly recommend.,3,5,0,1
C00459,2022-09-01,Service Quality,"Excellent response time, I am very satisfied.",3,1,0,1
C00461,2024-10-26,Account Management,The support person was polite but couldn't fully resolve my issue.,2,2,0,1
C00462,2023-09-15,Account Management,Billing errors again! Third month in a row. Completely incompetent.,3,28,0,0
C00462,2024-11-18,Outage,The support person was polite but couldn't fully resolve my issue.,4,20,0,1
C00462,2023-05-22,Outage,Billing seems correct this month. Last month there was a small issue.,4,26,1,0
C00462,2023-11-24,Outage,I am done. Switching to a competitor as soon as possible. Nightmare.,5,27,0,0
C00462,2023-01-06,Billing,The technician never showed up. I took a day off work for nothing.,4,21,0,0
C00462,2023-10-24,Billing,The technician never showed up. I took a day off work for nothing.,3,9,1,1
C00463,2024-02-20,Service Quality,"Quick and helpful customer service, thank you!",3,6,0,1
C00464,2022-04-20,Outage,Technician arrived on time but the fix took longer than expected.,4,27,1,0
C00464,2023-06-11,Billing,Billing seems correct this month. Last month there was a small issue.,5,14,1,1
C00464,2022-12-20,Technical,Nothing special to report. Service has been average.,5,15,0,1
C00464,2023-04-24,Service Quality,I have called 7 times and nobody fixes the problem. I want to cancel my account.,5,8,1,1
C00466,2023-10-16,Billing,Billing errors again! Third month in a row. Completely incompetent.,5,20,0,1
C00466,2022-10-26,Outage,Billing errors again! Third month in a row. Completely incompetent.,3,5,1,0
C00466,2023-12-14,Service Quality,The technician never showed up. I took a day off work for nothing.,4,9,1,1
C00466,2024-03-03,Meter Reading,Had to follow up twice to get my meter reading corrected.,3,21,1,1
C00466,2023-07-18,Technical,My outage has been going on for 5 days and no one cares. Disgusting.,4,28,0,1
C00466,2024-06-27,Meter Reading,I am done. Switching to a competitor as soon as possible. Nightmare.,4,17,0,1
C00467,2023-10-04,Service Quality,Account change was processed but took a few extra days.,5,14,0,1
C00467,2022-12-03,Billing,Service is generally okay. Had a minor billing discrepancy last month.,3,21,0,0
C00467,2022-12-03,Technical,Nothing special to report. Service has been average.,3,7,1,1
C00467,2023-04-10,Account Management,Billing errors again! Third month in a row. Completely incompetent.,4,16,0,0
C00467,2024-07-16,Account Management,My service was cut off without warning. I demand an explanation.,3,19,0,0
C00469,2024-10-06,Outage,No major problems but the website is a bit slow.,2,6,0,1
C00471,2023-03-04,Account Management,I am absolutely furious — my bill doubled for no reason and no one can explain it.,2,2,0,1
C00472,2024-01-14,Account Management,"Quick and helpful customer service, thank you!",1,0,0,1
C00473,2024-05-12,Technical,Account change was processed but took a few extra days.,1,6,0,1
C00474,2023-05-07,Meter Reading,My billing issue was resolved within hours. Highly recommend.,1,1,1,1
C00474,2024-03-25,Outage,"Outstanding service quality, no issues whatsoever.",2,1,0,1
C00475,2024-05-23,Billing,"Very happy with the service, everything works great.",1,4,0,0
C00475,2024-07-26,Account Management,"Very happy with the service, everything works great.",1,2,0,1
C00476,2022-09-09,Service Quality,Billing errors again! Third month in a row. Completely incompetent.,4,5,0,0
C00476,2022-12-25,Service Quality,Unresponsive support and endless hold times. Absolutely awful.,4,9,0,0
C00476,2024-11-16,Service Quality,Account change was processed but took a few extra days.,5,12,1,1
C00477,2023-05-26,Outage,Service is generally okay. Had a minor billing discrepancy last month.,3,3,0,1
C00478,2024-01-13,Account Management,"Excellent response time, I am very satisfied.",3,0,0,1
C00478,2024-04-05,Service Quality,The support team was extremely helpful and resolved my issue quickly.,1,0,0,1
C00479,2023-07-13,Technical,The technician never showed up. I took a day off work for nothing.,4,23,1,0
C00479,2022-01-15,Meter Reading,This is the worst experience I have ever had. Planning to switch provider immediately.,5,19,0,0
C00479,2023-07-04,Meter Reading,Billing seems correct this month. Last month there was a small issue.,5,24,0,1
C00479,2024-06-16,Meter Reading,My outage has been going on for 5 days and no one cares. Disgusting.,4,24,1,0
C00480,2024-02-06,Outage,"Terrible service, waited 3 weeks for someone to show up. Completely unacceptable.",2,7,0,1
C00480,2023-05-15,Service Quality,"Great experience, the technician was professional and efficient.",2,3,0,1
C00481,2022-01-11,Meter Reading,No major problems but the website is a bit slow.,4,28,0,1
C00481,2023-09-06,Meter Reading,I have called 7 times and nobody fixes the problem. I want to cancel my account.,3,9,0,0
C00481,2023-11-14,Service Quality,Had to follow up twice to get my meter reading corrected.,3,27,0,0
C00482,2022-09-23,Technical,The outage was resolved. It would have been nice to get a notification.,3,23,0,1
C00482,2023-02-27,Account Management,"Terrible service, waited 3 weeks for someone to show up. Completely unacceptable.",3,6,0,1
C00482,2022-02-22,Service Quality,The support person was polite but couldn't fully resolve my issue.,4,29,0,0
C00482,2024-03-25,Account Management,My service was cut off without warning. I demand an explanation.,4,12,1,0
C00483,2022-04-22,Technical,"Great experience, the technician was professional and efficient.",3,2,0,1
C00485,2024-07-06,Outage,Billing errors again! Third month in a row. Completely incompetent.,2,0,0,1
C00485,2023-02-14,Outage,Nothing special to report. Service has been average.,2,1,0,1
C00486,2024-10-14,Service Quality,Billing errors again! Third month in a row. Completely incompetent.,3,5,1,1
C00486,2023-08-17,Account Management,My outage has been going on for 5 days and no one cares. Disgusting.,3,22,1,0
C00486,2022-07-08,Service Quality,Billing seems correct this month. Last month there was a small issue.,5,14,0,0
C00486,2022-09-09,Account Management,I am done. Switching to a competitor as soon as possible. Nightmare.,5,22,0,0
C00487,2023-08-19,Technical,"Very happy with the service, everything works great.",2,7,0,1
C00488,2022-06-03,Account Management,Service is generally okay. Had a minor billing discrepancy last month.,1,7,0,1
C00488,2024-05-24,Outage,Service interruption was brief. Would like better communication next time.,3,1,0,1
C00490,2024-01-04,Outage,The technician never showed up. I took a day off work for nothing.,4,23,1,1
C00490,2024-05-06,Meter Reading,I am absolutely furious — my bill doubled for no reason and no one can explain it.,5,27,0,1
C00490,2024-03-27,Meter Reading,I am absolutely furious — my bill doubled for no reason and no one can explain it.,3,10,0,0
C00490,2024-02-06,Billing,Billing errors again! Third month in a row. Completely incompetent.,5,10,0,0
C00490,2024-03-11,Outage,No major problems but the website is a bit slow.,3,19,0,0
C00490,2024-02-03,Meter Reading,The outage was resolved. It would have been nice to get a notification.,5,27,0,1
C00491,2024-09-01,Meter Reading,Billing errors again! Third month in a row. Completely incompetent.,5,23,0,0
C00491,2022-09-06,Service Quality,My service was cut off without warning. I demand an explanation.,5,29,0,0
C00491,2024-09-12,Service Quality,I am done. Switching to a competitor as soon as possible. Nightmare.,3,25,0,1
C00491,2024-03-01,Account Management,"Terrible service, waited 3 weeks for someone to show up. Completely unacceptable.",3,28,0,0
C00492,2022-03-15,Meter Reading,The support team was extremely helpful and resolved my issue quickly.,1,4,0,1
C00493,2024-03-28,Meter Reading,The support team was extremely helpful and resolved my issue quickly.,2,5,0,1
C00493,2023-07-23,Meter Reading,Service is generally okay. Had a minor billing discrepancy last month.,3,0,0,1
C00495,2022-08-14,Meter Reading,Technician arrived on time but the fix took longer than expected.,3,6,0,1
C00496,2024-05-03,Meter Reading,Service is generally okay. Had a minor billing discrepancy last month.,1,7,0,1
C00497,2022-05-08,Meter Reading,The new meter reading service is fantastic.,1,0,1,1
C00497,2024-08-14,Billing,"Great experience, the technician was professional and efficient.",1,1,0,1
C00499,2023-02-03,Service Quality,"Quick and helpful customer service, thank you!",1,4,0,1
C00500,2022-08-25,Outage,Account change was processed but took a few extra days.,3,8,0,1
C00500,2024-11-05,Account Management,Technician arrived on time but the fix took longer than expected.,3,27,1,0
C00500,2024-01-08,Billing,Billing errors again! Third month in a row. Completely incompetent.,4,26,0,1
C00500,2024-02-27,Account Management,This is the worst experience I have ever had. Planning to switch provider immediately.,5,27,1,1
C00502,2023-03-04,Service Quality,"Outstanding service quality, no issues whatsoever.",3,6,0,1
C00503,2023-10-01,Meter Reading,My service was cut off without warning. I demand an explanation.,3,5,0,1
C00503,2023-09-12,Billing,The technician never showed up. I took a day off work for nothing.,3,20,0,0
C00503,2024-08-20,Meter Reading,The technician never showed up. I took a day off work for nothing.,4,5,1,1
C00504,2024-11-16,Billing,My billing issue was resolved within hours. Highly recommend.,3,6,0,1
C00504,2024-07-12,Outage,"Outstanding service quality, no issues whatsoever.",3,3,0,1
C00505,2024-05-12,Billing,The outage was resolved. It would have been nice to get a notification.,1,4,0,1
C00506,2024-05-05,Service Quality,My outage has been going on for 5 days and no one cares. Disgusting.,3,12,1,0
C00506,2023-12-24,Technical,The technician never showed up. I took a day off work for nothing.,3,24,1,1
C00506,2023-01-14,Technical,Billing seems correct this month. Last month there was a small issue.,3,14,1,1
C00506,2023-09-14,Account Management,I am done. Switching to a competitor as soon as possible. Nightmare.,5,21,0,1
C00510,2024-05-14,Meter Reading,The support person was polite but couldn't fully resolve my issue.,3,19,1,0
C00510,2023-06-11,Account Management,Account change was processed but took a few extra days.,4,9,1,1
C00510,2023-12-27,Meter Reading,My outage has been going on for 5 days and no one cares. Disgusting.,4,26,1,0
C00511,2024-12-11,Account Management,"Love the online portal, makes managing my account super easy.",1,1,0,1
C00511,2022-06-25,Technical,No major problems but the website is a bit slow.,2,7,0,1
C00512,2022-06-27,Technical,"Great experience, the technician was professional and efficient.",2,4,0,0
C00512,2022-01-12,Service Quality,My outage has been going on for 5 days and no one cares. Disgusting.,2,1,0,1
C00513,2024-09-24,Billing,This is the worst experience I have ever had. Planning to switch provider immediately.,1,5,0,1
C00514,2023-11-04,Meter Reading,I am absolutely furious — my bill doubled for no reason and no one can explain it.,5,13,0,1
C00514,2022-11-09,Billing,No major problems but the website is a bit slow.,3,9,0,0
C00514,2023-12-08,Meter Reading,This is the worst experience I have ever had. Planning to switch provider immediately.,4,11,1,1
C00515,2024-01-05,Billing,"Love the online portal, makes managing my account super easy.",2,7,0,1
C00516,2024-11-14,Service Quality,The support person was polite but couldn't fully resolve my issue.,1,3,0,1
C00516,2023-12-02,Account Management,"Great experience, the technician was professional and efficient.",2,2,0,1
C00517,2024-08-27,Technical,"Great experience, the technician was professional and efficient.",2,6,0,1
C00517,2022-11-21,Technical,I have called 7 times and nobody fixes the problem. I want to cancel my account.,2,4,0,1
C00518,2024-12-27,Service Quality,Service interruption was brief. Would like better communication next time.,3,6,0,1
C00518,2023-12-01,Technical,"Great experience, the technician was professional and efficient.",2,1,0,1
C00519,2023-05-12,Billing,Billing errors again! Third month in a row. Completely incompetent.,2,7,0,1
C00520,2024-11-05,Outage,Technician arrived on time but the fix took longer than expected.,2,4,0,1
C00520,2023-02-01,Outage,The support team was extremely helpful and resolved my issue quickly.,3,2,0,1
C00523,2023-03-26,Outage,"Very happy with the service, everything works great.",2,6,0,0
C00524,2023-04-03,Outage,"Great experience, the technician was professional and efficient.",2,4,0,1
C00524,2024-10-03,Outage,"Very happy with the service, everything works great.",3,0,1,1
C00526,2024-06-12,Outage,The new meter reading service is fantastic.,1,6,0,1
C00526,2022-07-28,Technical,Nothing special to report. Service has been average.,2,7,0,1
C00527,2022-07-01,Meter Reading,Service interruption was brief. Would like better communication next time.,3,4,0,1
C00527,2022-01-26,Billing,The support team was extremely helpful and resolved my issue quickly.,1,1,0,1
C00528,2024-09-15,Meter Reading,This is the worst experience I have ever had. Planning to switch provider immediately.,3,9,1,0
C00528,2024-01-07,Account Management,I am done. Switching to a competitor as soon as possible. Nightmare.,5,26,0,0
C00528,2024-02-06,Billing,Unresponsive support and endless hold times. Absolutely awful.,5,20,0,1
C00528,2024-02-08,Technical,This is the worst experience I have ever had. Planning to switch provider immediately.,3,15,1,1
C00528,2024-07-14,Outage,"Terrible service, waited 3 weeks for someone to show up. Completely unacceptable.",3,11,0,1
C00528,2024-10-19,Service Quality,I am done. Switching to a competitor as soon as possible. Nightmare.,4,19,1,0
C00530,2023-02-17,Outage,Billing errors again! Third month in a row. Completely incompetent.,4,26,0,0
C00530,2024-03-05,Technical,Nothing special to report. Service has been average.,4,19,0,1
C00530,2023-04-05,Meter Reading,"Terrible service, waited 3 weeks for someone to show up. Completely unacceptable.",5,27,1,0
C00530,2023-10-24,Outage,Billing errors again! Third month in a row. Completely incompetent.,4,29,0,1
C00531,2023-07-26,Meter Reading,My billing issue was resolved within hours. Highly recommend.,2,4,1,1
C00533,2023-05-05,Outage,"Terrible service, waited 3 weeks for someone to show up. Completely unacceptable.",2,6,0,0
C00533,2024-10-23,Billing,The outage was resolved. It would have been nice to get a notification.,3,5,0,1
C00534,2022-07-21,Outage,"Quick and helpful customer service, thank you!",1,4,0,1
C00534,2024-05-16,Billing,"Quick and helpful customer service, thank you!",1,6,0,1
C00535,2024-03-20,Service Quality,"Love the online portal, makes managing my account super easy.",3,3,1,1
C00535,2023-08-24,Billing,My billing issue was resolved within hours. Highly recommend.,2,7,0,1
C00537,2024-05-25,Account Management,The technician never showed up. I took a day off work for nothing.,3,7,0,0
C00537,2023-03-19,Technical,I have called 7 times and nobody fixes the problem. I want to cancel my account.,3,10,0,0
C00537,2023-12-13,Account Management,"Terrible service, waited 3 weeks for someone to show up. Completely unacceptable.",5,29,1,0
C00537,2024-08-01,Outage,The technician never showed up. I took a day off work for nothing.,5,7,0,0
C00537,2024-01-06,Service Quality,The outage was resolved. It would have been nice to get a notification.,3,18,0,1
C00537,2023-08-24,Billing,Billing errors again! Third month in a row. Completely incompetent.,4,12,0,1
C00540,2024-09-22,Technical,This is the worst experience I have ever had. Planning to switch provider immediately.,1,2,0,1
C00541,2022-10-18,Meter Reading,"Excellent response time, I am very satisfied.",2,4,0,1
C00542,2023-04-01,Technical,"Very happy with the service, everything works great.",1,4,0,1
C00543,2024-01-18,Technical,Had to follow up twice to get my meter reading corrected.,2,7,1,1
C00543,2022-11-22,Account Management,"Excellent response time, I am very satisfied.",2,0,0,0
C00544,2023-10-12,Billing,The new meter reading service is fantastic.,3,0,0,1
C00545,2022-07-13,Meter Reading,"Very happy with the service, everything works great.",3,2,0,1
C00545,2024-05-14,Account Management,"Great experience, the technician was professional and efficient.",3,5,0,1
C00546,2022-06-18,Service Quality,My billing issue was resolved within hours. Highly recommend.,3,3,0,1
C00547,2024-12-09,Outage,"Outstanding service quality, no issues whatsoever.",1,0,0,1
C00547,2023-02-21,Outage,"Excellent response time, I am very satisfied.",2,3,1,1
C00548,2023-08-09,Technical,This is the worst experience I have ever had. Planning to switch provider immediately.,3,5,0,0
C00548,2024-02-08,Technical,Very pleased with the resolution. Great team.,2,3,0,1
C00550,2024-07-06,Service Quality,This is the worst experience I have ever had. Planning to switch provider immediately.,5,25,0,1
C00550,2024-06-14,Technical,"Terrible service, waited 3 weeks for someone to show up. Completely unacceptable.",5,20,1,0
C00550,2023-05-06,Outage,The outage was resolved. It would have been nice to get a notification.,4,27,0,1
C00550,2023-08-09,Service Quality,My outage has been going on for 5 days and no one cares. Disgusting.,3,13,0,0
C00550,2022-11-05,Account Management,The technician never showed up. I took a day off work for nothing.,4,29,0,0
C00551,2023-01-28,Service Quality,Billing errors again! Third month in a row. Completely incompetent.,3,1,0,1
C00551,2023-11-21,Service Quality,No major problems but the website is a bit slow.,1,7,0,1
C00552,2024-05-02,Billing,"Very happy with the service, everything works great.",1,2,1,1
C00553,2023-05-14,Billing,"Love the online portal, makes managing my account super easy.",3,4,0,1
C00553,2023-01-13,Billing,The new meter reading service is fantastic.,2,1,0,1
C00554,2022-03-03,Outage,This is the worst experience I have ever had. Planning to switch provider immediately.,5,6,1,0
C00554,2022-12-09,Meter Reading,I am absolutely furious — my bill doubled for no reason and no one can explain it.,4,10,0,0
C00554,2024-11-01,Meter Reading,The technician never showed up. I took a day off work for nothing.,3,25,0,0
C00554,2024-08-05,Technical,Unresponsive support and endless hold times. Absolutely awful.,3,17,0,1
C00558,2024-03-21,Billing,"Excellent response time, I am very satisfied.",2,3,0,1
C00558,2022-07-16,Service Quality,I am absolutely furious — my bill doubled for no reason and no one can explain it.,2,5,1,1
C00561,2023-09-01,Billing,Nothing special to report. Service has been average.,3,29,0,0
C00561,2024-08-25,Billing,The technician never showed up. I took a day off work for nothing.,4,28,0,1
C00561,2023-09-19,Outage,"Terrible service, waited 3 weeks for someone to show up. Completely unacceptable.",3,25,1,1
C00561,2024-11-02,Outage,My service was cut off without warning. I demand an explanation.,5,8,0,0
C00561,2023-04-23,Outage,Unresponsive support and endless hold times. Absolutely awful.,3,10,1,0
C00561,2023-09-08,Meter Reading,This is the worst experience I have ever had. Planning to switch provider immediately.,5,11,0,0
C00562,2022-11-22,Service Quality,I am absolutely furious — my bill doubled for no reason and no one can explain it.,3,16,0,0
C00562,2022-02-26,Outage,My service was cut off without warning. I demand an explanation.,3,11,0,1
C00562,2024-09-08,Technical,I have called 7 times and nobody fixes the problem. I want to cancel my account.,5,16,1,1
C00563,2023-01-20,Account Management,"Love the online portal, makes managing my account super easy.",2,4,0,1
C00563,2022-02-06,Service Quality,Very pleased with the resolution. Great team.,3,2,0,1
C00564,2024-07-02,Account Management,"Outstanding service quality, no issues whatsoever.",1,7,0,1
C00565,2022-01-18,Outage,Service is generally okay. Had a minor billing discrepancy last month.,4,9,0,0
C00565,2024-08-12,Account Management,Account change was processed but took a few extra days.,5,12,1,1
C00565,2022-05-25,Technical,I am done. Switching to a competitor as soon as possible. Nightmare.,3,12,0,0
C00567,2024-08-23,Technical,Technician arrived on time but the fix took longer than expected.,3,16,1,0
C00567,2024-06-19,Technical,Unresponsive support and endless hold times. Absolutely awful.,5,13,1,0
C00567,2023-04-06,Technical,This is the worst experience I have ever had. Planning to switch provider immediately.,3,27,0,1
C00567,2023-12-26,Account Management,"Terrible service, waited 3 weeks for someone to show up. Completely unacceptable.",5,24,1,1
C00567,2022-01-04,Account Management,Service is generally okay. Had a minor billing discrepancy last month.,4,7,1,0
C00569,2024-02-26,Service Quality,"Quick and helpful customer service, thank you!",1,6,0,1
C00570,2022-10-02,Billing,I am done. Switching to a competitor as soon as possible. Nightmare.,3,15,0,0
C00570,2022-07-18,Technical,Nothing special to report. Service has been average.,4,18,1,1
C00570,2023-04-27,Technical,I have called 7 times and nobody fixes the problem. I want to cancel my account.,5,15,0,1
C00570,2022-07-05,Service Quality,Billing seems correct this month. Last month there was a small issue.,5,28,1,1
C00570,2024-07-14,Account Management,My service was cut off without warning. I demand an explanation.,3,9,1,1
C00571,2023-03-12,Meter Reading,"Outstanding service quality, no issues whatsoever.",1,4,0,1
C00571,2022-03-21,Meter Reading,Very pleased with the resolution. Great team.,3,6,0,1
C00572,2022-11-12,Technical,My billing issue was resolved within hours. Highly recommend.,1,3,0,1
C00572,2022-09-03,Outage,"Love the online portal, makes managing my account super easy.",1,5,0,1
C00573,2024-01-07,Account Management,Billing errors again! Third month in a row. Completely incompetent.,3,17,0,1
C00573,2024-08-24,Meter Reading,This is the worst experience I have ever had. Planning to switch provider immediately.,3,11,1,0
C00573,2024-08-08,Account Management,I am absolutely furious — my bill doubled for no reason and no one can explain it.,5,8,0,1
C00573,2024-02-09,Account Management,The technician never showed up. I took a day off work for nothing.,3,18,0,0
C00574,2024-08-20,Technical,I am absolutely furious — my bill doubled for no reason and no one can explain it.,5,5,0,0
C00574,2023-09-09,Billing,This is the worst experience I have ever had. Planning to switch provider immediately.,3,15,0,1
C00574,2022-10-25,Account Management,Technician arrived on time but the fix took longer than expected.,4,14,1,0
C00574,2022-06-21,Technical,The outage was resolved. It would have been nice to get a notification.,4,24,0,1
C00574,2023-11-02,Outage,This is the worst experience I have ever had. Planning to switch provider immediately.,4,12,0,1
C00576,2024-05-20,Billing,Billing errors again! Third month in a row. Completely incompetent.,1,4,0,1
C00576,2023-09-05,Outage,"Outstanding service quality, no issues whatsoever.",1,1,1,0
C00577,2023-10-18,Service Quality,My service was cut off without warning. I demand an explanation.,3,7,0,0
C00578,2024-02-10,Account Management,"Great experience, the technician was professional and efficient.",2,7,0,1
C00580,2022-07-28,Outage,"Outstanding service quality, no issues whatsoever.",1,6,0,1
C00580,2023-09-24,Technical,My service was cut off without warning. I demand an explanation.,3,5,0,1
C00582,2023-04-14,Meter Reading,The new meter reading service is fantastic.,2,4,0,1
C00582,2024-05-14,Meter Reading,Billing seems correct this month. Last month there was a small issue.,2,6,0,1
C00583,2022-10-19,Billing,Account change was processed but took a few extra days.,2,5,1,0
C00583,2024-11-02,Account Management,My billing issue was resolved within hours. Highly recommend.,3,6,1,1
C00584,2023-10-03,Service Quality,Very pleased with the resolution. Great team.,1,3,1,1
C00584,2023-04-05,Technical,The support person was polite but couldn't fully resolve my issue.,1,2,0,0
C00585,2023-10-21,Service Quality,I have called 7 times and nobody fixes the problem. I want to cancel my account.,3,9,0,0
C00585,2024-12-19,Meter Reading,Account change was processed but took a few extra days.,4,24,1,1
C00585,2024-01-15,Account Management,My service was cut off without warning. I demand an explanation.,4,24,1,1
C00585,2024-12-26,Account Management,Service is generally okay. Had a minor billing discrepancy last month.,5,7,1,0
C00585,2023-12-16,Meter Reading,Billing errors again! Third month in a row. Completely incompetent.,3,5,1,0
C00585,2024-06-02,Billing,I have called 7 times and nobody fixes the problem. I want to cancel my account.,3,7,0,1
C00586,2023-03-06,Outage,The support person was polite but couldn't fully resolve my issue.,3,6,0,1
C00587,2024-06-08,Meter Reading,I am absolutely furious — my bill doubled for no reason and no one can explain it.,3,18,1,0
C00587,2024-02-01,Billing,Technician arrived on time but the fix took longer than expected.,5,18,0,0
C00587,2024-08-04,Outage,Nothing special to report. Service has been average.,4,20,0,1
C00587,2024-09-22,Billing,"Terrible service, waited 3 weeks for someone to show up. Completely unacceptable.",3,19,1,1
C00587,2024-02-04,Account Management,Had to follow up twice to get my meter reading corrected.,4,10,0,0
C00587,2024-06-12,Technical,I have called 7 times and nobody fixes the problem. I want to cancel my account.,3,6,1,0
C00588,2024-03-14,Service Quality,"Love the online portal, makes managing my account super easy.",1,7,0,1
C00588,2024-11-17,Outage,The new meter reading service is fantastic.,2,5,0,1
C00589,2024-01-25,Billing,Very pleased with the resolution. Great team.,1,0,0,1
C00589,2024-06-14,Technical,Very pleased with the resolution. Great team.,1,2,1,1
C00590,2024-03-22,Meter Reading,"Quick and helpful customer service, thank you!",3,0,0,1
C00591,2022-10-21,Technical,My outage has been going on for 5 days and no one cares. Disgusting.,3,21,1,1
C00591,2023-12-20,Billing,My outage has been going on for 5 days and no one cares. Disgusting.,3,8,0,1
C00591,2024-01-14,Account Management,Nothing special to report. Service has been average.,3,29,1,0
C00592,2024-03-26,Meter Reading,"Love the online portal, makes managing my account super easy.",1,0,0,1
C00593,2024-02-17,Technical,No major problems but the website is a bit slow.,3,0,0,1
C00594,2023-08-24,Meter Reading,I am done. Switching to a competitor as soon as possible. Nightmare.,1,0,0,1
C00595,2022-01-23,Billing,Very pleased with the resolution. Great team.,2,6,0,1
C00596,2022-01-18,Service Quality,Had to follow up twice to get my meter reading corrected.,2,0,0,1
C00597,2022-05-23,Technical,Very pleased with the resolution. Great team.,3,7,0,1
C00600,2023-03-20,Technical,Had to follow up twice to get my meter reading corrected.,2,5,0,1
C00602,2024-02-05,Technical,"Love the online portal, makes managing my account super easy.",3,4,0,1
C00602,2022-11-11,Account Management,Service is generally okay. Had a minor billing discrepancy last month.,2,4,0,1
C00603,2023-01-07,Account Management,This is the worst experience I have ever had. Planning to switch provider immediately.,4,16,1,1
C00603,2024-05-22,Technical,No major problems but the website is a bit slow.,3,15,0,1
C00603,2024-02-21,Meter Reading,Technician arrived on time but the fix took longer than expected.,4,12,0,0
C00603,2024-05-24,Outage,I am done. Switching to a competitor as soon as possible. Nightmare.,4,17,1,1
C00603,2023-07-19,Service Quality,My outage has been going on for 5 days and no one cares. Disgusting.,5,26,0,0
C00603,2023-11-05,Outage,I am absolutely furious — my bill doubled for no reason and no one can explain it.,3,7,1,0
C00604,2024-06-02,Outage,Billing seems correct this month. Last month there was a small issue.,1,6,0,1
C00605,2024-10-28,Outage,Very pleased with the resolution. Great team.,3,7,0,1
C00606,2024-08-12,Outage,Account change was processed but took a few extra days.,3,7,0,1
C00606,2024-12-06,Technical,The support person was polite but couldn't fully resolve my issue.,2,3,0,1
C00608,2024-03-16,Billing,I have called 7 times and nobody fixes the problem. I want to cancel my account.,4,7,1,1
C00608,2022-09-09,Service Quality,"Terrible service, waited 3 weeks for someone to show up. Completely unacceptable.",3,6,0,0
C00608,2023-09-05,Account Management,Unresponsive support and endless hold times. Absolutely awful.,4,11,0,0
C00608,2024-04-12,Technical,I have called 7 times and nobody fixes the problem. I want to cancel my account.,5,22,0,0
C00608,2022-09-22,Meter Reading,No major problems but the website is a bit slow.,5,29,0,0
C00609,2023-03-27,Billing,"Terrible service, waited 3 weeks for someone to show up. Completely unacceptable.",5,12,1,0
C00609,2023-11-20,Technical,The technician never showed up. I took a day off work for nothing.,4,24,0,0
C00609,2024-08-24,Outage,Technician arrived on time but the fix took longer than expected.,3,26,0,0
C00609,2023-04-04,Technical,This is the worst experience I have ever had. Planning to switch provider immediately.,3,6,1,1
C00609,2022-05-27,Technical,The technician never showed up. I took a day off work for nothing.,5,13,0,0
C00610,2024-05-03,Outage,Service interruption was brief. Would like better communication next time.,3,7,0,1
C00610,2024-03-24,Technical,"Outstanding service quality, no issues whatsoever.",1,7,0,1
C00611,2022-01-16,Service Quality,Nothing special to report. Service has been average.,3,12,0,1
C00611,2024-03-19,Technical,"Terrible service, waited 3 weeks for someone to show up. Completely unacceptable.",4,9,1,0
C00611,2022-07-24,Technical,I have called 7 times and nobody fixes the problem. I want to cancel my account.,5,15,0,1
C00613,2024-10-21,Billing,The technician never showed up. I took a day off work for nothing.,3,27,0,0
C00613,2023-12-27,Account Management,I am done. Switching to a competitor as soon as possible. Nightmare.,4,5,0,0
C00613,2023-06-03,Technical,This is the worst experience I have ever had. Planning to switch provider immediately.,4,25,1,1
C00613,2024-11-06,Technical,My service was cut off without warning. I demand an explanation.,4,13,0,0
C00613,2023-08-06,Service Quality,Billing seems correct this month. Last month there was a small issue.,3,23,0,0
C00613,2023-01-02,Account Management,I am absolutely furious — my bill doubled for no reason and no one can explain it.,4,18,0,0
C00615,2023-12-25,Meter Reading,The support team was extremely helpful and resolved my issue quickly.,2,6,0,1
C00615,2024-10-13,Meter Reading,My billing issue was resolved within hours. Highly recommend.,1,7,0,1
C00616,2022-02-24,Account Management,The support team was extremely helpful and resolved my issue quickly.,2,4,0,1
C00617,2022-10-13,Outage,"Outstanding service quality, no issues whatsoever.",2,5,0,1
C00617,2022-05-20,Account Management,"Great experience, the technician was professional and efficient.",3,4,0,1
C00618,2024-04-23,Service Quality,The new meter reading service is fantastic.,1,4,0,1
C00619,2024-02-04,Meter Reading,Service is generally okay. Had a minor billing discrepancy last month.,5,25,1,1
C00619,2024-05-27,Outage,No major problems but the website is a bit slow.,4,20,0,1
C00619,2024-10-20,Billing,This is the worst experience I have ever had. Planning to switch provider immediately.,4,28,0,1
C00620,2022-02-19,Service Quality,"Love the online portal, makes managing my account super easy.",1,5,0,1
C00621,2023-04-17,Outage,"Very happy with the service, everything works great.",2,7,0,1
C00623,2023-01-01,Billing,I have called 7 times and nobody fixes the problem. I want to cancel my account.,4,16,1,1
C00623,2024-02-08,Outage,My service was cut off without warning. I demand an explanation.,4,24,0,0
C00623,2024-07-14,Technical,I am done. Switching to a competitor as soon as possible. Nightmare.,3,14,1,1
C00623,2024-02-07,Service Quality,My service was cut off without warning. I demand an explanation.,3,7,1,1
C00623,2024-01-23,Meter Reading,Nothing special to report. Service has been average.,5,17,1,1
C00624,2022-11-06,Billing,Service is generally okay. Had a minor billing discrepancy last month.,2,0,1,1
C00625,2024-03-19,Meter Reading,I am done. Switching to a competitor as soon as possible. Nightmare.,1,2,0,1
C00625,2024-08-05,Technical,"Love the online portal, makes managing my account super easy.",3,1,1,1
C00626,2023-09-14,Account Management,The new meter reading service is fantastic.,2,7,0,1
C00626,2023-05-04,Outage,Service interruption was brief. Would like better communication next time.,1,5,0,1
C00627,2023-03-16,Account Management,"Very happy with the service, everything works great.",1,5,0,0
C00627,2023-12-21,Service Quality,The support team was extremely helpful and resolved my issue quickly.,2,7,0,1
C00628,2022-10-02,Service Quality,Billing seems correct this month. Last month there was a small issue.,1,1,0,1
C00628,2023-02-07,Service Quality,Had to follow up twice to get my meter reading corrected.,3,5,0,1
C00629,2024-03-24,Account Management,"Quick and helpful customer service, thank you!",3,3,0,1
C00630,2023-07-15,Service Quality,My billing issue was resolved within hours. Highly recommend.,2,3,0,1
C00631,2023-04-16,Billing,The support team was extremely helpful and resolved my issue quickly.,1,2,0,0
C00633,2024-04-13,Account Management,"Terrible service, waited 3 weeks for someone to show up. Completely unacceptable.",5,8,0,0
C00633,2022-03-21,Technical,Account change was processed but took a few extra days.,3,28,0,0
C00633,2023-10-12,Outage,I am done. Switching to a competitor as soon as possible. Nightmare.,4,28,0,1
C00633,2024-09-22,Meter Reading,Nothing special to report. Service has been average.,3,8,0,1
C00633,2022-08-27,Account Management,Service interruption was brief. Would like better communication next time.,5,21,0,0
C00634,2023-02-08,Billing,I have called 7 times and nobody fixes the problem. I want to cancel my account.,3,13,0,0
C00634,2024-05-23,Meter Reading,Account change was processed but took a few extra days.,3,20,0,1
C00634,2023-10-27,Meter Reading,I am done. Switching to a competitor as soon as possible. Nightmare.,4,20,0,0
C00634,2024-08-09,Meter Reading,Service interruption was brief. Would like better communication next time.,5,24,0,1
C00634,2023-08-25,Account Management,Had to follow up twice to get my meter reading corrected.,5,22,1,1
C00634,2024-08-12,Billing,The technician never showed up. I took a day off work for nothing.,3,7,1,0
C00635,2022-02-12,Billing,No major problems but the website is a bit slow.,1,4,0,1
C00635,2022-01-26,Account Management,"Outstanding service quality, no issues whatsoever.",3,5,1,1
C00637,2022-12-13,Meter Reading,Service is generally okay. Had a minor billing discrepancy last month.,4,18,0,0
C00637,2023-04-24,Billing,Service is generally okay. Had a minor billing discrepancy last month.,3,16,0,0
C00637,2023-03-18,Service Quality,My outage has been going on for 5 days and no one cares. Disgusting.,4,25,0,1
C00637,2024-11-13,Account Management,I am done. Switching to a competitor as soon as possible. Nightmare.,4,14,0,1
C00637,2022-04-28,Outage,I am done. Switching to a competitor as soon as possible. Nightmare.,4,12,0,0
C00637,2024-06-19,Account Management,The technician never showed up. I took a day off work for nothing.,5,14,0,1
C00638,2024-01-11,Service Quality,The outage was resolved. It would have been nice to get a notification.,2,0,0,1
C00640,2022-01-05,Outage,Account change was processed but took a few extra days.,2,2,0,0
C00640,2023-12-27,Meter Reading,No major problems but the website is a bit slow.,3,1,0,1
C00641,2022-07-14,Outage,The outage was resolved. It would have been nice to get a notification.,2,6,0,1
C00642,2024-05-06,Account Management,"Quick and helpful customer service, thank you!",1,5,0,1
C00642,2023-11-05,Technical,"Very happy with the service, everything works great.",1,5,1,1
C00643,2023-09-20,Technical,I am done. Switching to a competitor as soon as possible. Nightmare.,4,10,1,1
C00643,2024-04-24,Account Management,I am absolutely furious — my bill doubled for no reason and no one can explain it.,3,14,0,0
C00643,2024-07-05,Billing,Billing errors again! Third month in a row. Completely incompetent.,5,16,1,1
C00643,2023-06-01,Outage,I have called 7 times and nobody fixes the problem. I want to cancel my account.,3,7,0,0
C00643,2024-06-27,Account Management,I am absolutely furious — my bill doubled for no reason and no one can explain it.,4,24,0,1
C00643,2022-05-12,Service Quality,My service was cut off without warning. I demand an explanation.,4,16,1,0
C00644,2022-11-24,Account Management,Billing errors again! Third month in a row. Completely incompetent.,3,7,0,1
C00644,2022-11-02,Service Quality,The support person was polite but couldn't fully resolve my issue.,1,5,0,1
C00645,2024-10-27,Service Quality,Nothing special to report. Service has been average.,2,0,0,1
C00645,2023-08-24,Billing,The new meter reading service is fantastic.,2,0,0,1
C00647,2024-08-25,Outage,The support person was polite but couldn't fully resolve my issue.,3,27,0,0
C00647,2022-04-17,Technical,I have called 7 times and nobody fixes the problem. I want to cancel my account.,4,23,1,0
C00647,2022-03-13,Meter Reading,My outage has been going on for 5 days and no one cares. Disgusting.,5,11,1,1
C00647,2023-01-04,Account Management,Unresponsive support and endless hold times. Absolutely awful.,4,7,1,1
C00647,2023-11-06,Account Management,Billing errors again! Third month in a row. Completely incompetent.,4,11,0,0
C00647,2022-03-24,Service Quality,Service interruption was brief. Would like better communication next time.,4,29,0,0
C00648,2023-08-18,Outage,"Excellent response time, I am very satisfied.",1,0,0,1
C00649,2022-06-14,Service Quality,The support team was extremely helpful and resolved my issue quickly.,3,1,0,1
C00649,2024-12-09,Meter Reading,Billing errors again! Third month in a row. Completely incompetent.,2,5,0,1
C00650,2024-03-23,Account Management,Had to follow up twice to get my meter reading corrected.,5,5,0,0
C00650,2024-08-12,Service Quality,My outage has been going on for 5 days and no one cares. Disgusting.,5,14,0,1
C00650,2024-08-01,Billing,I have called 7 times and nobody fixes the problem. I want to cancel my account.,5,11,0,1
C00650,2024-06-26,Account Management,"Terrible service, waited 3 weeks for someone to show up. Completely unacceptable.",4,5,0,1
C00652,2024-10-06,Service Quality,The technician never showed up. I took a day off work for nothing.,3,8,0,1
C00652,2022-01-17,Outage,I am done. Switching to a competitor as soon as possible. Nightmare.,4,5,0,0
C00652,2023-04-01,Outage,Technician arrived on time but the fix took longer than expected.,3,5,0,0
C00652,2023-03-10,Service Quality,My outage has been going on for 5 days and no one cares. Disgusting.,4,10,1,1
C00655,2024-03-14,Service Quality,My service was cut off without warning. I demand an explanation.,3,5,1,0
C00655,2024-02-20,Outage,Billing errors again! Third month in a row. Completely incompetent.,4,24,0,1
C00655,2023-02-23,Technical,Billing errors again! Third month in a row. Completely incompetent.,4,19,0,0
C00655,2023-10-17,Service Quality,This is the worst experience I have ever had. Planning to switch provider immediately.,5,27,1,1
C00655,2024-01-08,Billing,I am absolutely furious — my bill doubled for no reason and no one can explain it.,5,26,0,1
C00655,2024-05-25,Meter Reading,My outage has been going on for 5 days and no one cares. Disgusting.,4,21,1,1
C00656,2023-08-10,Meter Reading,My billing issue was resolved within hours. Highly recommend.,1,7,0,1
C00656,2022-04-17,Service Quality,Had to follow up twice to get my meter reading corrected.,1,0,1,1
C00657,2023-02-03,Meter Reading,Had to follow up twice to get my meter reading corrected.,3,26,0,1
C00657,2023-08-21,Outage,This is the worst experience I have ever had. Planning to switch provider immediately.,5,13,0,0
C00657,2022-04-12,Account Management,I am done. Switching to a competitor as soon as possible. Nightmare.,4,13,0,0
C00658,2024-10-23,Technical,Service is generally okay. Had a minor billing discrepancy last month.,1,6,0,0
C00659,2023-08-02,Billing,The support team was extremely helpful and resolved my issue quickly.,3,3,0,1
C00659,2023-02-09,Account Management,"Outstanding service quality, no issues whatsoever.",2,3,0,1
C00662,2023-03-14,Service Quality,Service interruption was brief. Would like better communication next time.,1,4,0,1
C00662,2024-10-01,Account Management,"Excellent response time, I am very satisfied.",1,0,0,0
C00664,2023-06-15,Meter Reading,Billing errors again! Third month in a row. Completely incompetent.,3,29,0,0
C00664,2024-11-17,Outage,The support person was polite but couldn't fully resolve my issue.,3,6,1,1
C00664,2023-10-26,Outage,This is the worst experience I have ever had. Planning to switch provider immediately.,4,9,0,0
C00664,2022-05-11,Account Management,"Terrible service, waited 3 weeks for someone to show up. Completely unacceptable.",4,24,0,0
C00664,2022-01-23,Meter Reading,I have called 7 times and nobody fixes the problem. I want to cancel my account.,3,26,1,1
C00664,2023-09-21,Billing,I am done. Switching to a competitor as soon as possible. Nightmare.,5,5,1,0
C00665,2023-07-04,Technical,The support person was polite but couldn't fully resolve my issue.,1,7,0,1
C00666,2023-10-04,Billing,My service was cut off without warning. I demand an explanation.,4,16,1,1
C00666,2022-05-19,Meter Reading,My outage has been going on for 5 days and no one cares. Disgusting.,4,29,0,1
C00666,2022-07-03,Account Management,Technician arrived on time but the fix took longer than expected.,4,20,1,1
C00666,2023-10-22,Billing,I have called 7 times and nobody fixes the problem. I want to cancel my account.,3,6,1,0
C00666,2024-12-04,Technical,My service was cut off without warning. I demand an explanation.,5,17,0,1
C00666,2023-01-02,Technical,My outage has been going on for 5 days and no one cares. Disgusting.,3,5,1,0
C00668,2024-05-25,Outage,Nothing special to report. Service has been average.,3,1,0,1
C00668,2024-02-18,Technical,"Great experience, the technician was professional and efficient.",3,3,1,1
C00669,2023-12-18,Service Quality,I am absolutely furious — my bill doubled for no reason and no one can explain it.,5,24,1,1
C00669,2023-04-13,Billing,My outage has been going on for 5 days and no one cares. Disgusting.,3,15,1,0
C00669,2023-10-22,Outage,I am done. Switching to a competitor as soon as possible. Nightmare.,4,23,0,1
C00669,2024-01-07,Outage,My service was cut off without warning. I demand an explanation.,5,20,1,0
C00670,2023-03-15,Meter Reading,Unresponsive support and endless hold times. Absolutely awful.,3,23,0,0
C00670,2023-07-20,Technical,No major problems but the website is a bit slow.,4,7,1,1
C00670,2024-05-09,Technical,The technician never showed up. I took a day off work for nothing.,5,13,0,1
C00670,2024-04-28,Meter Reading,Had to follow up twice to get my meter reading corrected.,3,17,0,0
C00670,2024-12-06,Account Management,The technician never showed up. I took a day off work for nothing.,5,8,1,0
C00670,2024-08-20,Outage,I am done. Switching to a competitor as soon as possible. Nightmare.,3,27,0,1
C00672,2023-08-22,Account Management,I have called 7 times and nobody fixes the problem. I want to cancel my account.,3,6,1,1
C00672,2024-03-18,Service Quality,Billing errors again! Third month in a row. Completely incompetent.,5,5,0,1
C00672,2024-01-27,Service Quality,The technician never showed up. I took a day off work for nothing.,3,8,1,0
C00672,2023-10-18,Technical,Billing errors again! Third month in a row. Completely incompetent.,3,25,0,1
C00672,2022-03-19,Meter Reading,Billing errors again! Third month in a row. Completely incompetent.,3,23,1,0
C00673,2024-05-20,Billing,Billing errors again! Third month in a row. Completely incompetent.,5,21,1,0
C00673,2023-09-14,Service Quality,This is the worst experience I have ever had. Planning to switch provider immediately.,4,21,1,0
C00673,2023-11-10,Meter Reading,Nothing special to report. Service has been average.,3,7,0,1
C00674,2023-02-13,Technical,No major problems but the website is a bit slow.,3,0,0,1
C00675,2023-04-17,Meter Reading,The support team was extremely helpful and resolved my issue quickly.,2,4,0,0
C00676,2024-03-13,Meter Reading,Account change was processed but took a few extra days.,4,19,1,1
C00676,2023-08-15,Billing,Billing errors again! Third month in a row. Completely incompetent.,3,17,0,1
C00676,2023-12-16,Technical,No major problems but the website is a bit slow.,4,14,0,1
C00676,2023-01-04,Account Management,Billing errors again! Third month in a row. Completely incompetent.,3,26,0,1
C00676,2023-12-28,Technical,Unresponsive support and endless hold times. Absolutely awful.,4,5,1,0
C00677,2022-11-23,Service Quality,Account change was processed but took a few extra days.,2,4,0,1
C00677,2022-05-25,Billing,"Outstanding service quality, no issues whatsoever.",1,4,0,0
C00679,2024-04-03,Meter Reading,My service was cut off without warning. I demand an explanation.,3,1,0,1
C00679,2023-09-19,Outage,The new meter reading service is fantastic.,2,2,0,1
C00680,2022-10-21,Outage,No major problems but the website is a bit slow.,1,7,0,1
C00682,2023-10-25,Technical,The support team was extremely helpful and resolved my issue quickly.,2,5,0,1
C00683,2023-06-14,Meter Reading,"Very happy with the service, everything works great.",1,0,0,1
C00683,2022-05-13,Meter Reading,The new meter reading service is fantastic.,1,6,0,1
C00684,2022-11-20,Service Quality,The outage was resolved. It would have been nice to get a notification.,3,2,0,1
C00684,2022-12-26,Account Management,My service was cut off without warning. I demand an explanation.,2,7,0,1
C00685,2024-04-26,Billing,"Excellent response time, I am very satisfied.",2,6,0,1
C00686,2023-10-22,Billing,Billing errors again! Third month in a row. Completely incompetent.,5,10,1,0
C00686,2024-05-20,Meter Reading,Billing seems correct this month. Last month there was a small issue.,3,5,0,0
C00686,2024-08-18,Account Management,I have called 7 times and nobody fixes the problem. I want to cancel my account.,5,6,1,1
C00686,2024-09-04,Account Management,The outage was resolved. It would have been nice to get a notification.,4,15,0,0
C00686,2024-12-10,Outage,I am done. Switching to a competitor as soon as possible. Nightmare.,5,15,0,0
C00686,2024-03-10,Account Management,The technician never showed up. I took a day off work for nothing.,3,25,1,1
C00687,2024-02-01,Outage,"Excellent response time, I am very satisfied.",2,7,0,1
C00688,2022-02-06,Account Management,"Great experience, the technician was professional and efficient.",1,0,1,1
C00688,2022-11-22,Service Quality,The new meter reading service is fantastic.,1,7,0,0
C00689,2022-08-02,Account Management,Unresponsive support and endless hold times. Absolutely awful.,4,7,0,1
C00689,2022-01-10,Service Quality,I have called 7 times and nobody fixes the problem. I want to cancel my account.,5,19,0,0
C00689,2023-01-23,Meter Reading,Nothing special to report. Service has been average.,3,11,0,1
C00689,2022-04-13,Outage,Had to follow up twice to get my meter reading corrected.,5,26,1,1
C00691,2024-10-28,Meter Reading,"Excellent response time, I am very satisfied.",2,2,0,1
C00691,2024-05-22,Service Quality,No major problems but the website is a bit slow.,3,1,0,1
C00693,2022-03-22,Meter Reading,The outage was resolved. It would have been nice to get a notification.,1,7,0,1
C00693,2024-02-19,Account Management,"Very happy with the service, everything works great.",3,5,0,1
C00694,2023-07-18,Meter Reading,Billing errors again! Third month in a row. Completely incompetent.,4,6,0,1
C00694,2024-08-18,Billing,Service is generally okay. Had a minor billing discrepancy last month.,4,28,0,0
C00694,2023-08-11,Billing,I am done. Switching to a competitor as soon as possible. Nightmare.,4,6,1,0
C00694,2023-05-27,Outage,Had to follow up twice to get my meter reading corrected.,5,10,0,1
C00695,2023-02-26,Account Management,"Excellent response time, I am very satisfied.",3,4,0,1
C00697,2022-06-12,Technical,Nothing special to report. Service has been average.,3,6,0,1
C00698,2023-01-13,Technical,"Outstanding service quality, no issues whatsoever.",3,5,0,1
C00700,2023-08-12,Billing,"Excellent response time, I am very satisfied.",2,1,0,1
C00700,2024-03-24,Account Management,The new meter reading service is fantastic.,2,7,0,1
C00703,2024-08-23,Service Quality,Service is generally okay. Had a minor billing discrepancy last month.,1,4,0,1
C00704,2024-06-22,Billing,The support team was extremely helpful and resolved my issue quickly.,2,5,0,1
C00704,2024-06-09,Meter Reading,Service interruption was brief. Would like better communication next time.,1,3,0,1
C00705,2022-01-09,Outage,"Quick and helpful customer service, thank you!",3,4,1,1
C00705,2023-08-06,Account Management,The technician never showed up. I took a day off work for nothing.,2,0,0,1
C00706,2023-08-17,Technical,The new meter reading service is fantastic.,1,1,1,1
C00708,2022-10-10,Technical,The support person was polite but couldn't fully resolve my issue.,2,0,0,1
C00708,2024-07-13,Service Quality,"Terrible service, waited 3 weeks for someone to show up. Completely unacceptable.",2,2,0,1
C00709,2024-07-13,Technical,Billing errors again! Third month in a row. Completely incompetent.,3,3,0,1
C00710,2022-09-11,Service Quality,Service interruption was brief. Would like better communication next time.,2,7,0,1
C00710,2022-01-10,Billing,Account change was processed but took a few extra days.,1,3,0,1
C00712,2024-03-13,Service Quality,This is the worst experience I have ever had. Planning to switch provider immediately.,3,15,0,0
C00712,2024-11-09,Technical,The technician never showed up. I took a day off work for nothing.,5,17,0,1
C00712,2024-04-06,Service Quality,My outage has been going on for 5 days and no one cares. Disgusting.,3,14,0,1
C00712,2024-07-21,Service Quality,"Terrible service, waited 3 weeks for someone to show up. Completely unacceptable.",4,15,0,0
C00712,2024-08-18,Billing,Account change was processed but took a few extra days.,5,11,0,1
C00713,2024-10-13,Service Quality,Had to follow up twice to get my meter reading corrected.,5,18,0,1
C00713,2023-09-16,Meter Reading,I am absolutely furious — my bill doubled for no reason and no one can explain it.,3,21,1,1
C00713,2022-05-24,Meter Reading,I am absolutely furious — my bill doubled for no reason and no one can explain it.,4,23,0,1
C00715,2024-06-02,Account Management,The outage was resolved. It would have been nice to get a notification.,1,1,0,1
C00715,2024-06-19,Billing,"Love the online portal, makes managing my account super easy.",2,5,0,1
C00716,2023-10-09,Billing,Technician arrived on time but the fix took longer than expected.,4,20,1,0
C00716,2023-12-17,Billing,Unresponsive support and endless hold times. Absolutely awful.,5,18,0,1
C00716,2023-07-09,Service Quality,I am absolutely furious — my bill doubled for no reason and no one can explain it.,4,13,0,0
C00716,2023-05-25,Service Quality,The technician never showed up. I took a day off work for nothing.,3,21,0,1
C00717,2023-05-02,Meter Reading,"Very happy with the service, everything works great.",2,3,0,1
C00717,2023-12-24,Service Quality,I am done. Switching to a competitor as soon as possible. Nightmare.,1,7,0,1
C00718,2022-09-25,Technical,The support team was extremely helpful and resolved my issue quickly.,3,1,0,1
C00720,2023-01-05,Account Management,"Great experience, the technician was professional and efficient.",2,4,0,1
C00720,2024-02-18,Outage,No major problems but the website is a bit slow.,2,5,0,1
C00721,2022-12-04,Meter Reading,Technician arrived on time but the fix took longer than expected.,3,6,0,1
C00722,2023-05-24,Service Quality,My outage has been going on for 5 days and no one cares. Disgusting.,3,29,1,0
C00722,2023-03-28,Account Management,"Terrible service, waited 3 weeks for someone to show up. Completely unacceptable.",3,28,0,0
C00722,2023-11-27,Meter Reading,Technician arrived on time but the fix took longer than expected.,3,25,0,1
C00722,2022-09-14,Meter Reading,The support person was polite but couldn't fully resolve my issue.,4,10,0,0
C00722,2023-08-23,Outage,Technician arrived on time but the fix took longer than expected.,4,5,0,0
C00723,2022-11-14,Meter Reading,This is the worst experience I have ever had. Planning to switch provider immediately.,5,6,0,0
C00723,2023-04-08,Outage,This is the worst experience I have ever had. Planning to switch provider immediately.,5,9,0,0
C00723,2022-02-21,Meter Reading,I am absolutely furious — my bill doubled for no reason and no one can explain it.,4,28,1,1
C00723,2023-02-12,Meter Reading,I am absolutely furious — my bill doubled for no reason and no one can explain it.,4,22,0,1
C00723,2022-09-03,Service Quality,"Terrible service, waited 3 weeks for someone to show up. Completely unacceptable.",5,11,1,0
C00723,2024-08-20,Billing,I have called 7 times and nobody fixes the problem. I want to cancel my account.,4,11,1,0
C00724,2023-08-18,Account Management,"Love the online portal, makes managing my account super easy.",2,4,0,1
C00724,2024-09-10,Meter Reading,Technician arrived on time but the fix took longer than expected.,3,3,0,0
C00725,2024-06-15,Technical,Unresponsive support and endless hold times. Absolutely awful.,4,21,1,1
C00725,2024-11-21,Outage,Service is generally okay. Had a minor billing discrepancy last month.,5,17,0,1
C00725,2023-11-10,Meter Reading,Nothing special to report. Service has been average.,5,16,0,0
C00726,2024-09-15,Meter Reading,"Excellent response time, I am very satisfied.",1,0,0,1
C00726,2024-12-20,Outage,The support person was polite but couldn't fully resolve my issue.,2,6,0,1
C00728,2024-06-18,Outage,Had to follow up twice to get my meter reading corrected.,3,1,0,1
C00730,2023-12-13,Billing,My service was cut off without warning. I demand an explanation.,5,5,0,1
C00730,2024-05-17,Billing,Had to follow up twice to get my meter reading corrected.,5,12,0,0
C00730,2024-03-01,Technical,Billing errors again! Third month in a row. Completely incompetent.,3,15,0,0
C00730,2022-11-17,Technical,Billing errors again! Third month in a row. Completely incompetent.,5,23,0,0
C00732,2022-03-21,Outage,Nothing special to report. Service has been average.,3,4,0,1
C00732,2024-01-27,Outage,"Great experience, the technician was professional and efficient.",2,1,0,1
C00735,2022-12-07,Service Quality,I am absolutely furious — my bill doubled for no reason and no one can explain it.,4,11,0,1
C00735,2022-03-06,Outage,I am absolutely furious — my bill doubled for no reason and no one can explain it.,5,19,1,0
C00735,2022-06-10,Billing,I am done. Switching to a competitor as soon as possible. Nightmare.,5,29,0,1
C00735,2022-06-12,Billing,Unresponsive support and endless hold times. Absolutely awful.,4,18,1,0
C00735,2023-07-14,Meter Reading,Billing errors again! Third month in a row. Completely incompetent.,3,29,0,1
C00737,2024-06-12,Meter Reading,No major problems but the website is a bit slow.,1,5,0,1
C00737,2023-08-18,Meter Reading,Very pleased with the resolution. Great team.,1,0,0,1
C00738,2023-12-24,Meter Reading,"Quick and helpful customer service, thank you!",2,7,0,1
C00738,2024-09-11,Service Quality,"Great experience, the technician was professional and efficient.",1,4,0,1
C00740,2023-05-07,Technical,The support person was polite but couldn't fully resolve my issue.,4,20,1,1
C00740,2022-12-06,Technical,My service was cut off without warning. I demand an explanation.,4,9,1,0
C00740,2023-01-11,Account Management,Billing seems correct this month. Last month there was a small issue.,3,27,0,1
C00741,2023-03-04,Outage,"Quick and helpful customer service, thank you!",1,5,0,1
C00741,2023-06-26,Outage,The technician never showed up. I took a day off work for nothing.,3,3,0,1
C00742,2022-02-15,Outage,The support team was extremely helpful and resolved my issue quickly.,1,0,1,0
C00742,2022-10-05,Outage,"Very happy with the service, everything works great.",3,2,0,1
C00744,2024-05-06,Service Quality,"Terrible service, waited 3 weeks for someone to show up. Completely unacceptable.",2,7,0,1
C00745,2024-07-26,Outage,Very pleased with the resolution. Great team.,2,4,0,1
C00745,2024-06-28,Outage,"Outstanding service quality, no issues whatsoever.",1,3,0,1
C00746,2023-08-07,Outage,My billing issue was resolved within hours. Highly recommend.,1,4,0,1
C00747,2024-10-25,Account Management,My billing issue was resolved within hours. Highly recommend.,2,0,1,1
C00749,2023-12-16,Meter Reading,The outage was resolved. It would have been nice to get a notification.,2,7,0,1
C00750,2023-12-15,Technical,"Very happy with the service, everything works great.",1,1,0,1
C00750,2022-05-03,Service Quality,The support team was extremely helpful and resolved my issue quickly.,3,3,0,0
C00751,2022-02-20,Account Management,"Outstanding service quality, no issues whatsoever.",3,5,0,1
C00753,2024-01-02,Meter Reading,I am done. Switching to a competitor as soon as possible. Nightmare.,3,7,1,1
C00753,2024-10-14,Account Management,This is the worst experience I have ever had. Planning to switch provider immediately.,5,18,0,0
C00753,2024-02-01,Account Management,The support person was polite but couldn't fully resolve my issue.,3,17,1,1
C00754,2024-08-02,Meter Reading,"Very happy with the service, everything works great.",1,6,0,0
C00756,2023-02-18,Billing,"Very happy with the service, everything works great.",2,7,0,1
C00758,2024-05-05,Outage,Billing seems correct this month. Last month there was a small issue.,2,5,0,1
C00758,2023-03-01,Service Quality,Nothing special to report. Service has been average.,2,0,0,1
C00759,2023-11-25,Billing,Very pleased with the resolution. Great team.,2,7,0,1
C00759,2023-04-10,Account Management,"Quick and helpful customer service, thank you!",3,3,0,1
C00760,2023-09-11,Meter Reading,Had to follow up twice to get my meter reading corrected.,5,6,0,1
C00760,2024-12-01,Meter Reading,This is the worst experience I have ever had. Planning to switch provider immediately.,5,7,0,0
C00760,2024-05-09,Account Management,The support person was polite but couldn't fully resolve my issue.,3,17,0,1
C00761,2023-05-04,Technical,The outage was resolved. It would have been nice to get a notification.,3,0,1,1
C00763,2023-09-11,Outage,"Terrible service, waited 3 weeks for someone to show up. Completely unacceptable.",3,20,1,0
C00763,2024-11-27,Technical,This is the worst experience I have ever had. Planning to switch provider immediately.,5,11,1,1
C00763,2024-03-24,Billing,Billing errors again! Third month in a row. Completely incompetent.,3,24,1,1
C00763,2023-12-24,Outage,My outage has been going on for 5 days and no one cares. Disgusting.,5,22,1,0
C00765,2023-03-06,Meter Reading,Nothing special to report. Service has been average.,2,6,1,1
C00767,2023-04-15,Billing,I am done. Switching to a competitor as soon as possible. Nightmare.,3,22,1,1
C00767,2024-11-03,Outage,I am absolutely furious — my bill doubled for no reason and no one can explain it.,5,5,0,0
C00767,2022-07-06,Account Management,Nothing special to report. Service has been average.,4,10,0,0
C00767,2022-06-07,Service Quality,"Terrible service, waited 3 weeks for someone to show up. Completely unacceptable.",4,20,0,0
C00767,2023-07-19,Technical,The outage was resolved. It would have been nice to get a notification.,3,21,0,1
C00768,2024-12-01,Technical,Billing errors again! Third month in a row. Completely incompetent.,1,6,0,1
C00768,2024-08-28,Technical,"Quick and helpful customer service, thank you!",1,2,0,1
C00770,2022-12-07,Outage,Billing errors again! Third month in a row. Completely incompetent.,1,6,0,1
C00771,2024-10-09,Technical,"Very happy with the service, everything works great.",3,0,0,1
C00771,2024-03-07,Meter Reading,This is the worst experience I have ever had. Planning to switch provider immediately.,1,7,0,1
C00776,2024-05-26,Meter Reading,Nothing special to report. Service has been average.,1,6,0,0
C00776,2024-09-24,Outage,My billing issue was resolved within hours. Highly recommend.,2,6,0,1
C00777,2024-10-17,Account Management,I am done. Switching to a competitor as soon as possible. Nightmare.,2,5,0,1
C00778,2023-11-12,Technical,My billing issue was resolved within hours. Highly recommend.,1,7,0,1
C00778,2022-05-26,Outage,I have called 7 times and nobody fixes the problem. I want to cancel my account.,2,2,0,1
C00779,2023-09-20,Outage,"Very happy with the service, everything works great.",2,2,0,1
C00780,2023-10-20,Outage,"Quick and helpful customer service, thank you!",3,5,0,1
C00780,2022-02-08,Technical,My billing issue was resolved within hours. Highly recommend.,2,5,1,0
C00781,2023-09-14,Service Quality,The new meter reading service is fantastic.,3,3,0,1
C00781,2023-02-20,Billing,"Outstanding service quality, no issues whatsoever.",3,4,0,1
C00782,2024-12-06,Billing,The technician never showed up. I took a day off work for nothing.,4,23,0,1
C00782,2022-10-11,Technical,My service was cut off without warning. I demand an explanation.,4,27,0,1
C00782,2023-06-21,Billing,My outage has been going on for 5 days and no one cares. Disgusting.,5,5,0,0
C00783,2023-07-06,Billing,Service is generally okay. Had a minor billing discrepancy last month.,1,2,0,1
C00783,2022-05-01,Outage,Technician arrived on time but the fix took longer than expected.,2,6,0,1
C00784,2023-09-07,Technical,The support team was extremely helpful and resolved my issue quickly.,3,5,0,1
C00786,2023-01-24,Service Quality,Very pleased with the resolution. Great team.,2,4,0,1
C00787,2024-11-19,Account Management,Technician arrived on time but the fix took longer than expected.,5,10,1,0
C00787,2024-01-23,Account Management,Billing seems correct this month. Last month there was a small issue.,5,23,0,1
C00787,2024-02-20,Service Quality,The technician never showed up. I took a day off work for nothing.,3,24,1,1
C00788,2022-02-18,Service Quality,Had to follow up twice to get my meter reading corrected.,4,17,0,0
C00788,2022-04-14,Meter Reading,I have called 7 times and nobody fixes the problem. I want to cancel my account.,5,26,1,1
C00788,2023-04-21,Billing,I have called 7 times and nobody fixes the problem. I want to cancel my account.,4,20,0,0
C00788,2022-11-10,Outage,"Terrible service, waited 3 weeks for someone to show up. Completely unacceptable.",5,8,0,1
C00788,2023-09-02,Billing,My outage has been going on for 5 days and no one cares. Disgusting.,3,25,0,0
C00788,2024-06-07,Outage,Unresponsive support and endless hold times. Absolutely awful.,4,22,0,0
C00789,2022-06-08,Technical,Nothing special to report. Service has been average.,1,3,0,1
C00789,2022-10-10,Billing,Very pleased with the resolution. Great team.,2,4,0,0
C00790,2022-03-03,Outage,The new meter reading service is fantastic.,3,1,0,1
C00791,2023-07-09,Billing,"Terrible service, waited 3 weeks for someone to show up. Completely unacceptable.",3,13,1,0
C00791,2023-07-20,Billing,Nothing special to report. Service has been average.,4,6,1,0
C00791,2022-01-11,Technical,Service interruption was brief. Would like better communication next time.,5,10,0,1
C00791,2022-09-06,Account Management,"Terrible service, waited 3 weeks for someone to show up. Completely unacceptable.",5,26,0,0
C00791,2023-02-17,Technical,"Terrible service, waited 3 weeks for someone to show up. Completely unacceptable.",4,25,1,0
C00793,2022-07-19,Meter Reading,"Quick and helpful customer service, thank you!",2,4,0,1
C00794,2022-01-25,Outage,Billing errors again! Third month in a row. Completely incompetent.,5,25,0,1
C00794,2022-08-27,Outage,Technician arrived on time but the fix took longer than expected.,3,13,1,0
C00794,2023-12-27,Billing,I am done. Switching to a competitor as soon as possible. Nightmare.,4,24,1,0
C00794,2024-10-16,Technical,Unresponsive support and endless hold times. Absolutely awful.,4,29,1,0
C00795,2023-11-07,Account Management,Nothing special to report. Service has been average.,3,2,0,1
C00796,2024-11-14,Billing,The support person was polite but couldn't fully resolve my issue.,1,5,0,1
C00796,2024-09-27,Billing,"Outstanding service quality, no issues whatsoever.",1,7,1,1
C00797,2023-10-26,Service Quality,Technician arrived on time but the fix took longer than expected.,2,4,0,1
C00799,2024-05-04,Technical,I have called 7 times and nobody fixes the problem. I want to cancel my account.,1,4,0,1
C00799,2022-01-15,Outage,Billing errors again! Third month in a row. Completely incompetent.,2,5,0,1
C00801,2024-07-08,Account Management,"Great experience, the technician was professional and efficient.",3,3,0,1
C00801,2024-04-11,Outage,"Very happy with the service, everything works great.",1,2,0,1
C00803,2022-06-20,Technical,Service interruption was brief. Would like better communication next time.,3,5,0,1
C00803,2024-03-25,Meter Reading,My billing issue was resolved within hours. Highly recommend.,1,5,0,1
C00804,2022-09-27,Technical,Service is generally okay. Had a minor billing discrepancy last month.,4,18,1,0
C00804,2023-01-18,Account Management,This is the worst experience I have ever had. Planning to switch provider immediately.,3,18,0,0
C00804,2023-07-24,Service Quality,My outage has been going on for 5 days and no one cares. Disgusting.,4,12,1,0
C00805,2024-11-11,Billing,Account change was processed but took a few extra days.,1,7,0,1
C00805,2024-08-16,Billing,Account change was processed but took a few extra days.,1,7,0,1
C00807,2022-12-15,Meter Reading,Nothing special to report. Service has been average.,3,0,0,1
C00808,2024-03-14,Service Quality,Very pleased with the resolution. Great team.,2,3,0,1
C00810,2024-01-18,Technical,Unresponsive support and endless hold times. Absolutely awful.,3,8,1,1
C00810,2023-05-03,Meter Reading,This is the worst experience I have ever had. Planning to switch provider immediately.,5,13,1,0
C00810,2023-06-21,Billing,The support person was polite but couldn't fully resolve my issue.,4,7,0,0
C00810,2023-07-25,Account Management,Service is generally okay. Had a minor billing discrepancy last month.,5,11,1,1
C00811,2023-12-28,Outage,"Terrible service, waited 3 weeks for someone to show up. Completely unacceptable.",4,21,0,1
C00811,2024-06-24,Meter Reading,Unresponsive support and endless hold times. Absolutely awful.,5,22,1,0
C00811,2023-11-18,Meter Reading,I am absolutely furious — my bill doubled for no reason and no one can explain it.,4,19,0,0
C00811,2023-04-04,Account Management,This is the worst experience I have ever had. Planning to switch provider immediately.,5,16,0,1
C00811,2022-06-22,Service Quality,Billing errors again! Third month in a row. Completely incompetent.,3,23,0,0
C00813,2023-08-07,Technical,The outage was resolved. It would have been nice to get a notification.,2,4,0,1
C00814,2024-02-16,Account Management,Service is generally okay. Had a minor billing discrepancy last month.,2,2,0,0
C00815,2024-09-02,Billing,Nothing special to report. Service has been average.,3,8,0,1
C00815,2024-09-21,Billing,The technician never showed up. I took a day off work for nothing.,5,8,1,0
C00815,2024-08-16,Billing,I am done. Switching to a competitor as soon as possible. Nightmare.,5,5,0,0
C00815,2024-01-15,Meter Reading,The technician never showed up. I took a day off work for nothing.,4,5,0,0
C00815,2024-10-23,Technical,"Terrible service, waited 3 weeks for someone to show up. Completely unacceptable.",3,8,1,0
C00815,2024-05-04,Meter Reading,I am absolutely furious — my bill doubled for no reason and no one can explain it.,5,19,1,0
C00816,2024-12-27,Billing,Unresponsive support and endless hold times. Absolutely awful.,3,29,0,0
C00816,2023-07-02,Account Management,The outage was resolved. It would have been nice to get a notification.,3,21,0,0
C00816,2023-02-26,Meter Reading,My service was cut off without warning. I demand an explanation.,5,17,1,0
C00816,2022-01-21,Service Quality,The technician never showed up. I took a day off work for nothing.,5,12,0,1
C00816,2022-05-18,Outage,I am done. Switching to a competitor as soon as possible. Nightmare.,5,13,0,0
C00817,2023-08-09,Account Management,My service was cut off without warning. I demand an explanation.,2,1,1,1
C00817,2024-04-01,Account Management,"Great experience, the technician was professional and efficient.",2,0,0,1
C00818,2024-07-03,Meter Reading,The new meter reading service is fantastic.,1,6,0,1
C00818,2024-04-13,Service Quality,My billing issue was resolved within hours. Highly recommend.,2,6,0,1
C00819,2024-03-08,Outage,My service was cut off without warning. I demand an explanation.,3,14,1,0
C00819,2024-10-28,Outage,This is the worst experience I have ever had. Planning to switch provider immediately.,5,17,1,0
C00819,2022-11-13,Service Quality,Unresponsive support and endless hold times. Absolutely awful.,3,25,1,1
C00819,2023-06-27,Technical,My outage has been going on for 5 days and no one cares. Disgusting.,3,14,0,1
C00820,2023-09-22,Account Management,My billing issue was resolved within hours. Highly recommend.,2,6,0,0
C00821,2024-12-02,Outage,"Excellent response time, I am very satisfied.",3,3,0,1
C00822,2023-01-28,Technical,My billing issue was resolved within hours. Highly recommend.,1,5,1,1
C00822,2024-08-13,Account Management,Billing errors again! Third month in a row. Completely incompetent.,1,0,0,1
C00823,2022-04-14,Outage,The outage was resolved. It would have been nice to get a notification.,3,7,0,1
C00827,2022-06-13,Technical,Billing seems correct this month. Last month there was a small issue.,3,29,1,0
C00827,2022-09-24,Outage,I am absolutely furious — my bill doubled for no reason and no one can explain it.,3,26,0,0
C00827,2024-09-16,Account Management,The technician never showed up. I took a day off work for nothing.,4,28,1,0
C00827,2023-03-04,Technical,Had to follow up twice to get my meter reading corrected.,3,9,1,0
C00827,2023-10-24,Technical,The technician never showed up. I took a day off work for nothing.,3,17,1,1
C00827,2023-07-07,Technical,Billing errors again! Third month in a row. Completely incompetent.,5,7,1,1
C00828,2024-05-25,Outage,The technician never showed up. I took a day off work for nothing.,5,18,1,0
C00828,2024-04-19,Outage,The technician never showed up. I took a day off work for nothing.,5,26,1,1
C00828,2024-06-27,Outage,My service was cut off without warning. I demand an explanation.,5,18,1,1
C00828,2024-05-26,Outage,The technician never showed up. I took a day off work for nothing.,5,16,0,0
C00828,2022-02-27,Service Quality,The support person was polite but couldn't fully resolve my issue.,5,7,0,1
C00831,2022-08-08,Account Management,"Love the online portal, makes managing my account super easy.",1,7,0,1
C00831,2022-05-02,Technical,"Quick and helpful customer service, thank you!",3,0,0,1
C00832,2024-02-15,Technical,Had to follow up twice to get my meter reading corrected.,5,18,0,1
C00832,2024-05-15,Technical,My outage has been going on for 5 days and no one cares. Disgusting.,5,19,0,0
C00832,2024-09-27,Meter Reading,My outage has been going on for 5 days and no one cares. Disgusting.,3,10,0,0
C00832,2024-06-19,Account Management,My outage has been going on for 5 days and no one cares. Disgusting.,5,19,1,1
C00835,2022-07-01,Service Quality,I am done. Switching to a competitor as soon as possible. Nightmare.,5,7,0,1
C00835,2024-02-04,Meter Reading,My service was cut off without warning. I demand an explanation.,4,15,0,0
C00835,2022-07-12,Service Quality,The technician never showed up. I took a day off work for nothing.,3,26,1,0
C00835,2024-02-19,Technical,I have called 7 times and nobody fixes the problem. I want to cancel my account.,4,10,1,1
C00836,2024-07-16,Technical,The technician never showed up. I took a day off work for nothing.,5,19,1,0
C00836,2023-04-16,Billing,My service was cut off without warning. I demand an explanation.,3,22,0,0
C00836,2022-05-11,Account Management,Unresponsive support and endless hold times. Absolutely awful.,3,19,1,1
C00836,2022-04-27,Service Quality,My service was cut off without warning. I demand an explanation.,3,8,0,1
C00837,2023-02-28,Outage,"Outstanding service quality, no issues whatsoever.",3,4,0,1
C00840,2022-05-25,Technical,The outage was resolved. It would have been nice to get a notification.,2,0,0,1
C00842,2024-06-22,Service Quality,"Great experience, the technician was professional and efficient.",2,6,0,1
C00842,2024-11-23,Technical,Very pleased with the resolution. Great team.,2,2,0,1
C00844,2022-03-11,Meter Reading,Service interruption was brief. Would like better communication next time.,3,3,0,1
C00845,2023-12-28,Technical,Service interruption was brief. Would like better communication next time.,1,6,0,1
C00845,2024-02-24,Billing,My service was cut off without warning. I demand an explanation.,1,7,0,1
C00847,2024-03-04,Outage,Nothing special to report. Service has been average.,5,19,0,0
C00847,2022-09-15,Account Management,I am done. Switching to a competitor as soon as possible. Nightmare.,5,7,1,1
C00847,2024-03-18,Service Quality,This is the worst experience I have ever had. Planning to switch provider immediately.,4,14,1,1
C00847,2022-03-18,Technical,I am done. Switching to a competitor as soon as possible. Nightmare.,3,27,1,1
C00849,2022-03-18,Meter Reading,Service interruption was brief. Would like better communication next time.,1,4,0,1
C00849,2022-08-08,Technical,"Great experience, the technician was professional and efficient.",2,0,0,1
C00850,2023-12-11,Service Quality,Service interruption was brief. Would like better communication next time.,2,2,0,1
C00851,2022-05-14,Technical,My service was cut off without warning. I demand an explanation.,2,6,1,1
C00851,2022-04-06,Outage,"Excellent response time, I am very satisfied.",2,7,0,1
C00854,2023-08-24,Meter Reading,Billing errors again! Third month in a row. Completely incompetent.,4,25,1,1
C00854,2023-12-17,Meter Reading,I am done. Switching to a competitor as soon as possible. Nightmare.,4,29,0,0
C00854,2022-10-27,Account Management,I am absolutely furious — my bill doubled for no reason and no one can explain it.,4,14,0,1
C00854,2022-03-21,Billing,"Terrible service, waited 3 weeks for someone to show up. Completely unacceptable.",4,10,1,1
C00854,2022-12-18,Billing,"Terrible service, waited 3 weeks for someone to show up. Completely unacceptable.",5,15,0,0
C00854,2022-10-08,Billing,I am absolutely furious — my bill doubled for no reason and no one can explain it.,5,22,1,1
C00855,2024-08-11,Billing,The support person was polite but couldn't fully resolve my issue.,3,1,0,1
C00856,2024-11-14,Service Quality,Billing errors again! Third month in a row. Completely incompetent.,4,14,1,0
C00856,2024-11-19,Account Management,My outage has been going on for 5 days and no one cares. Disgusting.,4,14,1,0
C00856,2024-12-19,Technical,This is the worst experience I have ever had. Planning to switch provider immediately.,5,12,0,1
C00857,2024-04-17,Billing,Billing seems correct this month. Last month there was a small issue.,3,2,1,1
C00858,2023-09-22,Meter Reading,Billing errors again! Third month in a row. Completely incompetent.,2,7,0,1
C00859,2023-09-09,Meter Reading,Billing errors again! Third month in a row. Completely incompetent.,4,25,0,1
C00859,2024-08-06,Outage,My service was cut off without warning. I demand an explanation.,3,29,0,0
C00859,2023-01-26,Account Management,Billing errors again! Third month in a row. Completely incompetent.,5,28,1,0
C00859,2022-10-20,Service Quality,Technician arrived on time but the fix took longer than expected.,3,23,0,0
C00860,2024-02-16,Billing,My billing issue was resolved within hours. Highly recommend.,3,3,0,1
C00862,2024-06-27,Technical,Had to follow up twice to get my meter reading corrected.,2,7,0,0
C00862,2024-12-16,Technical,Technician arrived on time but the fix took longer than expected.,1,7,0,1
C00863,2023-01-23,Billing,Service interruption was brief. Would like better communication next time.,2,1,0,1
C00865,2024-05-16,Meter Reading,Unresponsive support and endless hold times. Absolutely awful.,2,5,0,1
C00866,2022-01-28,Technical,"Quick and helpful customer service, thank you!",3,7,0,1
C00867,2023-07-18,Meter Reading,Very pleased with the resolution. Great team.,2,0,0,1
C00867,2024-07-28,Account Management,The new meter reading service is fantastic.,1,6,0,1
C00869,2022-05-26,Account Management,Billing seems correct this month. Last month there was a small issue.,2,2,0,1
C00871,2024-11-13,Billing,My outage has been going on for 5 days and no one cares. Disgusting.,4,8,0,1
C00871,2023-07-11,Outage,This is the worst experience I have ever had. Planning to switch provider immediately.,5,6,1,1
C00871,2023-12-17,Billing,Service is generally okay. Had a minor billing discrepancy last month.,5,29,1,0
C00871,2023-01-08,Outage,This is the worst experience I have ever had. Planning to switch provider immediately.,5,20,1,1
C00871,2022-01-10,Outage,My service was cut off without warning. I demand an explanation.,4,28,1,1
C00872,2023-10-22,Technical,Account change was processed but took a few extra days.,2,3,0,1
C00874,2024-09-17,Meter Reading,"Very happy with the service, everything works great.",3,5,0,1
C00875,2023-04-27,Outage,Billing errors again! Third month in a row. Completely incompetent.,4,10,1,0
C00875,2024-03-14,Meter Reading,I am done. Switching to a competitor as soon as possible. Nightmare.,5,24,0,0
C00875,2022-08-01,Outage,This is the worst experience I have ever had. Planning to switch provider immediately.,3,10,0,1
C00875,2022-07-26,Outage,The outage was resolved. It would have been nice to get a notification.,5,10,1,1
C00875,2024-09-21,Service Quality,No major problems but the website is a bit slow.,5,20,0,0
C00877,2024-01-03,Billing,Billing errors again! Third month in a row. Completely incompetent.,3,25,0,1
C00877,2023-08-18,Billing,The support person was polite but couldn't fully resolve my issue.,3,21,0,1
C00877,2022-11-08,Technical,This is the worst experience I have ever had. Planning to switch provider immediately.,4,29,1,0
C00877,2024-12-28,Service Quality,I am done. Switching to a competitor as soon as possible. Nightmare.,4,24,0,1
C00877,2023-05-08,Technical,The technician never showed up. I took a day off work for nothing.,4,20,0,1
C00878,2024-04-18,Account Management,The support team was extremely helpful and resolved my issue quickly.,1,4,0,1
C00878,2022-09-16,Account Management,Nothing special to report. Service has been average.,1,1,0,1
C00879,2023-11-28,Service Quality,The support person was polite but couldn't fully resolve my issue.,3,3,0,1
C00879,2024-02-18,Service Quality,Service is generally okay. Had a minor billing discrepancy last month.,2,2,0,1
C00880,2024-07-05,Outage,I am done. Switching to a competitor as soon as possible. Nightmare.,3,23,0,1
C00880,2024-07-17,Meter Reading,I am absolutely furious — my bill doubled for no reason and no one can explain it.,4,19,1,0
C00880,2024-04-10,Outage,I am done. Switching to a competitor as soon as possible. Nightmare.,5,22,0,1
C00880,2024-01-08,Service Quality,This is the worst experience I have ever had. Planning to switch provider immediately.,3,7,0,0
C00881,2023-04-03,Technical,Billing seems correct this month. Last month there was a small issue.,3,6,0,1
C00882,2022-07-23,Service Quality,Very pleased with the resolution. Great team.,1,5,0,1
C00882,2022-05-26,Billing,Unresponsive support and endless hold times. Absolutely awful.,3,4,0,1
C00883,2023-10-11,Service Quality,Account change was processed but took a few extra days.,3,17,0,0
C00883,2023-02-21,Billing,This is the worst experience I have ever had. Planning to switch provider immediately.,5,14,0,0
C00883,2023-12-23,Account Management,My outage has been going on for 5 days and no one cares. Disgusting.,5,26,0,1
C00883,2024-08-02,Service Quality,I have called 7 times and nobody fixes the problem. I want to cancel my account.,5,18,1,0
C00883,2022-11-16,Outage,My service was cut off without warning. I demand an explanation.,5,25,0,0
C00886,2024-05-24,Billing,The support person was polite but couldn't fully resolve my issue.,4,18,0,0
C00886,2024-05-08,Account Management,Billing seems correct this month. Last month there was a small issue.,3,20,0,1
C00886,2024-12-21,Account Management,My service was cut off without warning. I demand an explanation.,3,28,1,1
C00886,2022-12-06,Service Quality,"Terrible service, waited 3 weeks for someone to show up. Completely unacceptable.",3,20,0,0
C00887,2022-08-11,Billing,Had to follow up twice to get my meter reading corrected.,1,0,0,1
C00887,2023-09-14,Meter Reading,This is the worst experience I have ever had. Planning to switch provider immediately.,3,2,0,0
C00888,2024-02-16,Account Management,The outage was resolved. It would have been nice to get a notification.,1,3,1,1
C00889,2023-02-02,Billing,I am done. Switching to a competitor as soon as possible. Nightmare.,5,12,1,1
C00889,2023-05-01,Outage,I have called 7 times and nobody fixes the problem. I want to cancel my account.,4,13,1,0
C00889,2024-06-28,Outage,Nothing special to report. Service has been average.,4,27,1,1
C00889,2024-10-12,Outage,The technician never showed up. I took a day off work for nothing.,4,22,0,1
C00889,2022-04-16,Account Management,I am absolutely furious — my bill doubled for no reason and no one can explain it.,3,16,0,1
C00889,2023-05-07,Account Management,I have called 7 times and nobody fixes the problem. I want to cancel my account.,4,12,0,0
C00890,2022-05-16,Service Quality,The technician never showed up. I took a day off work for nothing.,5,18,0,0
C00890,2024-03-01,Meter Reading,The support person was polite but couldn't fully resolve my issue.,4,23,1,1
C00890,2024-06-24,Outage,The technician never showed up. I took a day off work for nothing.,5,25,0,0
C00891,2023-06-24,Technical,"Love the online portal, makes managing my account super easy.",2,0,0,1
C00891,2023-12-01,Account Management,Billing errors again! Third month in a row. Completely incompetent.,1,1,0,1
C00892,2024-11-09,Meter Reading,My billing issue was resolved within hours. Highly recommend.,1,1,0,0
C00892,2023-09-14,Outage,"Great experience, the technician was professional and efficient.",2,1,0,1
C00894,2022-11-11,Service Quality,My billing issue was resolved within hours. Highly recommend.,3,5,1,0
C00894,2024-09-09,Outage,Service is generally okay. Had a minor billing discrepancy last month.,1,7,0,1
C00897,2023-01-25,Account Management,The support team was extremely helpful and resolved my issue quickly.,2,6,0,1
C00897,2023-04-25,Meter Reading,"Love the online portal, makes managing my account super easy.",1,5,0,1
C00899,2024-04-13,Billing,"Terrible service, waited 3 weeks for someone to show up. Completely unacceptable.",4,21,1,0
C00899,2024-02-19,Billing,Technician arrived on time but the fix took longer than expected.,5,10,0,0
C00899,2024-12-07,Billing,My outage has been going on for 5 days and no one cares. Disgusting.,4,6,0,0
C00899,2024-02-17,Service Quality,Technician arrived on time but the fix took longer than expected.,3,10,0,0
C00900,2022-06-06,Technical,The support team was extremely helpful and resolved my issue quickly.,2,1,0,1
C00901,2024-09-04,Technical,"Outstanding service quality, no issues whatsoever.",3,4,0,1
C00901,2023-12-11,Billing,The support team was extremely helpful and resolved my issue quickly.,2,4,0,1
C00903,2022-04-25,Account Management,"Very happy with the service, everything works great.",3,2,0,1
C00904,2023-01-20,Account Management,The outage was resolved. It would have been nice to get a notification.,1,0,0,1
C00906,2022-06-03,Meter Reading,"Love the online portal, makes managing my account super easy.",1,2,0,1
C00908,2023-11-07,Technical,The support team was extremely helpful and resolved my issue quickly.,3,7,0,1
C00908,2022-06-12,Account Management,"Outstanding service quality, no issues whatsoever.",3,1,0,1
C00909,2023-07-27,Account Management,The new meter reading service is fantastic.,2,7,0,1
C00909,2022-09-03,Account Management,The support person was polite but couldn't fully resolve my issue.,2,6,0,1
C00910,2023-05-15,Meter Reading,The support team was extremely helpful and resolved my issue quickly.,2,6,0,1
C00912,2022-06-01,Billing,Service is generally okay. Had a minor billing discrepancy last month.,4,25,1,1
C00912,2024-05-05,Technical,This is the worst experience I have ever had. Planning to switch provider immediately.,5,24,1,0
C00912,2024-03-06,Technical,"Terrible service, waited 3 weeks for someone to show up. Completely unacceptable.",4,23,0,1
C00914,2022-05-09,Account Management,The support team was extremely helpful and resolved my issue quickly.,2,4,0,1
C00915,2024-07-03,Billing,The support team was extremely helpful and resolved my issue quickly.,2,4,0,1
C00917,2022-10-03,Account Management,The technician never showed up. I took a day off work for nothing.,2,5,0,1
C00918,2024-10-18,Technical,My outage has been going on for 5 days and no one cares. Disgusting.,5,14,0,0
C00918,2024-10-01,Account Management,The outage was resolved. It would have been nice to get a notification.,3,26,1,1
C00918,2023-08-24,Outage,"Terrible service, waited 3 weeks for someone to show up. Completely unacceptable.",5,9,0,0
C00919,2022-05-14,Account Management,"Love the online portal, makes managing my account super easy.",1,0,0,1
C00920,2024-02-26,Technical,Unresponsive support and endless hold times. Absolutely awful.,3,27,0,0
C00920,2024-05-23,Technical,My service was cut off without warning. I demand an explanation.,5,27,0,1
C00920,2024-11-01,Meter Reading,Account change was processed but took a few extra days.,3,15,0,0
C00920,2024-08-19,Outage,Technician arrived on time but the fix took longer than expected.,4,13,0,1
C00920,2024-08-01,Account Management,Billing seems correct this month. Last month there was a small issue.,3,8,0,1
C00921,2024-11-09,Billing,I am done. Switching to a competitor as soon as possible. Nightmare.,4,24,0,0
C00921,2024-01-21,Technical,Account change was processed but took a few extra days.,5,13,0,1
C00921,2024-04-22,Billing,Had to follow up twice to get my meter reading corrected.,3,13,0,1
C00921,2024-05-13,Technical,"Terrible service, waited 3 weeks for someone to show up. Completely unacceptable.",3,6,0,0
C00922,2024-12-21,Service Quality,Nothing special to report. Service has been average.,1,6,0,0
C00923,2022-05-15,Meter Reading,This is the worst experience I have ever had. Planning to switch provider immediately.,1,6,0,1
C00924,2023-05-05,Technical,I am done. Switching to a competitor as soon as possible. Nightmare.,4,27,0,0
C00924,2023-11-14,Account Management,Service is generally okay. Had a minor billing discrepancy last month.,3,20,0,0
C00924,2024-07-13,Technical,"Terrible service, waited 3 weeks for someone to show up. Completely unacceptable.",4,11,0,0
C00924,2023-04-02,Service Quality,This is the worst experience I have ever had. Planning to switch provider immediately.,4,18,1,1
C00924,2024-11-17,Technical,My outage has been going on for 5 days and no one cares. Disgusting.,5,18,0,0
C00924,2023-02-05,Account Management,The technician never showed up. I took a day off work for nothing.,5,5,1,0
C00926,2023-03-03,Service Quality,No major problems but the website is a bit slow.,5,18,0,0
C00926,2023-06-03,Outage,I am done. Switching to a competitor as soon as possible. Nightmare.,3,20,0,1
C00926,2024-06-03,Account Management,Unresponsive support and endless hold times. Absolutely awful.,4,15,1,0
C00926,2023-11-05,Technical,Billing seems correct this month. Last month there was a small issue.,4,26,1,0
C00926,2023-04-18,Service Quality,The technician never showed up. I took a day off work for nothing.,5,12,0,1
C00927,2023-11-09,Account Management,Billing errors again! Third month in a row. Completely incompetent.,1,3,0,1
C00927,2022-01-27,Meter Reading,Nothing special to report. Service has been average.,3,4,0,1
C00928,2023-05-25,Account Management,"Very happy with the service, everything works great.",1,2,0,1
C00928,2022-10-26,Service Quality,My billing issue was resolved within hours. Highly recommend.,3,4,0,1
C00929,2024-03-26,Billing,"Excellent response time, I am very satisfied.",2,6,0,1
C00929,2022-02-22,Billing,"Very happy with the service, everything works great.",1,3,0,1
C00931,2022-01-06,Service Quality,My service was cut off without warning. I demand an explanation.,3,16,1,0
C00931,2022-07-20,Meter Reading,The outage was resolved. It would have been nice to get a notification.,4,6,1,1
C00931,2023-10-03,Billing,The technician never showed up. I took a day off work for nothing.,4,15,1,1
C00931,2023-07-14,Billing,My service was cut off without warning. I demand an explanation.,3,24,1,0
C00932,2022-12-16,Service Quality,"Terrible service, waited 3 weeks for someone to show up. Completely unacceptable.",1,4,0,1
C00933,2023-10-22,Service Quality,No major problems but the website is a bit slow.,5,15,0,1
C00933,2024-04-06,Account Management,I am done. Switching to a competitor as soon as possible. Nightmare.,3,22,1,1
C00933,2022-11-11,Meter Reading,"Terrible service, waited 3 weeks for someone to show up. Completely unacceptable.",4,28,1,0
C00933,2024-01-06,Account Management,I have called 7 times and nobody fixes the problem. I want to cancel my account.,4,8,1,1
C00933,2023-09-08,Outage,Billing errors again! Third month in a row. Completely incompetent.,5,9,0,0
C00934,2023-10-13,Account Management,Billing errors again! Third month in a row. Completely incompetent.,2,0,0,1
C00934,2022-12-23,Service Quality,The new meter reading service is fantastic.,3,4,0,1
C00936,2023-05-13,Service Quality,Account change was processed but took a few extra days.,1,1,0,1
C00937,2022-04-08,Service Quality,The new meter reading service is fantastic.,1,2,0,1
C00941,2023-04-05,Account Management,Unresponsive support and endless hold times. Absolutely awful.,3,16,0,1
C00941,2024-10-24,Technical,Nothing special to report. Service has been average.,3,14,0,0
C00941,2024-12-10,Technical,No major problems but the website is a bit slow.,4,26,1,1
C00941,2023-05-23,Account Management,The outage was resolved. It would have been nice to get a notification.,4,9,1,1
C00944,2023-06-10,Outage,Billing errors again! Third month in a row. Completely incompetent.,2,4,0,1
C00945,2023-02-14,Outage,My service was cut off without warning. I demand an explanation.,3,1,0,1
C00946,2023-07-20,Outage,"Love the online portal, makes managing my account super easy.",3,4,0,1
C00947,2023-09-13,Outage,Account change was processed but took a few extra days.,5,24,0,0
C00947,2022-11-06,Technical,Account change was processed but took a few extra days.,3,13,1,0
C00947,2022-07-15,Account Management,This is the worst experience I have ever had. Planning to switch provider immediately.,5,26,1,0
C00947,2024-08-28,Outage,The technician never showed up. I took a day off work for nothing.,5,7,0,0
C00949,2023-05-23,Technical,The outage was resolved. It would have been nice to get a notification.,2,5,0,0
C00951,2023-12-13,Outage,Billing errors again! Third month in a row. Completely incompetent.,3,28,0,1
C00951,2024-03-20,Outage,This is the worst experience I have ever had. Planning to switch provider immediately.,5,11,1,0
C00951,2024-07-03,Billing,The support person was polite but couldn't fully resolve my issue.,3,17,0,0
C00952,2023-12-14,Account Management,The technician never showed up. I took a day off work for nothing.,3,0,0,1
C00953,2023-06-28,Technical,"Excellent response time, I am very satisfied.",1,7,0,1
C00954,2024-06-10,Technical,"Outstanding service quality, no issues whatsoever.",1,3,0,1
C00959,2023-07-01,Billing,"Great experience, the technician was professional and efficient.",1,3,0,1
C00959,2022-08-26,Outage,The outage was resolved. It would have been nice to get a notification.,1,1,0,1
C00960,2022-03-22,Technical,The new meter reading service is fantastic.,2,4,1,1
C00963,2024-11-07,Service Quality,My billing issue was resolved within hours. Highly recommend.,1,7,0,1
C00963,2024-12-24,Billing,Nothing special to report. Service has been average.,3,3,0,1
C00964,2023-03-20,Outage,Account change was processed but took a few extra days.,2,2,0,1
C00965,2024-01-13,Service Quality,This is the worst experience I have ever had. Planning to switch provider immediately.,3,27,0,0
C00965,2022-05-21,Service Quality,Unresponsive support and endless hold times. Absolutely awful.,4,22,0,1
C00965,2023-12-03,Technical,My outage has been going on for 5 days and no one cares. Disgusting.,5,9,1,1
C00966,2024-06-03,Meter Reading,The new meter reading service is fantastic.,1,1,0,1
C00966,2024-08-18,Outage,The new meter reading service is fantastic.,2,6,0,1
C00968,2022-04-19,Technical,The technician never showed up. I took a day off work for nothing.,5,23,0,0
C00968,2024-10-17,Account Management,My service was cut off without warning. I demand an explanation.,3,8,1,1
C00968,2022-03-26,Service Quality,I am absolutely furious — my bill doubled for no reason and no one can explain it.,5,13,1,0
C00969,2023-10-19,Billing,Service is generally okay. Had a minor billing discrepancy last month.,1,5,0,1
C00970,2024-06-15,Account Management,The support person was polite but couldn't fully resolve my issue.,2,4,0,1
C00970,2024-08-05,Meter Reading,The new meter reading service is fantastic.,1,5,0,1
C00971,2024-02-22,Technical,My billing issue was resolved within hours. Highly recommend.,2,5,0,1
C00971,2024-01-04,Meter Reading,Nothing special to report. Service has been average.,3,4,1,1
C00972,2024-05-03,Technical,My service was cut off without warning. I demand an explanation.,4,28,1,1
C00972,2024-12-19,Outage,The technician never showed up. I took a day off work for nothing.,3,19,0,0
C00972,2024-05-05,Service Quality,I am absolutely furious — my bill doubled for no reason and no one can explain it.,5,9,0,0
C00972,2024-04-11,Service Quality,This is the worst experience I have ever had. Planning to switch provider immediately.,5,19,0,0
C00974,2024-01-08,Account Management,My billing issue was resolved within hours. Highly recommend.,1,7,0,1
C00976,2023-09-16,Outage,"Outstanding service quality, no issues whatsoever.",3,1,0,1
C00976,2023-07-05,Billing,"Outstanding service quality, no issues whatsoever.",3,0,0,1
C00977,2024-09-25,Technical,"Outstanding service quality, no issues whatsoever.",1,6,1,1
C00980,2023-03-27,Service Quality,Very pleased with the resolution. Great team.,3,4,1,1
C00980,2024-11-02,Account Management,Billing errors again! Third month in a row. Completely incompetent.,2,4,0,0
C00981,2024-06-18,Account Management,"Love the online portal, makes managing my account super easy.",3,3,0,1
C00981,2022-03-01,Service Quality,"Excellent response time, I am very satisfied.",1,1,0,1
C00982,2024-02-10,Outage,"Outstanding service quality, no issues whatsoever.",1,2,0,1
C00982,2022-02-02,Billing,The support team was extremely helpful and resolved my issue quickly.,3,3,0,1
C00984,2022-01-06,Service Quality,The new meter reading service is fantastic.,1,7,0,1
C00984,2022-06-27,Technical,Service interruption was brief. Would like better communication next time.,1,3,0,1
C00987,2022-06-22,Service Quality,My outage has been going on for 5 days and no one cares. Disgusting.,3,8,0,0
C00987,2022-11-09,Service Quality,My outage has been going on for 5 days and no one cares. Disgusting.,5,28,0,1
C00987,2022-05-15,Service Quality,My service was cut off without warning. I demand an explanation.,3,22,0,1
C00989,2022-06-13,Service Quality,Had to follow up twice to get my meter reading corrected.,3,1,0,1
C00990,2024-03-13,Service Quality,"Outstanding service quality, no issues whatsoever.",2,5,0,1
C00991,2022-07-15,Technical,My outage has been going on for 5 days and no one cares. Disgusting.,3,7,1,0
C00991,2022-08-07,Account Management,Billing errors again! Third month in a row. Completely incompetent.,3,26,1,0
C00991,2024-03-13,Technical,No major problems but the website is a bit slow.,5,24,1,0
C00991,2023-12-18,Meter Reading,No major problems but the website is a bit slow.,3,27,1,0
C00992,2024-03-18,Technical,Nothing special to report. Service has been average.,3,0,0,1
C00992,2022-09-22,Meter Reading,The new meter reading service is fantastic.,2,5,0,1
C00993,2023-05-22,Billing,The new meter reading service is fantastic.,3,2,1,1
C00994,2023-05-06,Meter Reading,Billing errors again! Third month in a row. Completely incompetent.,2,3,0,1
C00997,2024-11-16,Outage,The support team was extremely helpful and resolved my issue quickly.,2,1,0,1
C00997,2023-09-13,Meter Reading,Technician arrived on time but the fix took longer than expected.,2,5,0,0
C00998,2022-09-15,Billing,The support person was polite but couldn't fully resolve my issue.,3,20,1,1
C00998,2023-03-06,Outage,Had to follow up twice to get my meter reading corrected.,4,25,0,1
C00998,2022-06-08,Meter Reading,My service was cut off without warning. I demand an explanation.,5,21,0,0
C00998,2022-07-04,Billing,Billing seems correct this month. Last month there was a small issue.,3,15,1,1
C00998,2022-05-10,Outage,My service was cut off without warning. I demand an explanation.,3,15,0,0
C00998,2022-03-08,Service Quality,My outage has been going on for 5 days and no one cares. Disgusting.,5,5,1,0
C00999,2024-06-24,Service Quality,Technician arrived on time but the fix took longer than expected.,3,1,0,1
C01000,2024-10-10,Outage,I am absolutely furious — my bill doubled for no reason and no one can explain it.,1,2,0,1
C01000,2023-02-18,Technical,"Great experience, the technician was professional and efficient.",3,0,0,1
