customer_id,complaint_date,complaint_category,comment,severity,resolution_time_days,escalated,resolved
C00001,2024-05-02,Outage,Unresponsive support and endless hold times. Absolutely awful.,4,10,1,0
C00001,2024-07-06,Technical,Billing errors again! Third month in a row. Completely incompetent.,4,7,0,1
C00001,2024-01-15,Meter Reading,My service was cut off without warning. I demand an explanation.,5,5,1,0
C00001,2024-03-12,Meter Reading,Billing errors again! Third month in a row. Completely incompetent.,4,10,0,0
C00001,2024-08-17,Account Management,Billing errors again! Third month in a row. Completely incompetent.,3,29,0,1
C00002,2023-04-15,Meter Reading,Billing seems correct this month. Last month there was a small issue.,3,0,0,1
C00004,2024-01-12,Technical,Account change was processed but took a few extra days.,4,18,0,1
C00004,2022-11-27,Service Quality,My outage has been going on for 5 days and no one cares. Disgusting.,4,29,0,0
C00004,2023-02-28,Service Quality,Unresponsive support and endless hold times. Absolutely awful.,4,22,0,1
C00004,2024-08-09,Service Quality,My outage has been going on for 5 days and no one cares. Disgusting.,3,16,1,1
C00005,2022-10-01,Account Management,Billing seems correct this month. Last month there was a small issue.,2,0,0,1
C00005,2022-10-27,Account Management,My outage has been going on for 5 days and no one cares. Disgusting.,2,6,0,1
C00006,2022-10-05,Service Quality,Account change was processed but took a few extra days.,2,1,0,0
C00006,2024-04-06,Service Quality,The new meter reading service is fantastic.,3,6,0,0
C00007,2024-10-05,Account Management,Unresponsive support and endless hold times. Absolutely awful.,5,9,1,0
C00007,2024-07-28,Service Quality,Billing seems correct this month. Last month there was a small issue.,3,18,0,1
C00007,2024-04-27,Meter Reading,Service is generally okay. Had a minor billing discrepancy last month.,5,24,0,0
C00007,2024-02-21,Outage,Unresponsive support and endless hold times. Absolutely awful.,4,18,1,1
C00007,2024-03-03,Service Quality,The technician never showed up. I took a day off work for nothing.,4,23,0,1
C00007,2024-01-14,Service Quality,This is the worst experience I have ever had. Planning to switch provider immediately.,5,5,0,0
C00008,2022-08-04,Service Quality,The outage was resolved. It would have been nice to get a notification.,2,5,0,1
C00009,2022-05-03,Service Quality,The support team was extremely helpful and resolved my issue quickly.,1,5,0,1
C00009,2023-12-12,Account Management,Account change was processed but took a few extra days.,1,3,0,1
C00012,2022-06-07,Account Management,My billing issue was resolved within hours. Highly recommend.,2,4,0,1
C00012,2022-05-04,Technical,Account change was processed but took a few extra days.,1,4,0,1
C00014,2022-03-15,Meter Reading,"Great experience, the technician was professional and efficient.",1,1,1,1
C00015,2024-06-18,Meter Reading,Billing seems correct this month. Last month there was a small issue.,3,0,0,1
C00016,2022-07-07,Technical,My billing issue was resolved within hours. Highly recommend.,1,1,0,1
C00016,2022-05-22,Meter Reading,The support team was extremely helpful and resolved my issue quickly.,3,1,0,1
C00017,2022-06-11,Technical,No major problems but the website is a bit slow.,3,3,0,1
C00017,2024-08-14,Billing,Nothing special to report. Service has been average.,2,1,0,1
C00019,2022-04-12,Technical,Had to follow up twice to get my meter reading corrected.,2,7,0,1
C00019,2022-12-04,Billing,"Great experience, the technician was professional and efficient.",3,2,1,1
C00021,2022-07-03,Outage,Service is generally okay. Had a minor billing discrepancy last month.,1,2,0,1
C00021,2023-04-05,Account Management,"Love the online portal, makes managing my account super easy.",2,6,0,0
C00022,2024-03-18,Billing,The new meter reading service is fantastic.,3,5,0,1
C00022,2023-02-10,Billing,Technician arrived on time but the fix took longer than expected.,2,6,0,1
C00024,2024-10-04,Technical,Very pleased with the resolution. Great team.,2,4,0,0
C00024,2022-07-16,Account Management,"Quick and helpful customer service, thank you!",1,3,0,1
C00025,2024-04-17,Outage,Account change was processed but took a few extra days.,2,5,0,1
C00025,2024-01-08,Service Quality,"Great experience, the technician was professional and efficient.",2,4,0,1
C00026,2023-10-15,Service Quality,Billing errors again! Third month in a row. Completely incompetent.,5,13,1,1
C00026,2023-08-10,Billing,The outage was resolved. It would have been nice to get a notification.,3,29,0,0
C00026,2024-08-22,Technical,No major problems but the website is a bit slow.,5,24,0,1
C00026,2023-09-25,Account Management,Unresponsive support and endless hold times. Absolutely awful.,3,11,1,1
C00029,2024-07-18,Technical,I am absolutely furious — my bill doubled for no reason and no one can explain it.,2,4,0,1
C00030,2024-07-21,Technical,Service interruption was brief. Would like better communication next time.,3,25,0,0
C00030,2023-05-26,Outage,I am absolutely furious — my bill doubled for no reason and no one can explain it.,4,5,1,1
C00030,2024-09-08,Technical,Account change was processed but took a few extra days.,5,13,1,0
C00031,2024-05-21,Billing,Billing seems correct this month. Last month there was a small issue.,1,7,0,1
C00032,2024-11-08,Service Quality,"Very happy with the service, everything works great.",1,2,0,1
C00033,2024-07-01,Meter Reading,No major problems but the website is a bit slow.,1,7,0,0
C00034,2023-10-15,Service Quality,Service is generally okay. Had a minor billing discrepancy last month.,2,1,0,1
C00036,2024-12-08,Outage,I have called 7 times and nobody fixes the problem. I want to cancel my account.,2,7,0,1
C00036,2024-07-06,Meter Reading,Very pleased with the resolution. Great team.,2,1,1,1
C00037,2024-04-21,Technical,Account change was processed but took a few extra days.,1,1,0,1
C00038,2022-01-28,Outage,Very pleased with the resolution. Great team.,2,1,0,1
C00038,2024-07-19,Technical,My billing issue was resolved within hours. Highly recommend.,3,1,0,1
C00039,2022-08-26,Service Quality,"Terrible service, waited 3 weeks for someone to show up. Completely unacceptable.",3,16,0,1
C00039,2023-06-22,Account Management,Technician arrived on time but the fix took longer than expected.,3,13,1,0
C00039,2023-11-17,Account Management,Account change was processed but took a few extra days.,5,9,1,1
C00039,2024-03-01,Account Management,I have called 7 times and nobody fixes the problem. I want to cancel my account.,3,19,0,1
C00039,2022-04-22,Billing,Technician arrived on time but the fix took longer than expected.,5,7,0,1
C00040,2024-12-09,Service Quality,"Love the online portal, makes managing my account super easy.",3,1,1,1
C00041,2023-11-08,Account Management,I am done. Switching to a competitor as soon as possible. Nightmare.,5,19,0,0
C00041,2024-03-21,Technical,My outage has been going on for 5 days and no one cares. Disgusting.,5,18,0,1
C00041,2024-08-17,Account Management,I am done. Switching to a competitor as soon as possible. Nightmare.,5,29,0,1
C00041,2024-12-03,Outage,The technician never showed up. I took a day off work for nothing.,4,19,0,0
C00041,2024-04-19,Service Quality,Unresponsive support and endless hold times. Absolutely awful.,3,25,1,0
C00041,2023-06-13,Outage,"Terrible service, waited 3 weeks for someone to show up. Completely unacceptable.",3,20,0,0
C00043,2024-07-07,Technical,The support team was extremely helpful and resolved my issue quickly.,2,3,0,1
C00043,2022-12-21,Outage,This is the worst experience I have ever had. Planning to switch provider immediately.,3,2,0,1
C00044,2022-06-19,Technical,"Love the online portal, makes managing my account super easy.",3,4,0,1
C00044,2024-04-12,Service Quality,The outage was resolved. It would have been nice to get a notification.,3,5,1,1
C00046,2024-02-04,Technical,Service interruption was brief. Would like better communication next time.,3,0,0,1
C00046,2023-12-12,Service Quality,The new meter reading service is fantastic.,3,7,1,1
C00048,2022-06-13,Service Quality,The support person was polite but couldn't fully resolve my issue.,1,5,0,1
C00048,2022-03-10,Account Management,"Outstanding service quality, no issues whatsoever.",2,6,0,1
C00049,2023-12-12,Billing,No major problems but the website is a bit slow.,3,2,0,1
C00050,2023-12-17,Account Management,Billing seems correct this month. Last month there was a small issue.,2,6,0,1
C00050,2023-06-18,Account Management,The support person was polite but couldn't fully resolve my issue.,3,1,0,1
C00051,2023-02-16,Billing,"Great experience, the technician was professional and efficient.",1,7,0,1
C00052,2022-05-12,Outage,"Terrible service, waited 3 weeks for someone to show up. Completely unacceptable.",4,14,0,1
C00052,2024-10-20,Technical,I have called 7 times and nobody fixes the problem. I want to cancel my account.,3,21,1,1
C00052,2023-12-15,Account Management,Service interruption was brief. Would like better communication next time.,5,20,1,0
C00053,2023-08-02,Account Management,Very pleased with the resolution. Great team.,3,5,0,1
C00054,2024-05-17,Account Management,Billing seems correct this month. Last month there was a small issue.,1,1,0,1
C00056,2024-07-08,Account Management,The support team was extremely helpful and resolved my issue quickly.,1,0,0,1
C00058,2023-09-24,Service Quality,I have called 7 times and nobody fixes the problem. I want to cancel my account.,3,0,0,1
C00058,2023-07-27,Technical,"Outstanding service quality, no issues whatsoever.",1,5,0,1
C00062,2022-12-13,Technical,"Great experience, the technician was professional and efficient.",3,7,0,1
C00062,2024-09-13,Technical,The new meter reading service is fantastic.,3,2,0,1
C00063,2023-09-26,Account Management,My service was cut off without warning. I demand an explanation.,5,26,0,1
C00063,2024-08-05,Service Quality,No major problems but the website is a bit slow.,4,8,1,0
C00063,2022-05-01,Account Management,Service interruption was brief. Would like better communication next time.,3,14,1,1
C00063,2023-05-23,Outage,Unresponsive support and endless hold times. Absolutely awful.,5,17,0,0
C00064,2024-07-03,Account Management,Very pleased with the resolution. Great team.,1,7,1,1
C00065,2024-06-16,Technical,My outage has been going on for 5 days and no one cares. Disgusting.,3,5,0,1
C00067,2024-07-22,Billing,I am done. Switching to a competitor as soon as possible. Nightmare.,3,1,0,1
C00069,2024-02-17,Outage,Had to follow up twice to get my meter reading corrected.,4,9,1,0
C00069,2024-10-09,Account Management,Unresponsive support and endless hold times. Absolutely awful.,5,21,1,1
C00069,2024-05-19,Billing,Billing errors again! Third month in a row. Completely incompetent.,5,26,1,0
C00069,2024-03-05,Billing,No major problems but the website is a bit slow.,3,16,1,0
C00069,2024-11-12,Meter Reading,The outage was resolved. It would have been nice to get a notification.,5,12,1,0
C00070,2024-01-20,Technical,Unresponsive support and endless hold times. Absolutely awful.,4,16,0,1
C00070,2023-09-06,Meter Reading,No major problems but the website is a bit slow.,3,7,1,1
C00070,2024-02-09,Technical,This is the worst experience I have ever had. Planning to switch provider immediately.,3,16,1,0
C00070,2023-12-10,Meter Reading,Billing errors again! Third month in a row. Completely incompetent.,5,6,1,1
C00070,2024-02-20,Billing,My service was cut off without warning. I demand an explanation.,5,28,0,0
C00070,2024-08-03,Account Management,My outage has been going on for 5 days and no one cares. Disgusting.,3,23,1,1
C00071,2023-08-11,Outage,"Outstanding service quality, no issues whatsoever.",3,0,0,1
C00071,2022-10-05,Meter Reading,"Terrible service, waited 3 weeks for someone to show up. Completely unacceptable.",2,6,1,1
C00073,2023-07-25,Billing,The new meter reading service is fantastic.,2,7,0,1
C00075,2024-10-07,Technical,My service was cut off without warning. I demand an explanation.,3,2,0,1
C00077,2022-05-19,Outage,Had to follow up twice to get my meter reading corrected.,3,7,0,1
C00077,2022-07-02,Meter Reading,The new meter reading service is fantastic.,3,4,0,1
C00078,2023-08-09,Meter Reading,The outage was resolved. It would have been nice to get a notification.,5,16,0,0
C00078,2024-05-04,Account Management,My service was cut off without warning. I demand an explanation.,5,11,1,0
C00078,2022-04-19,Account Management,I have called 7 times and nobody fixes the problem. I want to cancel my account.,3,12,0,1
C00079,2024-10-16,Outage,The outage was resolved. It would have been nice to get a notification.,3,10,0,1
C00079,2024-05-14,Billing,I have called 7 times and nobody fixes the problem. I want to cancel my account.,3,6,1,0
C00079,2023-02-25,Meter Reading,My outage has been going on for 5 days and no one cares. Disgusting.,3,6,0,1
C00079,2023-10-13,Billing,"Terrible service, waited 3 weeks for someone to show up. Completely unacceptable.",3,26,1,0
C00079,2023-11-20,Service Quality,The technician never showed up. I took a day off work for nothing.,5,24,1,0
C00079,2022-01-09,Meter Reading,"Terrible service, waited 3 weeks for someone to show up. Completely unacceptable.",3,25,0,0
C00080,2024-04-28,Billing,"Very happy with the service, everything works great.",2,2,1,0
C00081,2022-08-15,Billing,My service was cut off without warning. I demand an explanation.,2,4,0,0
C00082,2023-05-07,Outage,My billing issue was resolved within hours. Highly recommend.,2,6,1,1
C00083,2023-02-25,Technical,This is the worst experience I have ever had. Planning to switch provider immediately.,4,27,0,0
C00083,2023-02-16,Service Quality,The technician never showed up. I took a day off work for nothing.,4,10,0,1
C00083,2023-06-05,Outage,The technician never showed up. I took a day off work for nothing.,3,19,0,1
C00083,2023-01-03,Outage,The technician never showed up. I took a day off work for nothing.,5,13,1,0
C00083,2023-02-17,Account Management,"Terrible service, waited 3 weeks for someone to show up. Completely unacceptable.",3,10,0,0
C00083,2023-04-25,Technical,Had to follow up twice to get my meter reading corrected.,4,11,1,0
C00084,2022-02-26,Billing,"Love the online portal, makes managing my account super easy.",1,2,0,1
C00085,2022-01-22,Meter Reading,Technician arrived on time but the fix took longer than expected.,3,0,1,1
C00085,2022-04-21,Meter Reading,The technician never showed up. I took a day off work for nothing.,1,7,0,1
C00086,2023-05-06,Account Management,Technician arrived on time but the fix took longer than expected.,5,9,0,0
C00086,2022-01-02,Billing,My outage has been going on for 5 days and no one cares. Disgusting.,4,15,1,1
C00086,2023-04-09,Service Quality,The outage was resolved. It would have been nice to get a notification.,3,27,1,1
C00086,2022-01-22,Account Management,My service was cut off without warning. I demand an explanation.,4,20,1,0
C00086,2022-03-23,Outage,Had to follow up twice to get my meter reading corrected.,5,29,0,1
C00086,2022-01-10,Outage,Had to follow up twice to get my meter reading corrected.,3,11,0,1
C00087,2024-12-21,Technical,"Great experience, the technician was professional and efficient.",2,1,0,1
C00088,2024-02-14,Service Quality,My service was cut off without warning. I demand an explanation.,3,0,1,0
C00088,2023-02-19,Service Quality,Technician arrived on time but the fix took longer than expected.,2,0,0,1
C00089,2024-05-06,Account Management,"Great experience, the technician was professional and efficient.",1,3,0,1
C00090,2024-12-09,Billing,The support team was extremely helpful and resolved my issue quickly.,3,5,0,1
C00090,2022-10-04,Meter Reading,Service interruption was brief. Would like better communication next time.,3,1,0,1
C00091,2024-03-11,Technical,The outage was resolved. It would have been nice to get a notification.,1,2,0,1
C00091,2022-02-14,Billing,Nothing special to report. Service has been average.,3,4,0,1
C00092,2022-03-03,Meter Reading,The support team was extremely helpful and resolved my issue quickly.,1,1,0,1
C00094,2022-02-06,Outage,The outage was resolved. It would have been nice to get a notification.,3,15,1,0
C00094,2023-04-15,Account Management,I am done. Switching to a competitor as soon as possible. Nightmare.,5,8,0,0
C00094,2022-08-02,Technical,I am absolutely furious — my bill doubled for no reason and no one can explain it.,5,19,1,0
C00094,2024-04-19,Outage,I am absolutely furious — my bill doubled for no reason and no one can explain it.,4,22,0,0
C00097,2022-09-02,Technical,Account change was processed but took a few extra days.,1,6,0,1
C00097,2023-08-15,Technical,Very pleased with the resolution. Great team.,1,3,0,1
C00098,2022-05-18,Technical,The outage was resolved. It would have been nice to get a notification.,2,1,0,1
C00098,2022-11-06,Service Quality,Very pleased with the resolution. Great team.,3,0,0,1
C00100,2024-04-15,Account Management,Nothing special to report. Service has been average.,5,15,0,1
C00100,2024-08-16,Service Quality,I am done. Switching to a competitor as soon as possible. Nightmare.,4,20,0,0
C00100,2024-10-12,Meter Reading,I am done. Switching to a competitor as soon as possible. Nightmare.,3,8,0,1
C00100,2023-04-15,Technical,The support person was polite but couldn't fully resolve my issue.,3,13,1,1
C00100,2024-05-28,Technical,I have called 7 times and nobody fixes the problem. I want to cancel my account.,3,26,1,1
C00100,2024-12-08,Technical,Unresponsive support and endless hold times. Absolutely awful.,4,18,0,0
C00101,2022-06-03,Service Quality,Service interruption was brief. Would like better communication next time.,1,0,0,1
C00101,2024-09-03,Billing,My billing issue was resolved within hours. Highly recommend.,3,7,0,1
C00102,2023-02-05,Meter Reading,Very pleased with the resolution. Great team.,3,7,0,0
C00102,2024-02-10,Account Management,"Excellent response time, I am very satisfied.",1,7,0,0
C00105,2024-05-15,Meter Reading,Service interruption was brief. Would like better communication next time.,1,6,0,0
C00105,2024-10-14,Billing,My service was cut off without warning. I demand an explanation.,1,5,1,1
C00106,2022-11-04,Account Management,Billing errors again! Third month in a row. Completely incompetent.,2,3,0,1
C00108,2022-10-12,Meter Reading,Service interruption was brief. Would like better communication next time.,3,26,0,0
C00108,2023-04-27,Account Management,The support person was polite but couldn't fully resolve my issue.,5,26,1,1
C00108,2023-03-22,Outage,The technician never showed up. I took a day off work for nothing.,4,15,0,0
C00109,2024-07-23,Service Quality,Technician arrived on time but the fix took longer than expected.,2,7,0,1
C00109,2023-08-28,Technical,"Quick and helpful customer service, thank you!",3,2,0,1
C00110,2022-08-17,Outage,Very pleased with the resolution. Great team.,3,3,0,1
C00112,2023-03-18,Technical,"Great experience, the technician was professional and efficient.",3,1,0,0
C00112,2023-01-28,Account Management,I have called 7 times and nobody fixes the problem. I want to cancel my account.,1,1,1,0
C00113,2024-08-25,Outage,Technician arrived on time but the fix took longer than expected.,3,6,0,1
C00113,2024-04-24,Meter Reading,"Very happy with the service, everything works great.",3,7,0,1
C00115,2024-04-09,Outage,"Quick and helpful customer service, thank you!",2,6,0,1
C00115,2023-06-05,Meter Reading,Very pleased with the resolution. Great team.,3,0,0,1
C00118,2024-07-23,Outage,This is the worst experience I have ever had. Planning to switch provider immediately.,5,29,0,1
C00118,2023-03-17,Service Quality,My outage has been going on for 5 days and no one cares. Disgusting.,3,9,1,1
C00118,2023-01-16,Service Quality,My outage has been going on for 5 days and no one cares. Disgusting.,5,28,0,1
C00119,2023-07-26,Outage,The support team was extremely helpful and resolved my issue quickly.,3,6,0,1
C00119,2024-03-09,Billing,Billing errors again! Third month in a row. Completely incompetent.,2,7,0,1
C00120,2024-03-06,Account Management,Had to follow up twice to get my meter reading corrected.,2,2,0,1
C00124,2024-04-12,Billing,"Great experience, the technician was professional and efficient.",3,5,0,1
C00127,2024-04-10,Outage,Billing seems correct this month. Last month there was a small issue.,1,1,0,1
C00127,2024-11-08,Meter Reading,"Outstanding service quality, no issues whatsoever.",1,0,0,1
C00129,2023-12-27,Billing,The outage was resolved. It would have been nice to get a notification.,1,4,0,1
C00130,2023-03-19,Meter Reading,"Great experience, the technician was professional and efficient.",1,4,0,0
C00133,2024-07-01,Technical,Unresponsive support and endless hold times. Absolutely awful.,4,20,0,1
C00133,2024-12-25,Technical,My service was cut off without warning. I demand an explanation.,3,10,0,0
C00133,2024-08-09,Service Quality,Billing errors again! Third month in a row. Completely incompetent.,4,24,1,0
C00134,2022-07-11,Technical,"Very happy with the service, everything works great.",2,6,0,1
C00135,2022-09-24,Account Management,Nothing special to report. Service has been average.,3,4,0,1
C00136,2022-08-15,Account Management,"Terrible service, waited 3 weeks for someone to show up. Completely unacceptable.",3,3,0,1
C00137,2023-06-22,Technical,Account change was processed but took a few extra days.,2,2,0,0
C00139,2024-04-19,Account Management,I am done. Switching to a competitor as soon as possible. Nightmare.,4,15,0,1
C00139,2022-05-26,Outage,My outage has been going on for 5 days and no one cares. Disgusting.,3,21,1,1
C00139,2022-10-11,Meter Reading,My outage has been going on for 5 days and no one cares. Disgusting.,5,23,0,0
C00140,2023-04-28,Service Quality,The support person was polite but couldn't fully resolve my issue.,4,10,1,0
C00140,2022-07-17,Outage,Service interruption was brief. Would like better communication next time.,4,5,0,0
C00140,2022-09-08,Account Management,Unresponsive support and endless hold times. Absolutely awful.,3,20,0,1
C00142,2023-03-09,Service Quality,Billing errors again! Third month in a row. Completely incompetent.,4,20,1,1
C00142,2023-09-17,Service Quality,I have called 7 times and nobody fixes the problem. I want to cancel my account.,4,5,0,1
C00142,2023-12-12,Outage,Unresponsive support and endless hold times. Absolutely awful.,3,5,1,0
C00142,2023-10-28,Billing,Account change was processed but took a few extra days.,3,24,0,0
C00142,2024-12-02,Service Quality,My service was cut off without warning. I demand an explanation.,4,25,1,0
C00143,2024-05-19,Service Quality,My outage has been going on for 5 days and no one cares. Disgusting.,3,26,1,0
C00143,2024-12-12,Outage,Billing errors again! Third month in a row. Completely incompetent.,4,28,1,1
C00143,2022-05-04,Meter Reading,The outage was resolved. It would have been nice to get a notification.,4,23,0,0
C00143,2022-01-18,Account Management,My outage has been going on for 5 days and no one cares. Disgusting.,4,6,1,0
C00143,2023-11-09,Billing,Technician arrived on time but the fix took longer than expected.,4,7,0,1
C00143,2023-07-06,Meter Reading,I have called 7 times and nobody fixes the problem. I want to cancel my account.,3,23,0,1
C00145,2024-10-05,Meter Reading,No major problems but the website is a bit slow.,1,4,0,1
C00146,2023-10-20,Service Quality,"Quick and helpful customer service, thank you!",1,1,0,1
C00148,2022-05-15,Technical,"Excellent response time, I am very satisfied.",3,5,0,1
C00148,2024-04-06,Technical,"Love the online portal, makes managing my account super easy.",2,1,0,1
C00149,2024-07-16,Meter Reading,"Quick and helpful customer service, thank you!",2,3,0,1
C00149,2022-06-25,Outage,Nothing special to report. Service has been average.,3,4,0,0
C00150,2024-05-23,Account Management,Very pleased with the resolution. Great team.,2,3,0,1
C00151,2023-07-27,Service Quality,Billing errors again! Third month in a row. Completely incompetent.,4,13,0,0
C00151,2023-10-11,Account Management,Account change was processed but took a few extra days.,3,29,0,1
C00151,2022-12-14,Outage,My service was cut off without warning. I demand an explanation.,4,5,0,1
C00151,2022-08-22,Account Management,This is the worst experience I have ever had. Planning to switch provider immediately.,4,5,0,1
C00152,2023-12-12,Technical,"Love the online portal, makes managing my account super easy.",2,0,0,1
C00153,2023-11-14,Account Management,Technician arrived on time but the fix took longer than expected.,1,0,0,1
C00154,2022-11-26,Outage,Very pleased with the resolution. Great team.,3,4,0,1
C00155,2024-06-23,Meter Reading,"Excellent response time, I am very satisfied.",3,0,0,1
C00155,2024-10-28,Meter Reading,The outage was resolved. It would have been nice to get a notification.,3,7,0,0
C00156,2023-10-27,Billing,I am absolutely furious — my bill doubled for no reason and no one can explain it.,2,5,0,1
C00156,2022-07-27,Billing,The outage was resolved. It would have been nice to get a notification.,1,4,0,1
C00157,2024-04-01,Technical,Service interruption was brief. Would like better communication next time.,2,0,0,1
C00157,2024-12-22,Billing,"Great experience, the technician was professional and efficient.",3,1,0,1
C00158,2024-12-22,Billing,Technician arrived on time but the fix took longer than expected.,1,2,0,1
C00158,2024-02-21,Meter Reading,"Great experience, the technician was professional and efficient.",2,5,0,1
C00162,2022-06-02,Service Quality,The new meter reading service is fantastic.,3,3,0,1
C00164,2024-11-24,Meter Reading,I am absolutely furious — my bill doubled for no reason and no one can explain it.,2,1,0,1
C00165,2022-04-13,Outage,No major problems but the website is a bit slow.,5,9,0,0
C00165,2022-05-18,Billing,Account change was processed but took a few extra days.,5,28,0,1
C00165,2024-03-20,Meter Reading,I am absolutely furious — my bill doubled for no reason and no one can explain it.,3,7,0,0
C00165,2022-09-15,Outage,Unresponsive support and endless hold times. Absolutely awful.,3,18,1,0
C00166,2022-07-18,Billing,The outage was resolved. It would have been nice to get a notification.,2,5,0,1
C00166,2023-07-24,Account Management,Had to follow up twice to get my meter reading corrected.,3,0,0,1
C00167,2022-10-13,Meter Reading,I have called 7 times and nobody fixes the problem. I want to cancel my account.,3,5,0,0
C00167,2023-10-04,Billing,My billing issue was resolved within hours. Highly recommend.,3,2,0,0
C00168,2023-02-11,Account Management,Unresponsive support and endless hold times. Absolutely awful.,5,17,1,1
C00168,2024-04-17,Technical,The technician never showed up. I took a day off work for nothing.,3,19,0,1
C00168,2024-09-02,Billing,Service is generally okay. Had a minor billing discrepancy last month.,4,23,0,0
C00168,2024-12-08,Technical,Unresponsive support and endless hold times. Absolutely awful.,5,7,0,1
C00169,2024-09-10,Technical,"Great experience, the technician was professional and efficient.",2,2,0,1
C00170,2024-06-09,Meter Reading,No major problems but the website is a bit slow.,2,2,1,1
C00173,2024-10-02,Service Quality,I have called 7 times and nobody fixes the problem. I want to cancel my account.,3,5,1,1
C00175,2022-07-25,Outage,Billing seems correct this month. Last month there was a small issue.,3,4,0,0
C00175,2024-09-24,Service Quality,The support team was extremely helpful and resolved my issue quickly.,1,6,0,1
C00176,2024-01-15,Outage,"Quick and helpful customer service, thank you!",2,3,0,1
C00176,2023-02-08,Technical,"Outstanding service quality, no issues whatsoever.",3,7,0,1
C00178,2024-11-12,Service Quality,Nothing special to report. Service has been average.,2,7,0,1
C00180,2023-06-17,Account Management,"Terrible service, waited 3 weeks for someone to show up. Completely unacceptable.",3,5,0,1
C00181,2024-12-19,Billing,"Very happy with the service, everything works great.",3,0,0,1
C00182,2023-10-19,Outage,The technician never showed up. I took a day off work for nothing.,5,11,0,1
C00182,2023-01-27,Meter Reading,Service interruption was brief. Would like better communication next time.,4,11,0,0
C00182,2023-12-27,Billing,Account change was processed but took a few extra days.,4,15,0,0
C00184,2022-07-17,Account Management,I am absolutely furious — my bill doubled for no reason and no one can explain it.,2,5,0,1
C00185,2023-07-28,Billing,This is the worst experience I have ever had. Planning to switch provider immediately.,1,6,0,1
C00185,2023-06-03,Outage,The new meter reading service is fantastic.,1,7,0,1
C00187,2024-04-06,Meter Reading,The support person was polite but couldn't fully resolve my issue.,3,2,0,1
C00188,2023-11-15,Meter Reading,"Terrible service, waited 3 weeks for someone to show up. Completely unacceptable.",1,0,0,1
C00189,2023-07-18,Technical,The outage was resolved. It would have been nice to get a notification.,1,2,0,1
C00189,2022-02-28,Account Management,My outage has been going on for 5 days and no one cares. Disgusting.,3,6,0,1
C00191,2022-04-18,Outage,I am done. Switching to a competitor as soon as possible. Nightmare.,3,24,0,1
C00191,2022-12-01,Billing,I have called 7 times and nobody fixes the problem. I want to cancel my account.,3,26,0,0
C00191,2024-06-18,Account Management,"Terrible service, waited 3 weeks for someone to show up. Completely unacceptable.",4,12,0,0
C00192,2022-12-17,Meter Reading,My billing issue was resolved within hours. Highly recommend.,3,2,0,1
C00192,2022-08-17,Account Management,No major problems but the website is a bit slow.,1,4,0,1
C00193,2022-12-07,Technical,"Very happy with the service, everything works great.",2,4,1,1
C00194,2023-02-21,Billing,The support person was polite but couldn't fully resolve my issue.,1,0,0,1
C00194,2022-12-23,Meter Reading,"Great experience, the technician was professional and efficient.",3,5,1,0
C00195,2024-08-14,Account Management,This is the worst experience I have ever had. Planning to switch provider immediately.,5,15,0,0
C00195,2022-03-24,Billing,The technician never showed up. I took a day off work for nothing.,3,29,0,0
C00195,2023-11-03,Technical,I have called 7 times and nobody fixes the problem. I want to cancel my account.,3,18,0,0
C00196,2024-12-18,Technical,I am done. Switching to a competitor as soon as possible. Nightmare.,5,22,0,1
C00196,2024-03-20,Outage,I am done. Switching to a competitor as soon as possible. Nightmare.,5,16,1,0
C00196,2024-06-10,Service Quality,Unresponsive support and endless hold times. Absolutely awful.,5,8,0,1
C00196,2024-04-25,Account Management,The technician never showed up. I took a day off work for nothing.,4,27,0,0
C00196,2024-10-03,Account Management,This is the worst experience I have ever had. Planning to switch provider immediately.,3,27,1,1
C00196,2024-08-08,Meter Reading,"Terrible service, waited 3 weeks for someone to show up. Completely unacceptable.",4,28,0,0
C00197,2023-12-11,Billing,"Love the online portal, makes managing my account super easy.",3,6,0,0
C00198,2023-06-03,Outage,The support team was extremely helpful and resolved my issue quickly.,1,7,0,1
C00198,2023-09-22,Billing,My outage has been going on for 5 days and no one cares. Disgusting.,3,4,0,1
C00199,2024-03-22,Meter Reading,"Love the online portal, makes managing my account super easy.",3,3,0,1
C00199,2024-08-01,Meter Reading,"Outstanding service quality, no issues whatsoever.",3,6,0,1
C00200,2023-12-12,Service Quality,"Quick and helpful customer service, thank you!",1,7,0,1
C00200,2022-05-18,Account Management,The outage was resolved. It would have been nice to get a notification.,2,3,0,1
C00203,2022-02-03,Outage,I have called 7 times and nobody fixes the problem. I want to cancel my account.,1,0,0,1
C00203,2023-08-05,Technical,Account change was processed but took a few extra days.,3,2,0,1
C00204,2022-01-25,Meter Reading,The support person was polite but couldn't fully resolve my issue.,3,17,0,1
C00204,2022-05-24,Outage,Service interruption was brief. Would like better communication next time.,5,28,0,0
C00204,2024-02-18,Account Management,This is the worst experience I have ever had. Planning to switch provider immediately.,5,25,1,1
C00204,2022-09-15,Account Management,No major problems but the website is a bit slow.,3,17,0,1
C00204,2023-12-10,Billing,The technician never showed up. I took a day off work for nothing.,3,15,0,0
C00204,2023-11-19,Service Quality,I am done. Switching to a competitor as soon as possible. Nightmare.,4,22,0,1
C00205,2023-09-08,Account Management,"Great experience, the technician was professional and efficient.",2,5,0,1
C00205,2022-03-25,Billing,The support team was extremely helpful and resolved my issue quickly.,1,1,0,1
C00206,2024-01-03,Technical,Billing seems correct this month. Last month there was a small issue.,1,1,0,1
C00206,2023-05-14,Account Management,Service interruption was brief. Would like better communication next time.,3,4,0,1
C00209,2022-02-14,Account Management,Technician arrived on time but the fix took longer than expected.,1,7,0,1
C00209,2022-06-23,Service Quality,"Quick and helpful customer service, thank you!",1,5,0,1
C00211,2022-05-26,Billing,"Love the online portal, makes managing my account super easy.",3,6,0,1
C00211,2024-03-18,Billing,The support team was extremely helpful and resolved my issue quickly.,3,6,0,1
C00212,2022-01-26,Outage,Billing seems correct this month. Last month there was a small issue.,2,6,0,1
C00212,2023-04-04,Service Quality,"Love the online portal, makes managing my account super easy.",2,4,0,1
C00214,2023-05-08,Technical,The support team was extremely helpful and resolved my issue quickly.,2,7,0,1
C00214,2022-12-07,Technical,Service is generally okay. Had a minor billing discrepancy last month.,2,1,0,1
C00215,2024-10-17,Outage,The technician never showed up. I took a day off work for nothing.,4,8,1,1
C00215,2022-09-19,Meter Reading,Had to follow up twice to get my meter reading corrected.,4,24,1,1
C00215,2023-03-12,Outage,Had to follow up twice to get my meter reading corrected.,5,11,0,0
C00215,2022-06-25,Billing,"Terrible service, waited 3 weeks for someone to show up. Completely unacceptable.",5,6,1,0
C00217,2024-07-14,Service Quality,The support team was extremely helpful and resolved my issue quickly.,2,5,0,1
C00217,2024-03-18,Billing,Had to follow up twice to get my meter reading corrected.,2,7,0,1
C00218,2023-01-28,Meter Reading,No major problems but the website is a bit slow.,3,2,0,0
C00218,2024-01-18,Outage,The support person was polite but couldn't fully resolve my issue.,3,4,0,1
C00221,2024-12-15,Service Quality,I am absolutely furious — my bill doubled for no reason and no one can explain it.,3,12,1,0
C00221,2024-02-06,Outage,Service interruption was brief. Would like better communication next time.,4,21,0,1
C00221,2024-08-10,Account Management,"Terrible service, waited 3 weeks for someone to show up. Completely unacceptable.",5,19,1,0
C00221,2023-04-28,Technical,Had to follow up twice to get my meter reading corrected.,4,24,0,0
C00221,2023-07-15,Meter Reading,I am done. Switching to a competitor as soon as possible. Nightmare.,5,27,1,0
C00222,2024-06-23,Account Management,This is the worst experience I have ever had. Planning to switch provider immediately.,4,5,1,1
C00222,2022-06-05,Technical,The technician never showed up. I took a day off work for nothing.,5,15,0,1
C00222,2024-10-12,Service Quality,This is the worst experience I have ever had. Planning to switch provider immediately.,4,17,0,0
C00223,2024-12-17,Service Quality,Billing seems correct this month. Last month there was a small issue.,1,1,0,0
C00223,2024-05-19,Technical,The new meter reading service is fantastic.,1,1,0,1
C00224,2024-04-14,Technical,The support team was extremely helpful and resolved my issue quickly.,1,2,0,1
C00224,2024-08-04,Service Quality,The technician never showed up. I took a day off work for nothing.,2,2,0,1
C00225,2024-08-18,Service Quality,The technician never showed up. I took a day off work for nothing.,2,6,0,1
C00226,2022-11-11,Billing,My service was cut off without warning. I demand an explanation.,4,18,0,0
C00226,2024-04-15,Service Quality,The support person was polite but couldn't fully resolve my issue.,4,24,0,0
C00226,2023-05-28,Account Management,Nothing special to report. Service has been average.,5,29,1,1
C00228,2023-07-05,Meter Reading,The new meter reading service is fantastic.,3,4,0,1
C00230,2023-10-24,Technical,I am done. Switching to a competitor as soon as possible. Nightmare.,1,5,0,1
C00231,2022-10-26,Billing,Account change was processed but took a few extra days.,2,1,1,1
C00233,2024-11-25,Service Quality,Technician arrived on time but the fix took longer than expected.,4,15,0,1
C00233,2024-02-07,Outage,The outage was resolved. It would have been nice to get a notification.,4,10,0,0
C00233,2024-08-10,Meter Reading,Billing errors again! Third month in a row. Completely incompetent.,5,29,0,0
C00233,2024-01-02,Service Quality,The technician never showed up. I took a day off work for nothing.,4,26,0,0
C00233,2024-04-16,Service Quality,Account change was processed but took a few extra days.,3,25,1,1
C00234,2023-06-08,Account Management,"Quick and helpful customer service, thank you!",2,6,0,1
C00235,2023-03-12,Technical,No major problems but the website is a bit slow.,5,7,1,1
C00235,2023-06-21,Service Quality,I have called 7 times and nobody fixes the problem. I want to cancel my account.,4,26,0,1
C00235,2023-12-14,Account Management,I am done. Switching to a competitor as soon as possible. Nightmare.,5,20,0,0
C00236,2024-10-05,Outage,"Great experience, the technician was professional and efficient.",2,7,0,1
C00236,2022-04-20,Technical,The support person was polite but couldn't fully resolve my issue.,3,6,0,1
C00239,2023-07-17,Service Quality,The technician never showed up. I took a day off work for nothing.,5,7,0,0
C00239,2023-05-12,Account Management,I have called 7 times and nobody fixes the problem. I want to cancel my account.,4,9,1,1
C00239,2022-09-06,Meter Reading,My service was cut off without warning. I demand an explanation.,4,12,1,0
C00239,2022-01-22,Service Quality,My outage has been going on for 5 days and no one cares. Disgusting.,5,6,0,0
C00239,2023-01-05,Service Quality,Service interruption was brief. Would like better communication next time.,4,26,1,0
C00240,2022-10-07,Service Quality,Service interruption was brief. Would like better communication next time.,3,2,0,1
C00240,2024-09-23,Meter Reading,The support team was extremely helpful and resolved my issue quickly.,3,5,0,1
C00241,2023-10-09,Meter Reading,"Great experience, the technician was professional and efficient.",2,6,0,1
C00242,2022-11-18,Technical,Unresponsive support and endless hold times. Absolutely awful.,3,2,0,0
C00243,2023-10-02,Billing,Unresponsive support and endless hold times. Absolutely awful.,4,14,0,0
C00243,2024-11-15,Account Management,Account change was processed but took a few extra days.,3,27,1,1
C00243,2023-01-27,Outage,My outage has been going on for 5 days and no one cares. Disgusting.,4,10,1,0
C00244,2023-06-01,Account Management,My billing issue was resolved within hours. Highly recommend.,3,2,0,1
C00246,2024-12-25,Outage,The support team was extremely helpful and resolved my issue quickly.,3,2,0,1
C00246,2024-02-03,Technical,Account change was processed but took a few extra days.,1,4,0,1
C00247,2024-10-16,Technical,I have called 7 times and nobody fixes the problem. I want to cancel my account.,1,3,0,1
C00248,2024-10-28,Account Management,Billing seems correct this month. Last month there was a small issue.,2,5,0,1
C00248,2024-09-17,Account Management,"Excellent response time, I am very satisfied.",2,1,0,1
C00250,2024-06-08,Outage,Service interruption was brief. Would like better communication next time.,3,4,1,0
C00250,2024-02-27,Outage,Service is generally okay. Had a minor billing discrepancy last month.,1,0,0,1
C00252,2023-11-07,Outage,I am done. Switching to a competitor as soon as possible. Nightmare.,5,6,0,1
C00252,2023-01-26,Outage,No major problems but the website is a bit slow.,4,14,0,1
C00252,2023-11-17,Meter Reading,Unresponsive support and endless hold times. Absolutely awful.,5,19,0,1
C00252,2024-05-02,Meter Reading,The technician never showed up. I took a day off work for nothing.,4,8,1,0
C00252,2024-03-22,Service Quality,I am absolutely furious — my bill doubled for no reason and no one can explain it.,5,13,0,1
C00253,2024-09-25,Meter Reading,Unresponsive support and endless hold times. Absolutely awful.,5,11,1,0
C00253,2023-02-06,Billing,"Terrible service, waited 3 weeks for someone to show up. Completely unacceptable.",5,24,0,0
C00253,2024-04-28,Account Management,My outage has been going on for 5 days and no one cares. Disgusting.,4,16,1,0
C00255,2023-03-09,Technical,Billing errors again! Third month in a row. Completely incompetent.,3,17,0,1
C00255,2024-06-02,Billing,I am done. Switching to a competitor as soon as possible. Nightmare.,4,28,0,0
C00255,2022-04-01,Account Management,No major problems but the website is a bit slow.,5,21,0,1
C00255,2023-09-01,Service Quality,Service interruption was brief. Would like better communication next time.,4,7,1,0
C00255,2022-06-11,Billing,Service interruption was brief. Would like better communication next time.,4,28,0,1
C00256,2024-01-04,Billing,The outage was resolved. It would have been nice to get a notification.,3,10,0,0
C00256,2024-02-25,Technical,I have called 7 times and nobody fixes the problem. I want to cancel my account.,3,20,0,1
C00256,2024-01-12,Account Management,Unresponsive support and endless hold times. Absolutely awful.,4,12,0,0
C00256,2024-05-17,Meter Reading,Unresponsive support and endless hold times. Absolutely awful.,5,11,0,0
C00256,2023-08-14,Account Management,I am done. Switching to a competitor as soon as possible. Nightmare.,3,15,0,1
C00257,2022-05-14,Technical,No major problems but the website is a bit slow.,2,0,0,1
C00257,2023-10-12,Service Quality,Account change was processed but took a few extra days.,2,3,0,1
C00259,2023-01-06,Outage,"Quick and helpful customer service, thank you!",3,6,0,1
C00261,2024-06-08,Account Management,No major problems but the website is a bit slow.,3,21,1,0
C00261,2022-07-20,Technical,Unresponsive support and endless hold times. Absolutely awful.,3,9,0,1
C00261,2022-03-22,Billing,Billing errors again! Third month in a row. Completely incompetent.,3,13,0,1
C00261,2024-11-02,Billing,Account change was processed but took a few extra days.,3,15,1,1
C00261,2024-05-21,Outage,Billing seems correct this month. Last month there was a small issue.,4,18,0,0
C00262,2023-11-23,Billing,Service is generally okay. Had a minor billing discrepancy last month.,3,23,0,1
C00262,2023-06-17,Service Quality,Technician arrived on time but the fix took longer than expected.,3,10,1,0
C00262,2023-11-21,Service Quality,I have called 7 times and nobody fixes the problem. I want to cancel my account.,4,23,0,0
C00262,2023-08-26,Technical,Account change was processed but took a few extra days.,5,5,1,1
C00262,2024-11-05,Outage,Unresponsive support and endless hold times. Absolutely awful.,4,9,1,0
C00262,2024-11-03,Outage,Billing errors again! Third month in a row. Completely incompetent.,4,10,1,0
C00265,2022-08-13,Outage,The support team was extremely helpful and resolved my issue quickly.,3,2,0,1
C00267,2022-06-27,Service Quality,My service was cut off without warning. I demand an explanation.,3,12,0,0
C00267,2023-12-24,Service Quality,"Terrible service, waited 3 weeks for someone to show up. Completely unacceptable.",5,22,0,1
C00267,2023-09-11,Account Management,The outage was resolved. It would have been nice to get a notification.,5,23,0,0
C00267,2022-11-14,Billing,"Terrible service, waited 3 weeks for someone to show up. Completely unacceptable.",3,14,0,0
C00268,2022-09-02,Account Management,"Love the online portal, makes managing my account super easy.",1,5,0,1
C00268,2024-02-02,Account Management,The support team was extremely helpful and resolved my issue quickly.,3,6,0,1
C00269,2024-08-27,Account Management,This is the worst experience I have ever had. Planning to switch provider immediately.,3,27,1,1
C00269,2023-01-25,Meter Reading,Nothing special to report. Service has been average.,5,18,0,0
C00269,2022-02-10,Meter Reading,Technician arrived on time but the fix took longer than expected.,3,25,0,0
C00269,2023-03-19,Service Quality,Technician arrived on time but the fix took longer than expected.,3,21,0,1
C00269,2023-01-25,Outage,Had to follow up twice to get my meter reading corrected.,5,25,1,1
C00270,2024-07-19,Technical,The new meter reading service is fantastic.,3,4,0,1
C00270,2024-05-22,Account Management,Service interruption was brief. Would like better communication next time.,3,7,0,1
C00271,2023-06-09,Technical,Technician arrived on time but the fix took longer than expected.,1,1,0,1
C00273,2023-09-26,Outage,The technician never showed up. I took a day off work for nothing.,4,24,0,0
C00273,2024-06-21,Account Management,The outage was resolved. It would have been nice to get a notification.,4,11,1,0
C00273,2023-03-25,Technical,I am done. Switching to a competitor as soon as possible. Nightmare.,5,15,0,1
C00273,2023-08-26,Meter Reading,Account change was processed but took a few extra days.,4,27,1,1
C00273,2023-06-09,Outage,The technician never showed up. I took a day off work for nothing.,5,18,1,0
C00274,2023-06-17,Account Management,"Very happy with the service, everything works great.",1,4,0,1
C00275,2022-01-14,Technical,Nothing special to report. Service has been average.,3,1,0,1
C00276,2022-03-01,Account Management,I have called 7 times and nobody fixes the problem. I want to cancel my account.,4,19,0,1
C00276,2024-03-13,Meter Reading,"Terrible service, waited 3 weeks for someone to show up. Completely unacceptable.",5,21,0,0
C00276,2023-04-14,Meter Reading,"Terrible service, waited 3 weeks for someone to show up. Completely unacceptable.",3,7,0,0
C00276,2024-07-17,Service Quality,This is the worst experience I have ever had. Planning to switch provider immediately.,5,28,0,0
C00276,2024-02-23,Technical,The support person was polite but couldn't fully resolve my issue.,3,12,1,0
C00276,2023-06-06,Billing,My service was cut off without warning. I demand an explanation.,3,13,0,1
C00279,2024-09-20,Account Management,I have called 7 times and nobody fixes the problem. I want to cancel my account.,4,23,0,1
C00279,2024-04-15,Meter Reading,Account change was processed but took a few extra days.,4,28,1,0
C00279,2024-10-19,Meter Reading,Billing errors again! Third month in a row. Completely incompetent.,3,8,1,1
C00280,2024-09-07,Meter Reading,The technician never showed up. I took a day off work for nothing.,2,3,1,1
C00280,2024-12-09,Meter Reading,"Quick and helpful customer service, thank you!",1,0,0,1
C00281,2024-06-17,Service Quality,Service is generally okay. Had a minor billing discrepancy last month.,4,16,0,1
C00281,2024-03-28,Outage,Billing errors again! Third month in a row. Completely incompetent.,5,14,0,0
C00281,2022-05-22,Technical,I am done. Switching to a competitor as soon as possible. Nightmare.,5,22,0,1
C00281,2023-06-25,Meter Reading,I have called 7 times and nobody fixes the problem. I want to cancel my account.,5,20,0,1
C00281,2024-06-19,Billing,No major problems but the website is a bit slow.,4,19,1,0
C00282,2022-12-04,Service Quality,Technician arrived on time but the fix took longer than expected.,3,5,0,1
C00282,2022-01-07,Technical,Service is generally okay. Had a minor billing discrepancy last month.,3,7,0,1
C00283,2022-10-01,Billing,Billing seems correct this month. Last month there was a small issue.,2,5,0,1
C00283,2024-04-17,Service Quality,This is the worst experience I have ever had. Planning to switch provider immediately.,1,7,0,1
C00284,2024-03-02,Meter Reading,Technician arrived on time but the fix took longer than expected.,1,5,0,1
C00284,2024-12-06,Outage,Service interruption was brief. Would like better communication next time.,1,1,0,1
C00285,2023-02-28,Technical,"Outstanding service quality, no issues whatsoever.",2,1,1,1
C00287,2023-12-18,Outage,I am done. Switching to a competitor as soon as possible. Nightmare.,3,9,0,1
C00287,2023-12-26,Technical,Service interruption was brief. Would like better communication next time.,3,9,0,0
C00287,2024-09-05,Account Management,My service was cut off without warning. I demand an explanation.,5,13,0,0
C00288,2022-11-03,Account Management,Unresponsive support and endless hold times. Absolutely awful.,5,29,0,1
C00288,2023-02-23,Meter Reading,Technician arrived on time but the fix took longer than expected.,3,17,0,1
C00288,2024-08-23,Outage,This is the worst experience I have ever had. Planning to switch provider immediately.,3,22,0,1
C00288,2024-11-19,Technical,I have called 7 times and nobody fixes the problem. I want to cancel my account.,3,10,0,1
C00289,2023-09-09,Service Quality,"Excellent response time, I am very satisfied.",1,4,0,1
C00290,2022-09-08,Meter Reading,My service was cut off without warning. I demand an explanation.,1,0,0,1
C00291,2022-04-24,Service Quality,"Very happy with the service, everything works great.",1,0,0,1
C00294,2024-07-01,Outage,I am absolutely furious — my bill doubled for no reason and no one can explain it.,4,26,0,1
C00294,2022-07-17,Technical,This is the worst experience I have ever had. Planning to switch provider immediately.,3,6,0,1
C00294,2022-07-15,Meter Reading,The technician never showed up. I took a day off work for nothing.,3,29,0,1
C00294,2024-01-05,Account Management,Unresponsive support and endless hold times. Absolutely awful.,5,22,0,1
C00294,2022-05-28,Outage,My service was cut off without warning. I demand an explanation.,5,27,0,1
C00295,2022-06-26,Outage,My service was cut off without warning. I demand an explanation.,5,21,1,0
C00295,2022-09-16,Outage,Account change was processed but took a few extra days.,5,23,0,0
C00295,2022-12-19,Billing,This is the worst experience I have ever had. Planning to switch provider immediately.,4,12,0,1
C00296,2024-05-16,Billing,No major problems but the website is a bit slow.,3,13,0,1
C00296,2022-08-03,Service Quality,My outage has been going on for 5 days and no one cares. Disgusting.,5,5,1,0
C00296,2024-02-19,Service Quality,I am absolutely furious — my bill doubled for no reason and no one can explain it.,3,10,1,0
C00296,2024-04-26,Meter Reading,My outage has been going on for 5 days and no one cares. Disgusting.,4,13,0,0
C00298,2024-05-02,Technical,My billing issue was resolved within hours. Highly recommend.,3,7,0,1
C00298,2024-02-11,Meter Reading,Account change was processed but took a few extra days.,1,5,0,1
C00302,2022-06-22,Meter Reading,My service was cut off without warning. I demand an explanation.,2,5,0,1
C00302,2024-08-16,Billing,Very pleased with the resolution. Great team.,3,3,1,1
C00304,2024-01-01,Billing,I am done. Switching to a competitor as soon as possible. Nightmare.,5,14,0,0
C00304,2022-08-07,Meter Reading,Billing seems correct this month. Last month there was a small issue.,5,23,0,0
C00304,2022-08-24,Meter Reading,Billing errors again! Third month in a row. Completely incompetent.,4,13,0,0
C00306,2023-09-14,Account Management,The outage was resolved. It would have been nice to get a notification.,3,3,0,1
C00306,2024-02-19,Meter Reading,Account change was processed but took a few extra days.,1,2,0,1
C00308,2023-06-19,Outage,Nothing special to report. Service has been average.,5,26,1,1
C00308,2024-01-17,Account Management,"Terrible service, waited 3 weeks for someone to show up. Completely unacceptable.",5,24,1,0
C00308,2024-07-12,Service Quality,My outage has been going on for 5 days and no one cares. Disgusting.,5,20,1,1
C00308,2024-04-27,Outage,I am absolutely furious — my bill doubled for no reason and no one can explain it.,4,27,0,0
C00308,2024-01-17,Service Quality,I have called 7 times and nobody fixes the problem. I want to cancel my account.,5,12,1,1
C00308,2024-08-10,Outage,"Terrible service, waited 3 weeks for someone to show up. Completely unacceptable.",3,7,0,1
C00309,2024-04-27,Technical,"Terrible service, waited 3 weeks for someone to show up. Completely unacceptable.",3,0,0,1
C00310,2024-12-14,Account Management,Nothing special to report. Service has been average.,2,2,0,1
C00310,2023-03-04,Account Management,No major problems but the website is a bit slow.,2,4,0,0
C00311,2023-09-05,Account Management,Billing errors again! Third month in a row. Completely incompetent.,3,26,0,0
C00311,2023-10-18,Account Management,I am done. Switching to a competitor as soon as possible. Nightmare.,3,19,0,1
C00311,2023-09-19,Technical,The technician never showed up. I took a day off work for nothing.,3,13,0,1
C00311,2024-12-04,Technical,I am done. Switching to a competitor as soon as possible. Nightmare.,3,24,0,1
C00311,2024-08-15,Technical,My outage has been going on for 5 days and no one cares. Disgusting.,5,17,0,0
C00312,2024-05-16,Meter Reading,I am absolutely furious — my bill doubled for no reason and no one can explain it.,1,4,0,1
C00312,2023-09-23,Meter Reading,The support person was polite but couldn't fully resolve my issue.,2,4,0,1
C00313,2024-07-18,Meter Reading,My billing issue was resolved within hours. Highly recommend.,2,4,0,1
C00313,2024-05-26,Technical,Very pleased with the resolution. Great team.,3,4,1,0
C00315,2022-07-21,Account Management,The support person was polite but couldn't fully resolve my issue.,4,19,0,0
C00315,2024-08-22,Service Quality,I have called 7 times and nobody fixes the problem. I want to cancel my account.,4,26,1,0
C00315,2024-07-08,Service Quality,I am done. Switching to a competitor as soon as possible. Nightmare.,4,12,0,1
C00315,2024-02-23,Account Management,Unresponsive support and endless hold times. Absolutely awful.,4,9,1,0
C00315,2022-10-01,Technical,"Terrible service, waited 3 weeks for someone to show up. Completely unacceptable.",4,7,1,1
C00316,2022-01-23,Billing,"Quick and helpful customer service, thank you!",3,4,0,1
C00318,2022-12-01,Account Management,Billing seems correct this month. Last month there was a small issue.,2,6,0,1
C00319,2024-04-16,Account Management,"Excellent response time, I am very satisfied.",2,7,0,1
C00320,2023-04-22,Technical,This is the worst experience I have ever had. Planning to switch provider immediately.,3,28,0,1
C00320,2024-11-06,Account Management,Technician arrived on time but the fix took longer than expected.,5,10,1,1
C00320,2023-08-13,Technical,Billing errors again! Third month in a row. Completely incompetent.,4,20,0,1
C00320,2023-07-10,Outage,The technician never showed up. I took a day off work for nothing.,5,23,1,0
C00320,2022-01-07,Meter Reading,Technician arrived on time but the fix took longer than expected.,3,10,0,0
C00322,2024-01-14,Account Management,My billing issue was resolved within hours. Highly recommend.,1,0,0,1
C00323,2023-03-22,Outage,"Quick and helpful customer service, thank you!",3,4,0,1
C00323,2023-07-07,Billing,My service was cut off without warning. I demand an explanation.,2,2,0,1
C00325,2024-08-05,Outage,"Terrible service, waited 3 weeks for someone to show up. Completely unacceptable.",1,7,0,0
C00325,2024-03-24,Account Management,Had to follow up twice to get my meter reading corrected.,1,7,0,1
C00326,2022-06-01,Account Management,Billing seems correct this month. Last month there was a small issue.,1,4,0,1
C00326,2024-10-07,Outage,Billing errors again! Third month in a row. Completely incompetent.,2,5,0,1
C00328,2024-02-25,Service Quality,Account change was processed but took a few extra days.,1,5,0,0
C00330,2024-05-18,Billing,I am done. Switching to a competitor as soon as possible. Nightmare.,2,4,0,0
C00330,2024-10-22,Account Management,The support team was extremely helpful and resolved my issue quickly.,2,7,0,1
C00331,2024-01-17,Account Management,The new meter reading service is fantastic.,2,4,0,1
C00332,2022-04-05,Billing,"Love the online portal, makes managing my account super easy.",2,3,0,1
C00332,2024-02-25,Outage,Had to follow up twice to get my meter reading corrected.,1,3,0,1
C00333,2022-02-28,Outage,Nothing special to report. Service has been average.,3,1,0,1
C00333,2022-11-26,Outage,"Great experience, the technician was professional and efficient.",1,4,0,1
C00334,2023-07-26,Service Quality,My billing issue was resolved within hours. Highly recommend.,3,7,0,1
C00334,2023-01-20,Service Quality,Billing seems correct this month. Last month there was a small issue.,2,2,1,1
C00336,2024-07-19,Meter Reading,Very pleased with the resolution. Great team.,2,0,0,1
C00337,2022-04-08,Meter Reading,"Excellent response time, I am very satisfied.",2,2,1,1
C00339,2024-06-01,Service Quality,My service was cut off without warning. I demand an explanation.,5,29,0,1
C00339,2023-01-26,Billing,The outage was resolved. It would have been nice to get a notification.,5,16,0,0
C00339,2024-03-28,Account Management,"Terrible service, waited 3 weeks for someone to show up. Completely unacceptable.",5,9,0,0
C00339,2024-06-17,Billing,My service was cut off without warning. I demand an explanation.,3,14,1,0
C00340,2022-06-11,Technical,"Terrible service, waited 3 weeks for someone to show up. Completely unacceptable.",5,5,0,1
C00340,2024-11-11,Outage,Account change was processed but took a few extra days.,5,8,0,0
C00340,2024-11-18,Outage,I am absolutely furious — my bill doubled for no reason and no one can explain it.,4,6,0,1
C00341,2022-10-03,Account Management,Nothing special to report. Service has been average.,2,7,0,1
C00341,2023-09-10,Account Management,"Excellent response time, I am very satisfied.",1,0,0,1
C00342,2023-09-01,Technical,My billing issue was resolved within hours. Highly recommend.,3,2,0,1
C00342,2023-05-13,Billing,I have called 7 times and nobody fixes the problem. I want to cancel my account.,2,2,0,1
C00343,2023-10-02,Service Quality,"Love the online portal, makes managing my account super easy.",3,7,0,1
C00344,2024-02-05,Service Quality,Service is generally okay. Had a minor billing discrepancy last month.,5,20,1,0
C00344,2023-01-13,Billing,Technician arrived on time but the fix took longer than expected.,5,24,0,0
C00344,2024-03-01,Account Management,The technician never showed up. I took a day off work for nothing.,4,28,1,1
C00344,2022-07-12,Account Management,Billing seems correct this month. Last month there was a small issue.,5,9,1,1
C00345,2022-01-11,Outage,My outage has been going on for 5 days and no one cares. Disgusting.,3,3,1,1
C00346,2024-05-14,Account Management,"Terrible service, waited 3 weeks for someone to show up. Completely unacceptable.",5,9,0,0
C00346,2023-12-24,Billing,"Terrible service, waited 3 weeks for someone to show up. Completely unacceptable.",5,14,0,1
C00346,2022-12-28,Outage,My outage has been going on for 5 days and no one cares. Disgusting.,3,13,0,0
C00346,2022-04-11,Technical,"Terrible service, waited 3 weeks for someone to show up. Completely unacceptable.",5,24,1,1
C00347,2022-02-28,Technical,No major problems but the website is a bit slow.,2,7,1,0
C00347,2022-02-06,Account Management,Had to follow up twice to get my meter reading corrected.,2,1,0,1
C00348,2024-10-24,Billing,The new meter reading service is fantastic.,1,4,0,1
C00349,2024-03-11,Account Management,The outage was resolved. It would have been nice to get a notification.,5,5,1,0
C00349,2023-08-08,Billing,Billing errors again! Third month in a row. Completely incompetent.,5,28,0,1
C00349,2024-02-26,Account Management,The technician never showed up. I took a day off work for nothing.,5,26,0,1
C00352,2024-11-03,Outage,"Excellent response time, I am very satisfied.",3,2,0,1
C00353,2023-06-14,Technical,"Terrible service, waited 3 weeks for someone to show up. Completely unacceptable.",4,14,1,0
C00353,2022-03-17,Billing,Service interruption was brief. Would like better communication next time.,3,7,1,1
C00353,2024-04-21,Billing,Service is generally okay. Had a minor billing discrepancy last month.,3,8,0,0
C00353,2024-06-07,Service Quality,Billing errors again! Third month in a row. Completely incompetent.,5,25,1,1
C00353,2023-03-06,Technical,Billing seems correct this month. Last month there was a small issue.,3,19,1,0
C00353,2024-05-04,Technical,Service interruption was brief. Would like better communication next time.,4,10,0,0
C00355,2023-07-23,Billing,Technician arrived on time but the fix took longer than expected.,2,7,0,1
C00355,2022-02-20,Meter Reading,Very pleased with the resolution. Great team.,1,1,0,1
C00356,2024-10-28,Meter Reading,The outage was resolved. It would have been nice to get a notification.,2,2,0,1
C00356,2022-04-25,Outage,"Excellent response time, I am very satisfied.",3,1,0,1
C00358,2022-05-04,Account Management,The support person was polite but couldn't fully resolve my issue.,3,5,0,1
C00358,2024-09-15,Account Management,Nothing special to report. Service has been average.,3,4,0,1
C00359,2024-11-27,Outage,Technician arrived on time but the fix took longer than expected.,3,1,1,1
C00360,2023-06-13,Account Management,"Outstanding service quality, no issues whatsoever.",3,5,0,1
C00360,2022-09-20,Technical,Account change was processed but took a few extra days.,1,4,0,1
C00361,2022-12-16,Billing,Service is generally okay. Had a minor billing discrepancy last month.,3,5,0,1
C00361,2022-05-24,Billing,This is the worst experience I have ever had. Planning to switch provider immediately.,3,1,0,1
C00362,2024-04-09,Account Management,I am done. Switching to a competitor as soon as possible. Nightmare.,3,22,1,0
C00362,2022-03-01,Service Quality,The technician never showed up. I took a day off work for nothing.,3,6,0,1
C00362,2024-02-26,Service Quality,Service interruption was brief. Would like better communication next time.,3,11,0,1
C00362,2023-09-17,Technical,Technician arrived on time but the fix took longer than expected.,3,22,0,0
C00362,2022-11-12,Account Management,Billing seems correct this month. Last month there was a small issue.,4,17,0,0
C00362,2022-05-01,Technical,"Terrible service, waited 3 weeks for someone to show up. Completely unacceptable.",5,9,0,1
C00363,2023-01-24,Meter Reading,Very pleased with the resolution. Great team.,1,6,0,1
C00363,2023-02-03,Account Management,"Outstanding service quality, no issues whatsoever.",2,7,0,1
C00364,2022-05-20,Service Quality,I am done. Switching to a competitor as soon as possible. Nightmare.,4,6,1,1
C00364,2022-01-05,Account Management,The outage was resolved. It would have been nice to get a notification.,3,23,0,1
C00364,2024-11-01,Technical,I have called 7 times and nobody fixes the problem. I want to cancel my account.,4,5,1,0
C00364,2023-05-10,Meter Reading,Had to follow up twice to get my meter reading corrected.,4,12,1,1
C00364,2023-06-18,Technical,Unresponsive support and endless hold times. Absolutely awful.,5,5,0,1
C00364,2022-11-19,Service Quality,The technician never showed up. I took a day off work for nothing.,5,8,0,0
C00365,2024-03-03,Technical,I am absolutely furious — my bill doubled for no reason and no one can explain it.,2,7,1,1
C00365,2024-11-06,Outage,My service was cut off without warning. I demand an explanation.,3,3,0,0
C00367,2023-01-18,Technical,"Terrible service, waited 3 weeks for someone to show up. Completely unacceptable.",1,2,0,1
C00368,2024-11-21,Account Management,The new meter reading service is fantastic.,3,1,0,1
C00368,2023-12-06,Billing,"Outstanding service quality, no issues whatsoever.",1,2,0,1
C00369,2024-03-18,Billing,Had to follow up twice to get my meter reading corrected.,5,5,1,1
C00369,2024-05-17,Service Quality,Billing errors again! Third month in a row. Completely incompetent.,3,29,1,1
C00369,2024-11-10,Outage,This is the worst experience I have ever had. Planning to switch provider immediately.,4,7,0,1
C00369,2024-08-26,Outage,No major problems but the website is a bit slow.,5,15,1,1
C00369,2024-10-15,Meter Reading,Billing errors again! Third month in a row. Completely incompetent.,3,23,1,0
C00369,2024-05-08,Outage,Technician arrived on time but the fix took longer than expected.,3,19,0,1
C00371,2024-02-27,Billing,Service is generally okay. Had a minor billing discrepancy last month.,5,5,0,0
C00371,2022-01-11,Billing,No major problems but the website is a bit slow.,3,23,0,1
C00371,2024-02-08,Service Quality,I am absolutely furious — my bill doubled for no reason and no one can explain it.,3,16,0,0
C00372,2023-02-08,Billing,My outage has been going on for 5 days and no one cares. Disgusting.,1,2,0,1
C00373,2024-07-21,Outage,I am absolutely furious — my bill doubled for no reason and no one can explain it.,3,20,1,0
C00373,2022-08-12,Service Quality,Unresponsive support and endless hold times. Absolutely awful.,3,18,0,1
C00373,2024-07-20,Outage,Had to follow up twice to get my meter reading corrected.,3,16,0,1
C00373,2023-07-22,Account Management,The technician never showed up. I took a day off work for nothing.,5,21,0,0
C00373,2023-11-13,Billing,The technician never showed up. I took a day off work for nothing.,3,18,0,0
C00373,2022-02-28,Meter Reading,Had to follow up twice to get my meter reading corrected.,4,27,1,0
C00374,2023-11-13,Technical,I am done. Switching to a competitor as soon as possible. Nightmare.,4,15,0,1
C00374,2022-07-25,Billing,I have called 7 times and nobody fixes the problem. I want to cancel my account.,4,22,0,0
C00374,2022-01-16,Billing,I have called 7 times and nobody fixes the problem. I want to cancel my account.,4,11,1,0
C00374,2023-04-02,Technical,Had to follow up twice to get my meter reading corrected.,4,22,1,0
C00374,2023-10-12,Meter Reading,This is the worst experience I have ever had. Planning to switch provider immediately.,4,8,0,1
C00374,2024-07-27,Outage,Billing errors again! Third month in a row. Completely incompetent.,5,7,0,0
C00375,2022-03-28,Account Management,No major problems but the website is a bit slow.,1,5,0,1
C00375,2024-02-27,Service Quality,The support team was extremely helpful and resolved my issue quickly.,2,5,0,1
C00376,2024-04-23,Account Management,The technician never showed up. I took a day off work for nothing.,3,6,0,0
C00376,2023-04-02,Billing,Nothing special to report. Service has been average.,4,12,0,1
C00376,2023-08-16,Billing,My outage has been going on for 5 days and no one cares. Disgusting.,4,13,1,1
C00376,2024-12-12,Billing,The technician never showed up. I took a day off work for nothing.,4,11,1,0
C00376,2023-11-24,Meter Reading,My service was cut off without warning. I demand an explanation.,4,22,0,1
C00376,2023-11-20,Billing,I am done. Switching to a competitor as soon as possible. Nightmare.,5,10,0,0
C00377,2022-08-17,Account Management,I have called 7 times and nobody fixes the problem. I want to cancel my account.,3,5,1,0
C00378,2024-12-18,Billing,This is the worst experience I have ever had. Planning to switch provider immediately.,4,10,0,0
C00378,2024-02-03,Account Management,I am absolutely furious — my bill doubled for no reason and no one can explain it.,3,17,0,0
C00378,2022-11-21,Account Management,This is the worst experience I have ever had. Planning to switch provider immediately.,3,24,0,0
C00379,2024-03-15,Technical,"Very happy with the service, everything works great.",1,2,0,1
C00379,2024-06-10,Service Quality,Account change was processed but took a few extra days.,1,0,0,1
C00380,2023-04-02,Meter Reading,Had to follow up twice to get my meter reading corrected.,3,14,1,1
C00380,2023-04-15,Technical,Billing seems correct this month. Last month there was a small issue.,5,10,0,0
C00380,2024-06-26,Technical,The support person was polite but couldn't fully resolve my issue.,4,10,1,0
C00380,2023-01-08,Account Management,I have called 7 times and nobody fixes the problem. I want to cancel my account.,3,15,0,0
C00380,2023-08-04,Billing,"Terrible service, waited 3 weeks for someone to show up. Completely unacceptable.",3,21,0,0
C00380,2023-04-28,Outage,Billing errors again! Third month in a row. Completely incompetent.,5,5,1,1
C00383,2024-08-11,Meter Reading,My billing issue was resolved within hours. Highly recommend.,3,0,0,1
C00383,2022-12-01,Service Quality,Service is generally okay. Had a minor billing discrepancy last month.,3,6,0,1
C00388,2022-10-04,Account Management,No major problems but the website is a bit slow.,1,4,0,1
C00389,2023-10-04,Outage,The support team was extremely helpful and resolved my issue quickly.,1,2,0,1
C00390,2024-07-18,Meter Reading,My service was cut off without warning. I demand an explanation.,3,23,0,0
C00390,2024-05-28,Billing,Billing errors again! Third month in a row. Completely incompetent.,4,22,0,1
C00390,2023-02-23,Meter Reading,Account change was processed but took a few extra days.,5,20,0,0
C00390,2023-11-07,Service Quality,This is the worst experience I have ever had. Planning to switch provider immediately.,3,12,1,1
C00391,2022-12-14,Service Quality,Technician arrived on time but the fix took longer than expected.,3,2,0,1
C00392,2023-08-06,Meter Reading,"Terrible service, waited 3 weeks for someone to show up. Completely unacceptable.",4,14,0,1
C00392,2024-04-09,Technical,"Terrible service, waited 3 weeks for someone to show up. Completely unacceptable.",5,16,1,1
C00392,2024-11-21,Billing,Had to follow up twice to get my meter reading corrected.,5,25,1,1
C00392,2024-04-14,Billing,The outage was resolved. It would have been nice to get a notification.,5,27,0,1
C00392,2023-03-20,Billing,My outage has been going on for 5 days and no one cares. Disgusting.,5,24,1,1
C00393,2022-08-07,Service Quality,The new meter reading service is fantastic.,3,7,0,1
C00393,2024-09-10,Technical,Service interruption was brief. Would like better communication next time.,3,6,0,1
C00394,2023-12-11,Billing,This is the worst experience I have ever had. Planning to switch provider immediately.,1,4,0,0
C00395,2023-07-22,Account Management,Had to follow up twice to get my meter reading corrected.,2,3,0,1
C00396,2024-12-14,Technical,"Quick and helpful customer service, thank you!",2,2,0,1
C00398,2023-12-23,Technical,"Love the online portal, makes managing my account super easy.",3,4,0,1
C00399,2024-08-05,Account Management,"Quick and helpful customer service, thank you!",1,7,0,1
C00399,2023-08-07,Service Quality,"Love the online portal, makes managing my account super easy.",3,6,0,1
C00400,2024-10-27,Meter Reading,The support team was extremely helpful and resolved my issue quickly.,1,5,0,1
C00402,2024-10-17,Billing,The support person was polite but couldn't fully resolve my issue.,2,0,1,1
C00402,2024-02-24,Account Management,Very pleased with the resolution. Great team.,3,6,0,1
C00403,2022-05-12,Technical,The outage was resolved. It would have been nice to get a notification.,2,0,0,1
C00404,2023-06-16,Meter Reading,Nothing special to report. Service has been average.,2,2,0,1
C00404,2024-09-06,Outage,I am absolutely furious — my bill doubled for no reason and no one can explain it.,1,3,0,1
C00406,2023-01-28,Outage,The support team was extremely helpful and resolved my issue quickly.,2,0,0,1
C00407,2023-01-18,Service Quality,Billing seems correct this month. Last month there was a small issue.,1,1,0,0
C00408,2024-04-09,Billing,The support person was polite but couldn't fully resolve my issue.,4,22,1,0
C00408,2023-04-25,Outage,Unresponsive support and endless hold times. Absolutely awful.,3,13,0,1
C00408,2024-09-02,Service Quality,I am absolutely furious — my bill doubled for no reason and no one can explain it.,3,25,0,1
C00408,2023-05-09,Service Quality,Nothing special to report. Service has been average.,5,23,0,0
C00408,2023-03-11,Service Quality,I am done. Switching to a competitor as soon as possible. Nightmare.,4,17,1,1
C00409,2022-08-02,Technical,No major problems but the website is a bit slow.,3,1,0,1
C00409,2023-01-10,Service Quality,Account change was processed but took a few extra days.,1,4,1,1
C00410,2024-08-21,Outage,I am done. Switching to a competitor as soon as possible. Nightmare.,3,13,1,0
C00410,2024-06-03,Account Management,My outage has been going on for 5 days and no one cares. Disgusting.,5,10,0,0
C00410,2024-04-21,Technical,Unresponsive support and endless hold times. Absolutely awful.,5,21,1,0
C00410,2024-02-10,Billing,This is the worst experience I have ever had. Planning to switch provider immediately.,4,6,1,1
C00412,2024-03-12,Billing,Service interruption was brief. Would like better communication next time.,1,2,0,1
C00413,2023-05-10,Meter Reading,"Great experience, the technician was professional and efficient.",2,0,0,1
C00413,2022-10-09,Account Management,The support person was polite but couldn't fully resolve my issue.,3,6,0,1
C00414,2023-03-25,Service Quality,"Very happy with the service, everything works great.",3,0,0,1
C00414,2024-09-15,Account Management,"Very happy with the service, everything works great.",2,2,1,0
C00416,2022-07-07,Account Management,"Quick and helpful customer service, thank you!",2,5,0,1
C00416,2022-02-23,Billing,Billing seems correct this month. Last month there was a small issue.,3,2,0,1
C00417,2023-08-18,Meter Reading,Nothing special to report. Service has been average.,2,4,0,1
C00417,2023-07-23,Outage,"Great experience, the technician was professional and efficient.",3,6,0,1
C00418,2023-11-24,Billing,The new meter reading service is fantastic.,3,6,0,1
C00418,2023-10-11,Account Management,"Excellent response time, I am very satisfied.",2,0,0,1
C00419,2023-05-10,Billing,My billing issue was resolved within hours. Highly recommend.,1,7,0,1
C00420,2023-08-16,Technical,The outage was resolved. It would have been nice to get a notification.,2,7,0,1
C00420,2024-08-05,Outage,Very pleased with the resolution. Great team.,2,1,0,1
C00421,2022-10-16,Outage,"Love the online portal, makes managing my account super easy.",1,5,0,1
C00422,2023-07-08,Meter Reading,Service is generally okay. Had a minor billing discrepancy last month.,2,7,0,1
C00423,2024-12-28,Meter Reading,The support team was extremely helpful and resolved my issue quickly.,2,3,0,1
C00424,2022-01-26,Account Management,This is the worst experience I have ever had. Planning to switch provider immediately.,2,5,0,1
C00424,2023-07-06,Billing,"Quick and helpful customer service, thank you!",2,3,0,1
C00425,2023-07-08,Meter Reading,"Outstanding service quality, no issues whatsoever.",2,1,0,1
C00427,2024-04-16,Outage,"Very happy with the service, everything works great.",3,6,0,1
C00429,2024-02-20,Technical,Technician arrived on time but the fix took longer than expected.,3,4,0,1
C00429,2024-11-07,Service Quality,I have called 7 times and nobody fixes the problem. I want to cancel my account.,3,0,0,1
C00430,2024-11-18,Outage,"Love the online portal, makes managing my account super easy.",2,4,1,1
C00430,2023-01-01,Service Quality,"Love the online portal, makes managing my account super easy.",1,3,0,1
C00431,2024-06-22,Service Quality,The new meter reading service is fantastic.,3,0,0,1
C00431,2024-06-05,Billing,Nothing special to report. Service has been average.,2,1,0,1
C00432,2022-02-26,Technical,"Great experience, the technician was professional and efficient.",3,3,0,1
C00433,2024-12-23,Billing,No major problems but the website is a bit slow.,2,5,0,0
C00433,2024-11-26,Billing,This is the worst experience I have ever had. Planning to switch provider immediately.,3,3,0,1
C00434,2023-12-01,Outage,This is the worst experience I have ever had. Planning to switch provider immediately.,4,14,0,0
C00434,2023-08-13,Service Quality,My service was cut off without warning. I demand an explanation.,4,22,1,0
C00434,2023-07-14,Billing,The technician never showed up. I took a day off work for nothing.,3,19,1,0
C00434,2024-04-04,Service Quality,Unresponsive support and endless hold times. Absolutely awful.,3,15,1,0
C00435,2022-04-11,Outage,"Great experience, the technician was professional and efficient.",2,5,0,1
C00437,2024-01-18,Outage,My billing issue was resolved within hours. Highly recommend.,1,1,0,1
C00437,2022-10-07,Billing,Billing seems correct this month. Last month there was a small issue.,1,1,0,1
C00438,2024-05-07,Technical,Service is generally okay. Had a minor billing discrepancy last month.,2,0,0,1
C00438,2022-03-14,Account Management,My billing issue was resolved within hours. Highly recommend.,2,5,0,0
C00439,2024-04-01,Billing,No major problems but the website is a bit slow.,3,7,0,1
C00440,2023-07-25,Service Quality,"Great experience, the technician was professional and efficient.",3,0,0,1
C00442,2024-04-11,Billing,Technician arrived on time but the fix took longer than expected.,3,7,0,1
C00443,2023-02-27,Service Quality,"Great experience, the technician was professional and efficient.",1,5,0,1
C00443,2023-11-28,Meter Reading,"Quick and helpful customer service, thank you!",1,1,1,1
C00448,2023-06-02,Account Management,The outage was resolved. It would have been nice to get a notification.,2,5,0,1
C00449,2024-02-04,Service Quality,Billing seems correct this month. Last month there was a small issue.,1,2,0,1
C00449,2022-08-27,Billing,This is the worst experience I have ever had. Planning to switch provider immediately.,1,7,0,1
C00450,2024-04-10,Outage,The technician never showed up. I took a day off work for nothing.,3,25,1,0
C00450,2024-07-23,Account Management,Unresponsive support and endless hold times. Absolutely awful.,3,20,0,0
C00450,2024-05-28,Technical,Unresponsive support and endless hold times. Absolutely awful.,5,18,0,0
C00450,2024-03-04,Outage,Service is generally okay. Had a minor billing discrepancy last month.,4,26,0,1
C00450,2022-06-18,Technical,Service is generally okay. Had a minor billing discrepancy last month.,3,17,0,0
C00451,2024-06-26,Billing,The support team was extremely helpful and resolved my issue quickly.,1,0,0,1
C00451,2023-05-19,Technical,The outage was resolved. It would have been nice to get a notification.,2,7,0,1
C00452,2024-11-12,Technical,"Excellent response time, I am very satisfied.",1,4,0,0
C00453,2024-11-19,Service Quality,Service interruption was brief. Would like better communication next time.,4,8,1,0
C00453,2024-06-17,Meter Reading,Service is generally okay. Had a minor billing discrepancy last month.,5,21,1,1
C00453,2023-09-11,Service Quality,I am done. Switching to a competitor as soon as possible. Nightmare.,3,7,0,0
C00454,2024-11-01,Billing,The support team was extremely helpful and resolved my issue quickly.,3,5,0,1
C00455,2023-02-04,Technical,Service is generally okay. Had a minor billing discrepancy last month.,5,7,1,0
C00455,2022-10-22,Technical,My service was cut off without warning. I demand an explanation.,3,28,0,1
C00455,2024-10-28,Service Quality,"Terrible service, waited 3 weeks for someone to show up. Completely unacceptable.",4,26,1,1
C00456,2023-12-19,Billing,Service is generally okay. Had a minor billing discrepancy last month.,4,28,1,0
C00456,2023-10-20,Billing,My service was cut off without warning. I demand an explanation.,3,20,1,1
C00456,2023-07-24,Meter Reading,This is the worst experience I have ever had. Planning to switch provider immediately.,3,8,0,1
C00457,2024-06-22,Account Management,The technician never showed up. I took a day off work for nothing.,5,14,0,0
C00457,2024-06-28,Outage,Service interruption was brief. Would like better communication next time.,3,8,1,0
C00457,2023-12-03,Outage,I am absolutely furious — my bill doubled for no reason and no one can explain it.,5,15,1,0
C00457,2023-04-22,Technical,Service interruption was brief. Would like better communication next time.,3,14,1,0
C00457,2023-05-26,Technical,Billing errors again! Third month in a row. Completely incompetent.,5,18,0,1
C00457,2024-10-24,Service Quality,This is the worst experience I have ever had. Planning to switch provider immediately.,5,16,0,1
C00458,2022-01-11,Outage,Billing seems correct this month. Last month there was a small issue.,4,12,1,1
C00458,2024-07-12,Billing,Technician arrived on time but the fix took longer than expected.,3,15,1,1
C00458,2024-03-01,Meter Reading,I am done. Switching to a competitor as soon as possible. Nightmare.,5,6,0,0
C00458,2022-07-11,Technical,I am done. Switching to a competitor as soon as possible. Nightmare.,5,13,0,0
C00458,2024-02-13,Outage,I have called 7 times and nobody fixes the problem. I want to cancel my account.,3,12,0,0
C00459,2024-07-15,Meter Reading,Service interruption was brief. Would like better communication next time.,1,6,0,1
C00459,2022-12-02,Billing,Account change was processed but took a few extra days.,3,6,0,1
C00460,2023-03-21,Service Quality,Service is generally okay. Had a minor billing discrepancy last month.,2,7,0,1
C00460,2023-06-06,Technical,"Quick and helpful customer service, thank you!",2,6,0,1
C00462,2023-03-09,Technical,Service interruption was brief. Would like better communication next time.,3,5,0,1
C00462,2024-12-06,Technical,Had to follow up twice to get my meter reading corrected.,3,5,0,1
C00464,2023-01-06,Billing,Very pleased with the resolution. Great team.,3,2,0,0
C00464,2024-01-23,Account Management,Service interruption was brief. Would like better communication next time.,3,6,1,1
C00465,2024-10-25,Outage,Billing errors again! Third month in a row. Completely incompetent.,1,2,0,1
C00465,2024-01-15,Outage,Very pleased with the resolution. Great team.,2,5,0,0
C00467,2024-06-02,Meter Reading,Billing errors again! Third month in a row. Completely incompetent.,1,4,0,1
C00469,2024-07-20,Service Quality,Had to follow up twice to get my meter reading corrected.,3,4,0,1
C00469,2023-08-14,Service Quality,Service interruption was brief. Would like better communication next time.,1,2,0,1
C00470,2022-01-17,Billing,Technician arrived on time but the fix took longer than expected.,3,5,0,1
C00470,2024-05-19,Meter Reading,The support person was polite but couldn't fully resolve my issue.,2,2,0,1
C00472,2023-07-15,Billing,"Great experience, the technician was professional and efficient.",3,2,0,1
C00474,2023-07-05,Billing,Billing seems correct this month. Last month there was a small issue.,4,10,0,1
C00474,2024-11-23,Meter Reading,My service was cut off without warning. I demand an explanation.,4,26,0,1
C00474,2022-07-06,Meter Reading,The support person was polite but couldn't fully resolve my issue.,5,29,0,0
C00474,2024-06-22,Technical,My outage has been going on for 5 days and no one cares. Disgusting.,5,12,0,1
C00474,2022-10-09,Technical,"Terrible service, waited 3 weeks for someone to show up. Completely unacceptable.",5,6,1,1
C00474,2023-03-10,Service Quality,My outage has been going on for 5 days and no one cares. Disgusting.,3,18,0,0
C00475,2024-07-15,Account Management,Unresponsive support and endless hold times. Absolutely awful.,3,4,1,1
C00475,2024-02-19,Technical,"Very happy with the service, everything works great.",1,3,0,1
C00476,2023-01-23,Outage,"Outstanding service quality, no issues whatsoever.",3,1,1,1
C00476,2022-06-02,Technical,Billing errors again! Third month in a row. Completely incompetent.,1,7,0,1
C00477,2023-04-08,Technical,"Excellent response time, I am very satisfied.",3,2,0,1
C00480,2024-09-06,Service Quality,No major problems but the website is a bit slow.,1,0,0,1
C00481,2023-08-17,Meter Reading,Billing errors again! Third month in a row. Completely incompetent.,4,15,0,1
C00481,2024-06-27,Account Management,I am absolutely furious — my bill doubled for no reason and no one can explain it.,5,9,1,1
C00481,2022-07-18,Meter Reading,The support person was polite but couldn't fully resolve my issue.,5,5,0,1
C00482,2023-12-03,Technical,"Outstanding service quality, no issues whatsoever.",1,4,0,1
C00482,2023-04-08,Technical,"Outstanding service quality, no issues whatsoever.",1,2,0,1
C00483,2023-02-25,Meter Reading,The new meter reading service is fantastic.,1,5,0,1
C00483,2024-09-23,Technical,Billing seems correct this month. Last month there was a small issue.,2,7,0,0
C00485,2024-12-11,Billing,Account change was processed but took a few extra days.,1,0,0,1
C00485,2022-04-23,Billing,Service is generally okay. Had a minor billing discrepancy last month.,1,5,0,1
C00486,2023-04-16,Meter Reading,Nothing special to report. Service has been average.,3,0,0,1
C00488,2023-06-18,Billing,"Great experience, the technician was professional and efficient.",3,2,0,0
C00489,2024-11-08,Outage,Had to follow up twice to get my meter reading corrected.,1,0,0,1
C00489,2023-07-11,Service Quality,The outage was resolved. It would have been nice to get a notification.,2,1,1,1
C00490,2022-07-07,Technical,"Outstanding service quality, no issues whatsoever.",3,4,0,1
C00491,2022-02-15,Service Quality,Technician arrived on time but the fix took longer than expected.,4,28,1,1
C00491,2023-09-08,Service Quality,This is the worst experience I have ever had. Planning to switch provider immediately.,5,28,0,1
C00491,2022-06-18,Billing,I am absolutely furious — my bill doubled for no reason and no one can explain it.,3,16,0,1
C00491,2023-12-26,Meter Reading,Technician arrived on time but the fix took longer than expected.,5,5,0,0
C00491,2024-01-05,Billing,This is the worst experience I have ever had. Planning to switch provider immediately.,5,28,0,1
C00492,2023-07-24,Service Quality,Had to follow up twice to get my meter reading corrected.,3,7,0,1
C00492,2022-06-03,Service Quality,"Terrible service, waited 3 weeks for someone to show up. Completely unacceptable.",1,6,1,1
C00494,2024-03-17,Meter Reading,Service interruption was brief. Would like better communication next time.,3,1,0,1
C00494,2024-08-07,Service Quality,"Terrible service, waited 3 weeks for someone to show up. Completely unacceptable.",1,4,0,0
C00495,2024-09-16,Service Quality,My billing issue was resolved within hours. Highly recommend.,2,3,0,1
C00497,2024-06-06,Technical,Technician arrived on time but the fix took longer than expected.,3,0,0,0
C00499,2024-08-10,Account Management,The technician never showed up. I took a day off work for nothing.,4,26,1,1
C00499,2023-02-10,Account Management,My service was cut off without warning. I demand an explanation.,5,25,0,1
C00499,2022-10-23,Technical,Billing errors again! Third month in a row. Completely incompetent.,5,26,1,0
C00499,2024-05-20,Account Management,Unresponsive support and endless hold times. Absolutely awful.,4,13,1,0
C00501,2023-10-21,Service Quality,No major problems but the website is a bit slow.,3,13,1,1
C00501,2024-04-28,Account Management,My outage has been going on for 5 days and no one cares. Disgusting.,5,21,1,0
C00501,2024-08-11,Technical,I am done. Switching to a competitor as soon as possible. Nightmare.,5,18,0,0
C00503,2023-08-22,Service Quality,"Quick and helpful customer service, thank you!",3,7,0,1
C00503,2023-07-12,Technical,I have called 7 times and nobody fixes the problem. I want to cancel my account.,2,4,0,1
C00504,2024-04-16,Account Management,"Excellent response time, I am very satisfied.",1,2,0,0
C00504,2022-09-09,Account Management,"Very happy with the service, everything works great.",3,4,0,1
C00505,2024-10-08,Outage,"Outstanding service quality, no issues whatsoever.",2,4,0,0
C00505,2024-12-16,Billing,"Outstanding service quality, no issues whatsoever.",1,0,0,0
C00506,2024-11-23,Meter Reading,Technician arrived on time but the fix took longer than expected.,2,5,0,1
C00507,2023-07-01,Meter Reading,The support person was polite but couldn't fully resolve my issue.,1,5,0,1
C00509,2022-11-19,Account Management,Nothing special to report. Service has been average.,1,3,0,1
C00510,2024-10-06,Billing,I am done. Switching to a competitor as soon as possible. Nightmare.,1,3,0,1
C00512,2024-07-16,Technical,The new meter reading service is fantastic.,1,5,0,1
C00514,2024-02-15,Account Management,The support person was polite but couldn't fully resolve my issue.,3,2,0,1
C00514,2024-11-11,Technical,Service is generally okay. Had a minor billing discrepancy last month.,1,3,0,1
C00515,2022-09-01,Service Quality,"Love the online portal, makes managing my account super easy.",2,2,1,1
C00515,2024-08-13,Account Management,Technician arrived on time but the fix took longer than expected.,3,6,0,1
C00516,2023-06-04,Account Management,The support team was extremely helpful and resolved my issue quickly.,1,3,0,1
C00518,2024-01-13,Outage,The support person was polite but couldn't fully resolve my issue.,2,6,0,1
C00519,2024-05-13,Service Quality,"Very happy with the service, everything works great.",1,1,0,1
C00521,2024-07-21,Technical,Nothing special to report. Service has been average.,5,7,1,0
C00521,2024-05-24,Service Quality,"Terrible service, waited 3 weeks for someone to show up. Completely unacceptable.",3,7,0,0
C00521,2023-08-07,Billing,Billing seems correct this month. Last month there was a small issue.,3,29,1,1
C00521,2024-11-15,Billing,I am absolutely furious — my bill doubled for no reason and no one can explain it.,3,7,1,0
C00521,2023-05-08,Outage,Service interruption was brief. Would like better communication next time.,3,5,0,1
C00522,2024-10-27,Technical,"Quick and helpful customer service, thank you!",2,4,0,0
C00527,2023-11-25,Outage,Service interruption was brief. Would like better communication next time.,1,5,0,1
C00527,2023-11-06,Service Quality,The technician never showed up. I took a day off work for nothing.,3,4,0,1
C00528,2023-09-08,Outage,Had to follow up twice to get my meter reading corrected.,2,1,0,1
C00528,2023-12-10,Outage,"Terrible service, waited 3 weeks for someone to show up. Completely unacceptable.",3,3,0,1
C00530,2024-03-13,Account Management,No major problems but the website is a bit slow.,3,5,1,1
C00531,2023-03-17,Technical,Nothing special to report. Service has been average.,1,2,1,1
C00531,2023-04-15,Billing,Account change was processed but took a few extra days.,1,7,0,1
C00532,2024-10-20,Service Quality,I am absolutely furious — my bill doubled for no reason and no one can explain it.,4,29,0,1
C00532,2024-07-06,Service Quality,I am absolutely furious — my bill doubled for no reason and no one can explain it.,4,26,0,0
C00532,2023-01-13,Billing,I have called 7 times and nobody fixes the problem. I want to cancel my account.,5,21,0,0
C00532,2024-01-10,Service Quality,"Terrible service, waited 3 weeks for someone to show up. Completely unacceptable.",4,11,0,1
C00535,2022-09-18,Outage,Technician arrived on time but the fix took longer than expected.,2,7,0,1
C00535,2022-12-12,Account Management,This is the worst experience I have ever had. Planning to switch provider immediately.,2,0,0,1
C00536,2023-11-14,Meter Reading,The support team was extremely helpful and resolved my issue quickly.,2,1,0,1
C00538,2023-03-27,Service Quality,Service is generally okay. Had a minor billing discrepancy last month.,2,5,0,1
C00538,2024-07-20,Meter Reading,No major problems but the website is a bit slow.,2,0,0,1
C00542,2024-01-22,Account Management,Account change was processed but took a few extra days.,3,16,0,1
C00542,2024-07-20,Outage,I am absolutely furious — my bill doubled for no reason and no one can explain it.,4,28,0,1
C00542,2024-08-05,Meter Reading,This is the worst experience I have ever had. Planning to switch provider immediately.,3,18,1,0
C00542,2024-07-21,Technical,Service interruption was brief. Would like better communication next time.,5,16,0,0
C00542,2024-06-27,Billing,I am absolutely furious — my bill doubled for no reason and no one can explain it.,3,15,0,1
C00542,2024-06-25,Technical,Billing errors again! Third month in a row. Completely incompetent.,4,15,0,1
C00543,2022-08-12,Outage,"Great experience, the technician was professional and efficient.",1,3,0,1
C00543,2022-04-20,Account Management,Very pleased with the resolution. Great team.,2,2,0,1
C00544,2023-10-03,Service Quality,Had to follow up twice to get my meter reading corrected.,5,15,0,1
C00544,2024-07-06,Service Quality,I have called 7 times and nobody fixes the problem. I want to cancel my account.,3,16,1,1
C00544,2023-03-12,Billing,Nothing special to report. Service has been average.,5,11,0,1
C00544,2023-06-02,Outage,I am absolutely furious — my bill doubled for no reason and no one can explain it.,4,25,0,1
C00544,2024-12-08,Meter Reading,I am done. Switching to a competitor as soon as possible. Nightmare.,4,8,0,0
C00545,2023-06-16,Technical,The new meter reading service is fantastic.,1,6,0,1
C00546,2024-02-06,Service Quality,"Very happy with the service, everything works great.",2,7,0,1
C00546,2024-08-24,Outage,I am absolutely furious — my bill doubled for no reason and no one can explain it.,2,7,0,1
C00547,2023-11-06,Service Quality,Service is generally okay. Had a minor billing discrepancy last month.,2,4,0,1
C00547,2024-03-03,Outage,"Outstanding service quality, no issues whatsoever.",2,6,0,1
C00548,2022-02-02,Billing,Nothing special to report. Service has been average.,2,5,0,1
C00549,2023-09-06,Technical,The outage was resolved. It would have been nice to get a notification.,4,5,0,1
C00549,2022-09-11,Account Management,This is the worst experience I have ever had. Planning to switch provider immediately.,3,29,0,0
C00549,2022-06-01,Billing,Billing seems correct this month. Last month there was a small issue.,4,6,1,0
C00549,2024-02-21,Billing,My service was cut off without warning. I demand an explanation.,4,8,1,0
C00549,2022-10-05,Outage,I have called 7 times and nobody fixes the problem. I want to cancel my account.,4,7,0,0
C00551,2024-01-20,Outage,Account change was processed but took a few extra days.,4,5,0,1
C00551,2023-08-06,Billing,Billing seems correct this month. Last month there was a small issue.,3,27,0,1
C00551,2024-07-14,Outage,Unresponsive support and endless hold times. Absolutely awful.,3,17,1,0
C00552,2023-03-14,Service Quality,"Excellent response time, I am very satisfied.",2,5,0,1
C00553,2023-10-27,Service Quality,The technician never showed up. I took a day off work for nothing.,3,3,0,1
C00556,2023-10-14,Outage,This is the worst experience I have ever had. Planning to switch provider immediately.,1,1,0,1
C00556,2022-01-04,Service Quality,"Very happy with the service, everything works great.",2,7,0,1
C00557,2022-04-02,Outage,My service was cut off without warning. I demand an explanation.,2,7,0,1
C00558,2024-08-01,Technical,My billing issue was resolved within hours. Highly recommend.,1,3,0,1
C00558,2023-03-27,Meter Reading,My billing issue was resolved within hours. Highly recommend.,2,5,0,0
C00559,2022-03-12,Technical,"Very happy with the service, everything works great.",2,6,0,1
C00559,2022-06-11,Billing,The support team was extremely helpful and resolved my issue quickly.,1,0,0,1
C00561,2024-02-01,Meter Reading,"Love the online portal, makes managing my account super easy.",2,1,0,1
C00562,2024-03-21,Meter Reading,The technician never showed up. I took a day off work for nothing.,1,0,0,1
C00563,2024-03-09,Meter Reading,My outage has been going on for 5 days and no one cares. Disgusting.,3,0,0,0
C00563,2022-05-12,Outage,I am absolutely furious — my bill doubled for no reason and no one can explain it.,3,2,0,1
C00564,2023-04-09,Outage,Very pleased with the resolution. Great team.,3,2,0,0
C00565,2022-08-25,Account Management,Had to follow up twice to get my meter reading corrected.,1,6,0,1
C00566,2023-12-26,Meter Reading,My service was cut off without warning. I demand an explanation.,2,3,0,0
C00567,2024-09-20,Outage,My outage has been going on for 5 days and no one cares. Disgusting.,5,26,1,1
C00567,2024-04-26,Billing,Billing seems correct this month. Last month there was a small issue.,5,5,1,0
C00567,2022-05-09,Account Management,The technician never showed up. I took a day off work for nothing.,3,12,0,0
C00567,2022-11-18,Meter Reading,I am absolutely furious — my bill doubled for no reason and no one can explain it.,4,24,0,1
C00568,2024-11-02,Meter Reading,No major problems but the website is a bit slow.,1,0,0,1
C00568,2022-05-12,Account Management,"Outstanding service quality, no issues whatsoever.",2,3,1,1
C00569,2024-12-19,Technical,I am done. Switching to a competitor as soon as possible. Nightmare.,4,15,0,0
C00569,2022-07-04,Outage,Service is generally okay. Had a minor billing discrepancy last month.,3,28,0,1
C00569,2022-06-12,Technical,This is the worst experience I have ever had. Planning to switch provider immediately.,4,29,0,1
C00569,2023-07-27,Technical,My outage has been going on for 5 days and no one cares. Disgusting.,3,18,0,0
C00571,2024-06-03,Billing,This is the worst experience I have ever had. Planning to switch provider immediately.,5,16,1,0
C00571,2022-04-07,Billing,The technician never showed up. I took a day off work for nothing.,3,20,0,0
C00571,2024-11-13,Technical,The technician never showed up. I took a day off work for nothing.,5,11,1,1
C00571,2022-11-24,Meter Reading,Technician arrived on time but the fix took longer than expected.,5,25,0,1
C00571,2023-11-26,Service Quality,Billing seems correct this month. Last month there was a small issue.,4,27,0,1
C00572,2023-02-23,Billing,"Terrible service, waited 3 weeks for someone to show up. Completely unacceptable.",1,3,0,1
C00573,2022-09-17,Meter Reading,"Quick and helpful customer service, thank you!",2,6,0,0
C00574,2024-03-09,Meter Reading,The technician never showed up. I took a day off work for nothing.,5,12,0,1
C00574,2024-08-14,Service Quality,Billing errors again! Third month in a row. Completely incompetent.,5,11,1,0
C00574,2024-03-03,Outage,Unresponsive support and endless hold times. Absolutely awful.,4,23,0,1
C00574,2024-08-15,Account Management,The outage was resolved. It would have been nice to get a notification.,4,28,0,1
C00574,2024-02-17,Meter Reading,I am done. Switching to a competitor as soon as possible. Nightmare.,3,12,1,0
C00574,2024-12-12,Outage,Unresponsive support and endless hold times. Absolutely awful.,4,13,0,0
C00575,2024-02-04,Outage,The support team was extremely helpful and resolved my issue quickly.,1,1,1,1
C00575,2024-02-15,Technical,"Excellent response time, I am very satisfied.",3,5,0,1
C00578,2023-06-16,Meter Reading,No major problems but the website is a bit slow.,2,0,0,0
C00578,2023-03-11,Billing,"Outstanding service quality, no issues whatsoever.",1,1,0,0
C00581,2024-12-09,Meter Reading,The support team was extremely helpful and resolved my issue quickly.,2,2,0,1
C00581,2023-04-25,Service Quality,Service is generally okay. Had a minor billing discrepancy last month.,1,1,0,1
C00582,2023-10-09,Service Quality,Very pleased with the resolution. Great team.,3,7,1,1
C00582,2024-09-14,Service Quality,The technician never showed up. I took a day off work for nothing.,2,7,0,1
C00583,2024-10-01,Account Management,Service interruption was brief. Would like better communication next time.,3,0,0,1
C00583,2024-06-01,Meter Reading,My service was cut off without warning. I demand an explanation.,3,1,0,0
C00584,2024-05-27,Outage,I am done. Switching to a competitor as soon as possible. Nightmare.,3,10,0,0
C00584,2024-02-15,Technical,I am absolutely furious — my bill doubled for no reason and no one can explain it.,3,16,0,0
C00584,2024-12-27,Outage,I have called 7 times and nobody fixes the problem. I want to cancel my account.,4,28,0,0
C00585,2024-01-13,Meter Reading,This is the worst experience I have ever had. Planning to switch provider immediately.,3,14,1,1
C00585,2024-10-09,Account Management,No major problems but the website is a bit slow.,3,19,1,0
C00585,2022-12-14,Billing,The technician never showed up. I took a day off work for nothing.,5,5,1,0
C00589,2022-02-25,Service Quality,Service interruption was brief. Would like better communication next time.,3,16,1,1
C00589,2022-09-24,Billing,My outage has been going on for 5 days and no one cares. Disgusting.,3,9,1,1
C00589,2022-12-02,Service Quality,My service was cut off without warning. I demand an explanation.,5,9,0,1
C00590,2023-01-22,Billing,"Love the online portal, makes managing my account super easy.",2,1,0,1
C00590,2022-05-25,Service Quality,The support person was polite but couldn't fully resolve my issue.,2,5,0,1
C00592,2024-12-22,Service Quality,My billing issue was resolved within hours. Highly recommend.,2,5,0,1
C00594,2024-07-20,Account Management,My service was cut off without warning. I demand an explanation.,1,2,0,1
C00594,2024-03-21,Technical,Service is generally okay. Had a minor billing discrepancy last month.,1,7,0,1
C00595,2022-10-11,Service Quality,Technician arrived on time but the fix took longer than expected.,3,4,0,1
C00596,2022-02-05,Service Quality,My service was cut off without warning. I demand an explanation.,4,11,0,1
C00596,2024-09-23,Account Management,I have called 7 times and nobody fixes the problem. I want to cancel my account.,5,10,1,1
C00596,2022-07-11,Meter Reading,The technician never showed up. I took a day off work for nothing.,3,14,1,1
C00596,2022-01-24,Technical,Service is generally okay. Had a minor billing discrepancy last month.,3,16,0,0
C00596,2023-06-28,Technical,My service was cut off without warning. I demand an explanation.,5,7,1,0
C00597,2024-12-21,Account Management,"Quick and helpful customer service, thank you!",3,0,0,1
C00597,2022-09-03,Meter Reading,The new meter reading service is fantastic.,1,1,0,1
C00598,2024-04-05,Billing,Billing errors again! Third month in a row. Completely incompetent.,5,15,1,1
C00598,2024-02-28,Technical,Unresponsive support and endless hold times. Absolutely awful.,4,16,1,0
C00598,2023-10-18,Service Quality,"Terrible service, waited 3 weeks for someone to show up. Completely unacceptable.",5,5,0,0
C00598,2023-08-08,Outage,Unresponsive support and endless hold times. Absolutely awful.,4,11,0,1
C00598,2024-12-13,Meter Reading,This is the worst experience I have ever had. Planning to switch provider immediately.,3,7,0,1
C00600,2023-01-11,Billing,"Outstanding service quality, no issues whatsoever.",2,3,0,1
C00601,2024-10-19,Technical,This is the worst experience I have ever had. Planning to switch provider immediately.,5,21,0,0
C00601,2023-10-05,Billing,Nothing special to report. Service has been average.,4,7,1,1
C00601,2024-12-07,Billing,My outage has been going on for 5 days and no one cares. Disgusting.,4,15,1,1
C00602,2024-06-17,Billing,The new meter reading service is fantastic.,1,6,0,1
C00602,2024-01-12,Account Management,"Love the online portal, makes managing my account super easy.",1,3,0,1
C00603,2023-07-14,Service Quality,Nothing special to report. Service has been average.,2,7,0,1
C00604,2024-01-06,Outage,Billing errors again! Third month in a row. Completely incompetent.,5,28,0,1
C00604,2023-04-09,Outage,Unresponsive support and endless hold times. Absolutely awful.,3,20,0,1
C00604,2024-03-08,Account Management,Service is generally okay. Had a minor billing discrepancy last month.,4,25,1,1
C00604,2024-05-26,Technical,I am absolutely furious — my bill doubled for no reason and no one can explain it.,5,28,0,1
C00604,2023-01-24,Outage,Billing errors again! Third month in a row. Completely incompetent.,5,23,0,1
C00606,2023-09-23,Outage,"Outstanding service quality, no issues whatsoever.",3,2,0,1
C00607,2024-05-20,Outage,Technician arrived on time but the fix took longer than expected.,2,2,1,1
C00608,2022-05-11,Meter Reading,"Outstanding service quality, no issues whatsoever.",3,2,0,1
C00610,2023-07-26,Service Quality,"Love the online portal, makes managing my account super easy.",3,7,0,1
C00610,2023-04-06,Service Quality,Technician arrived on time but the fix took longer than expected.,2,7,0,1
C00611,2024-12-03,Service Quality,The support team was extremely helpful and resolved my issue quickly.,3,0,0,0
C00611,2023-06-06,Outage,I am absolutely furious — my bill doubled for no reason and no one can explain it.,1,0,0,1
C00612,2022-11-23,Technical,I am absolutely furious — my bill doubled for no reason and no one can explain it.,4,28,0,0
C00612,2023-01-08,Technical,No major problems but the website is a bit slow.,5,23,1,0
C00612,2024-06-24,Account Management,My outage has been going on for 5 days and no one cares. Disgusting.,4,12,0,0
C00612,2023-05-22,Account Management,My outage has been going on for 5 days and no one cares. Disgusting.,3,23,0,1
C00614,2022-09-07,Service Quality,Nothing special to report. Service has been average.,2,1,0,1
C00614,2022-01-10,Meter Reading,Service interruption was brief. Would like better communication next time.,1,7,0,1
C00616,2023-11-09,Account Management,I am absolutely furious — my bill doubled for no reason and no one can explain it.,5,19,1,1
C00616,2024-08-18,Outage,The outage was resolved. It would have been nice to get a notification.,3,5,1,0
C00616,2022-09-04,Account Management,Technician arrived on time but the fix took longer than expected.,3,18,1,0
C00616,2024-10-12,Meter Reading,This is the worst experience I have ever had. Planning to switch provider immediately.,3,11,0,0
C00616,2023-03-17,Technical,The outage was resolved. It would have been nice to get a notification.,4,19,0,0
C00616,2023-08-09,Meter Reading,Billing seems correct this month. Last month there was a small issue.,4,17,0,0
C00617,2023-01-12,Account Management,I have called 7 times and nobody fixes the problem. I want to cancel my account.,4,10,0,1
C00617,2024-12-04,Outage,I have called 7 times and nobody fixes the problem. I want to cancel my account.,3,12,0,1
C00617,2024-03-09,Service Quality,The technician never showed up. I took a day off work for nothing.,5,23,0,1
C00617,2024-09-21,Service Quality,Account change was processed but took a few extra days.,5,21,1,0
C00617,2024-10-23,Outage,My outage has been going on for 5 days and no one cares. Disgusting.,5,24,0,0
C00618,2022-01-24,Account Management,Billing seems correct this month. Last month there was a small issue.,1,6,0,1
C00619,2024-10-15,Meter Reading,Unresponsive support and endless hold times. Absolutely awful.,5,12,1,1
C00619,2024-08-23,Meter Reading,Service interruption was brief. Would like better communication next time.,4,8,1,1
C00619,2024-06-27,Billing,"Terrible service, waited 3 weeks for someone to show up. Completely unacceptable.",4,21,1,0
C00619,2024-07-19,Account Management,Unresponsive support and endless hold times. Absolutely awful.,5,5,0,0
C00619,2024-05-07,Meter Reading,Billing errors again! Third month in a row. Completely incompetent.,4,15,1,0
C00620,2024-04-05,Meter Reading,No major problems but the website is a bit slow.,3,10,0,1
C00620,2024-04-09,Service Quality,I have called 7 times and nobody fixes the problem. I want to cancel my account.,3,14,1,1
C00620,2024-03-05,Outage,"Terrible service, waited 3 weeks for someone to show up. Completely unacceptable.",5,10,1,1
C00621,2024-03-23,Service Quality,"Terrible service, waited 3 weeks for someone to show up. Completely unacceptable.",4,14,0,1
C00621,2022-02-28,Account Management,I have called 7 times and nobody fixes the problem. I want to cancel my account.,4,18,1,0
C00621,2022-11-05,Service Quality,The support person was polite but couldn't fully resolve my issue.,5,19,0,1
C00621,2023-04-23,Account Management,I have called 7 times and nobody fixes the problem. I want to cancel my account.,4,29,1,0
C00623,2024-04-14,Technical,Billing seems correct this month. Last month there was a small issue.,3,5,0,1
C00623,2024-06-21,Meter Reading,This is the worst experience I have ever had. Planning to switch provider immediately.,4,27,1,0
C00623,2023-10-14,Billing,Nothing special to report. Service has been average.,3,5,0,0
C00624,2022-09-20,Outage,I am done. Switching to a competitor as soon as possible. Nightmare.,5,29,1,1
C00624,2022-05-04,Account Management,Billing errors again! Third month in a row. Completely incompetent.,3,25,1,1
C00624,2024-03-26,Account Management,This is the worst experience I have ever had. Planning to switch provider immediately.,3,21,0,0
C00624,2023-03-15,Account Management,I am absolutely furious — my bill doubled for no reason and no one can explain it.,5,9,0,1
C00624,2022-05-01,Service Quality,My service was cut off without warning. I demand an explanation.,5,7,0,0
C00624,2023-11-27,Outage,I have called 7 times and nobody fixes the problem. I want to cancel my account.,4,6,0,0
C00626,2024-08-25,Outage,"Quick and helpful customer service, thank you!",3,5,0,1
C00627,2022-01-03,Meter Reading,The outage was resolved. It would have been nice to get a notification.,5,21,0,0
C00627,2022-12-15,Technical,No major problems but the website is a bit slow.,4,7,1,1
C00627,2022-06-15,Account Management,Billing errors again! Third month in a row. Completely incompetent.,5,11,1,0
C00628,2022-06-10,Account Management,Nothing special to report. Service has been average.,5,11,0,1
C00628,2024-09-13,Account Management,Unresponsive support and endless hold times. Absolutely awful.,4,16,0,1
C00628,2023-06-14,Account Management,My service was cut off without warning. I demand an explanation.,5,10,0,0
C00628,2022-06-15,Meter Reading,Billing errors again! Third month in a row. Completely incompetent.,4,15,0,0
C00629,2022-05-24,Technical,My billing issue was resolved within hours. Highly recommend.,1,2,0,0
C00630,2024-06-14,Technical,Very pleased with the resolution. Great team.,3,7,0,1
C00630,2022-12-14,Billing,I have called 7 times and nobody fixes the problem. I want to cancel my account.,1,0,0,0
C00632,2024-10-13,Technical,Account change was processed but took a few extra days.,1,4,1,1
C00634,2024-02-08,Account Management,My billing issue was resolved within hours. Highly recommend.,2,7,0,1
C00634,2024-12-03,Technical,Very pleased with the resolution. Great team.,2,0,0,0
C00636,2024-07-16,Account Management,"Love the online portal, makes managing my account super easy.",2,2,0,1
C00638,2024-01-25,Technical,The support team was extremely helpful and resolved my issue quickly.,3,3,0,1
C00639,2024-12-16,Technical,The support person was polite but couldn't fully resolve my issue.,5,10,0,1
C00639,2024-01-19,Outage,I have called 7 times and nobody fixes the problem. I want to cancel my account.,3,15,1,1
C00639,2024-11-09,Service Quality,Billing errors again! Third month in a row. Completely incompetent.,3,22,0,1
C00639,2023-11-03,Meter Reading,I have called 7 times and nobody fixes the problem. I want to cancel my account.,4,22,1,0
C00639,2024-09-28,Outage,Billing seems correct this month. Last month there was a small issue.,4,13,0,0
C00639,2024-03-16,Outage,"Terrible service, waited 3 weeks for someone to show up. Completely unacceptable.",5,13,0,1
C00643,2024-10-24,Account Management,"Very happy with the service, everything works great.",2,2,0,1
C00643,2023-07-16,Meter Reading,I am done. Switching to a competitor as soon as possible. Nightmare.,3,6,0,1
C00644,2023-08-02,Billing,No major problems but the website is a bit slow.,1,4,0,1
C00644,2023-02-20,Technical,Account change was processed but took a few extra days.,3,6,0,1
C00645,2024-07-21,Billing,Unresponsive support and endless hold times. Absolutely awful.,2,0,0,1
C00645,2024-09-26,Meter Reading,"Quick and helpful customer service, thank you!",1,4,1,1
C00646,2023-11-01,Outage,My billing issue was resolved within hours. Highly recommend.,1,0,0,1
C00647,2023-09-21,Technical,The outage was resolved. It would have been nice to get a notification.,1,2,0,1
C00647,2024-07-23,Technical,"Excellent response time, I am very satisfied.",3,6,0,0
C00649,2024-02-08,Outage,"Love the online portal, makes managing my account super easy.",1,7,0,1
C00649,2024-09-21,Outage,No major problems but the website is a bit slow.,1,3,0,1
C00650,2024-01-14,Service Quality,"Excellent response time, I am very satisfied.",2,1,0,1
C00650,2022-08-22,Billing,"Excellent response time, I am very satisfied.",1,2,0,1
C00651,2023-01-19,Service Quality,Account change was processed but took a few extra days.,2,1,0,1
C00652,2023-11-26,Service Quality,Technician arrived on time but the fix took longer than expected.,1,7,0,1
C00653,2022-11-01,Billing,I am absolutely furious — my bill doubled for no reason and no one can explain it.,4,22,1,1
C00653,2024-02-15,Service Quality,Account change was processed but took a few extra days.,4,14,1,1
C00653,2024-10-09,Technical,My outage has been going on for 5 days and no one cares. Disgusting.,5,13,0,0
C00653,2023-02-27,Technical,I am done. Switching to a competitor as soon as possible. Nightmare.,3,29,0,1
C00653,2023-03-20,Billing,My service was cut off without warning. I demand an explanation.,4,27,1,1
C00653,2022-01-17,Meter Reading,This is the worst experience I have ever had. Planning to switch provider immediately.,5,10,0,1
C00654,2024-05-25,Account Management,Service interruption was brief. Would like better communication next time.,4,29,0,0
C00654,2024-04-12,Outage,The technician never showed up. I took a day off work for nothing.,4,29,1,1
C00654,2024-02-16,Outage,The technician never showed up. I took a day off work for nothing.,4,19,0,0
C00655,2022-01-22,Billing,Service interruption was brief. Would like better communication next time.,3,6,0,1
C00657,2024-02-02,Meter Reading,I am absolutely furious — my bill doubled for no reason and no one can explain it.,4,22,1,1
C00657,2022-10-16,Account Management,My outage has been going on for 5 days and no one cares. Disgusting.,5,28,0,0
C00657,2023-02-07,Billing,Billing errors again! Third month in a row. Completely incompetent.,3,9,0,1
C00657,2022-10-04,Meter Reading,Billing errors again! Third month in a row. Completely incompetent.,3,18,1,1
C00659,2024-04-23,Billing,"Great experience, the technician was professional and efficient.",2,4,1,1
C00659,2024-11-04,Account Management,"Very happy with the service, everything works great.",1,0,0,1
C00660,2022-01-14,Technical,Nothing special to report. Service has been average.,2,6,0,1
C00660,2023-12-18,Service Quality,"Love the online portal, makes managing my account super easy.",1,5,0,1
C00661,2023-08-16,Billing,This is the worst experience I have ever had. Planning to switch provider immediately.,3,18,0,0
C00661,2023-06-18,Meter Reading,The technician never showed up. I took a day off work for nothing.,3,17,1,0
C00661,2024-03-28,Service Quality,I am done. Switching to a competitor as soon as possible. Nightmare.,5,17,0,1
C00661,2023-07-24,Billing,Technician arrived on time but the fix took longer than expected.,3,19,0,0
C00661,2023-10-11,Service Quality,I am absolutely furious — my bill doubled for no reason and no one can explain it.,5,7,1,1
C00661,2023-11-19,Outage,Billing seems correct this month. Last month there was a small issue.,4,5,0,0
C00662,2023-05-09,Meter Reading,Very pleased with the resolution. Great team.,1,6,0,1
C00663,2024-07-02,Service Quality,Very pleased with the resolution. Great team.,3,3,0,1
C00664,2022-08-02,Account Management,The technician never showed up. I took a day off work for nothing.,5,19,0,1
C00664,2024-09-10,Service Quality,This is the worst experience I have ever had. Planning to switch provider immediately.,5,7,0,0
C00664,2022-12-07,Service Quality,My service was cut off without warning. I demand an explanation.,4,16,0,1
C00664,2022-11-15,Technical,My outage has been going on for 5 days and no one cares. Disgusting.,4,25,0,0
C00665,2024-08-13,Billing,The technician never showed up. I took a day off work for nothing.,2,2,0,1
C00665,2024-09-09,Technical,Nothing special to report. Service has been average.,3,2,0,1
C00668,2022-06-28,Technical,"Excellent response time, I am very satisfied.",2,4,0,1
C00668,2023-07-14,Meter Reading,The outage was resolved. It would have been nice to get a notification.,3,0,0,1
C00669,2023-06-18,Technical,Unresponsive support and endless hold times. Absolutely awful.,4,5,1,1
C00669,2022-07-13,Service Quality,"Terrible service, waited 3 weeks for someone to show up. Completely unacceptable.",5,6,1,0
C00669,2023-07-14,Outage,I am absolutely furious — my bill doubled for no reason and no one can explain it.,5,8,1,1
C00670,2023-12-09,Meter Reading,I have called 7 times and nobody fixes the problem. I want to cancel my account.,3,11,0,1
C00670,2023-02-04,Billing,I am done. Switching to a competitor as soon as possible. Nightmare.,4,10,0,1
C00670,2023-10-12,Billing,I am done. Switching to a competitor as soon as possible. Nightmare.,5,19,1,1
C00670,2023-10-14,Account Management,Service is generally okay. Had a minor billing discrepancy last month.,5,23,0,1
C00671,2024-04-02,Billing,The outage was resolved. It would have been nice to get a notification.,3,5,0,0
C00671,2023-02-05,Outage,"Terrible service, waited 3 weeks for someone to show up. Completely unacceptable.",3,7,0,1
C00672,2022-12-26,Outage,Account change was processed but took a few extra days.,4,29,1,0
C00672,2024-07-09,Meter Reading,"Terrible service, waited 3 weeks for someone to show up. Completely unacceptable.",4,24,1,1
C00672,2023-02-24,Outage,I have called 7 times and nobody fixes the problem. I want to cancel my account.,5,22,1,0
C00672,2024-09-28,Technical,This is the worst experience I have ever had. Planning to switch provider immediately.,3,26,0,0
C00672,2022-12-05,Service Quality,I am absolutely furious — my bill doubled for no reason and no one can explain it.,3,7,0,1
C00673,2024-05-14,Account Management,"Quick and helpful customer service, thank you!",3,0,0,1
C00673,2023-07-01,Account Management,Service is generally okay. Had a minor billing discrepancy last month.,2,7,0,1
C00674,2024-06-19,Service Quality,Unresponsive support and endless hold times. Absolutely awful.,5,15,0,0
C00674,2023-02-15,Meter Reading,I am done. Switching to a competitor as soon as possible. Nightmare.,3,20,0,1
C00674,2024-01-10,Outage,This is the worst experience I have ever had. Planning to switch provider immediately.,3,20,1,0
C00674,2024-02-28,Meter Reading,"Terrible service, waited 3 weeks for someone to show up. Completely unacceptable.",5,7,0,0
C00674,2023-09-20,Billing,I am done. Switching to a competitor as soon as possible. Nightmare.,4,18,0,0
C00674,2024-01-17,Billing,I have called 7 times and nobody fixes the problem. I want to cancel my account.,5,27,1,1
C00677,2024-12-21,Outage,"Terrible service, waited 3 weeks for someone to show up. Completely unacceptable.",4,20,1,0
C00677,2024-01-19,Meter Reading,Nothing special to report. Service has been average.,5,19,0,0
C00677,2022-08-24,Service Quality,My outage has been going on for 5 days and no one cares. Disgusting.,5,27,0,0
C00677,2023-01-03,Technical,Had to follow up twice to get my meter reading corrected.,4,24,0,1
C00678,2024-02-16,Account Management,The support person was polite but couldn't fully resolve my issue.,3,7,0,1
C00678,2024-06-15,Service Quality,The technician never showed up. I took a day off work for nothing.,4,10,1,1
C00678,2024-11-19,Billing,Technician arrived on time but the fix took longer than expected.,4,10,0,0
C00678,2024-11-13,Outage,Unresponsive support and endless hold times. Absolutely awful.,3,7,0,0
C00678,2024-04-21,Account Management,My outage has been going on for 5 days and no one cares. Disgusting.,5,5,1,1
C00679,2023-03-16,Service Quality,The new meter reading service is fantastic.,1,4,1,1
C00679,2024-03-22,Billing,Nothing special to report. Service has been average.,2,3,0,1
C00680,2022-11-12,Account Management,The outage was resolved. It would have been nice to get a notification.,3,2,0,1
C00680,2024-02-16,Billing,The support team was extremely helpful and resolved my issue quickly.,2,5,0,1
C00682,2023-12-20,Account Management,No major problems but the website is a bit slow.,4,22,0,0
C00682,2023-04-20,Technical,My service was cut off without warning. I demand an explanation.,5,10,1,1
C00682,2024-06-11,Meter Reading,"Terrible service, waited 3 weeks for someone to show up. Completely unacceptable.",4,25,0,0
C00682,2024-09-07,Account Management,"Terrible service, waited 3 weeks for someone to show up. Completely unacceptable.",3,21,1,0
C00683,2022-02-01,Service Quality,Service is generally okay. Had a minor billing discrepancy last month.,2,0,0,1
C00683,2024-09-10,Outage,"Great experience, the technician was professional and efficient.",1,7,0,1
C00684,2023-09-11,Service Quality,Billing seems correct this month. Last month there was a small issue.,2,6,0,1
C00685,2024-10-06,Billing,Account change was processed but took a few extra days.,2,6,0,1
C00686,2022-09-15,Technical,Service is generally okay. Had a minor billing discrepancy last month.,5,25,1,1
C00686,2024-10-22,Service Quality,The outage was resolved. It would have been nice to get a notification.,3,21,1,1
C00686,2022-03-07,Account Management,Billing errors again! Third month in a row. Completely incompetent.,5,26,0,0
C00687,2022-08-09,Outage,The support person was polite but couldn't fully resolve my issue.,3,11,0,0
C00687,2023-10-14,Billing,Service is generally okay. Had a minor billing discrepancy last month.,4,16,0,0
C00687,2023-01-27,Billing,I am absolutely furious — my bill doubled for no reason and no one can explain it.,5,28,0,0
C00688,2022-08-20,Account Management,This is the worst experience I have ever had. Planning to switch provider immediately.,5,23,1,0
C00688,2024-05-13,Service Quality,This is the worst experience I have ever had. Planning to switch provider immediately.,4,16,1,1
C00688,2024-02-03,Outage,Billing errors again! Third month in a row. Completely incompetent.,5,15,0,1
C00688,2022-10-16,Service Quality,I am done. Switching to a competitor as soon as possible. Nightmare.,5,11,0,0
C00688,2024-08-18,Service Quality,"Terrible service, waited 3 weeks for someone to show up. Completely unacceptable.",3,26,0,1
C00688,2023-05-08,Technical,The support person was polite but couldn't fully resolve my issue.,5,5,1,1
C00689,2022-05-25,Outage,The support team was extremely helpful and resolved my issue quickly.,3,2,0,1
C00690,2022-09-18,Outage,The technician never showed up. I took a day off work for nothing.,3,6,0,1
C00691,2024-10-25,Outage,Billing seems correct this month. Last month there was a small issue.,2,2,0,1
C00692,2024-11-05,Outage,Account change was processed but took a few extra days.,3,7,0,1
C00693,2024-03-27,Billing,Technician arrived on time but the fix took longer than expected.,2,0,0,1
C00693,2023-07-13,Account Management,This is the worst experience I have ever had. Planning to switch provider immediately.,2,0,0,1
C00694,2024-02-24,Technical,"Very happy with the service, everything works great.",2,7,0,1
C00694,2022-06-07,Outage,The support team was extremely helpful and resolved my issue quickly.,3,5,1,1
C00695,2024-10-19,Outage,I am done. Switching to a competitor as soon as possible. Nightmare.,5,9,1,1
C00695,2024-09-08,Account Management,I am done. Switching to a competitor as soon as possible. Nightmare.,4,21,1,0
C00695,2024-01-17,Technical,My service was cut off without warning. I demand an explanation.,4,28,0,0
C00695,2024-09-27,Outage,No major problems but the website is a bit slow.,5,8,1,0
C00696,2022-04-23,Meter Reading,"Love the online portal, makes managing my account super easy.",2,7,0,1
C00698,2024-07-25,Account Management,"Very happy with the service, everything works great.",3,5,1,1
C00698,2024-07-24,Outage,Technician arrived on time but the fix took longer than expected.,2,4,0,0
C00699,2024-12-12,Billing,Account change was processed but took a few extra days.,3,5,0,1
C00699,2024-09-28,Outage,Service interruption was brief. Would like better communication next time.,3,2,1,1
C00700,2024-10-23,Billing,"Very happy with the service, everything works great.",2,3,0,1
C00700,2024-04-10,Account Management,Billing seems correct this month. Last month there was a small issue.,2,5,0,1
C00701,2024-04-04,Billing,Billing errors again! Third month in a row. Completely incompetent.,1,7,0,1
C00701,2023-02-05,Account Management,Had to follow up twice to get my meter reading corrected.,1,4,0,1
C00702,2022-03-02,Account Management,No major problems but the website is a bit slow.,3,6,0,1
C00702,2022-11-10,Technical,No major problems but the website is a bit slow.,1,1,0,1
C00703,2024-06-05,Meter Reading,Billing errors again! Third month in a row. Completely incompetent.,3,6,0,1
C00703,2023-08-25,Account Management,Unresponsive support and endless hold times. Absolutely awful.,3,5,0,1
C00703,2023-11-03,Billing,No major problems but the website is a bit slow.,5,24,0,0
C00703,2024-01-07,Account Management,Service interruption was brief. Would like better communication next time.,3,24,0,1
C00703,2024-08-17,Outage,My outage has been going on for 5 days and no one cares. Disgusting.,5,9,1,1
C00703,2024-06-28,Account Management,Billing errors again! Third month in a row. Completely incompetent.,3,13,1,1
C00704,2024-07-07,Technical,"Quick and helpful customer service, thank you!",1,2,0,1
C00704,2024-07-22,Meter Reading,Had to follow up twice to get my meter reading corrected.,3,3,0,0
C00705,2023-03-26,Billing,I am absolutely furious — my bill doubled for no reason and no one can explain it.,4,28,0,1
C00705,2024-05-08,Meter Reading,Technician arrived on time but the fix took longer than expected.,3,21,0,1
C00705,2023-08-19,Outage,Account change was processed but took a few extra days.,3,15,1,0
C00706,2023-12-09,Billing,Technician arrived on time but the fix took longer than expected.,2,0,1,1
C00706,2024-05-22,Service Quality,My service was cut off without warning. I demand an explanation.,1,1,0,1
C00708,2023-06-02,Service Quality,My outage has been going on for 5 days and no one cares. Disgusting.,1,2,0,1
C00708,2022-08-09,Billing,My billing issue was resolved within hours. Highly recommend.,1,1,1,1
C00710,2024-11-05,Technical,Very pleased with the resolution. Great team.,1,3,0,1
C00711,2024-06-21,Account Management,Unresponsive support and endless hold times. Absolutely awful.,2,1,0,1
C00712,2023-12-16,Outage,The technician never showed up. I took a day off work for nothing.,5,16,1,1
C00712,2024-06-26,Billing,Nothing special to report. Service has been average.,3,28,1,1
C00712,2023-08-06,Outage,My service was cut off without warning. I demand an explanation.,5,23,1,0
C00712,2023-04-06,Outage,I am done. Switching to a competitor as soon as possible. Nightmare.,4,16,1,0
C00712,2022-02-24,Outage,"Terrible service, waited 3 weeks for someone to show up. Completely unacceptable.",5,6,0,1
C00712,2023-06-22,Service Quality,My service was cut off without warning. I demand an explanation.,4,12,0,0
C00713,2024-10-20,Outage,Service is generally okay. Had a minor billing discrepancy last month.,1,6,1,1
C00714,2022-03-23,Billing,"Very happy with the service, everything works great.",2,7,0,1
C00715,2024-04-04,Outage,Service interruption was brief. Would like better communication next time.,1,2,1,1
C00715,2024-04-28,Meter Reading,"Very happy with the service, everything works great.",2,6,0,0
C00716,2022-08-10,Billing,Had to follow up twice to get my meter reading corrected.,2,3,0,1
C00718,2022-08-18,Meter Reading,Service is generally okay. Had a minor billing discrepancy last month.,1,3,0,1
C00718,2022-05-24,Account Management,No major problems but the website is a bit slow.,3,7,0,1
C00719,2023-08-14,Meter Reading,My billing issue was resolved within hours. Highly recommend.,3,1,0,1
C00719,2022-01-06,Technical,Very pleased with the resolution. Great team.,2,7,0,1
C00721,2024-09-10,Service Quality,My service was cut off without warning. I demand an explanation.,3,21,1,1
C00721,2023-10-12,Billing,The support person was polite but couldn't fully resolve my issue.,4,5,0,0
C00721,2024-01-10,Outage,Nothing special to report. Service has been average.,4,14,1,0
C00721,2024-06-05,Meter Reading,Billing errors again! Third month in a row. Completely incompetent.,3,8,0,0
C00721,2024-11-12,Meter Reading,I am done. Switching to a competitor as soon as possible. Nightmare.,4,12,1,1
C00721,2024-11-12,Account Management,My service was cut off without warning. I demand an explanation.,5,17,1,1
C00722,2022-12-03,Account Management,The support person was polite but couldn't fully resolve my issue.,3,0,0,1
C00722,2022-03-08,Billing,Account change was processed but took a few extra days.,1,5,0,1
C00723,2023-02-16,Account Management,Service is generally okay. Had a minor billing discrepancy last month.,3,5,1,1
C00724,2023-08-21,Billing,"Great experience, the technician was professional and efficient.",1,3,0,0
C00724,2023-11-27,Service Quality,The support person was polite but couldn't fully resolve my issue.,1,3,0,1
C00726,2024-07-05,Meter Reading,I have called 7 times and nobody fixes the problem. I want to cancel my account.,4,6,0,1
C00726,2023-04-27,Service Quality,Unresponsive support and endless hold times. Absolutely awful.,5,23,1,0
C00726,2023-12-09,Billing,"Terrible service, waited 3 weeks for someone to show up. Completely unacceptable.",5,12,0,0
C00726,2023-02-28,Outage,This is the worst experience I have ever had. Planning to switch provider immediately.,4,24,1,1
C00726,2024-08-09,Account Management,This is the worst experience I have ever had. Planning to switch provider immediately.,3,28,1,0
C00726,2024-07-24,Billing,Service interruption was brief. Would like better communication next time.,5,9,0,0
C00727,2022-11-08,Meter Reading,My billing issue was resolved within hours. Highly recommend.,1,5,0,1
C00728,2024-11-23,Technical,My outage has been going on for 5 days and no one cares. Disgusting.,3,18,0,0
C00728,2024-07-08,Outage,Service is generally okay. Had a minor billing discrepancy last month.,4,16,1,0
C00728,2024-02-08,Outage,My outage has been going on for 5 days and no one cares. Disgusting.,4,5,0,1
C00728,2024-08-22,Account Management,Nothing special to report. Service has been average.,5,18,0,1
C00729,2023-02-25,Billing,Billing errors again! Third month in a row. Completely incompetent.,3,5,0,1
C00729,2023-08-22,Billing,The technician never showed up. I took a day off work for nothing.,3,10,1,1
C00729,2024-09-27,Billing,No major problems but the website is a bit slow.,4,16,0,0
C00730,2022-12-10,Outage,The new meter reading service is fantastic.,2,2,0,1
C00732,2023-02-02,Meter Reading,No major problems but the website is a bit slow.,2,3,0,0
C00732,2024-10-03,Outage,"Excellent response time, I am very satisfied.",3,1,0,1
C00735,2022-10-14,Meter Reading,"Very happy with the service, everything works great.",3,7,1,1
C00735,2023-12-18,Meter Reading,"Very happy with the service, everything works great.",2,3,0,1
C00736,2022-12-28,Meter Reading,Service interruption was brief. Would like better communication next time.,3,3,1,1
C00736,2023-12-11,Meter Reading,The new meter reading service is fantastic.,2,0,0,1
C00737,2023-09-21,Account Management,This is the worst experience I have ever had. Planning to switch provider immediately.,4,13,1,0
C00737,2023-02-14,Technical,I am done. Switching to a competitor as soon as possible. Nightmare.,3,12,0,0
C00737,2023-03-02,Billing,Technician arrived on time but the fix took longer than expected.,4,23,0,1
C00737,2022-09-27,Account Management,Service interruption was brief. Would like better communication next time.,3,5,0,1
C00737,2022-09-24,Meter Reading,I am done. Switching to a competitor as soon as possible. Nightmare.,4,21,0,1
C00738,2023-02-21,Meter Reading,The support person was polite but couldn't fully resolve my issue.,5,25,0,0
C00738,2023-12-05,Outage,Service interruption was brief. Would like better communication next time.,4,5,1,0
C00738,2022-06-13,Account Management,I am done. Switching to a competitor as soon as possible. Nightmare.,5,22,0,0
C00739,2022-09-04,Service Quality,Nothing special to report. Service has been average.,2,3,0,1
C00739,2022-01-04,Service Quality,The technician never showed up. I took a day off work for nothing.,1,1,0,1
C00740,2023-06-18,Outage,Billing seems correct this month. Last month there was a small issue.,3,4,0,1
C00740,2022-05-21,Technical,This is the worst experience I have ever had. Planning to switch provider immediately.,1,0,0,1
C00741,2024-09-01,Meter Reading,The technician never showed up. I took a day off work for nothing.,3,10,0,1
C00741,2024-04-24,Service Quality,Had to follow up twice to get my meter reading corrected.,4,13,0,1
C00741,2022-04-24,Service Quality,Unresponsive support and endless hold times. Absolutely awful.,3,13,1,0
C00741,2022-08-13,Account Management,Unresponsive support and endless hold times. Absolutely awful.,3,22,0,1
C00741,2024-11-10,Technical,My outage has been going on for 5 days and no one cares. Disgusting.,5,13,1,1
C00742,2022-11-26,Meter Reading,Nothing special to report. Service has been average.,5,7,1,0
C00742,2023-03-23,Account Management,I have called 7 times and nobody fixes the problem. I want to cancel my account.,3,27,0,1
C00742,2023-12-04,Account Management,Billing errors again! Third month in a row. Completely incompetent.,3,26,1,0
C00743,2022-06-19,Account Management,This is the worst experience I have ever had. Planning to switch provider immediately.,1,0,1,1
C00743,2024-10-07,Meter Reading,"Excellent response time, I am very satisfied.",2,2,0,1
C00744,2022-04-07,Account Management,Very pleased with the resolution. Great team.,3,7,0,1
C00745,2023-02-20,Account Management,"Love the online portal, makes managing my account super easy.",2,7,1,1
C00746,2024-05-12,Service Quality,Service is generally okay. Had a minor billing discrepancy last month.,3,29,0,0
C00746,2024-01-01,Outage,Unresponsive support and endless hold times. Absolutely awful.,3,23,0,1
C00746,2024-01-10,Meter Reading,I am done. Switching to a competitor as soon as possible. Nightmare.,3,28,0,1
C00747,2022-01-16,Account Management,Service interruption was brief. Would like better communication next time.,3,12,1,0
C00747,2022-11-26,Service Quality,Unresponsive support and endless hold times. Absolutely awful.,4,22,0,1
C00747,2023-03-11,Billing,The technician never showed up. I took a day off work for nothing.,4,6,0,0
C00747,2023-05-14,Billing,Unresponsive support and endless hold times. Absolutely awful.,5,15,1,0
C00748,2023-01-16,Outage,I am absolutely furious — my bill doubled for no reason and no one can explain it.,3,7,0,1
C00748,2024-10-21,Billing,"Excellent response time, I am very satisfied.",1,1,0,1
C00749,2023-12-08,Technical,I am absolutely furious — my bill doubled for no reason and no one can explain it.,3,24,1,0
C00749,2022-09-10,Technical,I have called 7 times and nobody fixes the problem. I want to cancel my account.,5,19,0,1
C00749,2023-03-12,Account Management,I have called 7 times and nobody fixes the problem. I want to cancel my account.,4,10,1,0
C00750,2024-02-22,Technical,Billing seems correct this month. Last month there was a small issue.,5,24,0,0
C00750,2024-05-01,Account Management,I am absolutely furious — my bill doubled for no reason and no one can explain it.,4,26,1,1
C00750,2024-08-16,Technical,I have called 7 times and nobody fixes the problem. I want to cancel my account.,5,17,0,1
C00750,2024-06-21,Billing,Unresponsive support and endless hold times. Absolutely awful.,4,22,0,0
C00751,2023-02-23,Outage,The support person was polite but couldn't fully resolve my issue.,3,6,0,1
C00752,2023-06-23,Meter Reading,"Terrible service, waited 3 weeks for someone to show up. Completely unacceptable.",1,0,0,1
C00752,2023-01-17,Technical,Very pleased with the resolution. Great team.,3,5,0,1
C00753,2024-07-28,Outage,Had to follow up twice to get my meter reading corrected.,4,13,0,1
C00753,2024-11-17,Meter Reading,My outage has been going on for 5 days and no one cares. Disgusting.,5,5,1,0
C00753,2024-03-18,Account Management,Billing seems correct this month. Last month there was a small issue.,4,21,0,0
C00753,2024-12-04,Outage,The outage was resolved. It would have been nice to get a notification.,4,22,0,1
C00754,2023-12-17,Outage,"Quick and helpful customer service, thank you!",3,7,0,1
C00754,2022-05-22,Meter Reading,The support person was polite but couldn't fully resolve my issue.,1,5,0,1
C00755,2022-09-19,Billing,"Very happy with the service, everything works great.",3,5,0,1
C00756,2022-08-25,Technical,I have called 7 times and nobody fixes the problem. I want to cancel my account.,4,13,0,1
C00756,2022-08-06,Outage,I am done. Switching to a competitor as soon as possible. Nightmare.,5,25,1,1
C00756,2024-08-12,Account Management,My outage has been going on for 5 days and no one cares. Disgusting.,5,26,1,0
C00757,2024-08-22,Meter Reading,The support person was polite but couldn't fully resolve my issue.,2,3,0,1
C00757,2024-02-08,Account Management,Very pleased with the resolution. Great team.,2,1,0,1
C00760,2023-05-13,Technical,I am done. Switching to a competitor as soon as possible. Nightmare.,3,0,0,1
C00760,2024-03-10,Service Quality,Nothing special to report. Service has been average.,3,1,0,1
C00763,2024-05-18,Technical,Account change was processed but took a few extra days.,1,5,0,1
C00764,2022-04-18,Technical,"Terrible service, waited 3 weeks for someone to show up. Completely unacceptable.",2,2,0,1
C00764,2023-04-25,Account Management,"Excellent response time, I am very satisfied.",2,0,1,1
C00765,2023-06-27,Billing,Had to follow up twice to get my meter reading corrected.,3,8,0,0
C00765,2024-08-26,Billing,Service interruption was brief. Would like better communication next time.,5,29,0,1
C00765,2023-05-15,Service Quality,The technician never showed up. I took a day off work for nothing.,5,5,1,1
C00765,2023-03-05,Service Quality,Unresponsive support and endless hold times. Absolutely awful.,5,5,0,0
C00765,2022-11-10,Technical,This is the worst experience I have ever had. Planning to switch provider immediately.,4,26,0,1
C00765,2022-11-03,Service Quality,I am done. Switching to a competitor as soon as possible. Nightmare.,5,14,0,0
C00766,2023-12-15,Service Quality,"Very happy with the service, everything works great.",1,0,0,1
C00767,2022-09-07,Account Management,Account change was processed but took a few extra days.,1,6,0,1
C00767,2024-01-11,Billing,This is the worst experience I have ever had. Planning to switch provider immediately.,3,4,0,1
C00768,2022-02-27,Service Quality,"Excellent response time, I am very satisfied.",1,2,1,1
C00768,2024-07-26,Billing,No major problems but the website is a bit slow.,1,6,0,1
C00769,2024-05-28,Account Management,"Outstanding service quality, no issues whatsoever.",1,0,0,1
C00769,2024-06-19,Outage,My billing issue was resolved within hours. Highly recommend.,3,5,0,1
C00770,2022-06-16,Meter Reading,"Outstanding service quality, no issues whatsoever.",2,7,0,1
C00770,2022-04-27,Billing,The support person was polite but couldn't fully resolve my issue.,2,5,0,1
C00771,2022-05-04,Meter Reading,"Love the online portal, makes managing my account super easy.",1,0,0,1
C00771,2023-02-03,Technical,My outage has been going on for 5 days and no one cares. Disgusting.,2,7,1,0
C00772,2023-04-01,Billing,Very pleased with the resolution. Great team.,1,4,1,1
C00773,2024-03-03,Technical,Unresponsive support and endless hold times. Absolutely awful.,3,5,0,1
C00773,2024-02-24,Meter Reading,"Quick and helpful customer service, thank you!",1,7,0,1
C00775,2024-10-15,Outage,Very pleased with the resolution. Great team.,1,7,0,1
C00775,2023-07-02,Service Quality,Service is generally okay. Had a minor billing discrepancy last month.,1,0,0,1
C00776,2023-11-25,Technical,Nothing special to report. Service has been average.,1,0,0,1
C00776,2023-06-01,Service Quality,The support person was polite but couldn't fully resolve my issue.,2,0,0,1
C00777,2024-11-08,Service Quality,"Love the online portal, makes managing my account super easy.",2,3,0,1
C00778,2024-09-24,Meter Reading,Nothing special to report. Service has been average.,3,0,0,1
C00779,2023-09-17,Outage,Unresponsive support and endless hold times. Absolutely awful.,2,6,0,1
C00779,2024-12-27,Account Management,Very pleased with the resolution. Great team.,2,2,0,1
C00780,2022-12-21,Billing,I am absolutely furious — my bill doubled for no reason and no one can explain it.,1,6,0,0
C00780,2022-04-21,Outage,The support person was polite but couldn't fully resolve my issue.,2,3,0,1
C00781,2023-03-17,Account Management,My outage has been going on for 5 days and no one cares. Disgusting.,4,25,0,0
C00781,2023-01-27,Meter Reading,I am done. Switching to a competitor as soon as possible. Nightmare.,4,14,1,0
C00781,2022-03-15,Billing,My outage has been going on for 5 days and no one cares. Disgusting.,3,25,0,0
C00783,2023-07-21,Outage,"Love the online portal, makes managing my account super easy.",3,4,0,0
C00783,2023-03-25,Outage,The support team was extremely helpful and resolved my issue quickly.,1,3,0,1
C00785,2024-07-27,Meter Reading,My billing issue was resolved within hours. Highly recommend.,2,1,0,1
C00785,2022-03-23,Billing,Billing seems correct this month. Last month there was a small issue.,3,7,0,1
C00786,2024-12-02,Service Quality,Had to follow up twice to get my meter reading corrected.,4,26,1,1
C00786,2023-10-13,Meter Reading,Unresponsive support and endless hold times. Absolutely awful.,4,23,1,1
C00786,2023-01-02,Outage,My service was cut off without warning. I demand an explanation.,5,16,0,1
C00786,2023-06-17,Service Quality,The outage was resolved. It would have been nice to get a notification.,4,26,0,1
C00787,2024-07-24,Service Quality,My outage has been going on for 5 days and no one cares. Disgusting.,4,7,0,1
C00787,2024-01-19,Billing,Unresponsive support and endless hold times. Absolutely awful.,4,14,1,0
C00787,2024-10-16,Technical,"Terrible service, waited 3 weeks for someone to show up. Completely unacceptable.",5,10,1,0
C00788,2023-08-10,Meter Reading,Unresponsive support and endless hold times. Absolutely awful.,3,1,0,1
C00789,2022-05-14,Account Management,"Very happy with the service, everything works great.",3,0,0,1
C00789,2023-06-04,Technical,The support team was extremely helpful and resolved my issue quickly.,1,6,0,1
C00790,2024-02-09,Account Management,My outage has been going on for 5 days and no one cares. Disgusting.,4,27,1,0
C00790,2024-06-11,Billing,The technician never showed up. I took a day off work for nothing.,3,7,1,1
C00790,2024-07-14,Meter Reading,My outage has been going on for 5 days and no one cares. Disgusting.,4,24,0,1
C00790,2024-08-13,Account Management,The technician never showed up. I took a day off work for nothing.,5,9,0,0
C00790,2024-08-25,Account Management,"Terrible service, waited 3 weeks for someone to show up. Completely unacceptable.",5,11,0,1
C00791,2024-11-04,Billing,"Excellent response time, I am very satisfied.",3,0,0,1
C00793,2022-11-25,Account Management,My service was cut off without warning. I demand an explanation.,3,10,1,1
C00793,2023-09-20,Billing,Billing errors again! Third month in a row. Completely incompetent.,5,13,0,0
C00793,2022-01-27,Billing,"Terrible service, waited 3 weeks for someone to show up. Completely unacceptable.",4,22,1,0
C00794,2022-02-05,Technical,The outage was resolved. It would have been nice to get a notification.,2,5,0,1
C00797,2023-11-23,Meter Reading,I have called 7 times and nobody fixes the problem. I want to cancel my account.,1,2,0,1
C00797,2024-01-20,Meter Reading,The support team was extremely helpful and resolved my issue quickly.,1,6,0,1
C00799,2022-05-10,Service Quality,Nothing special to report. Service has been average.,2,7,0,1
C00800,2023-12-07,Outage,The technician never showed up. I took a day off work for nothing.,3,5,1,1
C00800,2022-04-13,Account Management,Account change was processed but took a few extra days.,5,26,0,0
C00800,2024-08-15,Outage,The technician never showed up. I took a day off work for nothing.,4,26,1,0
C00800,2022-04-25,Billing,Billing errors again! Third month in a row. Completely incompetent.,4,27,0,0
C00800,2024-11-10,Account Management,Service interruption was brief. Would like better communication next time.,4,22,0,0
C00800,2022-12-25,Meter Reading,Service is generally okay. Had a minor billing discrepancy last month.,3,13,0,0
C00804,2022-08-19,Account Management,The outage was resolved. It would have been nice to get a notification.,3,6,0,1
C00805,2022-05-19,Billing,No major problems but the website is a bit slow.,3,1,0,1
C00806,2023-08-20,Billing,No major problems but the website is a bit slow.,1,0,0,1
C00806,2024-01-17,Service Quality,Service is generally okay. Had a minor billing discrepancy last month.,1,3,0,0
C00807,2022-08-03,Billing,Unresponsive support and endless hold times. Absolutely awful.,3,10,1,0
C00807,2022-11-09,Account Management,I have called 7 times and nobody fixes the problem. I want to cancel my account.,4,20,0,1
C00807,2024-09-15,Meter Reading,Billing seems correct this month. Last month there was a small issue.,5,25,1,0
C00807,2022-05-06,Service Quality,Service is generally okay. Had a minor billing discrepancy last month.,4,20,1,1
C00808,2024-01-20,Outage,My service was cut off without warning. I demand an explanation.,3,20,0,1
C00808,2024-08-25,Account Management,Service interruption was brief. Would like better communication next time.,5,18,0,1
C00808,2024-05-03,Outage,I am absolutely furious — my bill doubled for no reason and no one can explain it.,4,15,0,0
C00808,2023-02-07,Meter Reading,This is the worst experience I have ever had. Planning to switch provider immediately.,4,27,1,0
C00808,2023-05-03,Technical,Nothing special to report. Service has been average.,5,27,1,1
C00808,2024-11-26,Meter Reading,The technician never showed up. I took a day off work for nothing.,5,25,0,0
C00809,2024-07-04,Account Management,Billing seems correct this month. Last month there was a small issue.,4,13,0,0
C00809,2024-06-10,Service Quality,This is the worst experience I have ever had. Planning to switch provider immediately.,5,22,0,0
C00809,2024-11-22,Billing,The support person was polite but couldn't fully resolve my issue.,4,14,0,0
C00809,2024-04-15,Meter Reading,Unresponsive support and endless hold times. Absolutely awful.,5,14,1,0
C00809,2023-09-02,Billing,This is the worst experience I have ever had. Planning to switch provider immediately.,3,6,0,0
C00811,2024-09-28,Billing,I am absolutely furious — my bill doubled for no reason and no one can explain it.,3,2,1,1
C00811,2024-12-14,Meter Reading,"Outstanding service quality, no issues whatsoever.",3,5,0,1
C00812,2024-09-03,Meter Reading,Service interruption was brief. Would like better communication next time.,3,7,0,1
C00812,2022-07-11,Billing,Very pleased with the resolution. Great team.,2,7,0,1
C00813,2023-08-03,Technical,My billing issue was resolved within hours. Highly recommend.,3,6,0,1
C00813,2024-06-20,Technical,Billing errors again! Third month in a row. Completely incompetent.,1,4,0,0
C00814,2023-09-23,Account Management,The technician never showed up. I took a day off work for nothing.,3,21,0,0
C00814,2022-06-20,Technical,Unresponsive support and endless hold times. Absolutely awful.,4,29,1,1
C00814,2023-03-21,Technical,This is the worst experience I have ever had. Planning to switch provider immediately.,5,21,0,1
C00816,2024-06-04,Meter Reading,"Great experience, the technician was professional and efficient.",1,7,0,1
C00817,2024-12-18,Technical,My billing issue was resolved within hours. Highly recommend.,1,7,1,1
C00817,2024-07-07,Technical,The support team was extremely helpful and resolved my issue quickly.,2,0,0,1
C00818,2023-04-27,Billing,I am done. Switching to a competitor as soon as possible. Nightmare.,1,5,0,1
C00819,2023-04-28,Outage,Very pleased with the resolution. Great team.,1,5,0,1
C00819,2022-03-14,Billing,Had to follow up twice to get my meter reading corrected.,2,7,0,1
C00821,2024-02-15,Account Management,My billing issue was resolved within hours. Highly recommend.,3,4,0,1
C00822,2024-03-23,Service Quality,The support team was extremely helpful and resolved my issue quickly.,2,3,0,1
C00823,2023-02-14,Technical,"Terrible service, waited 3 weeks for someone to show up. Completely unacceptable.",5,24,0,1
C00823,2023-01-17,Outage,No major problems but the website is a bit slow.,5,14,1,0
C00823,2023-07-11,Service Quality,Billing errors again! Third month in a row. Completely incompetent.,3,29,0,1
C00823,2023-06-19,Account Management,This is the worst experience I have ever had. Planning to switch provider immediately.,4,27,0,0
C00823,2023-07-14,Billing,Nothing special to report. Service has been average.,3,21,0,0
C00824,2024-08-23,Meter Reading,My billing issue was resolved within hours. Highly recommend.,2,6,0,1
C00825,2023-10-15,Technical,Service is generally okay. Had a minor billing discrepancy last month.,4,16,0,0
C00825,2024-11-20,Outage,The support person was polite but couldn't fully resolve my issue.,4,7,1,0
C00825,2024-10-13,Service Quality,My service was cut off without warning. I demand an explanation.,5,13,1,0
C00825,2024-07-19,Account Management,I am done. Switching to a competitor as soon as possible. Nightmare.,4,26,0,1
C00825,2023-07-09,Account Management,Billing seems correct this month. Last month there was a small issue.,3,27,0,0
C00825,2022-05-17,Technical,I am done. Switching to a competitor as soon as possible. Nightmare.,4,28,0,1
C00826,2024-06-23,Meter Reading,No major problems but the website is a bit slow.,5,7,0,1
C00826,2024-06-11,Service Quality,The support person was polite but couldn't fully resolve my issue.,3,23,0,0
C00826,2024-11-04,Technical,The technician never showed up. I took a day off work for nothing.,3,23,1,0
C00826,2024-11-11,Service Quality,I am absolutely furious — my bill doubled for no reason and no one can explain it.,5,27,1,0
C00826,2024-06-08,Technical,My outage has been going on for 5 days and no one cares. Disgusting.,5,27,0,0
C00826,2024-08-21,Service Quality,The technician never showed up. I took a day off work for nothing.,5,23,0,0
C00827,2022-08-17,Technical,Billing errors again! Third month in a row. Completely incompetent.,3,28,0,0
C00827,2023-04-02,Outage,The support person was polite but couldn't fully resolve my issue.,3,26,1,0
C00827,2022-02-28,Outage,Account change was processed but took a few extra days.,4,15,1,1
C00827,2023-09-13,Service Quality,Billing errors again! Third month in a row. Completely incompetent.,3,22,0,1
C00828,2024-10-26,Meter Reading,My service was cut off without warning. I demand an explanation.,3,7,0,1
C00829,2022-06-16,Technical,The support team was extremely helpful and resolved my issue quickly.,2,4,0,1
C00830,2024-04-22,Billing,"Outstanding service quality, no issues whatsoever.",3,7,0,1
C00831,2024-05-23,Technical,Billing seems correct this month. Last month there was a small issue.,2,5,0,1
C00832,2024-07-21,Technical,Unresponsive support and endless hold times. Absolutely awful.,4,24,1,0
C00832,2022-07-25,Account Management,I have called 7 times and nobody fixes the problem. I want to cancel my account.,4,28,0,1
C00832,2024-10-18,Account Management,Service is generally okay. Had a minor billing discrepancy last month.,4,28,1,1
C00832,2024-01-28,Billing,Service is generally okay. Had a minor billing discrepancy last month.,4,6,0,0
C00834,2024-10-21,Account Management,Very pleased with the resolution. Great team.,2,7,0,1
C00834,2023-07-24,Meter Reading,"Very happy with the service, everything works great.",2,6,0,1
C00836,2023-10-21,Outage,"Outstanding service quality, no issues whatsoever.",3,0,0,0
C00836,2022-08-24,Technical,No major problems but the website is a bit slow.,1,7,0,1
C00838,2024-09-28,Meter Reading,"Very happy with the service, everything works great.",2,6,0,1
C00838,2022-08-07,Meter Reading,My billing issue was resolved within hours. Highly recommend.,1,3,0,1
C00839,2024-06-09,Outage,Unresponsive support and endless hold times. Absolutely awful.,4,18,1,1
C00839,2024-09-15,Service Quality,This is the worst experience I have ever had. Planning to switch provider immediately.,5,24,1,1
C00839,2024-12-15,Technical,The technician never showed up. I took a day off work for nothing.,5,28,0,0
C00839,2024-07-09,Account Management,I am done. Switching to a competitor as soon as possible. Nightmare.,3,5,0,1
C00840,2024-05-28,Technical,Billing seems correct this month. Last month there was a small issue.,2,4,0,0
C00842,2022-01-22,Meter Reading,My service was cut off without warning. I demand an explanation.,3,3,0,1
C00843,2024-03-15,Billing,Had to follow up twice to get my meter reading corrected.,2,4,0,1
C00844,2024-04-07,Service Quality,"Quick and helpful customer service, thank you!",1,2,0,0
C00845,2024-02-01,Billing,Unresponsive support and endless hold times. Absolutely awful.,3,28,0,1
C00845,2024-07-20,Meter Reading,My outage has been going on for 5 days and no one cares. Disgusting.,4,10,0,0
C00845,2024-01-20,Meter Reading,Technician arrived on time but the fix took longer than expected.,4,18,1,0
C00846,2024-03-17,Outage,"Excellent response time, I am very satisfied.",1,6,1,1
C00846,2024-04-10,Technical,"Excellent response time, I am very satisfied.",2,6,0,1
C00847,2023-11-20,Meter Reading,No major problems but the website is a bit slow.,5,17,0,0
C00847,2023-03-28,Account Management,This is the worst experience I have ever had. Planning to switch provider immediately.,4,16,1,1
C00847,2024-04-23,Service Quality,My service was cut off without warning. I demand an explanation.,5,9,0,1
C00847,2023-09-14,Technical,I am absolutely furious — my bill doubled for no reason and no one can explain it.,4,28,0,1
C00848,2024-01-01,Technical,My service was cut off without warning. I demand an explanation.,5,22,1,1
C00848,2024-07-22,Service Quality,"Terrible service, waited 3 weeks for someone to show up. Completely unacceptable.",4,23,1,0
C00848,2024-04-27,Technical,Billing errors again! Third month in a row. Completely incompetent.,4,6,1,1
C00848,2024-09-01,Account Management,The outage was resolved. It would have been nice to get a notification.,4,6,0,1
C00848,2024-01-12,Meter Reading,My outage has been going on for 5 days and no one cares. Disgusting.,4,8,1,1
C00849,2022-01-02,Outage,The support person was polite but couldn't fully resolve my issue.,2,6,0,1
C00851,2023-12-24,Outage,The new meter reading service is fantastic.,2,3,0,1
C00852,2023-11-05,Billing,"Very happy with the service, everything works great.",1,6,0,1
C00853,2022-05-06,Billing,The support person was polite but couldn't fully resolve my issue.,3,0,0,1
C00854,2023-06-25,Account Management,Unresponsive support and endless hold times. Absolutely awful.,4,7,1,1
C00854,2024-10-27,Account Management,I have called 7 times and nobody fixes the problem. I want to cancel my account.,5,13,0,1
C00854,2023-02-26,Meter Reading,Billing seems correct this month. Last month there was a small issue.,4,12,1,0
C00854,2023-04-27,Meter Reading,Unresponsive support and endless hold times. Absolutely awful.,3,10,0,0
C00854,2023-07-08,Outage,This is the worst experience I have ever had. Planning to switch provider immediately.,4,24,1,0
C00856,2023-05-19,Service Quality,Service interruption was brief. Would like better communication next time.,2,2,1,1
C00857,2024-04-12,Account Management,I am done. Switching to a competitor as soon as possible. Nightmare.,4,22,0,1
C00857,2023-10-05,Meter Reading,"Terrible service, waited 3 weeks for someone to show up. Completely unacceptable.",4,29,0,1
C00857,2022-09-25,Outage,Billing seems correct this month. Last month there was a small issue.,3,5,1,0
C00857,2022-06-22,Meter Reading,My outage has been going on for 5 days and no one cares. Disgusting.,4,26,0,1
C00858,2024-04-06,Service Quality,Service interruption was brief. Would like better communication next time.,5,24,0,0
C00858,2024-10-15,Outage,Billing errors again! Third month in a row. Completely incompetent.,5,24,0,0
C00858,2024-09-27,Meter Reading,My service was cut off without warning. I demand an explanation.,5,23,1,0
C00858,2024-07-23,Meter Reading,The outage was resolved. It would have been nice to get a notification.,3,27,0,1
C00858,2024-04-16,Outage,This is the worst experience I have ever had. Planning to switch provider immediately.,5,26,1,0
C00859,2023-05-07,Technical,This is the worst experience I have ever had. Planning to switch provider immediately.,5,16,0,0
C00859,2024-01-19,Meter Reading,"Terrible service, waited 3 weeks for someone to show up. Completely unacceptable.",5,19,0,0
C00859,2024-02-05,Technical,Billing seems correct this month. Last month there was a small issue.,3,9,0,1
C00859,2023-11-24,Technical,Technician arrived on time but the fix took longer than expected.,4,23,0,0
C00860,2024-07-18,Service Quality,"Excellent response time, I am very satisfied.",1,3,0,1
C00861,2024-02-28,Account Management,"Outstanding service quality, no issues whatsoever.",3,3,0,0
C00861,2024-06-11,Account Management,"Terrible service, waited 3 weeks for someone to show up. Completely unacceptable.",2,6,0,1
C00862,2024-10-22,Outage,My outage has been going on for 5 days and no one cares. Disgusting.,1,7,0,1
C00862,2022-01-28,Account Management,"Love the online portal, makes managing my account super easy.",2,1,0,1
C00864,2023-03-15,Outage,The support team was extremely helpful and resolved my issue quickly.,3,7,0,1
C00865,2023-12-14,Outage,The new meter reading service is fantastic.,1,6,0,0
C00865,2022-07-04,Meter Reading,My outage has been going on for 5 days and no one cares. Disgusting.,3,6,0,1
C00866,2024-03-01,Account Management,Technician arrived on time but the fix took longer than expected.,2,7,0,1
C00867,2023-12-25,Billing,"Quick and helpful customer service, thank you!",3,4,1,1
C00867,2023-04-24,Billing,My outage has been going on for 5 days and no one cares. Disgusting.,1,5,0,1
C00869,2024-08-28,Meter Reading,"Excellent response time, I am very satisfied.",1,2,0,1
C00871,2023-10-22,Technical,No major problems but the website is a bit slow.,5,7,0,1
C00871,2022-06-27,Account Management,This is the worst experience I have ever had. Planning to switch provider immediately.,5,8,1,0
C00871,2022-08-03,Billing,Had to follow up twice to get my meter reading corrected.,5,9,0,0
C00872,2024-11-22,Technical,No major problems but the website is a bit slow.,1,1,0,1
C00872,2023-12-17,Technical,I am absolutely furious — my bill doubled for no reason and no one can explain it.,1,0,0,1
C00874,2023-08-03,Technical,My billing issue was resolved within hours. Highly recommend.,2,3,0,1
C00874,2024-08-16,Outage,Unresponsive support and endless hold times. Absolutely awful.,2,2,0,1
C00875,2024-12-15,Meter Reading,No major problems but the website is a bit slow.,2,7,0,1
C00875,2023-10-21,Account Management,"Very happy with the service, everything works great.",3,7,0,1
C00876,2022-07-11,Billing,My billing issue was resolved within hours. Highly recommend.,2,3,0,1
C00876,2023-11-27,Outage,"Great experience, the technician was professional and efficient.",2,2,0,1
C00877,2022-10-12,Outage,I am done. Switching to a competitor as soon as possible. Nightmare.,3,2,0,1
C00877,2022-10-13,Technical,The new meter reading service is fantastic.,3,6,0,1
C00878,2022-02-17,Outage,Nothing special to report. Service has been average.,3,2,0,1
C00878,2023-05-08,Technical,No major problems but the website is a bit slow.,1,5,0,1
C00879,2024-04-20,Technical,"Outstanding service quality, no issues whatsoever.",1,0,1,1
C00881,2024-07-02,Account Management,"Outstanding service quality, no issues whatsoever.",1,4,1,0
C00881,2024-02-26,Service Quality,Had to follow up twice to get my meter reading corrected.,2,2,0,0
C00883,2023-07-07,Account Management,This is the worst experience I have ever had. Planning to switch provider immediately.,4,26,1,0
C00883,2022-08-03,Outage,The support person was polite but couldn't fully resolve my issue.,4,7,1,0
C00883,2023-02-12,Meter Reading,I am done. Switching to a competitor as soon as possible. Nightmare.,4,26,0,0
C00884,2024-04-21,Technical,"Terrible service, waited 3 weeks for someone to show up. Completely unacceptable.",5,9,0,1
C00884,2024-12-11,Outage,The technician never showed up. I took a day off work for nothing.,3,7,0,0
C00884,2024-05-25,Billing,This is the worst experience I have ever had. Planning to switch provider immediately.,4,20,1,1
C00885,2023-06-14,Technical,"Very happy with the service, everything works great.",2,4,0,1
C00885,2024-11-25,Meter Reading,Very pleased with the resolution. Great team.,2,5,0,1
C00886,2024-10-10,Technical,"Quick and helpful customer service, thank you!",1,6,0,1
C00887,2024-04-16,Billing,No major problems but the website is a bit slow.,3,3,1,1
C00888,2024-02-19,Outage,"Excellent response time, I am very satisfied.",1,2,0,1
C00889,2024-12-20,Meter Reading,No major problems but the website is a bit slow.,2,4,1,0
C00889,2024-02-19,Meter Reading,"Very happy with the service, everything works great.",2,4,0,1
C00891,2024-11-21,Billing,Had to follow up twice to get my meter reading corrected.,1,2,0,1
C00893,2023-02-15,Outage,"Terrible service, waited 3 weeks for someone to show up. Completely unacceptable.",1,2,0,1
C00893,2022-11-14,Meter Reading,Technician arrived on time but the fix took longer than expected.,2,4,0,1
C00894,2023-05-18,Billing,Had to follow up twice to get my meter reading corrected.,1,0,0,1
C00894,2023-03-20,Meter Reading,Service interruption was brief. Would like better communication next time.,1,7,0,1
C00896,2023-01-13,Service Quality,Service interruption was brief. Would like better communication next time.,4,8,1,1
C00896,2022-10-23,Account Management,I am absolutely furious — my bill doubled for no reason and no one can explain it.,5,8,1,0
C00896,2022-03-14,Outage,Unresponsive support and endless hold times. Absolutely awful.,3,11,0,1
C00896,2024-09-19,Outage,Nothing special to report. Service has been average.,4,7,0,0
C00896,2022-04-25,Service Quality,The technician never showed up. I took a day off work for nothing.,5,9,1,1
C00897,2023-11-12,Account Management,No major problems but the website is a bit slow.,4,16,1,1
C00897,2022-03-14,Billing,I am done. Switching to a competitor as soon as possible. Nightmare.,3,24,0,0
C00897,2022-12-23,Technical,The technician never showed up. I took a day off work for nothing.,3,19,0,1
C00897,2023-06-23,Outage,Billing seems correct this month. Last month there was a small issue.,3,19,1,0
C00900,2022-04-19,Billing,My outage has been going on for 5 days and no one cares. Disgusting.,4,17,0,1
C00900,2022-12-20,Meter Reading,I have called 7 times and nobody fixes the problem. I want to cancel my account.,5,11,1,0
C00900,2023-02-17,Outage,Unresponsive support and endless hold times. Absolutely awful.,5,18,0,0
C00900,2024-08-27,Technical,I have called 7 times and nobody fixes the problem. I want to cancel my account.,5,23,1,1
C00901,2024-06-04,Account Management,The outage was resolved. It would have been nice to get a notification.,4,5,1,0
C00901,2024-07-23,Meter Reading,I am absolutely furious — my bill doubled for no reason and no one can explain it.,5,12,0,0
C00901,2024-08-24,Billing,Unresponsive support and endless hold times. Absolutely awful.,5,7,0,1
C00902,2024-02-27,Billing,Had to follow up twice to get my meter reading corrected.,2,3,0,1
C00902,2024-08-10,Account Management,"Quick and helpful customer service, thank you!",1,0,0,1
C00903,2023-08-12,Account Management,Nothing special to report. Service has been average.,3,16,0,0
C00903,2023-06-05,Outage,Billing errors again! Third month in a row. Completely incompetent.,3,15,1,1
C00903,2023-09-22,Billing,Billing errors again! Third month in a row. Completely incompetent.,5,21,0,1
C00903,2022-10-05,Outage,Technician arrived on time but the fix took longer than expected.,5,25,1,1
C00903,2022-03-12,Service Quality,I am done. Switching to a competitor as soon as possible. Nightmare.,5,18,0,0
C00904,2024-01-16,Meter Reading,Billing seems correct this month. Last month there was a small issue.,3,16,0,1
C00904,2022-09-21,Meter Reading,Service interruption was brief. Would like better communication next time.,3,24,1,1
C00904,2022-11-02,Meter Reading,Billing errors again! Third month in a row. Completely incompetent.,3,12,0,1
C00904,2024-03-10,Account Management,Billing seems correct this month. Last month there was a small issue.,3,21,0,0
C00904,2023-04-05,Technical,The technician never showed up. I took a day off work for nothing.,5,15,0,1
C00906,2023-09-05,Meter Reading,"Quick and helpful customer service, thank you!",2,1,1,1
C00907,2022-06-03,Outage,Very pleased with the resolution. Great team.,1,7,0,1
C00908,2023-09-03,Service Quality,This is the worst experience I have ever had. Planning to switch provider immediately.,4,26,0,0
C00908,2023-10-01,Meter Reading,Unresponsive support and endless hold times. Absolutely awful.,5,10,0,0
C00908,2023-09-11,Service Quality,My service was cut off without warning. I demand an explanation.,4,10,1,0
C00908,2023-09-05,Meter Reading,I have called 7 times and nobody fixes the problem. I want to cancel my account.,3,13,1,0
C00910,2024-11-06,Account Management,The support person was polite but couldn't fully resolve my issue.,5,21,0,1
C00910,2024-10-09,Account Management,The technician never showed up. I took a day off work for nothing.,5,8,0,0
C00910,2024-01-23,Account Management,This is the worst experience I have ever had. Planning to switch provider immediately.,3,24,0,1
C00910,2024-12-21,Account Management,"Terrible service, waited 3 weeks for someone to show up. Completely unacceptable.",4,27,0,1
C00911,2023-12-06,Outage,Nothing special to report. Service has been average.,3,7,0,1
C00912,2023-02-14,Billing,Technician arrived on time but the fix took longer than expected.,3,6,0,1
C00913,2022-12-23,Meter Reading,My outage has been going on for 5 days and no one cares. Disgusting.,1,7,0,0
C00914,2024-05-13,Service Quality,"Quick and helpful customer service, thank you!",1,2,0,0
C00915,2023-01-18,Meter Reading,Unresponsive support and endless hold times. Absolutely awful.,3,5,0,1
C00915,2023-06-11,Technical,I am absolutely furious — my bill doubled for no reason and no one can explain it.,4,27,1,1
C00915,2024-12-23,Account Management,The technician never showed up. I took a day off work for nothing.,4,5,0,1
C00915,2024-03-28,Billing,The outage was resolved. It would have been nice to get a notification.,3,18,1,1
C00916,2023-03-04,Outage,This is the worst experience I have ever had. Planning to switch provider immediately.,4,14,0,0
C00916,2024-08-16,Outage,No major problems but the website is a bit slow.,3,21,1,1
C00916,2022-03-21,Billing,"Terrible service, waited 3 weeks for someone to show up. Completely unacceptable.",4,18,0,0
C00916,2022-10-06,Technical,Billing seems correct this month. Last month there was a small issue.,5,8,0,1
C00916,2022-07-05,Billing,Billing errors again! Third month in a row. Completely incompetent.,5,28,1,1
C00917,2023-03-17,Billing,No major problems but the website is a bit slow.,2,5,0,0
C00918,2024-06-16,Outage,The technician never showed up. I took a day off work for nothing.,3,10,0,1
C00918,2024-10-23,Account Management,I am done. Switching to a competitor as soon as possible. Nightmare.,3,14,1,1
C00918,2024-03-07,Service Quality,Had to follow up twice to get my meter reading corrected.,4,9,1,1
C00919,2024-02-26,Billing,"Outstanding service quality, no issues whatsoever.",2,7,0,1
C00921,2022-05-01,Account Management,Technician arrived on time but the fix took longer than expected.,1,0,1,1
C00921,2023-06-09,Outage,Account change was processed but took a few extra days.,3,2,0,1
C00922,2022-08-20,Technical,"Very happy with the service, everything works great.",1,2,1,1
C00923,2023-08-15,Service Quality,Had to follow up twice to get my meter reading corrected.,3,7,0,1
C00923,2024-11-23,Billing,"Great experience, the technician was professional and efficient.",1,4,0,1
C00924,2023-10-18,Meter Reading,"Outstanding service quality, no issues whatsoever.",2,0,1,0
C00925,2023-05-22,Account Management,Very pleased with the resolution. Great team.,1,5,0,1
C00925,2022-06-21,Meter Reading,"Great experience, the technician was professional and efficient.",1,6,0,1
C00926,2024-04-08,Account Management,Technician arrived on time but the fix took longer than expected.,4,16,0,1
C00926,2023-08-08,Service Quality,I am absolutely furious — my bill doubled for no reason and no one can explain it.,3,14,0,1
C00926,2023-06-03,Account Management,Nothing special to report. Service has been average.,3,28,0,1
C00926,2022-11-20,Technical,The outage was resolved. It would have been nice to get a notification.,3,27,1,0
C00926,2023-03-27,Service Quality,Service is generally okay. Had a minor billing discrepancy last month.,4,13,1,1
C00927,2022-03-18,Service Quality,"Quick and helpful customer service, thank you!",2,7,0,1
C00927,2022-12-14,Outage,"Quick and helpful customer service, thank you!",2,7,0,1
C00928,2022-04-04,Technical,I am done. Switching to a competitor as soon as possible. Nightmare.,5,5,0,0
C00928,2022-04-05,Billing,Had to follow up twice to get my meter reading corrected.,5,12,0,1
C00928,2022-09-23,Billing,"Terrible service, waited 3 weeks for someone to show up. Completely unacceptable.",3,5,0,0
C00928,2023-12-03,Service Quality,Unresponsive support and endless hold times. Absolutely awful.,5,24,0,1
C00929,2024-08-28,Meter Reading,Very pleased with the resolution. Great team.,1,6,1,0
C00929,2022-06-14,Service Quality,The support person was polite but couldn't fully resolve my issue.,1,7,1,1
C00930,2024-06-13,Technical,I have called 7 times and nobody fixes the problem. I want to cancel my account.,5,14,1,0
C00930,2022-11-02,Technical,No major problems but the website is a bit slow.,5,25,0,0
C00930,2024-04-09,Outage,My service was cut off without warning. I demand an explanation.,5,6,0,1
C00930,2024-06-02,Billing,I am done. Switching to a competitor as soon as possible. Nightmare.,5,24,0,1
C00932,2022-02-09,Technical,I have called 7 times and nobody fixes the problem. I want to cancel my account.,3,5,0,1
C00932,2024-11-18,Meter Reading,The technician never showed up. I took a day off work for nothing.,5,26,0,1
C00932,2022-10-24,Meter Reading,Service is generally okay. Had a minor billing discrepancy last month.,3,10,1,0
C00932,2022-03-08,Meter Reading,Service is generally okay. Had a minor billing discrepancy last month.,4,12,0,1
C00932,2024-04-17,Service Quality,I have called 7 times and nobody fixes the problem. I want to cancel my account.,3,7,1,0
C00932,2024-08-02,Meter Reading,"Terrible service, waited 3 weeks for someone to show up. Completely unacceptable.",4,22,1,1
C00933,2023-01-23,Meter Reading,Billing seems correct this month. Last month there was a small issue.,1,7,0,0
C00933,2024-02-17,Service Quality,"Outstanding service quality, no issues whatsoever.",1,7,0,1
C00935,2023-04-05,Outage,My service was cut off without warning. I demand an explanation.,1,1,0,1
C00935,2024-03-01,Outage,"Outstanding service quality, no issues whatsoever.",2,2,0,1
C00936,2024-04-03,Service Quality,"Great experience, the technician was professional and efficient.",1,2,0,1
C00938,2024-10-16,Account Management,My service was cut off without warning. I demand an explanation.,1,1,0,1
C00938,2023-02-06,Meter Reading,Account change was processed but took a few extra days.,2,5,0,1
C00940,2024-03-16,Outage,I am absolutely furious — my bill doubled for no reason and no one can explain it.,3,21,0,1
C00940,2024-02-09,Service Quality,"Terrible service, waited 3 weeks for someone to show up. Completely unacceptable.",4,13,0,1
C00940,2023-12-23,Outage,"Terrible service, waited 3 weeks for someone to show up. Completely unacceptable.",3,9,0,1
C00940,2023-10-09,Account Management,My outage has been going on for 5 days and no one cares. Disgusting.,5,12,0,0
C00940,2023-06-04,Service Quality,My outage has been going on for 5 days and no one cares. Disgusting.,4,8,0,1
C00940,2024-05-03,Service Quality,The technician never showed up. I took a day off work for nothing.,4,28,1,0
C00941,2023-12-23,Meter Reading,Had to follow up twice to get my meter reading corrected.,1,0,0,1
C00941,2024-02-06,Account Management,I am absolutely furious — my bill doubled for no reason and no one can explain it.,1,4,0,1
C00942,2022-09-05,Technical,I have called 7 times and nobody fixes the problem. I want to cancel my account.,2,6,0,0
C00944,2024-04-05,Billing,My billing issue was resolved within hours. Highly recommend.,2,5,0,1
C00944,2024-01-06,Account Management,"Quick and helpful customer service, thank you!",3,7,0,1
C00945,2023-05-27,Billing,The support person was polite but couldn't fully resolve my issue.,5,27,0,0
C00945,2023-04-04,Technical,Had to follow up twice to get my meter reading corrected.,4,19,1,1
C00945,2024-06-22,Service Quality,Account change was processed but took a few extra days.,4,9,1,1
C00945,2023-11-03,Technical,The support person was polite but couldn't fully resolve my issue.,5,22,1,1
C00945,2023-01-04,Service Quality,I am done. Switching to a competitor as soon as possible. Nightmare.,3,16,0,1
C00945,2023-05-19,Account Management,Technician arrived on time but the fix took longer than expected.,5,17,0,0
C00946,2023-11-09,Outage,My outage has been going on for 5 days and no one cares. Disgusting.,5,7,1,0
C00946,2023-01-11,Technical,My outage has been going on for 5 days and no one cares. Disgusting.,3,25,1,0
C00946,2023-05-13,Service Quality,Nothing special to report. Service has been average.,4,6,0,0
C00946,2024-07-10,Technical,My outage has been going on for 5 days and no one cares. Disgusting.,4,13,0,0
C00946,2024-08-04,Technical,My outage has been going on for 5 days and no one cares. Disgusting.,4,23,1,1
C00947,2022-11-21,Service Quality,I am done. Switching to a competitor as soon as possible. Nightmare.,5,9,0,1
C00947,2023-07-17,Billing,Technician arrived on time but the fix took longer than expected.,5,26,0,1
C00947,2022-12-10,Billing,Service is generally okay. Had a minor billing discrepancy last month.,4,23,0,1
C00948,2024-10-23,Meter Reading,My service was cut off without warning. I demand an explanation.,5,11,0,0
C00948,2023-08-11,Meter Reading,I am absolutely furious — my bill doubled for no reason and no one can explain it.,3,12,0,1
C00948,2024-11-08,Outage,I am absolutely furious — my bill doubled for no reason and no one can explain it.,5,19,1,1
C00949,2023-08-12,Meter Reading,Billing errors again! Third month in a row. Completely incompetent.,4,21,0,1
C00949,2024-01-12,Outage,Billing errors again! Third month in a row. Completely incompetent.,5,16,0,0
C00949,2024-10-25,Service Quality,I am done. Switching to a competitor as soon as possible. Nightmare.,4,17,1,0
C00949,2023-09-27,Technical,My service was cut off without warning. I demand an explanation.,5,8,0,1
C00949,2023-08-19,Service Quality,Unresponsive support and endless hold times. Absolutely awful.,5,22,1,1
C00949,2024-09-01,Technical,The technician never showed up. I took a day off work for nothing.,3,15,0,0
C00952,2023-03-22,Technical,"Outstanding service quality, no issues whatsoever.",1,6,0,1
C00953,2024-06-04,Meter Reading,The outage was resolved. It would have been nice to get a notification.,1,0,0,1
C00953,2022-03-17,Outage,The technician never showed up. I took a day off work for nothing.,1,7,0,1
C00955,2023-06-09,Billing,Unresponsive support and endless hold times. Absolutely awful.,4,26,0,0
C00955,2023-01-02,Service Quality,Unresponsive support and endless hold times. Absolutely awful.,3,26,1,1
C00955,2022-03-28,Account Management,Service interruption was brief. Would like better communication next time.,3,21,0,1
C00955,2024-03-10,Outage,Technician arrived on time but the fix took longer than expected.,3,26,1,0
C00955,2024-02-25,Account Management,"Terrible service, waited 3 weeks for someone to show up. Completely unacceptable.",3,16,1,0
C00955,2023-09-15,Outage,Unresponsive support and endless hold times. Absolutely awful.,3,21,0,0
C00957,2022-02-09,Account Management,"Love the online portal, makes managing my account super easy.",1,6,0,1
C00957,2024-12-20,Billing,"Very happy with the service, everything works great.",2,2,0,1
C00958,2022-06-12,Outage,Nothing special to report. Service has been average.,2,7,0,1
C00958,2022-08-17,Billing,I am done. Switching to a competitor as soon as possible. Nightmare.,3,4,0,1
C00959,2024-12-28,Service Quality,The support person was polite but couldn't fully resolve my issue.,3,0,0,1
C00959,2023-10-15,Service Quality,"Outstanding service quality, no issues whatsoever.",3,5,0,1
C00960,2022-04-14,Meter Reading,"Excellent response time, I am very satisfied.",1,4,0,1
C00960,2024-05-21,Technical,I have called 7 times and nobody fixes the problem. I want to cancel my account.,3,6,0,0
C00961,2024-04-28,Outage,I have called 7 times and nobody fixes the problem. I want to cancel my account.,5,10,0,1
C00961,2024-10-22,Service Quality,I am done. Switching to a competitor as soon as possible. Nightmare.,4,19,0,0
C00961,2023-03-12,Technical,Billing errors again! Third month in a row. Completely incompetent.,5,23,0,1
C00961,2023-05-13,Outage,Account change was processed but took a few extra days.,5,10,0,1
C00961,2023-04-06,Outage,My outage has been going on for 5 days and no one cares. Disgusting.,3,11,0,0
C00961,2023-10-08,Service Quality,Billing errors again! Third month in a row. Completely incompetent.,5,29,1,1
C00964,2023-09-22,Service Quality,The technician never showed up. I took a day off work for nothing.,5,5,0,0
C00964,2022-05-06,Technical,My service was cut off without warning. I demand an explanation.,5,12,0,0
C00964,2024-08-18,Technical,No major problems but the website is a bit slow.,5,18,0,1
C00964,2024-05-08,Account Management,I am done. Switching to a competitor as soon as possible. Nightmare.,3,15,1,0
C00964,2022-03-18,Billing,My outage has been going on for 5 days and no one cares. Disgusting.,4,27,1,1
C00964,2024-01-12,Technical,I have called 7 times and nobody fixes the problem. I want to cancel my account.,4,25,1,0
C00965,2023-10-28,Outage,Had to follow up twice to get my meter reading corrected.,5,25,1,0
C00965,2023-02-01,Technical,The technician never showed up. I took a day off work for nothing.,4,9,0,1
C00965,2024-12-14,Account Management,This is the worst experience I have ever had. Planning to switch provider immediately.,4,14,1,1
C00965,2023-05-18,Outage,This is the worst experience I have ever had. Planning to switch provider immediately.,4,24,0,0
C00965,2022-07-18,Technical,I am absolutely furious — my bill doubled for no reason and no one can explain it.,5,19,1,0
C00965,2022-02-22,Outage,The technician never showed up. I took a day off work for nothing.,3,26,1,1
C00966,2023-05-17,Account Management,This is the worst experience I have ever had. Planning to switch provider immediately.,5,5,0,1
C00966,2022-01-13,Meter Reading,Unresponsive support and endless hold times. Absolutely awful.,5,8,1,1
C00966,2023-11-23,Outage,Billing errors again! Third month in a row. Completely incompetent.,4,24,0,1
C00966,2023-05-11,Service Quality,I have called 7 times and nobody fixes the problem. I want to cancel my account.,5,12,0,1
C00967,2024-06-22,Meter Reading,Very pleased with the resolution. Great team.,1,6,0,1
C00968,2022-02-24,Outage,I am absolutely furious — my bill doubled for no reason and no one can explain it.,3,6,0,1
C00968,2022-10-22,Account Management,The support team was extremely helpful and resolved my issue quickly.,3,4,0,1
C00969,2022-05-16,Billing,This is the worst experience I have ever had. Planning to switch provider immediately.,3,21,0,0
C00969,2022-07-06,Service Quality,Nothing special to report. Service has been average.,5,15,1,0
C00969,2023-08-05,Account Management,My service was cut off without warning. I demand an explanation.,5,17,0,1
C00969,2022-06-08,Outage,Service is generally okay. Had a minor billing discrepancy last month.,5,12,1,1
C00970,2024-11-15,Service Quality,The support person was polite but couldn't fully resolve my issue.,3,3,0,1
C00971,2022-01-20,Service Quality,"Love the online portal, makes managing my account super easy.",3,0,0,1
C00972,2023-12-02,Meter Reading,Had to follow up twice to get my meter reading corrected.,3,6,0,1
C00972,2024-03-04,Service Quality,My billing issue was resolved within hours. Highly recommend.,2,7,0,1
C00973,2023-04-06,Outage,I am absolutely furious — my bill doubled for no reason and no one can explain it.,2,4,0,1
C00974,2022-08-04,Service Quality,Service is generally okay. Had a minor billing discrepancy last month.,2,3,0,1
C00975,2024-03-03,Technical,I am done. Switching to a competitor as soon as possible. Nightmare.,5,17,1,0
C00975,2023-08-07,Meter Reading,No major problems but the website is a bit slow.,4,15,0,1
C00975,2024-05-14,Technical,Had to follow up twice to get my meter reading corrected.,5,7,0,1
C00975,2024-07-08,Service Quality,I have called 7 times and nobody fixes the problem. I want to cancel my account.,5,14,1,1
C00976,2022-08-15,Account Management,"Love the online portal, makes managing my account super easy.",2,6,0,1
C00976,2023-11-09,Outage,Very pleased with the resolution. Great team.,3,4,0,1
C00977,2024-05-20,Billing,The new meter reading service is fantastic.,3,3,0,1
C00977,2023-02-14,Meter Reading,Service interruption was brief. Would like better communication next time.,3,3,0,0
C00978,2022-11-09,Outage,I have called 7 times and nobody fixes the problem. I want to cancel my account.,2,0,0,1
C00979,2023-01-19,Technical,"Excellent response time, I am very satisfied.",1,7,1,1
C00979,2024-12-16,Outage,The support person was polite but couldn't fully resolve my issue.,2,5,0,1
C00980,2024-09-19,Meter Reading,I am done. Switching to a competitor as soon as possible. Nightmare.,5,20,1,1
C00980,2023-09-07,Billing,The technician never showed up. I took a day off work for nothing.,4,7,0,1
C00980,2022-05-01,Technical,"Terrible service, waited 3 weeks for someone to show up. Completely unacceptable.",4,29,0,1
C00982,2023-06-27,Technical,Billing errors again! Third month in a row. Completely incompetent.,5,29,0,1
C00982,2023-09-21,Service Quality,The support person was polite but couldn't fully resolve my issue.,3,12,0,0
C00982,2024-12-14,Account Management,I have called 7 times and nobody fixes the problem. I want to cancel my account.,4,9,0,0
C00982,2024-06-09,Meter Reading,Billing seems correct this month. Last month there was a small issue.,3,17,1,0
C00982,2024-08-14,Service Quality,The technician never showed up. I took a day off work for nothing.,5,6,0,0
C00982,2022-06-14,Service Quality,My service was cut off without warning. I demand an explanation.,3,24,0,1
C00983,2023-07-14,Meter Reading,"Outstanding service quality, no issues whatsoever.",3,7,0,1
C00983,2022-11-21,Outage,Account change was processed but took a few extra days.,1,5,0,1
C00984,2023-12-10,Technical,Technician arrived on time but the fix took longer than expected.,3,1,0,1
C00984,2024-10-18,Technical,"Very happy with the service, everything works great.",1,3,0,1
C00985,2023-06-10,Account Management,My outage has been going on for 5 days and no one cares. Disgusting.,2,6,1,1
C00986,2024-11-16,Account Management,Billing seems correct this month. Last month there was a small issue.,1,6,0,1
C00986,2024-06-28,Technical,The support team was extremely helpful and resolved my issue quickly.,3,4,0,1
C00987,2024-03-03,Outage,"Excellent response time, I am very satisfied.",2,0,0,1
C00988,2024-06-17,Billing,The support team was extremely helpful and resolved my issue quickly.,2,2,1,1
C00988,2023-05-08,Outage,The support team was extremely helpful and resolved my issue quickly.,2,4,0,1
C00990,2024-11-05,Billing,Unresponsive support and endless hold times. Absolutely awful.,3,18,0,1
C00990,2023-05-18,Outage,The outage was resolved. It would have been nice to get a notification.,3,16,0,0
C00990,2024-04-26,Billing,Unresponsive support and endless hold times. Absolutely awful.,3,13,0,1
C00990,2022-02-25,Service Quality,Service is generally okay. Had a minor billing discrepancy last month.,4,6,0,1
C00991,2023-07-07,Technical,No major problems but the website is a bit slow.,3,10,0,0
C00991,2023-09-02,Account Management,"Terrible service, waited 3 weeks for someone to show up. Completely unacceptable.",4,26,0,1
C00991,2022-05-22,Service Quality,Service interruption was brief. Would like better communication next time.,5,22,0,1
C00992,2023-01-20,Technical,"Great experience, the technician was professional and efficient.",3,5,1,1
C00993,2024-07-22,Outage,I have called 7 times and nobody fixes the problem. I want to cancel my account.,4,22,0,1
C00993,2022-10-25,Technical,Technician arrived on time but the fix took longer than expected.,4,16,0,0
C00993,2023-05-10,Technical,Unresponsive support and endless hold times. Absolutely awful.,5,19,0,1
C00994,2022-05-17,Billing,I am absolutely furious — my bill doubled for no reason and no one can explain it.,3,6,0,1
C00994,2023-04-01,Service Quality,Billing errors again! Third month in a row. Completely incompetent.,4,23,0,1
C00994,2024-08-15,Outage,My service was cut off without warning. I demand an explanation.,5,21,1,0
C00994,2022-08-19,Service Quality,Unresponsive support and endless hold times. Absolutely awful.,3,12,1,1
C00994,2024-01-02,Outage,Had to follow up twice to get my meter reading corrected.,5,20,0,0
C00994,2024-07-23,Account Management,This is the worst experience I have ever had. Planning to switch provider immediately.,3,23,1,0
C00995,2023-02-21,Technical,Had to follow up twice to get my meter reading corrected.,1,4,1,1
C00995,2024-12-17,Meter Reading,No major problems but the website is a bit slow.,1,2,0,1
C00996,2024-01-24,Account Management,My service was cut off without warning. I demand an explanation.,4,22,0,1
C00996,2024-09-17,Outage,No major problems but the website is a bit slow.,5,15,1,1
C00996,2024-09-24,Account Management,Unresponsive support and endless hold times. Absolutely awful.,3,11,0,1
C00996,2022-12-18,Service Quality,Unresponsive support and endless hold times. Absolutely awful.,4,28,1,1
C00996,2022-02-05,Outage,Billing errors again! Third month in a row. Completely incompetent.,3,29,0,1
C00996,2024-02-13,Technical,Unresponsive support and endless hold times. Absolutely awful.,4,20,0,0
C00997,2022-03-26,Outage,The support team was extremely helpful and resolved my issue quickly.,1,4,0,1
C00997,2022-05-27,Service Quality,My billing issue was resolved within hours. Highly recommend.,2,3,0,1
C00998,2024-06-15,Service Quality,The technician never showed up. I took a day off work for nothing.,2,3,0,1
C00998,2022-03-06,Service Quality,Technician arrived on time but the fix took longer than expected.,1,7,0,1
C00999,2023-12-22,Billing,"Very happy with the service, everything works great.",2,2,0,1
