customer_id,customer_name,age,gender,region,service_type,contract_type,dwelling_type,account_tenure_months,has_autopay,paperless_billing,family_size,income_bracket,home_ownership,churned
CUST0000001,Customer_1,52,Male,Southeast,Electricity,Small Business,Townhouse,5,0,1,2,Medium,Own,1
CUST0000002,Customer_2,42,Male,Midwest,Gas,Residential,Apartment,48,1,1,2,Medium,Rent,0
CUST0000003,Customer_3,54,Male,Southeast,Electricity,Residential,House,5,1,0,2,Medium,Own,1
CUST0000004,Customer_4,67,Male,Midwest,Gas,Residential,Apartment,65,1,1,1,Low,Own,1
CUST0000005,Customer_5,41,Male,Midwest,Electricity,Residential,House,32,0,1,1,Medium-High,Rent,0
CUST0000006,Customer_6,41,Female,Southeast,Gas,Residential,Apartment,100,0,1,3,Medium-High,Rent,1
CUST0000007,Customer_7,68,Female,Southeast,Electricity,Residential,House,72,0,1,5,Medium,Own,0
CUST0000008,Customer_8,56,Female,Southwest,Multi-Utility,Residential,Apartment,2,1,1,3,Medium-High,Rent,1
CUST0000009,Customer_9,37,Male,Northwest,Dual Fuel,Commercial,Townhouse,5,1,0,3,Low,Own,0
CUST0000010,Customer_10,53,Male,Southwest,Electricity,Commercial,Apartment,33,0,1,4,Medium,Other,1
CUST0000011,Customer_11,38,Male,Midwest,Electricity,Residential,House,26,1,1,2,High,Rent,0
CUST0000012,Customer_12,38,Other,Southwest,Gas,Residential,Apartment,6,1,0,4,Medium-High,Own,0
CUST0000013,Customer_13,48,Female,Midwest,Electricity,Residential,House,4,0,1,2,Low,Own,1
CUST0000014,Customer_14,18,Female,Northeast,Electricity,Residential,Apartment,29,1,0,3,Medium-High,Own,1
CUST0000015,Customer_15,19,Male,Midwest,Electricity,Residential,Apartment,1,1,0,2,Medium-High,Rent,1
CUST0000016,Customer_16,36,Female,Midwest,Dual Fuel,Residential,Mobile Home,74,1,0,6,Medium,Own,1
CUST0000017,Customer_17,29,Male,Southwest,Dual Fuel,Small Business,House,59,1,1,1,Medium-High,Own,1
CUST0000018,Customer_18,49,Female,Northwest,Gas,Residential,Condo,55,0,1,3,Low,Rent,0
CUST0000019,Customer_19,31,Female,Northeast,Gas,Residential,Townhouse,1,1,0,2,Medium-High,Own,0
CUST0000020,Customer_20,23,Other,West,Multi-Utility,Small Business,Mobile Home,1,1,0,3,Medium-High,Own,1
CUST0000021,Customer_21,66,Female,West,Multi-Utility,Small Business,House,28,0,1,3,High,Own,0
CUST0000022,Customer_22,41,Male,Northwest,Multi-Utility,Residential,Apartment,186,1,1,2,Low,Own,0
CUST0000023,Customer_23,46,Female,West,Electricity,Residential,House,15,0,1,2,Medium,Rent,1
CUST0000024,Customer_24,23,Female,Northeast,Electricity,Residential,Apartment,15,1,1,2,High,Rent,0
CUST0000025,Customer_25,36,Male,Southeast,Water,Residential,House,5,1,1,4,Medium,Own,1
CUST0000026,Customer_26,46,Male,Northeast,Gas,Residential,Townhouse,40,1,1,2,Medium-High,Own,1
CUST0000027,Customer_27,27,Male,Southwest,Electricity,Residential,House,37,1,0,4,Low,Own,0
CUST0000028,Customer_28,50,Male,Midwest,Electricity,Residential,Apartment,3,0,0,3,Low,Own,1
CUST0000029,Customer_29,35,Male,Midwest,Dual Fuel,Small Business,Apartment,22,0,1,1,Medium,Own,1
CUST0000030,Customer_30,40,Female,Southwest,Dual Fuel,Small Business,Mobile Home,39,1,1,2,Medium-High,Own,1
CUST0000031,Customer_31,35,Male,Southwest,Electricity,Residential,Condo,24,1,1,5,Low,Own,0
CUST0000032,Customer_32,72,Male,Midwest,Dual Fuel,Residential,House,40,0,0,3,Medium,Rent,0
CUST0000033,Customer_33,44,Female,Northwest,Gas,Residential,House,60,1,0,2,Low,Own,1
CUST0000034,Customer_34,29,Female,Southeast,Dual Fuel,Residential,House,41,0,1,4,Medium,Rent,1
CUST0000035,Customer_35,57,Female,Southeast,Gas,Residential,Townhouse,34,1,1,4,Medium,Own,1
CUST0000036,Customer_36,26,Male,Southeast,Electricity,Commercial,Condo,69,1,1,2,Medium,Rent,0
CUST0000037,Customer_37,48,Female,Southwest,Gas,Small Business,Condo,83,1,0,3,Medium,Rent,1
CUST0000038,Customer_38,18,Female,Midwest,Gas,Commercial,House,17,1,1,2,Medium,Rent,0
CUST0000039,Customer_39,25,Male,Northwest,Gas,Small Business,Townhouse,6,0,1,1,Medium-High,Own,0
CUST0000040,Customer_40,47,Male,Midwest,Electricity,Prepaid,Condo,61,1,1,2,Low,Own,0
CUST0000041,Customer_41,56,Female,Midwest,Multi-Utility,Small Business,Mobile Home,8,1,0,4,Medium,Rent,0
CUST0000042,Customer_42,47,Female,Northwest,Electricity,Prepaid,Apartment,95,1,1,3,Medium,Own,0
CUST0000043,Customer_43,43,Other,Northeast,Electricity,Residential,House,1,1,1,3,Medium,Own,1
CUST0000044,Customer_44,40,Female,Northwest,Gas,Residential,Apartment,91,0,1,2,Medium-High,Rent,1
CUST0000045,Customer_45,22,Female,Northeast,Gas,Small Business,House,32,1,1,3,High,Rent,0
CUST0000046,Customer_46,34,Female,West,Gas,Prepaid,Condo,53,1,0,2,Medium,Rent,0
CUST0000047,Customer_47,38,Male,Northeast,Water,Residential,Condo,18,1,0,3,Medium-High,Own,0
CUST0000048,Customer_48,60,Male,Southeast,Gas,Residential,House,172,1,1,1,Medium-High,Own,1
CUST0000049,Customer_49,50,Male,Southeast,Gas,Residential,House,9,1,1,4,Medium-High,Own,0
CUST0000050,Customer_50,18,Female,Northwest,Water,Small Business,House,11,0,1,2,High,Rent,0
CUST0000051,Customer_51,49,Female,Southeast,Electricity,Residential,Mobile Home,1,1,0,3,Medium,Own,1
CUST0000052,Customer_52,39,Female,Southeast,Gas,Small Business,House,101,0,0,3,High,Own,0
CUST0000053,Customer_53,34,Male,West,Dual Fuel,Prepaid,House,21,1,0,4,High,Rent,1
CUST0000054,Customer_54,54,Female,Southeast,Electricity,Commercial,House,40,0,0,4,Medium,Own,1
CUST0000055,Customer_55,60,Male,Southwest,Gas,Residential,Apartment,41,0,1,2,Medium,Rent,0
CUST0000056,Customer_56,58,Male,Southwest,Multi-Utility,Residential,Condo,74,0,1,4,Medium-High,Own,0
CUST0000057,Customer_57,32,Female,Southwest,Electricity,Residential,Townhouse,39,0,0,2,Medium,Own,0
CUST0000058,Customer_58,40,Female,Northeast,Gas,Residential,House,29,0,1,1,Medium-High,Own,1
CUST0000059,Customer_59,49,Other,Northwest,Multi-Utility,Residential,Condo,44,1,1,5,Medium,Rent,0
CUST0000060,Customer_60,59,Male,Northwest,Electricity,Small Business,Apartment,50,0,0,2,Low,Own,1
CUST0000061,Customer_61,37,Female,Midwest,Electricity,Residential,Mobile Home,7,1,1,2,High,Rent,1
CUST0000062,Customer_62,42,Male,West,Dual Fuel,Commercial,House,4,0,0,1,High,Rent,1
CUST0000063,Customer_63,28,Male,Southwest,Dual Fuel,Commercial,House,2,0,1,3,Low,Rent,1
CUST0000064,Customer_64,27,Female,Southwest,Gas,Residential,Apartment,16,1,0,5,Medium-High,Rent,0
CUST0000065,Customer_65,57,Female,Southeast,Gas,Prepaid,House,24,0,1,2,Medium,Own,1
CUST0000066,Customer_66,65,Female,Southwest,Dual Fuel,Small Business,House,34,0,1,3,Medium-High,Own,0
CUST0000067,Customer_67,43,Male,Southeast,Water,Residential,Condo,114,1,0,3,Medium,Own,1
CUST0000068,Customer_68,60,Female,Southeast,Electricity,Residential,Condo,14,0,0,2,Medium-High,Other,0
CUST0000069,Customer_69,50,Male,Midwest,Electricity,Residential,Apartment,51,1,0,3,Medium,Rent,1
CUST0000070,Customer_70,35,Female,Northeast,Gas,Residential,Condo,27,0,1,3,High,Rent,1
CUST0000071,Customer_71,50,Male,Southeast,Dual Fuel,Small Business,Apartment,8,1,1,2,Medium-High,Own,0
CUST0000072,Customer_72,68,Male,Southeast,Dual Fuel,Residential,Condo,34,0,0,5,Medium,Own,0
CUST0000073,Customer_73,44,Female,Northwest,Multi-Utility,Small Business,Apartment,122,1,0,1,Medium-High,Own,0
CUST0000074,Customer_74,68,Female,Midwest,Dual Fuel,Residential,Condo,4,0,1,1,High,Rent,1
CUST0000075,Customer_75,18,Male,Southeast,Gas,Residential,House,25,0,0,6,Low,Own,1
CUST0000076,Customer_76,57,Male,West,Gas,Small Business,House,1,1,1,4,Medium,Own,0
CUST0000077,Customer_77,46,Female,Northeast,Water,Small Business,Apartment,13,1,0,4,High,Rent,1
CUST0000078,Customer_78,40,Male,West,Water,Residential,Apartment,34,0,1,3,Medium-High,Rent,1
CUST0000079,Customer_79,46,Male,Southwest,Gas,Residential,Townhouse,66,0,1,3,High,Own,1
CUST0000080,Customer_80,18,Male,Northeast,Electricity,Commercial,Apartment,47,1,0,3,Low,Rent,0
CUST0000081,Customer_81,41,Male,Southwest,Multi-Utility,Small Business,House,22,0,1,1,High,Own,1
CUST0000082,Customer_82,50,Female,Northwest,Gas,Residential,House,86,1,1,4,Medium-High,Own,0
CUST0000083,Customer_83,67,Female,Southeast,Electricity,Residential,House,12,1,0,3,Medium-High,Rent,0
CUST0000084,Customer_84,37,Female,Midwest,Gas,Residential,Condo,50,1,0,6,Medium-High,Own,1
CUST0000085,Customer_85,32,Other,West,Water,Residential,Apartment,23,0,0,3,Low,Rent,0
CUST0000086,Customer_86,37,Male,Southwest,Electricity,Small Business,Condo,82,1,1,2,Medium,Own,0
CUST0000087,Customer_87,58,Male,Southeast,Dual Fuel,Commercial,Apartment,57,0,0,3,Medium,Rent,1
CUST0000088,Customer_88,49,Male,West,Electricity,Small Business,Townhouse,83,0,1,1,Medium,Own,1
CUST0000089,Customer_89,37,Male,West,Electricity,Residential,Mobile Home,8,1,1,4,Medium-High,Rent,0
CUST0000090,Customer_90,52,Male,Northwest,Gas,Commercial,Condo,39,1,1,3,Medium-High,Other,0
CUST0000091,Customer_91,46,Female,Northwest,Water,Residential,Townhouse,48,0,1,2,Medium,Own,1
CUST0000092,Customer_92,59,Female,Southwest,Multi-Utility,Commercial,Apartment,48,0,1,6,Medium-High,Own,1
CUST0000093,Customer_93,34,Male,Southeast,Dual Fuel,Residential,Mobile Home,25,1,1,5,Low,Own,0
CUST0000094,Customer_94,40,Female,Midwest,Multi-Utility,Residential,Townhouse,1,0,1,6,Low,Rent,1
CUST0000095,Customer_95,39,Female,Southwest,Electricity,Small Business,Mobile Home,10,1,0,2,Medium,Own,1
CUST0000096,Customer_96,23,Female,West,Electricity,Residential,Condo,14,1,0,4,Medium-High,Own,0
CUST0000097,Customer_97,49,Female,West,Gas,Small Business,Townhouse,68,1,0,5,Medium-High,Rent,0
CUST0000098,Customer_98,48,Female,Northeast,Electricity,Small Business,Apartment,66,0,1,3,Medium,Rent,1
CUST0000099,Customer_99,45,Female,Southeast,Dual Fuel,Residential,House,3,1,0,2,High,Own,0
CUST0000100,Customer_100,41,Female,Northeast,Water,Small Business,Apartment,107,1,0,4,Low,Rent,0
CUST0000101,Customer_101,23,Female,Northwest,Multi-Utility,Residential,Townhouse,7,0,1,5,High,Own,1
CUST0000102,Customer_102,38,Male,Midwest,Electricity,Residential,House,19,1,1,4,High,Rent,1
CUST0000103,Customer_103,39,Male,Southwest,Gas,Prepaid,Apartment,8,0,1,2,Medium-High,Own,1
CUST0000104,Customer_104,32,Female,West,Gas,Commercial,Apartment,70,0,1,2,Low,Own,1
CUST0000105,Customer_105,42,Male,Southeast,Electricity,Residential,Apartment,49,1,1,3,Medium,Rent,1
CUST0000106,Customer_106,51,Male,West,Gas,Residential,Townhouse,15,1,1,3,Low,Own,0
CUST0000107,Customer_107,73,Female,Northwest,Gas,Residential,Townhouse,41,0,1,4,Medium-High,Own,0
CUST0000108,Customer_108,47,Male,Northeast,Gas,Small Business,Apartment,7,1,1,1,Low,Rent,0
CUST0000109,Customer_109,48,Female,Northeast,Electricity,Commercial,House,17,1,1,1,Medium,Rent,0
CUST0000110,Customer_110,43,Female,Southwest,Electricity,Residential,Apartment,17,1,0,2,Medium,Own,1
CUST0000111,Customer_111,18,Other,Southeast,Gas,Commercial,Apartment,9,0,0,2,Low,Rent,1
CUST0000112,Customer_112,44,Female,Northwest,Electricity,Residential,Apartment,75,0,1,3,Medium,Rent,0
CUST0000113,Customer_113,45,Male,Southeast,Electricity,Residential,House,40,0,0,2,Low,Rent,1
CUST0000114,Customer_114,81,Female,Southwest,Electricity,Commercial,Apartment,11,1,0,4,Medium-High,Own,1
CUST0000115,Customer_115,42,Female,Northwest,Electricity,Residential,House,9,0,1,4,Medium,Own,0
CUST0000116,Customer_116,49,Other,Northwest,Electricity,Residential,Condo,1,0,0,2,Medium-High,Own,1
CUST0000117,Customer_117,44,Male,Northeast,Electricity,Small Business,House,15,1,1,5,Medium-High,Own,0
CUST0000118,Customer_118,27,Male,Northeast,Gas,Residential,Apartment,26,1,0,4,Low,Own,0
CUST0000119,Customer_119,62,Female,Northeast,Water,Residential,House,11,1,0,3,Medium,Own,0
CUST0000120,Customer_120,56,Male,West,Gas,Commercial,Mobile Home,43,1,1,5,Medium-High,Rent,0
CUST0000121,Customer_121,56,Female,Midwest,Dual Fuel,Small Business,Apartment,19,1,0,2,High,Rent,0
CUST0000122,Customer_122,31,Male,Northeast,Gas,Commercial,House,13,1,1,3,Medium,Own,0
CUST0000123,Customer_123,66,Male,Midwest,Gas,Residential,Apartment,100,1,1,1,Medium,Own,1
CUST0000124,Customer_124,23,Male,Midwest,Dual Fuel,Residential,Townhouse,10,1,1,3,Medium-High,Own,1
CUST0000125,Customer_125,53,Male,Southeast,Gas,Prepaid,Townhouse,18,1,0,3,Medium-High,Own,0
CUST0000126,Customer_126,77,Female,Southwest,Water,Residential,Condo,17,0,1,3,High,Rent,0
CUST0000127,Customer_127,30,Female,West,Gas,Residential,House,9,0,0,1,Medium,Own,1
CUST0000128,Customer_128,36,Male,Midwest,Gas,Residential,Condo,8,1,1,1,Low,Rent,0
CUST0000129,Customer_129,46,Female,West,Water,Residential,Townhouse,12,1,0,3,Medium-High,Own,0
CUST0000130,Customer_130,37,Male,Southeast,Electricity,Residential,Apartment,71,1,0,2,Low,Rent,0
CUST0000131,Customer_131,21,Female,Northeast,Electricity,Commercial,Townhouse,52,1,1,4,Medium,Rent,0
CUST0000132,Customer_132,46,Male,Northwest,Electricity,Prepaid,House,41,1,1,4,Medium-High,Own,1
CUST0000133,Customer_133,29,Female,Midwest,Electricity,Small Business,House,21,0,1,2,Medium-High,Own,1
CUST0000134,Customer_134,52,Female,Southwest,Electricity,Small Business,Townhouse,25,1,1,1,Medium-High,Rent,0
CUST0000135,Customer_135,31,Female,Northwest,Gas,Commercial,Condo,11,0,0,2,Low,Own,1
CUST0000136,Customer_136,68,Female,Southeast,Water,Small Business,House,2,1,0,4,High,Own,1
CUST0000137,Customer_137,33,Female,West,Water,Residential,Apartment,14,1,1,6,Low,Own,0
CUST0000138,Customer_138,40,Other,Northeast,Electricity,Residential,Townhouse,24,1,0,2,Low,Own,0
CUST0000139,Customer_139,57,Female,West,Multi-Utility,Residential,House,2,1,1,4,Medium-High,Own,0
CUST0000140,Customer_140,26,Female,Southwest,Gas,Residential,House,3,0,1,5,High,Own,1
CUST0000141,Customer_141,48,Female,Midwest,Electricity,Residential,House,10,1,0,1,Medium-High,Other,0
CUST0000142,Customer_142,64,Male,Southwest,Dual Fuel,Residential,Mobile Home,16,0,1,5,Medium-High,Own,1
CUST0000143,Customer_143,20,Female,West,Water,Residential,Mobile Home,17,1,1,3,Medium,Own,0
CUST0000144,Customer_144,47,Male,West,Water,Residential,Apartment,4,1,1,6,Low,Own,0
CUST0000145,Customer_145,48,Female,Northwest,Electricity,Residential,Apartment,9,1,0,3,Medium-High,Own,0
CUST0000146,Customer_146,56,Female,Southwest,Gas,Residential,House,10,0,0,2,Medium,Rent,0
CUST0000147,Customer_147,26,Female,Southwest,Dual Fuel,Small Business,House,2,0,1,6,High,Other,1
CUST0000148,Customer_148,25,Male,Southwest,Gas,Residential,Townhouse,14,1,0,2,Low,Rent,1
CUST0000149,Customer_149,52,Male,Northeast,Water,Commercial,House,2,1,1,5,Medium,Own,0
CUST0000150,Customer_150,49,Female,West,Gas,Prepaid,Apartment,43,1,1,2,Medium,Own,0
CUST0000151,Customer_151,48,Female,Southeast,Dual Fuel,Small Business,Condo,17,1,1,4,Medium,Own,0
CUST0000152,Customer_152,50,Male,Northeast,Electricity,Small Business,House,14,1,1,3,Medium,Own,1
CUST0000153,Customer_153,34,Male,Northeast,Gas,Commercial,Apartment,4,1,0,6,Medium,Own,0
CUST0000154,Customer_154,48,Female,Northeast,Electricity,Residential,Apartment,9,0,1,2,Low,Rent,0
CUST0000155,Customer_155,49,Female,Northwest,Water,Prepaid,Condo,9,0,0,3,Medium-High,Own,1
CUST0000156,Customer_156,34,Male,Southeast,Water,Small Business,House,151,1,1,3,Medium,Own,1
CUST0000157,Customer_157,72,Male,Southwest,Electricity,Small Business,House,64,0,0,6,Medium-High,Rent,0
CUST0000158,Customer_158,52,Male,Northwest,Water,Residential,Apartment,1,0,1,2,Medium,Rent,0
CUST0000159,Customer_159,27,Other,West,Gas,Residential,Mobile Home,34,0,1,2,Medium-High,Own,0
CUST0000160,Customer_160,54,Male,Midwest,Electricity,Small Business,House,10,0,0,3,Medium-High,Own,1
CUST0000161,Customer_161,30,Male,Northwest,Gas,Small Business,Mobile Home,3,1,1,2,Medium-High,Rent,1
CUST0000162,Customer_162,56,Male,Midwest,Electricity,Small Business,Condo,44,0,0,4,Medium,Own,0
CUST0000163,Customer_163,62,Male,West,Gas,Residential,Townhouse,5,0,0,1,Medium-High,Rent,0
CUST0000164,Customer_164,32,Female,Southeast,Electricity,Residential,House,21,1,0,4,Medium,Own,1
CUST0000165,Customer_165,59,Male,Midwest,Water,Residential,House,36,1,1,3,Medium-High,Own,1
CUST0000166,Customer_166,51,Male,Northeast,Water,Residential,House,29,1,0,2,Medium,Own,0
CUST0000167,Customer_167,57,Male,Northwest,Gas,Residential,Apartment,136,0,1,3,Low,Rent,1
CUST0000168,Customer_168,73,Male,Midwest,Electricity,Residential,Mobile Home,55,0,0,4,Medium-High,Rent,1
CUST0000169,Customer_169,41,Male,West,Multi-Utility,Residential,House,53,0,1,3,Medium,Rent,0
CUST0000170,Customer_170,33,Female,Northeast,Water,Residential,Apartment,15,0,1,1,High,Rent,1
CUST0000171,Customer_171,31,Female,Midwest,Electricity,Residential,House,1,0,1,1,Medium,Own,0
CUST0000172,Customer_172,32,Female,West,Dual Fuel,Commercial,Condo,47,1,0,4,High,Rent,0
CUST0000173,Customer_173,43,Female,Southeast,Electricity,Small Business,House,240,1,1,2,Medium,Rent,0
CUST0000174,Customer_174,50,Female,West,Gas,Small Business,House,18,1,0,5,Low,Rent,0
CUST0000175,Customer_175,49,Male,Southeast,Gas,Residential,House,152,1,1,3,Low,Own,1
CUST0000176,Customer_176,57,Female,Northeast,Gas,Small Business,Townhouse,5,1,1,3,Low,Rent,1
CUST0000177,Customer_177,45,Female,West,Dual Fuel,Residential,House,12,1,0,3,Low,Rent,0
CUST0000178,Customer_178,66,Female,Southwest,Gas,Prepaid,House,6,1,0,3,Medium,Rent,1
CUST0000179,Customer_179,41,Female,Northwest,Electricity,Small Business,House,23,1,0,5,Medium,Own,1
CUST0000180,Customer_180,85,Male,Southwest,Multi-Utility,Small Business,Mobile Home,57,0,0,3,Low,Rent,1
CUST0000181,Customer_181,54,Female,Southwest,Multi-Utility,Commercial,Apartment,14,0,0,1,Medium,Rent,1
CUST0000182,Customer_182,32,Female,Southwest,Water,Residential,Condo,85,1,1,3,Medium,Own,0
CUST0000183,Customer_183,28,Other,Northwest,Gas,Residential,Condo,28,0,0,3,Medium-High,Own,0
CUST0000184,Customer_184,52,Male,Southwest,Electricity,Small Business,House,22,1,1,4,Low,Own,0
CUST0000185,Customer_185,41,Male,Southeast,Water,Residential,Apartment,55,1,1,5,High,Rent,0
CUST0000186,Customer_186,55,Male,West,Electricity,Residential,House,3,1,1,3,Medium,Rent,1
CUST0000187,Customer_187,52,Female,Northeast,Electricity,Small Business,Apartment,53,0,1,2,Medium-High,Own,1
CUST0000188,Customer_188,43,Male,Southwest,Gas,Residential,Apartment,10,1,1,3,Low,Rent,1
CUST0000189,Customer_189,32,Male,Southwest,Electricity,Small Business,Apartment,11,1,1,5,Medium-High,Own,0
CUST0000190,Customer_190,22,Other,Northeast,Electricity,Commercial,House,32,1,1,6,Medium,Own,0
CUST0000191,Customer_191,38,Male,Northeast,Gas,Residential,House,83,0,1,6,High,Own,0
CUST0000192,Customer_192,57,Female,Southwest,Electricity,Residential,Townhouse,31,1,1,2,High,Own,1
CUST0000193,Customer_193,48,Male,Southeast,Electricity,Residential,Condo,37,1,1,3,Medium-High,Rent,1
CUST0000194,Customer_194,26,Female,Northeast,Electricity,Residential,House,53,1,0,2,Medium-High,Other,0
CUST0000195,Customer_195,47,Female,West,Electricity,Residential,House,10,1,1,2,Medium-High,Own,0
CUST0000196,Customer_196,50,Female,West,Water,Residential,Townhouse,63,1,1,1,Low,Rent,1
CUST0000197,Customer_197,31,Female,Southeast,Dual Fuel,Residential,Townhouse,19,0,1,2,Medium-High,Rent,0
CUST0000198,Customer_198,47,Male,Northwest,Gas,Residential,Mobile Home,6,1,1,2,Low,Own,0
CUST0000199,Customer_199,45,Male,Midwest,Gas,Small Business,House,15,0,1,2,Medium-High,Own,0
CUST0000200,Customer_200,27,Male,Southeast,Electricity,Commercial,Apartment,10,1,1,2,Low,Rent,0
CUST0000201,Customer_201,50,Female,Southwest,Electricity,Small Business,House,9,0,0,2,Medium,Rent,0
CUST0000202,Customer_202,53,Female,Midwest,Electricity,Residential,Condo,11,1,1,4,Medium,Own,0
CUST0000203,Customer_203,61,Male,Southwest,Gas,Residential,House,7,1,0,2,Medium,Own,1
CUST0000204,Customer_204,60,Female,West,Water,Small Business,House,39,1,1,4,Medium-High,Rent,1
CUST0000205,Customer_205,24,Male,Northeast,Gas,Residential,House,31,1,0,2,Medium,Own,0
CUST0000206,Customer_206,30,Female,Southwest,Electricity,Residential,Condo,37,1,0,4,High,Rent,1
CUST0000207,Customer_207,52,Other,West,Electricity,Commercial,Apartment,15,0,0,2,Medium,Own,0
CUST0000208,Customer_208,52,Male,Southeast,Water,Residential,Condo,52,1,1,2,Medium-High,Own,1
CUST0000209,Customer_209,52,Female,Southwest,Electricity,Residential,Townhouse,4,1,1,4,Medium-High,Own,1
CUST0000210,Customer_210,85,Male,West,Water,Commercial,Condo,30,1,1,5,Medium,Own,1
CUST0000211,Customer_211,53,Female,Northeast,Gas,Commercial,Apartment,11,1,1,1,Medium-High,Own,1
CUST0000212,Customer_212,62,Female,Southwest,Water,Residential,Mobile Home,26,0,1,1,Medium,Own,0
CUST0000213,Customer_213,59,Male,Northwest,Dual Fuel,Residential,Apartment,14,1,1,5,Low,Rent,1
CUST0000214,Customer_214,54,Male,West,Multi-Utility,Small Business,House,56,1,1,1,Low,Own,1
CUST0000215,Customer_215,40,Male,Southwest,Gas,Small Business,Mobile Home,79,0,0,2,Medium-High,Rent,1
CUST0000216,Customer_216,56,Female,Northeast,Gas,Residential,House,48,0,0,5,Low,Rent,0
CUST0000217,Customer_217,33,Female,Southwest,Electricity,Small Business,Apartment,6,1,0,4,Low,Rent,0
CUST0000218,Customer_218,41,Male,Southwest,Multi-Utility,Prepaid,House,11,0,1,2,Medium,Own,1
CUST0000219,Customer_219,37,Female,Northwest,Gas,Residential,Apartment,90,1,0,6,Medium,Rent,1
CUST0000220,Customer_220,46,Female,West,Electricity,Commercial,Apartment,20,1,1,3,Medium-High,Rent,0
CUST0000221,Customer_221,79,Male,Midwest,Gas,Prepaid,House,101,1,1,1,Low,Own,0
CUST0000222,Customer_222,18,Male,Southwest,Electricity,Residential,Apartment,17,1,0,4,Low,Own,0
CUST0000223,Customer_223,55,Female,Midwest,Gas,Small Business,Townhouse,109,1,1,3,Medium,Own,0
CUST0000224,Customer_224,20,Female,Southeast,Gas,Residential,House,93,0,1,3,Medium,Own,0
CUST0000225,Customer_225,37,Male,Southwest,Electricity,Small Business,Apartment,38,1,0,6,Medium-High,Rent,0
CUST0000226,Customer_226,61,Male,Midwest,Electricity,Small Business,House,1,1,1,2,Medium-High,Rent,1
CUST0000227,Customer_227,45,Male,Southeast,Multi-Utility,Residential,Townhouse,18,0,1,4,High,Rent,1
CUST0000228,Customer_228,28,Female,Northwest,Water,Small Business,Condo,87,1,1,3,Medium,Own,1
CUST0000229,Customer_229,34,Male,West,Dual Fuel,Commercial,Townhouse,77,1,0,2,Medium-High,Other,0
CUST0000230,Customer_230,55,Male,Southwest,Electricity,Residential,House,7,0,0,4,Medium-High,Rent,1
CUST0000231,Customer_231,34,Female,West,Water,Residential,House,18,1,1,4,Medium-High,Own,1
CUST0000232,Customer_232,48,Female,Southeast,Gas,Residential,House,64,1,1,5,High,Rent,0
CUST0000233,Customer_233,45,Male,West,Electricity,Small Business,House,31,1,1,5,Medium,Own,0
CUST0000234,Customer_234,35,Male,West,Electricity,Prepaid,Apartment,67,1,1,3,Medium,Own,1
CUST0000235,Customer_235,77,Female,Northeast,Electricity,Commercial,Mobile Home,63,1,1,2,High,Rent,0
CUST0000236,Customer_236,54,Male,Southeast,Electricity,Residential,Apartment,85,1,0,3,Low,Rent,0
CUST0000237,Customer_237,18,Male,West,Multi-Utility,Residential,Mobile Home,4,0,0,2,Low,Own,0
CUST0000238,Customer_238,47,Female,Midwest,Electricity,Residential,House,5,1,0,2,Medium,Rent,0
CUST0000239,Customer_239,35,Male,Southeast,Gas,Residential,Mobile Home,3,1,1,3,Medium,Own,1
CUST0000240,Customer_240,57,Female,Northeast,Gas,Residential,House,98,1,1,4,Medium,Rent,0
CUST0000241,Customer_241,33,Female,Southwest,Electricity,Residential,Mobile Home,23,1,1,3,High,Own,0
CUST0000242,Customer_242,43,Male,Northwest,Gas,Residential,House,2,0,1,6,Medium,Other,1
CUST0000243,Customer_243,52,Male,West,Electricity,Prepaid,Mobile Home,13,0,1,2,Medium-High,Rent,0
CUST0000244,Customer_244,57,Female,Midwest,Water,Small Business,House,15,1,0,2,Medium,Own,1
CUST0000245,Customer_245,26,Female,Northeast,Electricity,Small Business,House,59,1,0,4,Medium,Rent,1
CUST0000246,Customer_246,39,Female,Southeast,Gas,Residential,Apartment,47,1,1,3,Medium,Rent,0
CUST0000247,Customer_247,37,Female,Northwest,Water,Prepaid,Apartment,42,1,1,1,Medium-High,Own,1
CUST0000248,Customer_248,35,Male,Northwest,Dual Fuel,Small Business,Condo,1,0,1,2,Medium,Rent,0
CUST0000249,Customer_249,71,Female,West,Dual Fuel,Commercial,Mobile Home,86,0,0,2,Medium-High,Other,0
CUST0000250,Customer_250,51,Male,Northeast,Gas,Residential,Condo,8,0,1,4,Medium-High,Own,1
CUST0000251,Customer_251,26,Male,Northeast,Electricity,Residential,Condo,35,1,1,5,Medium,Own,1
CUST0000252,Customer_252,58,Male,Midwest,Gas,Residential,House,2,0,0,2,Low,Own,1
CUST0000253,Customer_253,76,Male,Southwest,Water,Residential,Condo,3,1,1,1,Low,Own,1
CUST0000254,Customer_254,60,Female,Southwest,Dual Fuel,Small Business,Apartment,1,1,0,2,Medium,Own,0
CUST0000255,Customer_255,22,Male,Southwest,Electricity,Commercial,Townhouse,30,1,1,2,Medium-High,Own,0
CUST0000256,Customer_256,37,Male,Northwest,Electricity,Residential,Apartment,35,1,1,2,Medium-High,Other,1
CUST0000257,Customer_257,64,Male,Northwest,Water,Residential,Condo,1,1,0,2,Medium,Rent,1
CUST0000258,Customer_258,34,Female,Southeast,Gas,Small Business,House,12,1,1,3,High,Rent,0
CUST0000259,Customer_259,51,Female,Northwest,Electricity,Residential,House,68,1,0,2,Low,Other,1
CUST0000260,Customer_260,56,Male,Northwest,Gas,Small Business,Apartment,3,1,0,3,Medium,Own,1
CUST0000261,Customer_261,31,Male,Northeast,Gas,Small Business,House,8,1,1,2,Medium-High,Rent,1
CUST0000262,Customer_262,44,Male,Southeast,Multi-Utility,Residential,House,19,1,1,4,Medium,Own,1
CUST0000263,Customer_263,18,Female,Northeast,Gas,Commercial,House,66,1,0,6,High,Rent,0
CUST0000264,Customer_264,29,Female,Midwest,Electricity,Residential,Townhouse,10,1,0,3,Medium,Own,1
CUST0000265,Customer_265,41,Female,Midwest,Electricity,Commercial,House,210,1,1,1,Low,Own,1
CUST0000266,Customer_266,26,Female,Southeast,Electricity,Small Business,Townhouse,15,1,1,2,Low,Own,0
CUST0000267,Customer_267,69,Male,Southeast,Gas,Commercial,House,17,1,0,1,Medium,Rent,0
CUST0000268,Customer_268,23,Female,Northwest,Gas,Residential,House,4,1,0,2,Medium-High,Rent,0
CUST0000269,Customer_269,38,Female,Midwest,Electricity,Residential,Apartment,41,1,1,3,High,Own,1
CUST0000270,Customer_270,46,Male,West,Water,Residential,Apartment,10,0,1,3,Medium-High,Own,1
CUST0000271,Customer_271,66,Male,Southwest,Water,Residential,Apartment,35,1,0,2,Medium-High,Rent,0
CUST0000272,Customer_272,23,Female,Northwest,Electricity,Commercial,Apartment,9,0,1,4,Medium,Own,0
CUST0000273,Customer_273,62,Female,Southwest,Electricity,Residential,House,17,0,0,1,Low,Rent,1
CUST0000274,Customer_274,45,Male,Midwest,Multi-Utility,Commercial,Condo,69,1,1,2,Medium-High,Own,0
CUST0000275,Customer_275,30,Female,Southwest,Electricity,Residential,Apartment,48,0,0,4,High,Own,0
CUST0000276,Customer_276,51,Female,West,Water,Residential,House,6,0,0,2,Medium-High,Own,0
CUST0000277,Customer_277,47,Male,West,Gas,Commercial,Townhouse,33,0,1,4,Medium,Rent,0
CUST0000278,Customer_278,35,Male,Northeast,Water,Residential,Condo,35,0,0,6,Medium-High,Own,1
CUST0000279,Customer_279,46,Male,Southeast,Water,Small Business,Apartment,3,1,0,4,Medium,Own,1
CUST0000280,Customer_280,39,Female,Southwest,Water,Residential,Townhouse,22,0,1,2,Low,Rent,0
CUST0000281,Customer_281,46,Male,West,Dual Fuel,Commercial,Mobile Home,10,1,1,3,Medium-High,Own,0
CUST0000282,Customer_282,54,Male,Southeast,Multi-Utility,Small Business,Apartment,22,0,0,3,Medium,Own,0
CUST0000283,Customer_283,68,Female,Southeast,Gas,Small Business,House,54,1,1,6,Medium,Other,0
CUST0000284,Customer_284,26,Female,Northeast,Electricity,Residential,Mobile Home,6,0,1,6,Medium-High,Rent,1
CUST0000285,Customer_285,76,Male,Southeast,Electricity,Residential,House,4,0,1,1,Medium,Own,1
CUST0000286,Customer_286,18,Male,Southeast,Water,Commercial,House,11,0,1,5,Medium,Own,1
CUST0000287,Customer_287,42,Female,Northwest,Water,Commercial,House,109,1,1,2,Medium-High,Own,0
CUST0000288,Customer_288,53,Female,Midwest,Electricity,Residential,Condo,49,1,1,2,Medium,Rent,1
CUST0000289,Customer_289,49,Female,Northeast,Electricity,Residential,Mobile Home,1,1,0,2,Medium-High,Rent,0
CUST0000290,Customer_290,35,Male,Northeast,Water,Residential,Condo,18,1,1,2,Medium,Rent,0
CUST0000291,Customer_291,41,Female,Southwest,Electricity,Residential,Mobile Home,10,1,1,5,High,Rent,1
CUST0000292,Customer_292,37,Female,Southeast,Gas,Small Business,House,36,1,0,2,Medium-High,Own,1
CUST0000293,Customer_293,36,Female,Southwest,Water,Residential,House,22,0,0,4,Medium,Own,0
CUST0000294,Customer_294,57,Female,Northwest,Gas,Residential,Condo,120,1,0,6,Low,Rent,0
CUST0000295,Customer_295,50,Male,West,Electricity,Small Business,Mobile Home,8,0,0,4,Medium-High,Own,1
CUST0000296,Customer_296,34,Male,Southeast,Electricity,Residential,Apartment,31,1,0,2,Medium,Rent,1
CUST0000297,Customer_297,58,Female,West,Electricity,Small Business,House,43,0,0,4,Medium-High,Own,0
CUST0000298,Customer_298,49,Female,Midwest,Electricity,Prepaid,House,62,1,0,3,Low,Own,0
CUST0000299,Customer_299,57,Female,Northwest,Gas,Residential,House,18,1,1,4,Medium-High,Rent,1
CUST0000300,Customer_300,54,Male,Southeast,Gas,Small Business,House,41,1,1,2,Medium,Rent,1
CUST0000301,Customer_301,32,Female,Southwest,Electricity,Residential,House,13,1,0,3,Medium,Rent,0
CUST0000302,Customer_302,36,Female,Southwest,Electricity,Residential,Mobile Home,20,1,1,4,High,Rent,1
CUST0000303,Customer_303,56,Male,Southeast,Electricity,Residential,Apartment,81,0,1,4,Medium,Own,1
CUST0000304,Customer_304,54,Male,Southwest,Multi-Utility,Residential,Condo,107,1,1,6,Medium-High,Rent,0
CUST0000305,Customer_305,44,Female,Southeast,Gas,Residential,House,45,1,1,1,Medium-High,Rent,0
CUST0000306,Customer_306,46,Female,Northeast,Dual Fuel,Residential,House,16,0,0,2,Low,Own,0
CUST0000307,Customer_307,64,Female,Southwest,Dual Fuel,Commercial,Apartment,61,1,1,3,Medium-High,Rent,1
CUST0000308,Customer_308,36,Female,Southeast,Gas,Small Business,Townhouse,1,0,1,2,Medium,Rent,1
CUST0000309,Customer_309,53,Male,Southeast,Water,Prepaid,Apartment,3,0,1,2,Medium-High,Rent,1
CUST0000310,Customer_310,41,Male,Southwest,Electricity,Small Business,Townhouse,38,1,0,2,Medium-High,Rent,0
CUST0000311,Customer_311,41,Female,Northeast,Water,Residential,Townhouse,12,1,1,4,Medium,Rent,1
CUST0000312,Customer_312,61,Female,Southwest,Electricity,Residential,House,108,1,0,5,Medium,Own,0
CUST0000313,Customer_313,57,Female,Southeast,Dual Fuel,Residential,House,20,1,1,1,Medium-High,Own,0
CUST0000314,Customer_314,57,Female,Northeast,Electricity,Residential,Condo,20,0,1,2,Medium-High,Rent,0
CUST0000315,Customer_315,64,Male,West,Water,Small Business,Apartment,40,1,1,2,Medium-High,Rent,0
CUST0000316,Customer_316,45,Female,Midwest,Electricity,Residential,House,52,0,0,3,Low,Own,0
CUST0000317,Customer_317,55,Male,Southwest,Dual Fuel,Residential,Apartment,23,1,1,4,Medium-High,Own,0
CUST0000318,Customer_318,40,Male,Northwest,Electricity,Residential,Apartment,8,0,0,1,Medium,Own,0
CUST0000319,Customer_319,49,Male,Southeast,Water,Residential,Mobile Home,53,0,0,3,Medium-High,Rent,0
CUST0000320,Customer_320,43,Male,Northeast,Gas,Residential,House,13,1,1,1,Low,Own,1
CUST0000321,Customer_321,46,Male,Northeast,Electricity,Residential,House,6,1,1,6,Medium,Rent,1
CUST0000322,Customer_322,53,Male,West,Gas,Small Business,Apartment,35,1,1,5,Medium-High,Own,0
CUST0000323,Customer_323,32,Male,Southwest,Multi-Utility,Residential,Condo,3,0,1,5,Medium,Rent,1
CUST0000324,Customer_324,76,Male,Northwest,Electricity,Small Business,Condo,127,1,0,1,High,Rent,0
CUST0000325,Customer_325,29,Female,Northeast,Dual Fuel,Residential,Mobile Home,36,1,1,3,Medium-High,Rent,1
CUST0000326,Customer_326,26,Male,West,Gas,Residential,Townhouse,153,1,1,2,High,Own,1
CUST0000327,Customer_327,62,Male,Southeast,Dual Fuel,Commercial,Apartment,14,0,1,3,Medium,Rent,1
CUST0000328,Customer_328,56,Female,West,Electricity,Small Business,House,127,0,1,2,Low,Own,0
CUST0000329,Customer_329,54,Female,Southwest,Gas,Residential,Apartment,5,1,1,4,Medium-High,Own,1
CUST0000330,Customer_330,54,Female,West,Dual Fuel,Commercial,Condo,1,0,1,3,Medium,Own,1
CUST0000331,Customer_331,44,Male,Northeast,Gas,Residential,Townhouse,1,1,1,3,Medium,Own,0
CUST0000332,Customer_332,31,Female,Northeast,Gas,Residential,Mobile Home,22,1,1,4,Medium-High,Own,0
CUST0000333,Customer_333,46,Male,Midwest,Electricity,Small Business,Condo,3,1,1,3,Medium-High,Rent,0
CUST0000334,Customer_334,34,Male,West,Electricity,Small Business,Apartment,25,1,1,2,Low,Own,0
CUST0000335,Customer_335,59,Male,Southeast,Gas,Residential,House,14,1,0,3,Medium-High,Rent,1
CUST0000336,Customer_336,42,Female,Northwest,Water,Residential,House,14,0,0,6,Medium,Own,1
CUST0000337,Customer_337,32,Male,Northwest,Gas,Commercial,House,36,0,1,3,Medium-High,Other,0
CUST0000338,Customer_338,40,Male,Southwest,Electricity,Residential,House,6,1,0,3,Medium,Own,0
CUST0000339,Customer_339,51,Male,Midwest,Gas,Residential,Apartment,52,0,1,5,Medium,Own,0
CUST0000340,Customer_340,36,Female,West,Electricity,Residential,House,31,0,1,3,Medium-High,Own,0
CUST0000341,Customer_341,32,Female,Southeast,Gas,Commercial,Condo,88,0,0,6,Medium-High,Rent,1
CUST0000342,Customer_342,48,Male,Midwest,Dual Fuel,Residential,Apartment,16,1,1,2,Medium,Other,1
CUST0000343,Customer_343,48,Female,Northeast,Water,Small Business,Apartment,146,1,0,3,Medium-High,Rent,0
CUST0000344,Customer_344,37,Female,Southwest,Electricity,Small Business,Apartment,30,1,1,2,Medium,Own,0
CUST0000345,Customer_345,37,Female,West,Dual Fuel,Residential,House,130,0,0,3,Medium-High,Own,0
CUST0000346,Customer_346,48,Male,Northwest,Gas,Small Business,Mobile Home,1,0,1,2,Medium-High,Own,1
CUST0000347,Customer_347,23,Female,Southeast,Water,Prepaid,House,46,0,1,2,Medium-High,Own,1
CUST0000348,Customer_348,23,Male,Northeast,Electricity,Residential,Mobile Home,61,0,1,2,Medium,Rent,1
CUST0000349,Customer_349,34,Female,Midwest,Water,Residential,House,1,0,0,2,Medium,Own,0
CUST0000350,Customer_350,41,Male,Southwest,Electricity,Commercial,Apartment,31,1,1,1,Medium,Own,1
CUST0000351,Customer_351,49,Male,Midwest,Gas,Small Business,House,58,1,0,4,Medium,Own,0
CUST0000352,Customer_352,67,Male,Northwest,Electricity,Residential,House,29,0,0,2,Medium,Own,0
CUST0000353,Customer_353,57,Female,Midwest,Electricity,Small Business,Apartment,2,1,1,3,Medium,Rent,1
CUST0000354,Customer_354,42,Male,Southeast,Electricity,Small Business,Condo,42,1,0,1,Medium-High,Own,0
CUST0000355,Customer_355,44,Female,Northeast,Electricity,Small Business,House,2,1,1,1,Low,Own,1
CUST0000356,Customer_356,29,Male,West,Electricity,Commercial,Apartment,61,0,1,5,High,Rent,1
CUST0000357,Customer_357,44,Female,Southeast,Water,Residential,House,1,1,1,4,Low,Own,1
CUST0000358,Customer_358,40,Female,Northwest,Electricity,Residential,Apartment,5,1,1,4,High,Own,0
CUST0000359,Customer_359,49,Female,Southwest,Gas,Small Business,Mobile Home,11,0,0,3,High,Rent,0
CUST0000360,Customer_360,32,Female,Northwest,Electricity,Residential,Townhouse,36,1,1,1,Medium,Other,0
CUST0000361,Customer_361,52,Female,Northwest,Multi-Utility,Small Business,Apartment,134,1,1,1,High,Rent,0
CUST0000362,Customer_362,67,Male,Midwest,Multi-Utility,Residential,House,4,1,1,3,High,Other,1
CUST0000363,Customer_363,43,Female,Southwest,Electricity,Residential,House,5,1,1,4,Low,Rent,1
CUST0000364,Customer_364,51,Male,Southeast,Gas,Residential,Mobile Home,16,1,1,5,High,Own,1
CUST0000365,Customer_365,55,Female,Northwest,Electricity,Small Business,House,65,1,1,2,Low,Own,1
CUST0000366,Customer_366,38,Female,Southeast,Multi-Utility,Small Business,Townhouse,22,1,1,2,Low,Rent,0
CUST0000367,Customer_367,48,Male,West,Gas,Residential,Apartment,13,0,1,1,Medium-High,Own,1
CUST0000368,Customer_368,45,Male,Midwest,Electricity,Residential,Mobile Home,29,0,1,4,Low,Own,0
CUST0000369,Customer_369,46,Male,Southeast,Electricity,Residential,Apartment,10,0,1,2,Low,Rent,0
CUST0000370,Customer_370,33,Female,Southwest,Electricity,Small Business,Apartment,18,1,0,3,High,Own,0
CUST0000371,Customer_371,45,Female,Northwest,Electricity,Residential,Condo,14,0,1,5,High,Own,1
CUST0000372,Customer_372,52,Female,West,Water,Small Business,Mobile Home,58,1,0,4,Medium-High,Rent,1
CUST0000373,Customer_373,66,Female,Southwest,Gas,Residential,Mobile Home,92,0,1,1,Medium,Rent,1
CUST0000374,Customer_374,59,Female,Midwest,Electricity,Residential,Condo,51,1,1,1,High,Own,0
CUST0000375,Customer_375,77,Male,West,Electricity,Small Business,Townhouse,20,1,1,4,Low,Own,1
CUST0000376,Customer_376,33,Male,West,Electricity,Residential,Apartment,25,0,1,3,High,Own,0
CUST0000377,Customer_377,58,Female,West,Electricity,Residential,Townhouse,4,1,1,4,Medium,Own,1
CUST0000378,Customer_378,47,Female,Northwest,Dual Fuel,Residential,Townhouse,49,1,1,2,High,Rent,0
CUST0000379,Customer_379,77,Female,Northeast,Electricity,Residential,Apartment,32,0,0,5,Medium-High,Rent,0
CUST0000380,Customer_380,32,Male,West,Gas,Residential,Condo,83,1,1,4,High,Own,0
CUST0000381,Customer_381,32,Male,Southwest,Electricity,Residential,Apartment,8,1,1,5,High,Rent,0
CUST0000382,Customer_382,36,Male,Southwest,Electricity,Small Business,Apartment,51,1,0,2,High,Rent,1
CUST0000383,Customer_383,18,Male,Midwest,Gas,Small Business,Townhouse,41,0,1,2,Medium-High,Rent,0
CUST0000384,Customer_384,37,Male,Southeast,Gas,Small Business,Apartment,11,1,0,2,Medium-High,Own,1
CUST0000385,Customer_385,33,Female,Southeast,Gas,Residential,House,39,1,1,5,Medium-High,Own,0
CUST0000386,Customer_386,47,Male,Northeast,Gas,Small Business,Apartment,92,1,0,2,Low,Rent,1
CUST0000387,Customer_387,50,Female,Northwest,Gas,Small Business,House,90,1,1,1,Medium-High,Other,0
CUST0000388,Customer_388,73,Male,Northwest,Electricity,Residential,Apartment,45,1,1,2,Low,Own,1
CUST0000389,Customer_389,59,Female,West,Gas,Small Business,Mobile Home,1,0,0,4,High,Rent,0
CUST0000390,Customer_390,36,Male,Northeast,Water,Commercial,Condo,74,0,1,5,Low,Rent,1
CUST0000391,Customer_391,31,Male,Midwest,Electricity,Residential,Townhouse,38,0,1,4,High,Rent,0
CUST0000392,Customer_392,52,Male,Midwest,Gas,Commercial,House,13,1,1,3,Medium,Own,1
CUST0000393,Customer_393,25,Other,Southeast,Electricity,Residential,Mobile Home,7,0,1,6,Low,Rent,1
CUST0000394,Customer_394,72,Female,Midwest,Electricity,Residential,Condo,4,0,1,1,High,Rent,1
CUST0000395,Customer_395,62,Male,West,Gas,Residential,House,1,0,1,5,Low,Rent,1
CUST0000396,Customer_396,37,Male,Southwest,Dual Fuel,Small Business,Condo,50,1,1,3,Medium,Rent,0
CUST0000397,Customer_397,19,Female,Midwest,Dual Fuel,Residential,Mobile Home,9,1,1,3,Medium-High,Own,1
CUST0000398,Customer_398,65,Male,Northeast,Electricity,Commercial,House,1,1,1,1,Medium,Own,1
CUST0000399,Customer_399,43,Male,West,Gas,Commercial,Apartment,18,1,0,1,Medium,Own,0
CUST0000400,Customer_400,63,Female,Midwest,Gas,Small Business,Mobile Home,23,1,1,2,Medium-High,Own,1
CUST0000401,Customer_401,21,Female,Northwest,Electricity,Residential,House,6,0,1,2,High,Own,1
CUST0000402,Customer_402,36,Male,Midwest,Water,Commercial,Condo,1,0,1,3,Low,Own,0
CUST0000403,Customer_403,45,Male,Northwest,Water,Commercial,Apartment,7,0,0,1,Low,Rent,0
CUST0000404,Customer_404,45,Female,West,Dual Fuel,Residential,House,40,1,0,1,Medium,Rent,0
CUST0000405,Customer_405,38,Male,Midwest,Electricity,Small Business,Condo,3,1,1,5,Medium,Own,0
CUST0000406,Customer_406,54,Male,Northwest,Electricity,Small Business,House,29,0,0,5,Medium,Rent,0
CUST0000407,Customer_407,28,Female,Southwest,Dual Fuel,Small Business,Townhouse,5,0,1,6,Medium,Own,1
CUST0000408,Customer_408,42,Female,Southeast,Water,Residential,House,7,1,1,4,Medium-High,Own,1
CUST0000409,Customer_409,46,Male,West,Dual Fuel,Residential,House,17,0,1,4,High,Rent,0
CUST0000410,Customer_410,52,Other,Northwest,Electricity,Residential,Apartment,3,1,0,4,Low,Own,1
CUST0000411,Customer_411,55,Female,Northeast,Gas,Residential,Apartment,6,0,1,4,Medium,Rent,0
CUST0000412,Customer_412,28,Male,Midwest,Gas,Small Business,House,15,1,1,2,Medium-High,Own,0
CUST0000413,Customer_413,21,Other,Northwest,Electricity,Prepaid,Townhouse,14,1,0,2,Low,Rent,0
CUST0000414,Customer_414,64,Male,Northwest,Gas,Prepaid,Mobile Home,49,1,1,2,Medium-High,Own,1
CUST0000415,Customer_415,49,Male,Northwest,Gas,Small Business,Townhouse,2,0,1,4,Medium,Own,1
CUST0000416,Customer_416,33,Female,Southeast,Electricity,Small Business,Apartment,70,0,1,4,Medium,Own,1
CUST0000417,Customer_417,68,Male,Northeast,Electricity,Residential,Townhouse,60,1,0,3,Medium,Rent,0
CUST0000418,Customer_418,46,Male,Northeast,Gas,Small Business,Mobile Home,52,1,0,1,Medium,Own,0
CUST0000419,Customer_419,62,Male,Southwest,Gas,Residential,Apartment,13,1,1,2,Medium-High,Own,1
CUST0000420,Customer_420,46,Male,Southeast,Dual Fuel,Residential,House,62,1,1,4,High,Own,0
CUST0000421,Customer_421,75,Female,Northwest,Electricity,Small Business,House,7,0,1,3,Medium,Own,1
CUST0000422,Customer_422,71,Female,West,Electricity,Residential,Apartment,4,1,0,3,Medium-High,Own,0
CUST0000423,Customer_423,41,Other,Southeast,Multi-Utility,Residential,Mobile Home,1,1,0,2,Low,Own,1
CUST0000424,Customer_424,59,Male,Southeast,Dual Fuel,Commercial,Apartment,100,1,1,3,Medium-High,Other,0
CUST0000425,Customer_425,54,Male,Northeast,Electricity,Residential,Condo,13,1,1,6,Medium-High,Own,0
CUST0000426,Customer_426,65,Male,Southwest,Water,Residential,House,89,0,1,5,Low,Own,0
CUST0000427,Customer_427,30,Male,Southwest,Electricity,Residential,House,11,1,1,1,Low,Other,1
CUST0000428,Customer_428,55,Male,Southeast,Electricity,Residential,Apartment,85,1,0,3,Medium,Own,0
CUST0000429,Customer_429,60,Female,Southeast,Electricity,Residential,Mobile Home,84,0,1,2,Low,Rent,0
CUST0000430,Customer_430,18,Female,Midwest,Electricity,Small Business,Apartment,92,0,0,3,Medium-High,Own,0
CUST0000431,Customer_431,27,Other,Northwest,Dual Fuel,Residential,Townhouse,24,1,1,3,High,Rent,0
CUST0000432,Customer_432,18,Male,Northeast,Water,Commercial,House,72,0,1,2,Medium-High,Rent,1
CUST0000433,Customer_433,40,Female,Northwest,Multi-Utility,Residential,Condo,108,1,1,4,Medium,Own,1
CUST0000434,Customer_434,55,Male,West,Water,Residential,Condo,14,0,1,3,Medium,Own,0
CUST0000435,Customer_435,67,Male,West,Gas,Small Business,Townhouse,19,1,0,6,Medium,Own,0
CUST0000436,Customer_436,46,Female,Southwest,Water,Small Business,House,45,0,0,1,Medium-High,Other,1
CUST0000437,Customer_437,69,Female,Northeast,Multi-Utility,Small Business,House,12,0,1,2,Medium,Own,0
CUST0000438,Customer_438,24,Male,Northwest,Water,Commercial,House,50,1,1,4,Medium,Other,1
CUST0000439,Customer_439,19,Male,Southwest,Water,Residential,Mobile Home,2,1,1,4,Medium-High,Rent,1
CUST0000440,Customer_440,44,Male,West,Multi-Utility,Residential,House,26,0,1,3,Medium,Own,1
CUST0000441,Customer_441,50,Female,Southeast,Electricity,Commercial,House,4,0,1,6,Low,Rent,1
CUST0000442,Customer_442,44,Male,Northeast,Water,Residential,Apartment,12,1,0,3,Low,Own,1
CUST0000443,Customer_443,18,Other,Northeast,Dual Fuel,Residential,Apartment,10,1,0,3,Medium,Own,1
CUST0000444,Customer_444,43,Male,Northwest,Multi-Utility,Residential,Townhouse,65,1,0,5,Medium,Own,1
CUST0000445,Customer_445,25,Male,Midwest,Electricity,Small Business,Mobile Home,7,1,1,3,Medium,Own,0
CUST0000446,Customer_446,55,Female,Northwest,Gas,Residential,Apartment,59,0,1,2,Low,Own,0
CUST0000447,Customer_447,50,Female,Southeast,Water,Residential,Mobile Home,56,1,0,4,Medium,Own,0
CUST0000448,Customer_448,30,Male,Southeast,Electricity,Residential,Condo,24,1,1,3,Low,Rent,0
CUST0000449,Customer_449,37,Female,Southwest,Gas,Small Business,House,9,1,1,2,High,Rent,1
CUST0000450,Customer_450,29,Female,Northeast,Electricity,Residential,Mobile Home,9,1,0,2,Medium,Other,0
CUST0000451,Customer_451,44,Female,Southwest,Electricity,Residential,Condo,22,1,1,2,Low,Rent,0
CUST0000452,Customer_452,59,Female,Southeast,Gas,Small Business,Apartment,1,1,1,1,Medium-High,Rent,1
CUST0000453,Customer_453,30,Female,Midwest,Gas,Commercial,Condo,27,1,1,5,Medium,Own,0
CUST0000454,Customer_454,52,Female,Northeast,Gas,Small Business,Apartment,109,1,1,2,Medium-High,Own,0
CUST0000455,Customer_455,37,Female,Southeast,Gas,Small Business,House,6,1,0,2,Low,Own,0
CUST0000456,Customer_456,33,Male,Midwest,Electricity,Residential,Condo,30,1,1,3,High,Own,1
CUST0000457,Customer_457,43,Male,Northwest,Electricity,Residential,Townhouse,117,1,1,4,High,Rent,0
CUST0000458,Customer_458,29,Male,West,Electricity,Residential,Condo,70,0,1,4,Medium-High,Rent,1
CUST0000459,Customer_459,36,Male,Southeast,Electricity,Commercial,House,68,1,0,2,Medium-High,Other,1
CUST0000460,Customer_460,27,Male,West,Gas,Residential,Mobile Home,62,1,0,5,Medium,Own,0
CUST0000461,Customer_461,74,Other,Southwest,Water,Commercial,House,13,1,0,3,High,Rent,0
CUST0000462,Customer_462,45,Male,West,Electricity,Prepaid,House,79,0,0,3,Medium,Rent,1
CUST0000463,Customer_463,34,Male,Southeast,Electricity,Residential,House,102,0,1,4,Medium,Own,1
CUST0000464,Customer_464,48,Female,West,Water,Residential,House,24,0,0,2,Low,Own,1
CUST0000465,Customer_465,43,Male,Northeast,Electricity,Residential,Apartment,15,0,1,5,Medium,Rent,1
CUST0000466,Customer_466,41,Male,Southeast,Multi-Utility,Residential,Condo,19,0,1,3,Medium-High,Rent,0
CUST0000467,Customer_467,54,Male,Midwest,Water,Residential,Townhouse,14,1,1,5,Medium,Rent,1
CUST0000468,Customer_468,56,Male,West,Electricity,Commercial,Mobile Home,8,1,0,2,Medium-High,Rent,1
CUST0000469,Customer_469,37,Male,Northeast,Electricity,Residential,Townhouse,34,1,1,5,Medium,Rent,1
CUST0000470,Customer_470,36,Female,Southwest,Gas,Residential,Apartment,29,0,0,4,High,Own,0
CUST0000471,Customer_471,40,Female,Southwest,Electricity,Residential,Condo,22,1,0,3,Medium-High,Rent,1
CUST0000472,Customer_472,18,Male,West,Electricity,Commercial,Townhouse,3,1,0,3,Medium-High,Rent,1
CUST0000473,Customer_473,22,Male,Southwest,Electricity,Small Business,Apartment,57,0,1,6,Medium-High,Own,1
CUST0000474,Customer_474,65,Male,Midwest,Water,Commercial,Townhouse,6,0,0,3,High,Own,1
CUST0000475,Customer_475,69,Female,Southeast,Gas,Prepaid,Apartment,4,1,1,3,Low,Own,1
CUST0000476,Customer_476,41,Male,Northeast,Electricity,Residential,Apartment,35,1,0,4,Low,Rent,0
CUST0000477,Customer_477,53,Male,Northwest,Water,Residential,Apartment,18,1,1,2,Medium-High,Own,0
CUST0000478,Customer_478,49,Female,West,Gas,Residential,Condo,2,0,1,2,Medium-High,Own,0
CUST0000479,Customer_479,85,Male,Southwest,Gas,Residential,Condo,15,1,1,4,Medium,Rent,1
CUST0000480,Customer_480,61,Male,Southeast,Electricity,Small Business,Apartment,53,0,0,1,Medium,Own,0
CUST0000481,Customer_481,43,Male,Northwest,Gas,Residential,Apartment,34,1,1,4,Medium,Other,0
CUST0000482,Customer_482,30,Female,Midwest,Multi-Utility,Residential,Mobile Home,16,1,1,3,Medium,Other,1
CUST0000483,Customer_483,20,Female,Southwest,Electricity,Small Business,Mobile Home,7,0,0,3,High,Own,1
CUST0000484,Customer_484,48,Female,Southwest,Electricity,Small Business,House,35,0,1,2,Medium,Own,1
CUST0000485,Customer_485,33,Female,Northeast,Electricity,Small Business,House,78,0,1,4,Medium-High,Own,0
CUST0000486,Customer_486,23,Female,Midwest,Electricity,Residential,Condo,37,0,1,4,Medium-High,Own,1
CUST0000487,Customer_487,35,Other,Midwest,Electricity,Commercial,Apartment,60,0,1,3,Low,Rent,0
CUST0000488,Customer_488,28,Other,West,Dual Fuel,Residential,House,26,1,0,2,Low,Own,0
CUST0000489,Customer_489,70,Male,Northwest,Dual Fuel,Residential,House,45,1,0,2,Medium,Own,1
CUST0000490,Customer_490,58,Female,Northeast,Electricity,Small Business,Townhouse,81,1,1,4,Medium-High,Own,0
CUST0000491,Customer_491,44,Male,West,Gas,Prepaid,Townhouse,53,1,0,3,Medium,Own,0
CUST0000492,Customer_492,67,Male,Northeast,Gas,Residential,Apartment,86,1,1,2,Low,Own,1
CUST0000493,Customer_493,46,Female,Midwest,Gas,Residential,Apartment,20,1,1,4,Medium,Rent,0
CUST0000494,Customer_494,32,Male,Northeast,Gas,Residential,Apartment,84,0,1,5,Low,Own,1
CUST0000495,Customer_495,67,Female,Northeast,Electricity,Residential,House,34,1,1,1,Medium,Own,0
CUST0000496,Customer_496,53,Male,Northeast,Gas,Commercial,Apartment,73,0,1,4,Medium,Rent,1
CUST0000497,Customer_497,29,Female,Southeast,Gas,Residential,House,1,0,0,5,Low,Rent,1
CUST0000498,Customer_498,42,Female,Southeast,Water,Small Business,Apartment,38,1,0,6,Medium-High,Own,0
CUST0000499,Customer_499,31,Female,Northwest,Water,Small Business,House,67,1,1,2,Medium,Own,0
CUST0000500,Customer_500,24,Male,Northwest,Electricity,Small Business,Condo,6,1,1,2,Medium-High,Own,0
CUST0000501,Customer_501,58,Male,Midwest,Electricity,Residential,Condo,39,1,1,6,Medium-High,Own,1
CUST0000502,Customer_502,73,Female,Northeast,Dual Fuel,Residential,Apartment,62,0,1,1,High,Rent,0
CUST0000503,Customer_503,24,Male,Midwest,Gas,Residential,House,12,1,1,3,Low,Own,0
CUST0000504,Customer_504,53,Other,Southeast,Dual Fuel,Residential,House,18,0,1,3,Medium,Rent,1
CUST0000505,Customer_505,35,Female,Northeast,Electricity,Residential,Condo,30,0,0,3,High,Rent,1
CUST0000506,Customer_506,37,Male,West,Gas,Commercial,House,26,0,1,2,Medium-High,Rent,0
CUST0000507,Customer_507,36,Male,Southeast,Gas,Residential,House,1,1,1,5,Low,Own,0
CUST0000508,Customer_508,32,Male,Southeast,Dual Fuel,Small Business,Condo,3,1,1,2,Low,Own,0
CUST0000509,Customer_509,45,Female,Southeast,Electricity,Residential,Townhouse,3,1,0,3,High,Own,1
CUST0000510,Customer_510,32,Male,Northeast,Electricity,Small Business,House,10,1,1,3,Low,Rent,0
CUST0000511,Customer_511,49,Male,Northwest,Gas,Prepaid,Apartment,10,1,1,2,High,Own,0
CUST0000512,Customer_512,44,Male,Southwest,Dual Fuel,Residential,Mobile Home,48,1,0,2,High,Own,0
CUST0000513,Customer_513,41,Female,West,Multi-Utility,Commercial,Mobile Home,30,1,1,6,Medium,Own,0
CUST0000514,Customer_514,31,Male,West,Multi-Utility,Small Business,House,51,1,1,3,Medium-High,Own,1
CUST0000515,Customer_515,36,Male,Midwest,Multi-Utility,Commercial,Townhouse,2,1,1,3,Medium,Rent,0
CUST0000516,Customer_516,56,Female,Northeast,Electricity,Small Business,Apartment,23,1,1,4,Medium-High,Rent,0
CUST0000517,Customer_517,52,Female,Northwest,Electricity,Residential,Mobile Home,14,0,0,1,Medium,Other,0
CUST0000518,Customer_518,30,Female,Southeast,Electricity,Residential,Apartment,68,1,1,4,Low,Rent,1
CUST0000519,Customer_519,46,Male,Southwest,Electricity,Residential,Townhouse,44,1,0,2,Medium-High,Own,1
CUST0000520,Customer_520,56,Male,Northeast,Dual Fuel,Residential,Townhouse,73,1,1,4,Low,Own,0
CUST0000521,Customer_521,19,Female,Northeast,Dual Fuel,Prepaid,Apartment,1,1,0,1,High,Own,1
CUST0000522,Customer_522,53,Male,Northwest,Electricity,Small Business,Townhouse,45,1,1,4,Medium,Own,1
CUST0000523,Customer_523,35,Female,Southwest,Gas,Residential,House,27,0,0,4,Low,Rent,0
CUST0000524,Customer_524,53,Female,Southeast,Dual Fuel,Commercial,House,62,0,0,2,Medium,Rent,0
CUST0000525,Customer_525,33,Male,Northeast,Gas,Small Business,Apartment,25,1,1,2,High,Rent,1
CUST0000526,Customer_526,18,Female,West,Electricity,Residential,Mobile Home,27,0,1,1,Medium,Rent,1
CUST0000527,Customer_527,20,Female,West,Gas,Residential,Apartment,1,1,1,5,High,Own,1
CUST0000528,Customer_528,45,Male,Southwest,Electricity,Residential,Condo,39,1,0,1,Low,Own,1
CUST0000529,Customer_529,48,Female,Southeast,Gas,Commercial,Condo,11,0,1,3,Medium,Rent,0
CUST0000530,Customer_530,31,Male,Southwest,Gas,Commercial,House,1,0,1,2,High,Rent,1
CUST0000531,Customer_531,54,Male,Northeast,Electricity,Residential,Apartment,2,1,1,6,Low,Own,0
CUST0000532,Customer_532,20,Male,West,Multi-Utility,Residential,Condo,113,1,1,3,Medium,Own,1
CUST0000533,Customer_533,44,Female,Midwest,Gas,Small Business,Mobile Home,15,0,0,1,High,Own,1
CUST0000534,Customer_534,26,Female,Southwest,Gas,Commercial,House,72,1,0,4,Medium-High,Rent,0
CUST0000535,Customer_535,35,Female,Midwest,Multi-Utility,Small Business,Apartment,115,1,1,6,Medium-High,Own,1
CUST0000536,Customer_536,45,Male,Midwest,Electricity,Small Business,House,103,0,1,3,Medium-High,Own,0
CUST0000537,Customer_537,32,Female,Northwest,Electricity,Residential,House,76,0,1,3,Medium,Rent,1
CUST0000538,Customer_538,39,Male,West,Dual Fuel,Residential,Apartment,81,0,0,2,Medium-High,Rent,0
CUST0000539,Customer_539,60,Female,Southwest,Electricity,Residential,Apartment,12,1,1,1,Medium-High,Own,1
CUST0000540,Customer_540,36,Male,Midwest,Water,Commercial,House,5,1,1,2,Medium-High,Own,1
CUST0000541,Customer_541,57,Male,Northeast,Electricity,Residential,House,36,1,1,3,Low,Rent,1
CUST0000542,Customer_542,28,Male,Northwest,Electricity,Commercial,Townhouse,24,1,1,4,High,Own,0
CUST0000543,Customer_543,52,Female,Southeast,Gas,Residential,Mobile Home,3,0,0,5,Medium-High,Own,0
CUST0000544,Customer_544,66,Male,Northwest,Electricity,Commercial,House,40,0,0,4,Medium,Other,1
CUST0000545,Customer_545,18,Female,Southeast,Water,Residential,Condo,29,0,1,1,Medium-High,Rent,0
CUST0000546,Customer_546,33,Male,West,Gas,Residential,House,71,0,1,4,Medium,Rent,0
CUST0000547,Customer_547,53,Male,Southwest,Multi-Utility,Small Business,Mobile Home,33,1,0,3,Medium-High,Rent,0
CUST0000548,Customer_548,41,Male,Southwest,Water,Residential,Condo,30,1,0,3,High,Own,0
CUST0000549,Customer_549,50,Female,Southeast,Electricity,Commercial,Townhouse,20,0,1,3,Low,Other,0
CUST0000550,Customer_550,35,Female,Northeast,Dual Fuel,Small Business,House,22,0,1,1,High,Other,1
CUST0000551,Customer_551,46,Male,Southeast,Gas,Residential,Apartment,111,0,1,1,Low,Rent,0
CUST0000552,Customer_552,42,Male,Southeast,Water,Commercial,Apartment,5,1,1,3,Medium,Rent,1
CUST0000553,Customer_553,62,Male,Southwest,Dual Fuel,Commercial,House,21,1,1,2,Medium,Rent,0
CUST0000554,Customer_554,48,Female,Midwest,Gas,Residential,House,38,1,1,3,Medium,Rent,1
CUST0000555,Customer_555,50,Male,Northeast,Gas,Commercial,Apartment,20,0,0,2,Medium-High,Own,0
CUST0000556,Customer_556,38,Female,Southwest,Gas,Residential,Condo,11,1,1,5,Medium-High,Own,1
CUST0000557,Customer_557,37,Female,Northwest,Electricity,Residential,House,12,0,0,5,Medium,Own,1
CUST0000558,Customer_558,38,Male,Southeast,Electricity,Small Business,Apartment,9,1,1,6,Low,Own,1
CUST0000559,Customer_559,50,Female,Midwest,Gas,Residential,House,15,1,1,5,Medium-High,Own,0
CUST0000560,Customer_560,38,Female,Northeast,Electricity,Residential,House,73,1,0,6,Medium-High,Own,0
CUST0000561,Customer_561,49,Female,West,Electricity,Residential,Condo,25,1,0,4,High,Rent,1
CUST0000562,Customer_562,76,Male,Northeast,Electricity,Residential,House,9,1,0,6,Low,Own,0
CUST0000563,Customer_563,58,Male,Northeast,Gas,Commercial,Apartment,17,0,1,3,High,Rent,0
CUST0000564,Customer_564,40,Male,Southeast,Electricity,Small Business,Apartment,4,0,0,4,Medium,Own,1
CUST0000565,Customer_565,63,Male,Southeast,Water,Prepaid,Condo,84,1,1,1,Medium,Own,0
CUST0000566,Customer_566,38,Male,West,Electricity,Small Business,Apartment,18,0,1,4,High,Rent,1
CUST0000567,Customer_567,18,Male,West,Gas,Residential,Mobile Home,141,0,1,5,Medium,Own,0
CUST0000568,Customer_568,29,Female,West,Gas,Residential,Apartment,15,1,1,3,Medium-High,Rent,0
CUST0000569,Customer_569,18,Male,Southwest,Water,Residential,Condo,65,1,1,2,Medium-High,Rent,1
CUST0000570,Customer_570,39,Male,Southwest,Electricity,Commercial,House,10,1,1,3,Medium,Own,1
CUST0000571,Customer_571,45,Male,Southeast,Multi-Utility,Residential,Apartment,2,0,0,4,Medium-High,Own,1
CUST0000572,Customer_572,70,Female,Southeast,Multi-Utility,Residential,Apartment,1,0,0,4,Medium-High,Own,0
CUST0000573,Customer_573,49,Female,West,Dual Fuel,Commercial,House,33,1,1,3,Low,Rent,0
CUST0000574,Customer_574,41,Female,Southwest,Multi-Utility,Small Business,Apartment,13,1,1,2,Medium-High,Rent,1
CUST0000575,Customer_575,57,Male,Midwest,Gas,Residential,House,21,1,0,5,High,Rent,1
CUST0000576,Customer_576,18,Other,Southwest,Gas,Residential,House,61,1,1,4,Medium,Own,0
CUST0000577,Customer_577,48,Male,Southeast,Water,Commercial,House,10,1,0,2,High,Own,1
CUST0000578,Customer_578,56,Male,Southwest,Water,Commercial,Condo,13,0,1,4,Medium,Own,1
CUST0000579,Customer_579,22,Male,Southeast,Dual Fuel,Residential,Townhouse,67,0,1,2,Medium,Own,1
CUST0000580,Customer_580,62,Male,West,Water,Residential,House,24,0,1,2,Medium-High,Own,0
CUST0000581,Customer_581,50,Male,West,Multi-Utility,Commercial,Apartment,63,1,1,5,Low,Own,0
CUST0000582,Customer_582,38,Female,West,Electricity,Small Business,House,16,0,1,5,High,Rent,0
CUST0000583,Customer_583,54,Female,Midwest,Dual Fuel,Commercial,House,18,1,1,2,Medium-High,Other,1
CUST0000584,Customer_584,79,Male,Midwest,Water,Residential,Townhouse,6,1,1,1,High,Own,1
CUST0000585,Customer_585,47,Female,Southeast,Water,Commercial,Condo,89,0,1,2,Medium-High,Rent,0
CUST0000586,Customer_586,48,Male,Northeast,Electricity,Residential,House,81,1,0,5,High,Rent,1
CUST0000587,Customer_587,38,Male,Northwest,Water,Residential,House,149,1,0,5,Medium-High,Rent,1
CUST0000588,Customer_588,32,Female,Midwest,Dual Fuel,Small Business,Townhouse,18,1,0,3,Medium,Own,1
CUST0000589,Customer_589,57,Female,Southeast,Electricity,Residential,House,61,1,1,2,High,Rent,0
CUST0000590,Customer_590,32,Male,Southwest,Gas,Commercial,House,19,0,0,2,Medium,Other,0
CUST0000591,Customer_591,46,Male,West,Electricity,Residential,Condo,21,0,0,5,Medium,Rent,1
CUST0000592,Customer_592,37,Female,West,Multi-Utility,Commercial,Apartment,63,0,0,2,Low,Rent,1
CUST0000593,Customer_593,52,Female,West,Gas,Residential,Apartment,7,1,1,3,High,Own,0
CUST0000594,Customer_594,50,Female,Southeast,Electricity,Small Business,Townhouse,8,1,1,4,Medium,Own,1
CUST0000595,Customer_595,60,Male,West,Electricity,Residential,House,13,1,1,2,Medium,Rent,0
CUST0000596,Customer_596,37,Male,Midwest,Water,Small Business,Condo,55,0,0,2,Low,Own,0
CUST0000597,Customer_597,40,Male,Southwest,Electricity,Small Business,House,16,1,1,2,Medium,Own,0
CUST0000598,Customer_598,30,Male,West,Gas,Residential,Condo,15,1,1,4,Medium,Own,0
CUST0000599,Customer_599,38,Female,Southeast,Multi-Utility,Residential,Townhouse,240,1,1,4,Medium-High,Rent,0
CUST0000600,Customer_600,50,Male,Southwest,Dual Fuel,Residential,Apartment,17,0,1,3,Medium,Rent,0
CUST0000601,Customer_601,56,Male,West,Electricity,Commercial,Condo,10,1,1,1,Medium-High,Other,0
CUST0000602,Customer_602,31,Female,Northeast,Multi-Utility,Residential,Townhouse,35,0,1,3,Low,Rent,1
CUST0000603,Customer_603,58,Female,West,Water,Residential,House,58,0,1,1,Medium,Own,1
CUST0000604,Customer_604,65,Male,Northwest,Electricity,Residential,Condo,2,0,1,1,Medium-High,Rent,0
CUST0000605,Customer_605,51,Female,Midwest,Electricity,Commercial,Mobile Home,34,0,0,3,Medium,Own,0
CUST0000606,Customer_606,73,Female,Southwest,Electricity,Residential,Apartment,1,1,0,6,Low,Own,1
CUST0000607,Customer_607,33,Female,Midwest,Dual Fuel,Residential,House,26,0,1,4,High,Rent,0
CUST0000608,Customer_608,26,Male,Northeast,Electricity,Small Business,House,10,1,1,4,Low,Own,0
CUST0000609,Customer_609,18,Female,Northeast,Electricity,Small Business,House,13,0,1,4,Low,Own,1
CUST0000610,Customer_610,67,Female,Northwest,Water,Residential,House,22,0,1,5,Medium,Own,0
CUST0000611,Customer_611,54,Male,Midwest,Gas,Prepaid,Apartment,94,0,1,4,Low,Rent,1
CUST0000612,Customer_612,44,Male,Southwest,Water,Small Business,House,44,0,0,3,Low,Own,0
CUST0000613,Customer_613,49,Female,Northeast,Water,Residential,House,99,0,0,2,Medium-High,Own,0
CUST0000614,Customer_614,28,Male,Northeast,Electricity,Residential,Apartment,38,1,1,1,Low,Rent,0
CUST0000615,Customer_615,81,Female,West,Dual Fuel,Commercial,Apartment,1,1,1,3,Low,Own,1
CUST0000616,Customer_616,46,Male,Northwest,Electricity,Residential,Apartment,11,0,1,5,High,Own,0
CUST0000617,Customer_617,46,Male,Southeast,Gas,Residential,Condo,85,0,1,3,Medium,Rent,0
CUST0000618,Customer_618,55,Male,Northeast,Gas,Residential,House,37,0,1,2,Low,Rent,0
CUST0000619,Customer_619,52,Female,Southwest,Electricity,Small Business,House,143,1,1,3,Medium-High,Rent,0
CUST0000620,Customer_620,48,Male,Southwest,Multi-Utility,Small Business,House,6,1,1,3,Low,Rent,1
CUST0000621,Customer_621,33,Female,West,Gas,Small Business,Apartment,12,1,1,5,Medium,Own,0
CUST0000622,Customer_622,52,Female,Southwest,Electricity,Residential,House,16,0,0,2,Medium-High,Rent,0
CUST0000623,Customer_623,73,Female,West,Multi-Utility,Small Business,Condo,14,0,1,4,High,Own,0
CUST0000624,Customer_624,65,Female,Northeast,Gas,Small Business,House,10,0,1,4,Medium,Own,0
CUST0000625,Customer_625,68,Female,Northeast,Water,Residential,Mobile Home,21,1,1,6,Medium-High,Own,1
CUST0000626,Customer_626,37,Male,Northeast,Gas,Commercial,Apartment,37,0,1,3,Low,Rent,0
CUST0000627,Customer_627,30,Female,Northeast,Dual Fuel,Residential,Apartment,13,1,1,5,Medium,Own,0
CUST0000628,Customer_628,43,Female,Southeast,Electricity,Small Business,Townhouse,2,1,1,1,Medium,Own,1
CUST0000629,Customer_629,45,Male,Northwest,Electricity,Residential,Condo,44,1,0,1,Medium,Own,0
CUST0000630,Customer_630,61,Male,Northwest,Gas,Small Business,Condo,22,0,1,2,Medium,Own,1
CUST0000631,Customer_631,19,Female,Southeast,Electricity,Prepaid,Mobile Home,29,1,0,3,High,Rent,1
CUST0000632,Customer_632,67,Male,Northeast,Water,Prepaid,Apartment,21,0,1,3,High,Own,0
CUST0000633,Customer_633,42,Female,Southwest,Electricity,Residential,Townhouse,79,1,1,2,Medium-High,Rent,0
CUST0000634,Customer_634,38,Male,West,Electricity,Residential,Apartment,29,0,1,3,Low,Rent,0
CUST0000635,Customer_635,29,Male,Northwest,Electricity,Residential,Townhouse,92,0,1,3,Medium-High,Rent,1
CUST0000636,Customer_636,20,Female,Midwest,Water,Commercial,House,25,0,0,3,Medium-High,Rent,1
CUST0000637,Customer_637,57,Male,West,Dual Fuel,Small Business,House,12,1,0,1,Low,Own,1
CUST0000638,Customer_638,46,Male,Midwest,Electricity,Residential,Condo,15,0,1,5,Medium,Own,0
CUST0000639,Customer_639,25,Female,Midwest,Gas,Residential,House,26,1,1,3,Low,Rent,1
CUST0000640,Customer_640,25,Male,Northeast,Electricity,Commercial,House,27,0,0,2,Medium,Rent,0
CUST0000641,Customer_641,39,Female,Midwest,Gas,Residential,House,41,0,0,4,Low,Own,0
CUST0000642,Customer_642,70,Female,Northeast,Electricity,Residential,Condo,9,1,1,2,High,Rent,1
CUST0000643,Customer_643,41,Female,Southeast,Gas,Residential,Townhouse,38,0,0,3,Low,Own,1
CUST0000644,Customer_644,22,Male,Southwest,Gas,Residential,Condo,54,1,0,2,Low,Own,0
CUST0000645,Customer_645,41,Male,Midwest,Dual Fuel,Small Business,Townhouse,40,1,1,5,High,Own,0
CUST0000646,Customer_646,40,Female,Southwest,Electricity,Commercial,Apartment,23,1,1,6,Medium,Own,1
CUST0000647,Customer_647,18,Female,Northeast,Water,Commercial,House,172,0,1,2,Medium-High,Own,0
CUST0000648,Customer_648,44,Female,Midwest,Gas,Residential,House,18,1,1,1,Medium,Own,0
CUST0000649,Customer_649,41,Female,West,Multi-Utility,Commercial,Apartment,4,1,1,2,Medium,Own,1
CUST0000650,Customer_650,55,Male,Southeast,Electricity,Residential,House,62,1,1,3,Low,Rent,1
CUST0000651,Customer_651,72,Male,Northwest,Electricity,Residential,House,8,0,0,2,Medium,Own,0
CUST0000652,Customer_652,61,Male,Southeast,Dual Fuel,Prepaid,Apartment,44,1,0,4,Medium-High,Own,0
CUST0000653,Customer_653,40,Male,Midwest,Electricity,Residential,Condo,7,1,0,3,Medium,Other,1
CUST0000654,Customer_654,28,Male,Southeast,Electricity,Residential,Apartment,1,1,0,3,Medium,Rent,0
CUST0000655,Customer_655,83,Female,Northwest,Electricity,Prepaid,Townhouse,6,1,1,3,Medium-High,Rent,1
CUST0000656,Customer_656,45,Male,West,Dual Fuel,Residential,Condo,17,1,1,5,Medium,Rent,0
CUST0000657,Customer_657,45,Male,Southwest,Electricity,Small Business,Condo,4,0,1,1,Medium-High,Own,0
CUST0000658,Customer_658,44,Male,West,Dual Fuel,Commercial,Mobile Home,7,0,1,4,Low,Own,1
CUST0000659,Customer_659,47,Female,Southeast,Gas,Residential,House,52,0,1,4,High,Own,1
CUST0000660,Customer_660,42,Female,Northwest,Electricity,Residential,Condo,52,0,1,3,Medium,Rent,0
CUST0000661,Customer_661,36,Female,Southwest,Gas,Residential,Townhouse,61,1,0,3,Medium,Rent,0
CUST0000662,Customer_662,36,Female,Northwest,Electricity,Residential,Apartment,66,1,1,1,Medium,Own,0
CUST0000663,Customer_663,44,Male,West,Gas,Residential,Townhouse,19,1,1,4,High,Own,0
CUST0000664,Customer_664,36,Female,Northeast,Water,Small Business,Apartment,72,1,0,4,High,Own,0
CUST0000665,Customer_665,34,Male,Northeast,Gas,Residential,Apartment,26,0,0,1,Medium,Rent,1
CUST0000666,Customer_666,46,Male,Southwest,Electricity,Residential,House,22,0,0,3,Medium-High,Own,0
CUST0000667,Customer_667,41,Female,Southwest,Water,Small Business,Mobile Home,45,1,1,2,Low,Rent,1
CUST0000668,Customer_668,67,Female,Southwest,Dual Fuel,Small Business,Townhouse,8,1,0,3,Low,Other,0
CUST0000669,Customer_669,18,Male,Northeast,Water,Commercial,Townhouse,56,1,1,4,Medium-High,Rent,1
CUST0000670,Customer_670,61,Male,West,Dual Fuel,Residential,Condo,20,1,1,4,Low,Other,0
CUST0000671,Customer_671,63,Female,Southwest,Electricity,Commercial,House,4,0,1,2,Low,Own,1
CUST0000672,Customer_672,18,Male,Northeast,Dual Fuel,Small Business,House,4,1,1,1,Medium-High,Rent,1
CUST0000673,Customer_673,39,Male,Southwest,Electricity,Residential,Townhouse,6,1,1,4,Medium-High,Rent,1
CUST0000674,Customer_674,39,Male,Southwest,Electricity,Residential,Apartment,79,0,1,2,Low,Own,0
CUST0000675,Customer_675,23,Male,Northwest,Dual Fuel,Residential,House,169,0,1,1,Low,Own,0
CUST0000676,Customer_676,33,Female,Southwest,Multi-Utility,Small Business,Apartment,15,1,1,3,Low,Own,0
CUST0000677,Customer_677,28,Male,Northeast,Water,Residential,Apartment,12,1,1,2,Low,Rent,0
CUST0000678,Customer_678,71,Male,West,Electricity,Commercial,Condo,8,0,1,4,Low,Rent,0
CUST0000679,Customer_679,59,Female,Northeast,Electricity,Small Business,Apartment,62,1,0,1,High,Rent,0
CUST0000680,Customer_680,64,Female,Northeast,Gas,Commercial,Condo,8,1,1,3,Low,Rent,0
CUST0000681,Customer_681,55,Male,Southwest,Dual Fuel,Residential,Townhouse,92,1,0,2,Medium-High,Own,1
CUST0000682,Customer_682,28,Male,Northwest,Electricity,Residential,House,39,1,0,4,High,Rent,0
CUST0000683,Customer_683,37,Male,Midwest,Dual Fuel,Residential,House,81,1,0,3,Medium-High,Rent,0
CUST0000684,Customer_684,52,Female,Midwest,Electricity,Residential,Apartment,29,1,0,4,Low,Own,0
CUST0000685,Customer_685,26,Female,Midwest,Dual Fuel,Commercial,Mobile Home,42,0,1,3,Medium-High,Other,1
CUST0000686,Customer_686,55,Female,Northeast,Multi-Utility,Residential,Apartment,34,1,1,1,High,Own,0
CUST0000687,Customer_687,41,Female,Southwest,Gas,Residential,Apartment,64,0,1,2,Medium,Rent,0
CUST0000688,Customer_688,39,Female,Midwest,Electricity,Residential,Condo,65,0,0,6,Medium,Own,0
CUST0000689,Customer_689,55,Female,Southeast,Dual Fuel,Residential,Apartment,32,1,1,3,Medium,Rent,1
CUST0000690,Customer_690,51,Female,Southeast,Gas,Commercial,Mobile Home,36,1,0,3,Medium,Own,1
CUST0000691,Customer_691,39,Male,Southeast,Water,Small Business,Townhouse,91,1,1,5,Medium,Own,1
CUST0000692,Customer_692,62,Other,West,Gas,Small Business,Apartment,95,0,1,1,Medium-High,Own,0
CUST0000693,Customer_693,28,Male,Southwest,Electricity,Residential,Condo,39,1,0,4,Medium-High,Own,0
CUST0000694,Customer_694,54,Male,Northeast,Dual Fuel,Commercial,House,1,0,1,2,Medium,Own,1
CUST0000695,Customer_695,53,Female,Northeast,Electricity,Small Business,Condo,3,0,1,2,Medium-High,Own,1
CUST0000696,Customer_696,40,Male,Southwest,Multi-Utility,Residential,Condo,70,1,1,2,Low,Rent,1
CUST0000697,Customer_697,49,Female,Northwest,Electricity,Residential,Apartment,3,0,1,4,Medium-High,Own,0
CUST0000698,Customer_698,26,Female,Northwest,Water,Commercial,House,8,1,1,2,Medium-High,Rent,1
CUST0000699,Customer_699,58,Male,West,Electricity,Small Business,Mobile Home,9,1,1,1,Medium-High,Rent,1
CUST0000700,Customer_700,42,Female,Southwest,Electricity,Small Business,Apartment,33,1,1,1,Low,Rent,0
CUST0000701,Customer_701,37,Male,Northwest,Electricity,Residential,Condo,30,0,1,1,Medium-High,Own,0
CUST0000702,Customer_702,60,Male,West,Water,Residential,House,12,0,1,5,Medium,Own,0
CUST0000703,Customer_703,34,Female,Midwest,Gas,Small Business,Apartment,8,1,0,3,Medium,Own,0
CUST0000704,Customer_704,23,Female,Midwest,Dual Fuel,Small Business,Townhouse,52,1,1,5,Medium,Own,1
CUST0000705,Customer_705,21,Female,West,Electricity,Residential,Apartment,98,1,1,4,Low,Own,0
CUST0000706,Customer_706,54,Male,Southwest,Water,Small Business,Condo,1,0,1,4,Medium,Rent,1
CUST0000707,Customer_707,25,Female,Midwest,Water,Residential,House,5,1,1,2,Medium,Own,0
CUST0000708,Customer_708,71,Male,Southwest,Electricity,Small Business,Apartment,36,0,1,2,Medium,Own,1
CUST0000709,Customer_709,18,Female,Northwest,Gas,Commercial,Mobile Home,58,1,0,3,Medium-High,Own,1
CUST0000710,Customer_710,70,Male,Midwest,Gas,Commercial,Apartment,56,1,1,3,Medium,Rent,1
CUST0000711,Customer_711,48,Female,Northwest,Electricity,Residential,Mobile Home,45,0,1,3,Medium,Rent,1
CUST0000712,Customer_712,43,Male,Southwest,Electricity,Residential,Mobile Home,78,1,1,1,Medium,Other,0
CUST0000713,Customer_713,36,Male,Southwest,Water,Commercial,Mobile Home,8,1,1,6,Medium-High,Rent,0
CUST0000714,Customer_714,50,Female,Southeast,Electricity,Small Business,Townhouse,4,1,1,1,Medium-High,Own,1
CUST0000715,Customer_715,44,Female,West,Water,Residential,House,34,1,1,2,High,Rent,0
CUST0000716,Customer_716,61,Female,Northeast,Multi-Utility,Commercial,Mobile Home,62,1,0,4,Medium-High,Rent,1
CUST0000717,Customer_717,46,Female,West,Gas,Residential,House,31,1,0,2,Low,Own,0
CUST0000718,Customer_718,47,Female,Southwest,Gas,Residential,House,118,0,0,1,Medium-High,Rent,0
CUST0000719,Customer_719,39,Female,Southwest,Electricity,Residential,House,57,0,0,2,Medium,Own,0
CUST0000720,Customer_720,44,Male,West,Dual Fuel,Residential,House,43,0,1,1,Medium,Other,0
CUST0000721,Customer_721,49,Female,Southwest,Electricity,Residential,Condo,2,0,1,2,High,Own,1
CUST0000722,Customer_722,19,Male,Northwest,Gas,Commercial,Apartment,4,1,0,2,Medium,Own,0
CUST0000723,Customer_723,24,Female,Midwest,Multi-Utility,Residential,House,55,1,1,3,Medium-High,Own,1
CUST0000724,Customer_724,56,Female,Southwest,Gas,Residential,Apartment,7,1,1,3,High,Rent,0
CUST0000725,Customer_725,47,Female,West,Water,Commercial,Apartment,1,0,0,3,Low,Own,0
CUST0000726,Customer_726,42,Female,West,Gas,Small Business,Townhouse,86,1,1,3,Low,Own,1
CUST0000727,Customer_727,45,Female,West,Electricity,Small Business,House,79,1,1,2,Medium,Rent,1
CUST0000728,Customer_728,50,Female,Southeast,Water,Residential,House,8,0,0,1,Low,Rent,1
CUST0000729,Customer_729,36,Male,Northwest,Electricity,Commercial,House,54,1,0,5,Low,Own,1
CUST0000730,Customer_730,33,Female,Northwest,Water,Residential,House,1,1,1,3,High,Own,1
CUST0000731,Customer_731,47,Male,Southeast,Electricity,Residential,Apartment,12,1,1,1,High,Rent,0
CUST0000732,Customer_732,30,Female,Northwest,Dual Fuel,Residential,Apartment,35,1,1,6,Medium-High,Rent,0
CUST0000733,Customer_733,51,Male,Southeast,Electricity,Residential,House,51,1,1,4,Medium-High,Rent,1
CUST0000734,Customer_734,19,Male,Northwest,Gas,Residential,Apartment,1,1,1,2,Low,Rent,1
CUST0000735,Customer_735,60,Male,Southeast,Gas,Small Business,Apartment,14,0,1,6,Medium-High,Own,0
CUST0000736,Customer_736,52,Male,Southeast,Gas,Residential,Mobile Home,8,1,0,2,Low,Rent,1
CUST0000737,Customer_737,48,Female,Northwest,Electricity,Small Business,House,240,1,1,6,Medium,Own,0
CUST0000738,Customer_738,59,Male,Southeast,Gas,Residential,Townhouse,40,1,1,1,Medium,Own,0
CUST0000739,Customer_739,69,Female,Northwest,Electricity,Residential,Condo,18,0,0,2,Medium-High,Own,1
CUST0000740,Customer_740,60,Male,Southeast,Gas,Residential,House,2,1,1,4,Low,Rent,1
CUST0000741,Customer_741,18,Female,West,Electricity,Commercial,Mobile Home,32,1,1,1,Low,Own,0
CUST0000742,Customer_742,25,Female,Northeast,Gas,Commercial,Townhouse,36,0,1,1,Medium-High,Rent,1
CUST0000743,Customer_743,35,Female,Northwest,Electricity,Prepaid,Condo,61,1,1,4,Medium-High,Own,1
CUST0000744,Customer_744,45,Female,Southeast,Multi-Utility,Small Business,Apartment,12,1,0,2,Medium,Rent,0
CUST0000745,Customer_745,52,Male,West,Gas,Small Business,Apartment,143,1,0,5,Low,Own,0
CUST0000746,Customer_746,34,Female,Northeast,Electricity,Small Business,House,20,0,1,3,High,Rent,0
CUST0000747,Customer_747,47,Male,Southeast,Gas,Small Business,House,12,0,1,5,Low,Rent,0
CUST0000748,Customer_748,33,Female,Northeast,Dual Fuel,Residential,Townhouse,15,1,1,3,Medium-High,Own,0
CUST0000749,Customer_749,35,Female,Northwest,Electricity,Residential,Townhouse,26,1,0,3,Low,Rent,0
CUST0000750,Customer_750,23,Male,Northeast,Water,Residential,House,99,0,1,2,Medium-High,Rent,1
CUST0000751,Customer_751,31,Female,Midwest,Gas,Residential,Townhouse,47,0,0,4,Medium-High,Own,1
CUST0000752,Customer_752,24,Female,Southwest,Electricity,Residential,Condo,30,0,1,2,Medium-High,Own,1
CUST0000753,Customer_753,30,Male,Midwest,Dual Fuel,Residential,House,6,1,0,2,Medium,Rent,0
CUST0000754,Customer_754,60,Male,Northwest,Electricity,Residential,Apartment,5,1,1,1,Low,Own,1
CUST0000755,Customer_755,30,Male,Northwest,Electricity,Residential,Apartment,25,1,1,1,Medium-High,Own,1
CUST0000756,Customer_756,84,Female,Northeast,Dual Fuel,Prepaid,Townhouse,46,1,1,2,Medium,Rent,1
CUST0000757,Customer_757,52,Female,West,Gas,Residential,Townhouse,50,1,1,4,Medium-High,Own,1
CUST0000758,Customer_758,47,Male,Southeast,Dual Fuel,Residential,House,9,1,1,2,Medium-High,Rent,0
CUST0000759,Customer_759,32,Male,Southwest,Gas,Commercial,Apartment,3,0,1,2,Medium,Own,0
CUST0000760,Customer_760,55,Female,Southeast,Water,Residential,Townhouse,17,1,1,5,High,Own,1
CUST0000761,Customer_761,36,Female,West,Dual Fuel,Residential,Townhouse,90,1,1,3,Medium,Rent,0
CUST0000762,Customer_762,46,Male,Northwest,Electricity,Residential,House,28,1,1,5,Medium-High,Rent,0
CUST0000763,Customer_763,83,Male,Southwest,Water,Residential,Apartment,13,1,1,5,Medium-High,Own,0
CUST0000764,Customer_764,43,Female,Midwest,Gas,Residential,Townhouse,14,0,1,1,Medium,Own,1
CUST0000765,Customer_765,62,Male,Northwest,Electricity,Residential,House,5,0,0,6,Medium-High,Own,1
CUST0000766,Customer_766,34,Male,Northwest,Gas,Residential,Apartment,23,1,1,1,Medium-High,Other,1
CUST0000767,Customer_767,44,Female,Northeast,Electricity,Commercial,Townhouse,56,0,1,5,Medium-High,Own,1
CUST0000768,Customer_768,71,Female,West,Water,Small Business,House,124,0,1,3,Medium,Own,1
CUST0000769,Customer_769,35,Male,Northeast,Gas,Small Business,Townhouse,25,1,1,3,Medium-High,Other,0
CUST0000770,Customer_770,72,Male,Northeast,Multi-Utility,Residential,House,6,1,1,4,Low,Rent,1
CUST0000771,Customer_771,55,Male,Southeast,Electricity,Residential,House,41,0,1,5,Low,Rent,0
CUST0000772,Customer_772,36,Male,Northwest,Gas,Commercial,House,50,0,0,3,Low,Own,0
CUST0000773,Customer_773,54,Female,West,Electricity,Residential,House,2,0,1,3,Medium,Own,0
CUST0000774,Customer_774,59,Male,Northeast,Gas,Commercial,House,68,1,1,1,High,Own,1
CUST0000775,Customer_775,54,Female,Midwest,Water,Residential,Condo,63,1,1,4,Medium-High,Rent,0
CUST0000776,Customer_776,21,Female,Southwest,Water,Commercial,House,23,0,1,1,High,Own,1
CUST0000777,Customer_777,34,Male,West,Dual Fuel,Residential,Mobile Home,29,1,1,4,Low,Own,0
CUST0000778,Customer_778,41,Male,Southeast,Dual Fuel,Residential,Apartment,44,0,0,3,Medium-High,Own,1
CUST0000779,Customer_779,43,Female,West,Electricity,Small Business,Apartment,40,0,1,2,Medium,Rent,1
CUST0000780,Customer_780,54,Female,Northwest,Electricity,Small Business,Apartment,1,1,1,3,Low,Rent,0
CUST0000781,Customer_781,47,Female,Southeast,Water,Residential,Condo,4,0,0,4,Medium-High,Rent,0
CUST0000782,Customer_782,24,Male,Southwest,Gas,Prepaid,Apartment,6,1,0,5,Low,Own,1
CUST0000783,Customer_783,50,Female,Midwest,Electricity,Residential,House,50,1,1,2,Medium,Rent,1
CUST0000784,Customer_784,54,Female,Northeast,Gas,Residential,Townhouse,20,0,0,5,Medium,Own,0
CUST0000785,Customer_785,53,Female,West,Gas,Small Business,Apartment,28,1,0,6,Medium-High,Own,1
CUST0000786,Customer_786,61,Male,Southeast,Electricity,Small Business,House,53,1,1,4,Medium-High,Rent,1
CUST0000787,Customer_787,57,Female,Southwest,Dual Fuel,Prepaid,Apartment,15,1,1,5,Medium,Own,1
CUST0000788,Customer_788,51,Female,Northeast,Gas,Residential,Condo,49,1,1,4,Low,Rent,0
CUST0000789,Customer_789,43,Male,Southwest,Electricity,Residential,House,21,1,1,1,Low,Rent,0
CUST0000790,Customer_790,20,Female,Midwest,Electricity,Small Business,Townhouse,17,0,1,3,Low,Own,0
CUST0000791,Customer_791,51,Male,Northeast,Dual Fuel,Residential,Condo,14,1,1,4,High,Own,1
CUST0000792,Customer_792,48,Male,Northeast,Multi-Utility,Residential,Condo,120,0,1,5,High,Other,0
CUST0000793,Customer_793,49,Male,Northeast,Water,Residential,Apartment,53,0,1,3,High,Own,1
CUST0000794,Customer_794,25,Female,Southeast,Electricity,Residential,Mobile Home,1,1,1,4,Medium-High,Own,0
CUST0000795,Customer_795,28,Male,Northeast,Multi-Utility,Residential,House,113,0,1,4,High,Rent,0
CUST0000796,Customer_796,60,Male,Southwest,Water,Residential,Apartment,53,0,1,2,Medium-High,Own,0
CUST0000797,Customer_797,44,Female,Southeast,Dual Fuel,Small Business,House,5,1,1,2,High,Own,1
CUST0000798,Customer_798,55,Male,Northeast,Water,Small Business,Condo,2,1,1,4,Medium-High,Own,1
CUST0000799,Customer_799,45,Female,Southwest,Electricity,Residential,House,13,0,1,2,Medium,Own,1
CUST0000800,Customer_800,45,Female,Southwest,Gas,Residential,House,35,0,1,2,Medium,Rent,0
CUST0000801,Customer_801,59,Female,West,Electricity,Residential,Townhouse,34,0,0,3,Medium-High,Rent,0
CUST0000802,Customer_802,37,Female,Southwest,Electricity,Residential,Apartment,11,0,1,4,Medium-High,Own,1
CUST0000803,Customer_803,46,Female,Northwest,Water,Small Business,House,21,1,1,3,Medium-High,Own,1
CUST0000804,Customer_804,38,Male,Midwest,Dual Fuel,Prepaid,Condo,8,1,1,5,Medium-High,Own,1
CUST0000805,Customer_805,38,Female,Northeast,Water,Small Business,Condo,1,1,1,2,Medium-High,Own,1
CUST0000806,Customer_806,40,Male,Northeast,Gas,Small Business,House,26,1,1,2,Low,Rent,0
CUST0000807,Customer_807,48,Female,Northeast,Electricity,Residential,House,15,1,1,3,Medium,Own,0
CUST0000808,Customer_808,37,Male,Southwest,Electricity,Residential,Mobile Home,28,1,1,4,High,Rent,0
CUST0000809,Customer_809,63,Female,Southwest,Electricity,Commercial,Apartment,105,1,1,3,Medium-High,Own,1
CUST0000810,Customer_810,31,Female,Northeast,Gas,Prepaid,Apartment,5,1,1,1,Medium,Rent,1
CUST0000811,Customer_811,42,Female,Northwest,Gas,Residential,Townhouse,1,1,1,4,High,Own,0
CUST0000812,Customer_812,38,Male,Southeast,Electricity,Residential,Apartment,2,1,0,4,Medium,Rent,0
CUST0000813,Customer_813,66,Male,Southeast,Multi-Utility,Small Business,House,22,1,1,2,Medium,Rent,1
CUST0000814,Customer_814,47,Female,Midwest,Electricity,Residential,House,44,1,1,1,Medium,Own,0
CUST0000815,Customer_815,60,Female,West,Dual Fuel,Small Business,Apartment,31,0,0,3,High,Rent,0
CUST0000816,Customer_816,22,Male,Midwest,Gas,Commercial,Townhouse,24,1,1,1,Medium-High,Rent,0
CUST0000817,Customer_817,49,Other,Northeast,Electricity,Residential,House,15,1,1,3,Medium,Own,1
CUST0000818,Customer_818,58,Female,Northeast,Water,Prepaid,House,13,1,1,1,High,Own,1
CUST0000819,Customer_819,46,Male,Northeast,Water,Prepaid,Townhouse,16,1,0,2,High,Own,1
CUST0000820,Customer_820,60,Female,West,Gas,Commercial,House,34,1,0,2,Medium-High,Own,1
CUST0000821,Customer_821,37,Female,Southwest,Gas,Residential,Condo,6,0,0,1,High,Own,0
CUST0000822,Customer_822,66,Male,West,Electricity,Residential,House,53,1,1,1,Medium-High,Own,0
CUST0000823,Customer_823,79,Male,Midwest,Water,Small Business,Condo,30,0,0,4,Medium-High,Rent,1
CUST0000824,Customer_824,39,Female,Southwest,Dual Fuel,Residential,Apartment,11,1,0,1,Medium,Rent,0
CUST0000825,Customer_825,38,Female,Southwest,Electricity,Residential,House,25,0,1,4,Medium,Own,0
CUST0000826,Customer_826,66,Male,Midwest,Electricity,Residential,Apartment,118,0,1,4,Low,Own,1
CUST0000827,Customer_827,68,Female,Southwest,Dual Fuel,Small Business,Condo,1,0,0,1,Medium-High,Rent,0
CUST0000828,Customer_828,37,Female,Southeast,Electricity,Residential,Condo,8,1,0,2,Low,Own,0
CUST0000829,Customer_829,38,Female,Midwest,Water,Residential,Condo,21,0,0,3,Medium,Rent,0
CUST0000830,Customer_830,40,Male,Midwest,Gas,Residential,Apartment,36,0,0,2,Medium,Own,1
CUST0000831,Customer_831,24,Female,Southeast,Gas,Small Business,Apartment,8,0,0,3,Medium,Rent,1
CUST0000832,Customer_832,31,Male,West,Gas,Small Business,Condo,96,0,1,4,Medium,Own,0
CUST0000833,Customer_833,29,Male,West,Electricity,Residential,Condo,37,0,1,1,Medium-High,Rent,1
CUST0000834,Customer_834,33,Male,West,Electricity,Prepaid,Condo,75,0,0,3,High,Own,1
CUST0000835,Customer_835,44,Female,Southwest,Water,Residential,Apartment,14,1,1,5,High,Own,0
CUST0000836,Customer_836,48,Female,Southeast,Water,Small Business,House,63,1,1,1,Medium-High,Own,0
CUST0000837,Customer_837,68,Male,Midwest,Water,Small Business,House,17,1,0,1,High,Own,1
CUST0000838,Customer_838,30,Female,Midwest,Gas,Small Business,House,10,1,0,3,Medium,Own,0
CUST0000839,Customer_839,59,Male,Midwest,Electricity,Residential,Mobile Home,87,1,1,6,Medium,Own,0
CUST0000840,Customer_840,41,Male,Southwest,Electricity,Commercial,Townhouse,3,1,1,2,Medium,Own,0
CUST0000841,Customer_841,44,Other,Southwest,Dual Fuel,Commercial,Apartment,103,0,0,2,High,Rent,1
CUST0000842,Customer_842,55,Female,Northwest,Gas,Small Business,House,22,1,0,1,Low,Rent,1
CUST0000843,Customer_843,28,Male,West,Electricity,Residential,House,176,0,1,2,Medium-High,Other,1
CUST0000844,Customer_844,50,Female,Northwest,Electricity,Residential,Townhouse,27,1,1,1,Medium-High,Own,1
CUST0000845,Customer_845,47,Male,Northwest,Electricity,Small Business,Townhouse,51,1,1,2,Medium-High,Own,1
CUST0000846,Customer_846,52,Male,Southwest,Electricity,Residential,House,1,0,1,3,Low,Rent,1
CUST0000847,Customer_847,49,Female,West,Dual Fuel,Small Business,Townhouse,24,1,0,6,Medium-High,Own,1
CUST0000848,Customer_848,81,Female,West,Dual Fuel,Residential,Apartment,48,1,0,4,Medium-High,Rent,0
CUST0000849,Customer_849,35,Male,Midwest,Dual Fuel,Small Business,House,54,0,1,4,Low,Rent,0
CUST0000850,Customer_850,37,Female,Southwest,Multi-Utility,Residential,Condo,6,1,1,2,Medium-High,Own,0
CUST0000851,Customer_851,35,Female,West,Dual Fuel,Residential,Condo,19,1,0,1,High,Own,0
CUST0000852,Customer_852,36,Male,Northwest,Gas,Residential,Townhouse,19,0,1,3,High,Rent,0
CUST0000853,Customer_853,35,Female,Southeast,Electricity,Residential,House,3,0,1,3,Medium,Rent,1
CUST0000854,Customer_854,62,Female,Southeast,Water,Residential,House,21,1,0,3,Low,Own,0
CUST0000855,Customer_855,66,Female,Southwest,Electricity,Small Business,House,59,1,1,1,Medium,Own,0
CUST0000856,Customer_856,36,Female,Midwest,Electricity,Small Business,House,12,0,1,3,Medium-High,Other,0
CUST0000857,Customer_857,32,Female,Midwest,Electricity,Small Business,Apartment,20,1,1,2,High,Own,1
CUST0000858,Customer_858,52,Male,West,Gas,Small Business,House,116,0,1,3,High,Own,0
CUST0000859,Customer_859,36,Female,Southwest,Electricity,Residential,Apartment,1,1,0,1,High,Other,0
CUST0000860,Customer_860,54,Female,Southeast,Electricity,Residential,Apartment,32,1,1,5,Medium-High,Rent,1
CUST0000861,Customer_861,48,Male,Northwest,Gas,Residential,Condo,48,1,1,1,Medium-High,Own,0
CUST0000862,Customer_862,22,Female,West,Dual Fuel,Small Business,Condo,51,1,0,5,Low,Own,0
CUST0000863,Customer_863,68,Female,Northwest,Gas,Residential,Condo,45,0,1,5,Medium,Rent,1
CUST0000864,Customer_864,71,Female,West,Dual Fuel,Residential,House,46,0,0,4,High,Own,0
CUST0000865,Customer_865,35,Male,Northeast,Electricity,Small Business,House,2,1,0,6,Medium-High,Own,1
CUST0000866,Customer_866,39,Male,Northwest,Electricity,Commercial,House,27,0,1,1,Medium,Other,0
CUST0000867,Customer_867,49,Female,Southwest,Gas,Small Business,House,54,1,0,3,Low,Rent,0
CUST0000868,Customer_868,50,Male,Northwest,Gas,Small Business,House,3,1,1,4,Medium,Rent,0
CUST0000869,Customer_869,54,Female,Northwest,Water,Small Business,House,1,0,1,1,Medium-High,Rent,1
CUST0000870,Customer_870,75,Male,West,Water,Residential,Condo,60,1,0,3,High,Rent,0
CUST0000871,Customer_871,42,Male,Southeast,Water,Small Business,Mobile Home,44,0,1,2,Low,Rent,0
CUST0000872,Customer_872,33,Male,Northeast,Multi-Utility,Commercial,House,19,1,1,3,Low,Own,1
CUST0000873,Customer_873,24,Male,Northwest,Electricity,Residential,Townhouse,101,0,1,5,Medium-High,Rent,0
CUST0000874,Customer_874,34,Female,Southeast,Electricity,Residential,House,52,0,1,3,Medium,Rent,0
CUST0000875,Customer_875,44,Male,Midwest,Gas,Residential,Condo,123,1,1,1,Low,Rent,1
CUST0000876,Customer_876,71,Male,Northeast,Electricity,Residential,Condo,95,1,0,5,Low,Rent,0
CUST0000877,Customer_877,37,Male,Northeast,Electricity,Commercial,Mobile Home,23,1,0,2,Medium,Rent,1
CUST0000878,Customer_878,48,Female,West,Electricity,Residential,House,50,1,1,5,Medium-High,Own,0
CUST0000879,Customer_879,44,Male,Northwest,Electricity,Residential,House,39,1,0,6,High,Own,1
CUST0000880,Customer_880,62,Female,Midwest,Electricity,Commercial,House,60,1,1,5,Medium,Own,1
CUST0000881,Customer_881,82,Female,West,Electricity,Residential,Apartment,55,0,1,4,Medium-High,Own,1
CUST0000882,Customer_882,37,Female,Southwest,Water,Residential,Mobile Home,5,0,0,4,Low,Own,1
CUST0000883,Customer_883,37,Female,Southeast,Gas,Commercial,Townhouse,9,0,0,4,Medium-High,Own,0
CUST0000884,Customer_884,60,Female,Southeast,Water,Residential,Condo,11,0,0,3,Medium-High,Other,1
CUST0000885,Customer_885,55,Female,West,Water,Small Business,Apartment,61,0,1,2,Medium,Own,0
CUST0000886,Customer_886,72,Male,Southeast,Electricity,Residential,Townhouse,59,0,1,2,Medium-High,Own,1
CUST0000887,Customer_887,53,Male,Northwest,Electricity,Residential,Apartment,24,1,0,4,Medium,Rent,0
CUST0000888,Customer_888,39,Male,Southeast,Electricity,Residential,House,31,0,0,3,Medium-High,Own,1
CUST0000889,Customer_889,53,Female,Northwest,Dual Fuel,Residential,Townhouse,63,1,1,3,Medium-High,Own,1
CUST0000890,Customer_890,61,Other,Southwest,Water,Prepaid,House,13,1,0,4,Medium-High,Own,0
CUST0000891,Customer_891,57,Female,Midwest,Electricity,Prepaid,House,1,1,1,4,High,Own,1
CUST0000892,Customer_892,52,Male,Northeast,Electricity,Commercial,House,23,0,1,4,High,Other,0
CUST0000893,Customer_893,61,Female,West,Multi-Utility,Residential,Condo,88,1,0,1,Medium-High,Rent,1
CUST0000894,Customer_894,62,Male,West,Gas,Prepaid,Condo,56,1,1,2,High,Rent,0
CUST0000895,Customer_895,65,Male,Northwest,Dual Fuel,Small Business,House,16,1,1,2,Low,Rent,0
CUST0000896,Customer_896,54,Male,Southwest,Electricity,Residential,Condo,2,0,0,3,Medium,Own,0
CUST0000897,Customer_897,42,Male,Southwest,Electricity,Small Business,Townhouse,36,0,0,1,Low,Rent,1
CUST0000898,Customer_898,47,Female,Northeast,Water,Residential,Mobile Home,64,0,1,4,Medium,Rent,1
CUST0000899,Customer_899,63,Male,Midwest,Water,Residential,Apartment,39,0,1,1,Medium,Rent,1
CUST0000900,Customer_900,32,Male,West,Water,Commercial,Townhouse,19,1,0,2,High,Own,0
CUST0000901,Customer_901,50,Female,Northwest,Gas,Small Business,Townhouse,4,1,0,4,Medium,Own,0
CUST0000902,Customer_902,39,Female,Southwest,Gas,Residential,House,86,0,0,1,Medium-High,Own,1
CUST0000903,Customer_903,45,Female,West,Water,Residential,House,11,0,0,4,Medium,Own,0
CUST0000904,Customer_904,64,Male,Northwest,Electricity,Commercial,Apartment,9,0,1,5,Medium-High,Rent,0
CUST0000905,Customer_905,47,Female,Southeast,Electricity,Small Business,House,60,0,0,3,Medium-High,Own,0
CUST0000906,Customer_906,45,Female,West,Dual Fuel,Residential,House,143,1,1,4,Medium,Own,0
CUST0000907,Customer_907,24,Male,Midwest,Electricity,Residential,Apartment,38,1,0,4,High,Rent,1
CUST0000908,Customer_908,56,Female,Northwest,Gas,Residential,House,35,0,1,2,Medium,Own,0
CUST0000909,Customer_909,54,Male,Midwest,Water,Prepaid,House,13,0,1,3,High,Own,1
CUST0000910,Customer_910,77,Male,West,Multi-Utility,Residential,Apartment,1,1,1,2,Low,Other,1
CUST0000911,Customer_911,40,Female,Southeast,Gas,Residential,Condo,7,0,0,2,Medium,Rent,1
CUST0000912,Customer_912,48,Female,Midwest,Gas,Residential,Townhouse,31,1,0,2,High,Rent,0
CUST0000913,Customer_913,48,Male,Southwest,Dual Fuel,Commercial,Apartment,5,1,0,3,Medium-High,Rent,1
CUST0000914,Customer_914,68,Female,Northwest,Dual Fuel,Small Business,Apartment,77,1,1,4,Medium-High,Own,1
CUST0000915,Customer_915,43,Female,West,Water,Small Business,Apartment,7,0,0,5,Medium-High,Own,0
CUST0000916,Customer_916,49,Female,Southeast,Gas,Residential,House,26,0,0,3,Medium,Own,0
CUST0000917,Customer_917,54,Male,Southwest,Electricity,Residential,House,25,1,1,2,Low,Own,0
CUST0000918,Customer_918,47,Female,West,Gas,Commercial,Townhouse,33,0,0,4,Medium,Rent,0
CUST0000919,Customer_919,38,Male,Southeast,Dual Fuel,Commercial,Apartment,14,0,1,4,Low,Own,0
CUST0000920,Customer_920,47,Female,Southwest,Dual Fuel,Commercial,Townhouse,74,1,1,2,High,Own,1
CUST0000921,Customer_921,61,Male,Midwest,Electricity,Commercial,Condo,21,1,1,2,High,Rent,0
CUST0000922,Customer_922,29,Male,West,Gas,Commercial,House,43,1,1,3,Medium,Own,1
CUST0000923,Customer_923,46,Female,West,Gas,Small Business,Apartment,36,0,0,3,Medium-High,Other,0
CUST0000924,Customer_924,34,Male,Midwest,Multi-Utility,Commercial,Apartment,4,1,0,4,Medium,Own,1
CUST0000925,Customer_925,62,Male,Northeast,Water,Small Business,Apartment,35,0,0,3,Low,Rent,0
CUST0000926,Customer_926,22,Male,Southwest,Gas,Residential,Apartment,28,0,0,1,Medium-High,Rent,0
CUST0000927,Customer_927,36,Female,Midwest,Electricity,Residential,Mobile Home,82,1,0,2,Medium,Rent,0
CUST0000928,Customer_928,50,Male,West,Gas,Prepaid,Townhouse,76,0,1,5,Low,Own,1
CUST0000929,Customer_929,68,Female,Southwest,Electricity,Residential,Mobile Home,5,0,0,2,Medium-High,Own,1
CUST0000930,Customer_930,44,Male,Southwest,Dual Fuel,Commercial,House,3,0,0,1,High,Own,0
CUST0000931,Customer_931,36,Male,Northeast,Water,Residential,House,12,1,1,4,Medium-High,Rent,1
CUST0000932,Customer_932,73,Male,West,Gas,Residential,House,155,1,0,4,Medium,Own,1
CUST0000933,Customer_933,23,Female,Southeast,Gas,Residential,House,1,1,1,3,Medium,Rent,1
CUST0000934,Customer_934,18,Male,Northeast,Dual Fuel,Residential,Apartment,40,1,0,3,Medium-High,Own,1
CUST0000935,Customer_935,51,Male,Northeast,Electricity,Residential,Condo,33,1,1,6,Medium-High,Own,0
CUST0000936,Customer_936,37,Other,Southeast,Electricity,Residential,Apartment,37,1,1,1,High,Own,0
CUST0000937,Customer_937,29,Female,Southeast,Multi-Utility,Commercial,Mobile Home,8,0,1,3,High,Rent,1
CUST0000938,Customer_938,55,Male,Northeast,Dual Fuel,Residential,Mobile Home,9,0,0,3,High,Rent,0
CUST0000939,Customer_939,48,Male,Southwest,Dual Fuel,Residential,House,20,1,1,1,Medium-High,Own,0
CUST0000940,Customer_940,36,Female,Midwest,Electricity,Residential,Townhouse,3,0,0,3,Medium,Rent,1
CUST0000941,Customer_941,25,Male,Midwest,Electricity,Small Business,Apartment,2,0,1,4,Medium-High,Own,1
CUST0000942,Customer_942,58,Male,Northeast,Electricity,Small Business,Apartment,3,1,1,3,Medium-High,Rent,1
CUST0000943,Customer_943,54,Female,Southwest,Electricity,Small Business,Townhouse,30,1,1,5,Medium,Own,0
CUST0000944,Customer_944,43,Female,Southeast,Water,Residential,House,18,1,1,3,Medium,Rent,1
CUST0000945,Customer_945,72,Female,Northwest,Electricity,Residential,Townhouse,12,1,0,4,Medium,Rent,1
CUST0000946,Customer_946,28,Male,Northeast,Water,Small Business,Condo,13,1,1,4,High,Own,1
CUST0000947,Customer_947,22,Male,West,Electricity,Commercial,Townhouse,8,1,1,4,Medium,Own,0
CUST0000948,Customer_948,34,Female,Southwest,Electricity,Residential,Mobile Home,19,0,0,4,Medium-High,Own,0
CUST0000949,Customer_949,44,Male,West,Multi-Utility,Residential,Apartment,8,1,1,4,Medium,Own,1
CUST0000950,Customer_950,48,Female,West,Electricity,Residential,House,43,0,1,3,Medium-High,Other,1
CUST0000951,Customer_951,41,Female,Northeast,Electricity,Residential,House,4,0,1,3,Medium,Own,0
CUST0000952,Customer_952,50,Male,Southwest,Electricity,Small Business,House,106,1,1,2,Medium-High,Own,0
CUST0000953,Customer_953,26,Female,West,Electricity,Residential,House,3,0,0,4,Low,Rent,1
CUST0000954,Customer_954,66,Female,Southwest,Gas,Residential,Townhouse,103,0,0,2,Medium,Own,1
CUST0000955,Customer_955,43,Female,Midwest,Electricity,Residential,House,64,1,0,3,Low,Own,0
CUST0000956,Customer_956,61,Male,Northwest,Water,Prepaid,Mobile Home,41,0,1,2,Medium,Own,0
CUST0000957,Customer_957,50,Male,West,Dual Fuel,Commercial,Condo,87,1,1,4,Medium-High,Rent,0
CUST0000958,Customer_958,51,Female,West,Gas,Commercial,House,5,0,1,6,Medium-High,Rent,1
CUST0000959,Customer_959,53,Male,Southwest,Electricity,Residential,Apartment,6,0,1,4,Low,Rent,0
CUST0000960,Customer_960,51,Other,Northwest,Gas,Small Business,Apartment,10,1,0,3,Medium,Own,1
CUST0000961,Customer_961,54,Male,Midwest,Electricity,Residential,Apartment,10,1,1,3,High,Own,0
CUST0000962,Customer_962,64,Female,West,Gas,Residential,Apartment,13,1,1,3,Medium-High,Rent,0
CUST0000963,Customer_963,47,Male,Northeast,Water,Residential,House,30,1,1,2,Low,Rent,1
CUST0000964,Customer_964,55,Female,Southwest,Electricity,Small Business,Condo,1,1,1,2,Medium,Other,1
CUST0000965,Customer_965,43,Male,Southwest,Dual Fuel,Residential,Apartment,17,1,1,3,Medium-High,Own,0
CUST0000966,Customer_966,66,Male,West,Dual Fuel,Commercial,Townhouse,10,0,1,5,Low,Own,0
CUST0000967,Customer_967,34,Male,Midwest,Dual Fuel,Residential,Townhouse,33,0,1,3,Medium-High,Own,0
CUST0000968,Customer_968,72,Female,West,Electricity,Residential,House,151,0,1,3,Medium-High,Own,0
CUST0000969,Customer_969,44,Male,Southeast,Gas,Residential,House,26,0,1,5,Medium,Own,1
CUST0000970,Customer_970,23,Female,West,Dual Fuel,Residential,Condo,19,0,1,3,Medium-High,Own,0
CUST0000971,Customer_971,46,Female,Northwest,Electricity,Residential,Mobile Home,16,0,0,2,Medium-High,Own,0
CUST0000972,Customer_972,34,Male,Northwest,Dual Fuel,Residential,Apartment,55,1,1,2,Medium,Rent,0
CUST0000973,Customer_973,57,Female,Southeast,Electricity,Residential,House,2,1,0,2,Medium,Own,1
CUST0000974,Customer_974,35,Male,Northwest,Electricity,Residential,House,115,0,0,4,Medium-High,Own,0
CUST0000975,Customer_975,38,Other,Northwest,Water,Residential,House,19,1,0,2,Low,Other,1
CUST0000976,Customer_976,18,Female,Northeast,Water,Residential,House,13,1,0,4,Medium-High,Own,0
CUST0000977,Customer_977,38,Male,Southwest,Water,Residential,Apartment,131,0,0,5,High,Own,0
CUST0000978,Customer_978,18,Male,Northwest,Multi-Utility,Residential,Condo,98,1,1,2,High,Rent,0
CUST0000979,Customer_979,21,Male,Southwest,Electricity,Residential,House,36,0,1,1,Medium,Own,1
CUST0000980,Customer_980,56,Other,Midwest,Electricity,Commercial,House,1,1,0,3,Medium-High,Rent,1
CUST0000981,Customer_981,56,Male,West,Dual Fuel,Residential,Apartment,49,0,1,2,High,Rent,0
CUST0000982,Customer_982,51,Female,Northeast,Electricity,Residential,Townhouse,14,1,0,3,Medium,Own,0
CUST0000983,Customer_983,30,Male,Southeast,Water,Commercial,Apartment,17,1,0,3,Low,Rent,0
CUST0000984,Customer_984,44,Female,Midwest,Gas,Commercial,Mobile Home,6,1,1,3,Medium,Rent,0
CUST0000985,Customer_985,44,Male,Northeast,Electricity,Prepaid,Apartment,26,1,1,5,High,Rent,0
CUST0000986,Customer_986,27,Female,Northeast,Electricity,Small Business,House,49,1,0,2,Medium,Own,1
CUST0000987,Customer_987,67,Female,Southeast,Gas,Residential,House,11,0,0,2,Medium,Own,0
CUST0000988,Customer_988,58,Female,Southeast,Dual Fuel,Residential,Condo,100,1,0,5,Medium-High,Own,1
CUST0000989,Customer_989,41,Male,Southwest,Water,Small Business,Apartment,7,1,1,1,Medium-High,Own,1
CUST0000990,Customer_990,45,Male,West,Gas,Prepaid,Condo,2,1,0,1,Low,Own,1
CUST0000991,Customer_991,48,Male,Midwest,Gas,Small Business,Townhouse,37,1,1,5,Medium-High,Own,1
CUST0000992,Customer_992,18,Female,West,Electricity,Commercial,Condo,68,0,1,2,Medium-High,Own,1
CUST0000993,Customer_993,41,Male,Midwest,Electricity,Residential,House,110,0,1,1,Medium-High,Own,0
CUST0000994,Customer_994,34,Female,Northeast,Gas,Residential,Townhouse,52,1,1,3,Medium-High,Own,1
CUST0000995,Customer_995,29,Male,Northwest,Electricity,Commercial,Apartment,8,0,1,1,Medium,Rent,0
CUST0000996,Customer_996,40,Female,Northwest,Electricity,Small Business,Apartment,136,0,1,3,High,Own,1
CUST0000997,Customer_997,71,Female,Southeast,Gas,Prepaid,Apartment,90,1,1,3,Medium,Own,1
CUST0000998,Customer_998,54,Female,Southeast,Gas,Small Business,Condo,6,0,0,3,Medium,Own,1
CUST0000999,Customer_999,36,Male,Northeast,Electricity,Residential,House,29,0,1,2,Medium-High,Rent,0
CUST0001000,Customer_1000,53,Male,Northeast,Gas,Residential,Apartment,29,1,0,5,Medium-High,Rent,1
CUST0001001,Customer_1001,65,Male,Midwest,Gas,Commercial,House,21,0,1,2,Medium-High,Rent,1
CUST0001002,Customer_1002,58,Male,Northeast,Electricity,Small Business,Apartment,149,0,0,3,Low,Rent,1
CUST0001003,Customer_1003,45,Female,Midwest,Multi-Utility,Residential,House,2,0,0,5,Medium,Own,1
CUST0001004,Customer_1004,35,Female,West,Electricity,Residential,House,35,1,0,3,Low,Own,0
CUST0001005,Customer_1005,55,Female,Southeast,Dual Fuel,Residential,House,8,1,1,2,Medium,Rent,1
CUST0001006,Customer_1006,50,Male,Southeast,Electricity,Residential,Apartment,26,0,0,1,Medium-High,Own,0
CUST0001007,Customer_1007,58,Female,Northwest,Dual Fuel,Small Business,Townhouse,54,0,0,6,Medium-High,Own,1
CUST0001008,Customer_1008,54,Female,Northwest,Electricity,Residential,House,10,1,0,4,Medium-High,Rent,1
CUST0001009,Customer_1009,60,Female,Southeast,Water,Residential,Apartment,17,0,0,5,Low,Own,1
CUST0001010,Customer_1010,36,Male,West,Electricity,Commercial,House,108,1,1,4,Medium,Rent,1
CUST0001011,Customer_1011,64,Male,West,Water,Residential,Townhouse,51,1,1,2,Medium-High,Own,0
CUST0001012,Customer_1012,47,Male,Southwest,Gas,Commercial,House,30,0,0,1,Medium-High,Rent,1
CUST0001013,Customer_1013,76,Female,Midwest,Electricity,Residential,House,9,1,1,5,High,Other,0
CUST0001014,Customer_1014,34,Female,Northwest,Water,Prepaid,House,19,0,1,3,High,Rent,0
CUST0001015,Customer_1015,71,Male,Midwest,Electricity,Residential,Mobile Home,53,0,1,2,High,Own,0
CUST0001016,Customer_1016,47,Male,Northwest,Multi-Utility,Residential,Apartment,61,0,1,3,Medium,Rent,0
CUST0001017,Customer_1017,35,Female,Southwest,Electricity,Commercial,House,10,1,0,1,Medium-High,Rent,1
CUST0001018,Customer_1018,37,Female,Southeast,Gas,Small Business,House,39,0,1,2,Medium,Own,1
CUST0001019,Customer_1019,40,Male,Midwest,Water,Residential,House,3,0,1,3,Low,Rent,1
CUST0001020,Customer_1020,51,Female,Northwest,Electricity,Prepaid,House,1,0,1,1,Low,Own,0
CUST0001021,Customer_1021,52,Other,Midwest,Electricity,Residential,Townhouse,28,1,1,1,Medium,Own,1
CUST0001022,Customer_1022,36,Female,Southeast,Water,Prepaid,Apartment,9,0,0,3,Low,Own,0
CUST0001023,Customer_1023,44,Male,Northeast,Water,Residential,Condo,2,0,0,3,High,Rent,0
CUST0001024,Customer_1024,77,Female,Northwest,Multi-Utility,Residential,House,47,1,1,2,Medium,Own,0
CUST0001025,Customer_1025,70,Female,Northeast,Electricity,Residential,Apartment,24,1,0,1,Medium-High,Rent,1
CUST0001026,Customer_1026,51,Male,Southwest,Gas,Residential,House,57,1,1,6,High,Own,1
CUST0001027,Customer_1027,45,Female,West,Electricity,Residential,House,39,0,1,1,High,Own,1
CUST0001028,Customer_1028,46,Female,Midwest,Electricity,Residential,Condo,47,1,1,1,High,Other,0
CUST0001029,Customer_1029,54,Female,Northwest,Water,Residential,House,13,1,0,2,Medium-High,Own,0
CUST0001030,Customer_1030,29,Male,Midwest,Electricity,Residential,Condo,10,0,0,2,Medium,Own,0
CUST0001031,Customer_1031,41,Female,Southwest,Gas,Residential,Townhouse,33,1,0,3,Medium-High,Own,0
CUST0001032,Customer_1032,19,Female,Southwest,Gas,Commercial,House,8,1,0,5,Medium-High,Rent,0
CUST0001033,Customer_1033,50,Male,Midwest,Water,Small Business,Townhouse,60,1,0,3,High,Rent,0
CUST0001034,Customer_1034,54,Female,Northwest,Dual Fuel,Small Business,House,26,1,0,4,High,Rent,1
CUST0001035,Customer_1035,37,Female,Southeast,Water,Prepaid,House,9,1,0,5,Medium-High,Own,0
CUST0001036,Customer_1036,68,Female,Southeast,Gas,Small Business,Condo,35,0,0,2,Medium,Own,0
CUST0001037,Customer_1037,26,Male,West,Water,Prepaid,Apartment,104,1,1,3,High,Rent,0
CUST0001038,Customer_1038,23,Female,Midwest,Gas,Residential,House,3,0,1,3,High,Rent,1
CUST0001039,Customer_1039,48,Male,Midwest,Electricity,Residential,Townhouse,4,1,0,2,Medium,Rent,1
CUST0001040,Customer_1040,60,Male,Northwest,Electricity,Residential,Mobile Home,66,0,0,4,Medium-High,Rent,1
CUST0001041,Customer_1041,70,Female,Midwest,Electricity,Residential,House,4,0,1,4,Medium-High,Own,0
CUST0001042,Customer_1042,38,Male,Northwest,Gas,Commercial,Townhouse,1,1,0,3,Medium,Own,1
CUST0001043,Customer_1043,61,Female,Midwest,Dual Fuel,Small Business,Apartment,15,1,1,1,Medium-High,Rent,1
CUST0001044,Customer_1044,44,Male,Southwest,Electricity,Residential,Mobile Home,22,1,1,1,Low,Own,0
CUST0001045,Customer_1045,42,Male,Northeast,Electricity,Small Business,House,30,1,0,2,Medium,Own,0
CUST0001046,Customer_1046,58,Male,Midwest,Dual Fuel,Residential,Townhouse,25,0,1,1,Medium,Own,1
CUST0001047,Customer_1047,54,Other,Northeast,Dual Fuel,Residential,House,87,1,1,4,Medium-High,Own,0
CUST0001048,Customer_1048,21,Female,Southeast,Water,Small Business,Townhouse,52,1,1,2,Low,Rent,0
CUST0001049,Customer_1049,67,Female,West,Electricity,Commercial,Condo,148,1,0,4,Low,Own,0
CUST0001050,Customer_1050,65,Male,Southeast,Electricity,Commercial,Apartment,23,1,1,2,High,Rent,1
CUST0001051,Customer_1051,35,Male,Midwest,Electricity,Small Business,House,3,0,1,4,Medium,Own,0
CUST0001052,Customer_1052,50,Other,Northwest,Electricity,Residential,Townhouse,112,1,1,5,Medium,Rent,0
CUST0001053,Customer_1053,52,Male,Southeast,Electricity,Residential,Condo,1,1,1,4,Medium-High,Rent,1
CUST0001054,Customer_1054,48,Male,Southwest,Gas,Residential,Apartment,53,0,1,3,Medium,Rent,1
CUST0001055,Customer_1055,36,Female,Northeast,Electricity,Small Business,Apartment,1,1,1,1,Medium-High,Own,1
CUST0001056,Customer_1056,34,Male,Northwest,Electricity,Residential,Townhouse,51,0,0,2,Medium,Own,0
CUST0001057,Customer_1057,44,Female,Northwest,Electricity,Residential,House,100,1,1,3,Medium-High,Own,0
CUST0001058,Customer_1058,62,Female,Midwest,Gas,Commercial,House,17,1,1,6,Medium,Own,1
CUST0001059,Customer_1059,53,Male,Southwest,Gas,Commercial,Mobile Home,9,0,1,3,High,Own,0
CUST0001060,Customer_1060,39,Male,Northeast,Gas,Small Business,Apartment,9,0,1,3,Medium,Rent,1
CUST0001061,Customer_1061,56,Male,Southwest,Electricity,Residential,House,24,1,1,4,Medium,Other,0
CUST0001062,Customer_1062,18,Female,Southeast,Electricity,Residential,House,6,1,1,3,High,Own,1
CUST0001063,Customer_1063,62,Female,Midwest,Electricity,Residential,Townhouse,40,1,0,3,Medium-High,Own,0
CUST0001064,Customer_1064,18,Male,Northwest,Electricity,Small Business,House,16,0,1,2,Medium-High,Rent,0
CUST0001065,Customer_1065,39,Male,Northwest,Dual Fuel,Residential,Condo,14,0,0,1,Medium,Rent,0
CUST0001066,Customer_1066,28,Female,Southeast,Multi-Utility,Commercial,Townhouse,22,1,1,4,Medium,Own,0
CUST0001067,Customer_1067,25,Female,Northwest,Gas,Prepaid,House,28,0,1,4,Medium,Other,1
CUST0001068,Customer_1068,62,Male,West,Dual Fuel,Residential,Townhouse,5,1,1,3,Medium,Rent,1
CUST0001069,Customer_1069,37,Male,Midwest,Gas,Residential,Apartment,44,0,1,3,Medium,Rent,1
CUST0001070,Customer_1070,50,Male,Southeast,Electricity,Small Business,Condo,77,1,1,2,High,Rent,0
CUST0001071,Customer_1071,44,Female,Midwest,Multi-Utility,Commercial,Apartment,11,0,0,3,Medium,Own,0
CUST0001072,Customer_1072,52,Other,Northeast,Electricity,Commercial,Condo,7,1,1,2,Medium,Own,0
CUST0001073,Customer_1073,46,Male,Midwest,Water,Residential,House,51,1,1,4,Medium,Own,0
CUST0001074,Customer_1074,25,Female,Midwest,Electricity,Residential,House,7,1,1,3,Medium-High,Own,1
CUST0001075,Customer_1075,59,Male,Northeast,Electricity,Small Business,Mobile Home,1,0,1,3,Medium,Own,0
CUST0001076,Customer_1076,37,Male,Southeast,Gas,Small Business,House,34,0,1,1,Medium,Own,1
CUST0001077,Customer_1077,21,Male,Midwest,Gas,Residential,Townhouse,9,0,0,3,Medium-High,Own,0
CUST0001078,Customer_1078,38,Female,Southwest,Electricity,Residential,House,6,1,1,2,Medium,Own,1
CUST0001079,Customer_1079,67,Female,Midwest,Electricity,Small Business,Apartment,143,1,0,2,Medium,Own,0
CUST0001080,Customer_1080,57,Female,Southeast,Electricity,Residential,Townhouse,12,1,0,3,Low,Rent,1
CUST0001081,Customer_1081,39,Male,Northwest,Multi-Utility,Commercial,House,84,0,1,3,Low,Own,0
CUST0001082,Customer_1082,39,Male,Northeast,Water,Residential,Townhouse,7,1,1,2,Low,Rent,1
CUST0001083,Customer_1083,40,Male,Northwest,Gas,Small Business,Apartment,61,0,0,5,Medium,Rent,0
CUST0001084,Customer_1084,76,Female,Southeast,Electricity,Small Business,Apartment,25,0,1,3,Medium,Own,1
CUST0001085,Customer_1085,50,Male,West,Dual Fuel,Residential,Condo,2,1,1,3,Low,Own,1
CUST0001086,Customer_1086,51,Female,Northwest,Electricity,Small Business,House,47,0,1,3,Low,Rent,0
CUST0001087,Customer_1087,60,Male,Midwest,Electricity,Small Business,House,80,1,1,3,Low,Own,1
CUST0001088,Customer_1088,48,Male,Midwest,Electricity,Commercial,Condo,6,1,0,3,Medium,Rent,1
CUST0001089,Customer_1089,41,Male,Northeast,Dual Fuel,Residential,House,46,1,1,4,Low,Rent,0
CUST0001090,Customer_1090,42,Male,Midwest,Electricity,Small Business,House,21,1,1,4,Low,Rent,0
CUST0001091,Customer_1091,43,Male,Southwest,Electricity,Small Business,Townhouse,50,0,1,3,High,Rent,1
CUST0001092,Customer_1092,44,Male,Southwest,Gas,Residential,Townhouse,45,1,1,3,Medium-High,Own,1
CUST0001093,Customer_1093,55,Female,Northwest,Electricity,Commercial,Apartment,1,0,0,1,Medium-High,Rent,1
CUST0001094,Customer_1094,45,Female,Southeast,Gas,Residential,Apartment,7,0,0,1,Medium-High,Own,0
CUST0001095,Customer_1095,55,Male,Northeast,Gas,Residential,Condo,22,1,0,3,Medium-High,Own,1
CUST0001096,Customer_1096,43,Male,West,Gas,Residential,Apartment,97,1,1,5,Medium-High,Own,0
CUST0001097,Customer_1097,46,Male,Northwest,Electricity,Residential,Apartment,15,0,1,3,Medium-High,Rent,1
CUST0001098,Customer_1098,18,Male,Southeast,Electricity,Commercial,Mobile Home,35,0,1,4,Medium-High,Rent,0
CUST0001099,Customer_1099,58,Male,Northeast,Dual Fuel,Small Business,House,1,1,0,2,High,Own,1
CUST0001100,Customer_1100,50,Female,Northeast,Dual Fuel,Residential,Apartment,44,0,1,3,Low,Rent,0
CUST0001101,Customer_1101,59,Male,Northwest,Electricity,Commercial,Townhouse,33,1,1,3,Medium,Own,0
CUST0001102,Customer_1102,18,Male,Southeast,Electricity,Residential,Condo,45,0,0,4,Low,Own,1
CUST0001103,Customer_1103,76,Male,Southeast,Electricity,Small Business,Townhouse,84,0,1,1,Medium-High,Rent,1
CUST0001104,Customer_1104,42,Male,Midwest,Gas,Residential,House,5,1,0,3,Medium,Own,1
CUST0001105,Customer_1105,61,Female,West,Water,Residential,House,10,1,0,5,High,Own,0
CUST0001106,Customer_1106,29,Male,Southwest,Electricity,Residential,Townhouse,196,1,0,5,Medium,Own,0
CUST0001107,Customer_1107,54,Male,Midwest,Water,Small Business,Apartment,6,1,1,5,Medium,Own,0
CUST0001108,Customer_1108,29,Female,Northeast,Water,Residential,Condo,45,0,0,2,Medium,Own,1
CUST0001109,Customer_1109,35,Male,West,Multi-Utility,Residential,House,46,1,1,5,Medium-High,Own,1
CUST0001110,Customer_1110,73,Female,West,Electricity,Residential,Townhouse,41,0,1,4,Medium-High,Own,0
CUST0001111,Customer_1111,42,Female,Southeast,Electricity,Residential,Apartment,9,1,1,5,Medium,Own,1
CUST0001112,Customer_1112,48,Male,West,Electricity,Commercial,House,8,1,0,5,Medium-High,Rent,0
CUST0001113,Customer_1113,58,Female,Northwest,Dual Fuel,Residential,Apartment,39,0,1,5,Medium,Rent,1
CUST0001114,Customer_1114,52,Male,West,Water,Commercial,Condo,7,0,1,2,Medium-High,Own,1
CUST0001115,Customer_1115,47,Female,Northeast,Gas,Residential,House,39,1,1,1,Medium,Own,1
CUST0001116,Customer_1116,50,Male,Northwest,Electricity,Small Business,Condo,24,0,1,4,High,Own,0
CUST0001117,Customer_1117,81,Male,Northwest,Electricity,Residential,Apartment,17,1,0,3,High,Own,0
CUST0001118,Customer_1118,44,Female,Midwest,Electricity,Prepaid,House,12,0,1,2,Medium,Rent,1
CUST0001119,Customer_1119,48,Female,West,Gas,Residential,Townhouse,106,0,1,4,Low,Rent,1
CUST0001120,Customer_1120,60,Other,Southeast,Electricity,Small Business,House,25,0,1,1,Medium-High,Own,1
CUST0001121,Customer_1121,61,Female,Midwest,Electricity,Prepaid,House,29,0,0,1,Low,Own,0
CUST0001122,Customer_1122,62,Male,Southeast,Water,Commercial,Apartment,107,1,0,2,Medium,Own,0
CUST0001123,Customer_1123,54,Male,West,Electricity,Residential,Condo,38,1,0,2,Low,Rent,1
CUST0001124,Customer_1124,27,Male,Midwest,Gas,Prepaid,Mobile Home,113,1,1,4,Medium,Rent,1
CUST0001125,Customer_1125,69,Male,West,Electricity,Small Business,House,4,0,0,5,Medium-High,Own,0
CUST0001126,Customer_1126,27,Male,Northeast,Dual Fuel,Residential,Apartment,67,1,0,4,Medium,Own,0
CUST0001127,Customer_1127,49,Female,Midwest,Gas,Residential,House,14,0,1,4,High,Own,1
CUST0001128,Customer_1128,33,Male,Southeast,Dual Fuel,Residential,Townhouse,59,1,1,1,Medium-High,Rent,0
CUST0001129,Customer_1129,44,Male,Northeast,Gas,Residential,Apartment,69,0,1,3,Medium-High,Own,1
CUST0001130,Customer_1130,49,Male,Southwest,Multi-Utility,Small Business,Condo,11,1,1,4,Medium,Own,1
CUST0001131,Customer_1131,49,Female,Southeast,Dual Fuel,Small Business,House,18,1,1,4,Low,Own,0
CUST0001132,Customer_1132,51,Female,West,Gas,Residential,Townhouse,46,0,1,2,Medium-High,Own,0
CUST0001133,Customer_1133,69,Female,Southeast,Multi-Utility,Commercial,Apartment,3,0,0,4,Medium-High,Own,0
CUST0001134,Customer_1134,51,Male,Southwest,Electricity,Residential,Mobile Home,50,1,1,6,Medium,Rent,1
CUST0001135,Customer_1135,41,Female,Southeast,Electricity,Prepaid,House,4,0,0,2,Medium,Own,1
CUST0001136,Customer_1136,59,Male,Northeast,Electricity,Prepaid,Apartment,88,1,0,2,Medium,Rent,0
CUST0001137,Customer_1137,62,Female,Northwest,Gas,Commercial,Townhouse,11,1,0,2,Medium-High,Rent,1
CUST0001138,Customer_1138,26,Female,Southeast,Water,Commercial,Condo,30,1,1,1,Medium-High,Own,0
CUST0001139,Customer_1139,53,Male,Midwest,Water,Residential,House,4,1,1,5,Medium-High,Rent,0
CUST0001140,Customer_1140,55,Female,Southwest,Electricity,Residential,Mobile Home,11,0,1,5,High,Own,1
CUST0001141,Customer_1141,40,Female,Southeast,Gas,Residential,House,18,0,1,3,Medium-High,Own,1
CUST0001142,Customer_1142,65,Male,Southwest,Electricity,Residential,House,24,0,0,4,Low,Other,0
CUST0001143,Customer_1143,42,Female,Northwest,Water,Small Business,Apartment,1,1,0,4,Medium-High,Rent,1
CUST0001144,Customer_1144,46,Male,Northeast,Electricity,Residential,Apartment,79,1,1,2,Medium-High,Own,0
CUST0001145,Customer_1145,42,Male,Midwest,Dual Fuel,Prepaid,Townhouse,1,1,0,3,Low,Own,0
CUST0001146,Customer_1146,45,Male,West,Electricity,Commercial,Apartment,53,1,0,4,Medium,Own,0
CUST0001147,Customer_1147,28,Male,Southeast,Electricity,Residential,Apartment,22,1,1,4,Medium-High,Own,1
CUST0001148,Customer_1148,23,Female,Northeast,Dual Fuel,Residential,Apartment,26,1,1,1,Medium-High,Own,1
CUST0001149,Customer_1149,68,Male,Southwest,Gas,Residential,Apartment,8,0,0,3,High,Own,0
CUST0001150,Customer_1150,32,Female,Northwest,Electricity,Commercial,Mobile Home,33,1,1,2,Medium-High,Rent,0
CUST0001151,Customer_1151,30,Male,Southwest,Gas,Small Business,Townhouse,27,1,1,4,Low,Rent,0
CUST0001152,Customer_1152,18,Other,Northwest,Electricity,Residential,Apartment,6,0,0,3,Medium-High,Own,1
CUST0001153,Customer_1153,35,Female,Northwest,Multi-Utility,Residential,House,9,0,1,2,Medium-High,Own,0
CUST0001154,Customer_1154,25,Female,Northeast,Gas,Residential,Mobile Home,2,0,0,4,Medium,Own,0
CUST0001155,Customer_1155,69,Male,Southeast,Electricity,Prepaid,House,2,1,0,3,Low,Own,1
CUST0001156,Customer_1156,60,Male,West,Gas,Residential,House,1,1,0,2,Low,Rent,1
CUST0001157,Customer_1157,34,Male,Southeast,Electricity,Residential,House,8,0,1,5,Low,Rent,0
CUST0001158,Customer_1158,78,Female,Midwest,Water,Commercial,House,40,1,1,1,Medium-High,Own,1
CUST0001159,Customer_1159,59,Female,Southeast,Multi-Utility,Commercial,Townhouse,13,0,1,1,Low,Own,1
CUST0001160,Customer_1160,40,Male,Northwest,Dual Fuel,Commercial,Apartment,15,1,0,1,Medium,Other,0
CUST0001161,Customer_1161,18,Male,Northwest,Electricity,Residential,Mobile Home,5,1,0,2,Medium,Rent,1
CUST0001162,Customer_1162,79,Female,Midwest,Electricity,Small Business,House,30,1,1,3,Medium-High,Own,0
CUST0001163,Customer_1163,24,Male,Southwest,Electricity,Small Business,Apartment,15,0,1,3,Low,Own,0
CUST0001164,Customer_1164,20,Female,Northwest,Water,Residential,Mobile Home,40,1,1,3,Low,Rent,0
CUST0001165,Customer_1165,60,Female,Midwest,Gas,Small Business,Townhouse,48,0,0,2,Medium,Own,0
CUST0001166,Customer_1166,81,Female,Northwest,Gas,Residential,Condo,31,1,1,1,Medium,Own,0
CUST0001167,Customer_1167,65,Male,West,Dual Fuel,Residential,House,11,1,1,3,Medium,Own,1
CUST0001168,Customer_1168,53,Male,Northwest,Electricity,Commercial,Townhouse,25,1,0,3,Medium-High,Own,1
CUST0001169,Customer_1169,53,Female,Northeast,Electricity,Residential,House,10,1,1,2,Low,Own,1
CUST0001170,Customer_1170,57,Female,Midwest,Electricity,Commercial,Apartment,83,1,1,2,Low,Rent,0
CUST0001171,Customer_1171,56,Male,Southeast,Electricity,Residential,Condo,52,1,0,1,Medium,Own,0
CUST0001172,Customer_1172,49,Male,Midwest,Electricity,Residential,Condo,24,0,1,1,High,Rent,0
CUST0001173,Customer_1173,46,Female,Southwest,Gas,Small Business,Condo,121,0,1,1,Low,Own,0
CUST0001174,Customer_1174,44,Female,Northwest,Electricity,Small Business,Condo,28,1,0,4,High,Own,0
CUST0001175,Customer_1175,33,Female,Midwest,Electricity,Residential,House,14,0,0,2,Medium-High,Rent,1
CUST0001176,Customer_1176,40,Other,West,Water,Commercial,Apartment,3,1,1,1,Medium,Other,1
CUST0001177,Customer_1177,19,Male,Midwest,Electricity,Residential,Condo,28,1,0,3,Medium-High,Rent,0
CUST0001178,Customer_1178,43,Male,West,Water,Commercial,House,70,1,1,3,Medium,Own,0
CUST0001179,Customer_1179,30,Female,Northwest,Electricity,Residential,House,72,1,1,3,Medium-High,Own,1
CUST0001180,Customer_1180,28,Female,Southeast,Gas,Commercial,House,33,1,1,1,Medium-High,Rent,0
CUST0001181,Customer_1181,47,Male,Northwest,Multi-Utility,Residential,Apartment,17,0,1,4,Medium-High,Rent,1
CUST0001182,Customer_1182,65,Male,Southwest,Electricity,Commercial,Mobile Home,37,1,0,4,Low,Rent,1
CUST0001183,Customer_1183,58,Female,Northeast,Gas,Small Business,House,51,1,1,2,Medium-High,Other,1
CUST0001184,Customer_1184,21,Male,Southeast,Dual Fuel,Residential,Apartment,19,1,0,2,Medium-High,Own,1
CUST0001185,Customer_1185,30,Male,Southeast,Gas,Commercial,Condo,23,0,0,2,Medium,Rent,1
CUST0001186,Customer_1186,59,Female,Northeast,Electricity,Residential,House,41,1,1,4,High,Own,0
CUST0001187,Customer_1187,30,Female,Midwest,Electricity,Residential,Mobile Home,75,0,1,3,Low,Rent,0
CUST0001188,Customer_1188,41,Female,Northwest,Water,Commercial,Apartment,56,0,1,1,High,Rent,0
CUST0001189,Customer_1189,53,Male,Midwest,Dual Fuel,Residential,Townhouse,1,1,1,2,Medium-High,Own,1
CUST0001190,Customer_1190,30,Female,Midwest,Electricity,Residential,House,4,0,1,5,Medium-High,Rent,1
CUST0001191,Customer_1191,46,Female,Northwest,Electricity,Residential,House,68,1,1,3,High,Rent,0
CUST0001192,Customer_1192,24,Female,Southwest,Electricity,Commercial,House,64,1,0,2,Medium-High,Rent,0
CUST0001193,Customer_1193,35,Female,Southeast,Electricity,Residential,House,17,0,1,3,Medium,Rent,0
CUST0001194,Customer_1194,49,Male,West,Electricity,Residential,Townhouse,31,1,0,2,Medium-High,Own,1
CUST0001195,Customer_1195,21,Male,Northeast,Electricity,Small Business,House,85,0,0,3,Low,Other,0
CUST0001196,Customer_1196,51,Male,Southeast,Electricity,Commercial,Condo,87,1,0,4,Medium,Own,0
CUST0001197,Customer_1197,44,Male,Midwest,Electricity,Commercial,House,55,0,0,5,High,Own,0
CUST0001198,Customer_1198,53,Female,Northeast,Multi-Utility,Small Business,Townhouse,8,0,1,4,Medium,Own,1
CUST0001199,Customer_1199,48,Female,West,Electricity,Small Business,Townhouse,47,1,1,2,Low,Own,1
CUST0001200,Customer_1200,65,Female,Southeast,Electricity,Residential,Apartment,3,1,1,4,Medium-High,Rent,0
CUST0001201,Customer_1201,46,Female,Southeast,Electricity,Residential,House,80,1,1,5,Medium,Own,0
CUST0001202,Customer_1202,38,Male,Southwest,Multi-Utility,Small Business,Condo,5,0,1,3,Medium,Rent,0
CUST0001203,Customer_1203,46,Male,Southeast,Water,Prepaid,House,39,0,1,1,Medium-High,Own,1
CUST0001204,Customer_1204,53,Male,Southeast,Water,Small Business,House,33,1,1,5,Medium-High,Own,0
CUST0001205,Customer_1205,45,Male,West,Electricity,Residential,Condo,54,1,0,2,Medium,Rent,0
CUST0001206,Customer_1206,45,Male,West,Dual Fuel,Residential,Mobile Home,28,0,0,1,Medium,Rent,0
CUST0001207,Customer_1207,34,Female,Northeast,Gas,Small Business,Townhouse,2,1,1,2,High,Rent,0
CUST0001208,Customer_1208,35,Other,Midwest,Electricity,Small Business,Apartment,44,0,1,2,High,Own,1
CUST0001209,Customer_1209,23,Male,West,Gas,Small Business,Apartment,17,0,0,4,Medium-High,Rent,0
CUST0001210,Customer_1210,71,Male,Northeast,Dual Fuel,Small Business,Mobile Home,13,1,1,2,Low,Own,1
CUST0001211,Customer_1211,26,Female,Southeast,Water,Residential,Apartment,172,0,1,1,Medium,Other,1
CUST0001212,Customer_1212,34,Male,Northeast,Dual Fuel,Commercial,Apartment,32,0,0,3,High,Rent,0
CUST0001213,Customer_1213,34,Female,Northeast,Multi-Utility,Small Business,Mobile Home,44,0,1,4,Medium,Rent,0
CUST0001214,Customer_1214,58,Female,Northeast,Electricity,Residential,House,26,1,1,4,High,Rent,1
CUST0001215,Customer_1215,40,Female,Northwest,Gas,Residential,House,52,0,0,2,Medium,Rent,0
CUST0001216,Customer_1216,63,Male,Northeast,Electricity,Commercial,Condo,50,1,1,1,High,Rent,1
CUST0001217,Customer_1217,34,Female,West,Dual Fuel,Commercial,House,38,1,1,3,Low,Rent,1
CUST0001218,Customer_1218,49,Male,Northwest,Electricity,Residential,Apartment,219,0,1,1,Medium,Own,1
CUST0001219,Customer_1219,32,Female,Midwest,Dual Fuel,Residential,Apartment,22,1,0,1,Medium-High,Own,1
CUST0001220,Customer_1220,77,Male,Northeast,Electricity,Residential,Apartment,44,1,1,4,High,Own,0
CUST0001221,Customer_1221,27,Male,Southwest,Electricity,Residential,Mobile Home,57,0,0,3,Medium-High,Rent,0
CUST0001222,Customer_1222,49,Female,Southeast,Electricity,Small Business,House,16,0,0,3,Low,Rent,1
CUST0001223,Customer_1223,54,Female,Southeast,Electricity,Small Business,Apartment,21,0,1,4,High,Rent,0
CUST0001224,Customer_1224,51,Female,Northwest,Dual Fuel,Small Business,House,125,1,1,3,Medium-High,Rent,0
CUST0001225,Customer_1225,42,Female,Southeast,Electricity,Small Business,Condo,1,1,1,1,Low,Own,0
CUST0001226,Customer_1226,43,Female,Southeast,Gas,Residential,Condo,14,0,1,2,Medium,Own,0
CUST0001227,Customer_1227,45,Male,Northwest,Electricity,Residential,Apartment,23,1,1,2,Medium-High,Own,0
CUST0001228,Customer_1228,42,Female,Southeast,Electricity,Residential,House,1,1,1,6,Medium,Own,0
CUST0001229,Customer_1229,59,Female,Northeast,Electricity,Residential,Condo,82,0,0,4,High,Own,0
CUST0001230,Customer_1230,78,Female,Midwest,Electricity,Residential,Apartment,12,1,1,3,Medium,Own,0
CUST0001231,Customer_1231,36,Female,Northwest,Dual Fuel,Small Business,House,10,0,1,1,Medium-High,Rent,0
CUST0001232,Customer_1232,24,Male,Southwest,Gas,Commercial,Apartment,61,1,0,1,Medium,Own,1
CUST0001233,Customer_1233,43,Female,Northwest,Electricity,Small Business,Apartment,11,0,0,4,Medium,Own,0
CUST0001234,Customer_1234,83,Male,West,Gas,Commercial,Mobile Home,38,1,1,5,Medium,Other,0
CUST0001235,Customer_1235,32,Male,Southwest,Electricity,Small Business,Townhouse,62,0,0,1,Medium,Other,0
CUST0001236,Customer_1236,69,Female,West,Electricity,Small Business,Condo,56,1,0,5,Medium,Rent,1
CUST0001237,Customer_1237,70,Male,Northwest,Gas,Residential,Townhouse,54,0,1,2,Low,Own,0
CUST0001238,Customer_1238,36,Female,West,Electricity,Prepaid,Condo,3,1,1,2,Low,Rent,0
CUST0001239,Customer_1239,53,Male,Southwest,Water,Residential,Mobile Home,2,0,0,1,Medium,Own,0
CUST0001240,Customer_1240,69,Male,Northeast,Gas,Residential,House,13,0,1,4,Low,Own,1
CUST0001241,Customer_1241,39,Female,Northwest,Water,Residential,Apartment,1,0,1,3,Low,Rent,0
CUST0001242,Customer_1242,41,Female,Northwest,Multi-Utility,Prepaid,Condo,24,0,1,4,High,Own,0
CUST0001243,Customer_1243,36,Female,Southeast,Electricity,Prepaid,Apartment,18,1,1,2,Medium,Other,0
CUST0001244,Customer_1244,29,Female,Northwest,Electricity,Small Business,House,29,1,1,4,Medium,Rent,1
CUST0001245,Customer_1245,35,Female,Northwest,Electricity,Small Business,House,12,1,1,1,Medium,Own,1
CUST0001246,Customer_1246,26,Male,Northeast,Electricity,Residential,House,23,1,1,1,Medium,Own,1
CUST0001247,Customer_1247,45,Male,Southeast,Dual Fuel,Prepaid,House,14,0,0,1,Medium-High,Own,1
CUST0001248,Customer_1248,33,Male,Midwest,Water,Small Business,House,7,0,0,4,Medium,Rent,1
CUST0001249,Customer_1249,48,Female,West,Gas,Commercial,Apartment,37,1,1,4,Medium,Own,1
CUST0001250,Customer_1250,21,Female,Southwest,Gas,Residential,Townhouse,40,1,1,2,Medium-High,Own,0
CUST0001251,Customer_1251,49,Male,Midwest,Electricity,Residential,Condo,63,1,0,2,High,Own,0
CUST0001252,Customer_1252,57,Female,Southeast,Gas,Commercial,Townhouse,74,0,0,4,High,Own,1
CUST0001253,Customer_1253,18,Female,Northeast,Water,Residential,Townhouse,43,0,1,2,Low,Rent,1
CUST0001254,Customer_1254,50,Male,Southwest,Gas,Commercial,Apartment,41,0,1,5,Medium-High,Rent,0
CUST0001255,Customer_1255,63,Male,West,Electricity,Residential,House,2,0,0,5,Low,Own,1
CUST0001256,Customer_1256,26,Female,Northwest,Water,Commercial,House,4,1,1,3,Medium-High,Own,0
CUST0001257,Customer_1257,70,Female,Northwest,Electricity,Residential,Mobile Home,60,0,0,3,Medium,Own,0
CUST0001258,Customer_1258,51,Female,Midwest,Gas,Small Business,House,9,1,1,4,Medium,Rent,0
CUST0001259,Customer_1259,34,Male,West,Gas,Residential,Condo,15,1,1,2,Medium-High,Own,0
CUST0001260,Customer_1260,44,Other,Southeast,Electricity,Small Business,Apartment,5,1,1,2,Medium-High,Own,1
CUST0001261,Customer_1261,53,Male,West,Water,Residential,Mobile Home,7,1,0,1,Medium-High,Own,1
CUST0001262,Customer_1262,46,Male,Northeast,Dual Fuel,Prepaid,Apartment,53,0,1,5,Low,Own,1
CUST0001263,Customer_1263,53,Other,Midwest,Electricity,Small Business,Townhouse,10,1,0,4,Medium-High,Rent,1
CUST0001264,Customer_1264,31,Male,Midwest,Multi-Utility,Residential,House,21,0,1,1,Medium-High,Own,0
CUST0001265,Customer_1265,47,Female,Northeast,Gas,Commercial,House,5,1,1,3,Low,Own,1
CUST0001266,Customer_1266,23,Male,West,Water,Residential,Apartment,40,0,1,2,Medium,Rent,0
CUST0001267,Customer_1267,43,Female,Northeast,Dual Fuel,Residential,Mobile Home,46,1,1,4,Medium-High,Rent,0
CUST0001268,Customer_1268,31,Female,Southwest,Gas,Residential,Apartment,16,0,1,2,Medium,Own,0
CUST0001269,Customer_1269,33,Male,Northeast,Dual Fuel,Commercial,Mobile Home,55,0,0,3,Medium-High,Own,1
CUST0001270,Customer_1270,63,Female,West,Electricity,Residential,Townhouse,9,1,0,2,Medium,Rent,0
CUST0001271,Customer_1271,61,Male,Northeast,Electricity,Residential,Townhouse,42,1,1,3,High,Own,1
CUST0001272,Customer_1272,54,Female,Southeast,Water,Commercial,Apartment,47,1,0,2,High,Rent,0
CUST0001273,Customer_1273,28,Male,Northwest,Dual Fuel,Commercial,Apartment,124,1,0,2,Medium,Own,1
CUST0001274,Customer_1274,40,Male,Northeast,Dual Fuel,Residential,House,9,1,1,3,Medium,Own,1
CUST0001275,Customer_1275,63,Male,Northwest,Gas,Small Business,Mobile Home,3,0,1,3,Medium,Own,1
CUST0001276,Customer_1276,47,Male,Northeast,Gas,Commercial,Mobile Home,10,1,0,6,Low,Own,1
CUST0001277,Customer_1277,79,Female,West,Electricity,Residential,Condo,4,1,1,4,Medium,Own,0
CUST0001278,Customer_1278,50,Male,Southwest,Multi-Utility,Commercial,House,6,1,1,3,Medium-High,Rent,1
CUST0001279,Customer_1279,47,Male,Southwest,Electricity,Residential,House,14,1,1,5,Medium-High,Own,1
CUST0001280,Customer_1280,40,Male,Northwest,Water,Small Business,Mobile Home,19,1,0,4,High,Rent,1
CUST0001281,Customer_1281,47,Male,West,Gas,Residential,House,84,1,1,3,Low,Rent,0
CUST0001282,Customer_1282,42,Female,West,Gas,Small Business,Townhouse,7,1,1,3,Medium-High,Own,1
CUST0001283,Customer_1283,55,Other,West,Electricity,Residential,Apartment,128,1,1,5,Medium,Rent,0
CUST0001284,Customer_1284,59,Male,Southeast,Multi-Utility,Small Business,Apartment,59,1,1,3,Medium,Rent,0
CUST0001285,Customer_1285,33,Female,Midwest,Gas,Residential,Townhouse,76,1,1,4,Medium,Own,0
CUST0001286,Customer_1286,25,Female,Northeast,Multi-Utility,Residential,House,95,0,1,1,Medium-High,Own,0
CUST0001287,Customer_1287,18,Male,West,Electricity,Residential,Apartment,50,0,0,4,Medium,Other,1
CUST0001288,Customer_1288,52,Female,West,Gas,Commercial,Mobile Home,55,0,0,2,High,Rent,0
CUST0001289,Customer_1289,28,Female,West,Water,Residential,Condo,20,1,1,1,Medium-High,Rent,0
CUST0001290,Customer_1290,18,Female,Southwest,Water,Residential,Townhouse,25,0,0,4,Medium,Rent,1
CUST0001291,Customer_1291,50,Female,West,Dual Fuel,Residential,Townhouse,97,1,0,4,Medium,Rent,0
CUST0001292,Customer_1292,82,Male,Northeast,Electricity,Small Business,House,17,1,1,3,Low,Own,0
CUST0001293,Customer_1293,44,Female,West,Electricity,Residential,House,1,1,1,3,Medium-High,Other,1
CUST0001294,Customer_1294,57,Female,Northeast,Gas,Small Business,Apartment,51,0,0,2,Medium-High,Rent,1
CUST0001295,Customer_1295,46,Female,Southeast,Electricity,Residential,Apartment,30,0,1,1,Medium,Rent,0
CUST0001296,Customer_1296,43,Female,Midwest,Multi-Utility,Residential,Apartment,60,1,1,2,Medium,Own,1
CUST0001297,Customer_1297,58,Male,Southwest,Electricity,Small Business,Townhouse,2,1,1,1,Medium-High,Rent,0
CUST0001298,Customer_1298,40,Other,Northeast,Gas,Commercial,House,34,1,1,3,Medium,Rent,1
CUST0001299,Customer_1299,49,Female,Northwest,Electricity,Residential,Condo,10,1,1,4,Medium-High,Rent,1
CUST0001300,Customer_1300,49,Male,Southeast,Gas,Residential,House,84,1,1,1,Medium-High,Own,1
CUST0001301,Customer_1301,34,Male,Midwest,Electricity,Residential,House,4,0,1,1,Medium,Rent,0
CUST0001302,Customer_1302,59,Female,Midwest,Electricity,Small Business,Apartment,66,1,1,5,High,Own,0
CUST0001303,Customer_1303,42,Male,Midwest,Electricity,Residential,Townhouse,3,1,1,4,Medium-High,Rent,0
CUST0001304,Customer_1304,33,Male,Northeast,Electricity,Commercial,House,1,0,1,1,Low,Rent,1
CUST0001305,Customer_1305,53,Male,Southeast,Multi-Utility,Residential,Apartment,9,1,1,1,High,Own,0
CUST0001306,Customer_1306,31,Male,West,Electricity,Residential,Condo,14,1,0,4,High,Own,0
CUST0001307,Customer_1307,45,Male,Northwest,Gas,Residential,House,35,0,0,2,Medium-High,Own,0
CUST0001308,Customer_1308,44,Male,Southeast,Multi-Utility,Small Business,Apartment,5,1,1,4,Medium,Rent,1
CUST0001309,Customer_1309,61,Male,Southeast,Water,Small Business,Mobile Home,20,1,0,3,High,Own,1
CUST0001310,Customer_1310,52,Female,Southeast,Multi-Utility,Residential,Apartment,8,1,1,6,Low,Own,1
CUST0001311,Customer_1311,44,Female,Northeast,Multi-Utility,Commercial,House,69,0,0,4,Medium,Rent,0
CUST0001312,Customer_1312,57,Male,Northwest,Gas,Residential,Condo,1,0,1,1,Low,Rent,0
CUST0001313,Customer_1313,65,Male,Northeast,Water,Small Business,Apartment,15,0,1,2,Medium,Other,1
CUST0001314,Customer_1314,53,Female,Northwest,Electricity,Residential,House,35,0,1,3,High,Own,0
CUST0001315,Customer_1315,45,Male,Northwest,Gas,Residential,House,87,0,0,1,Medium-High,Rent,1
CUST0001316,Customer_1316,25,Male,Northeast,Dual Fuel,Commercial,House,72,1,1,1,Medium-High,Own,0
CUST0001317,Customer_1317,29,Male,Northwest,Gas,Commercial,House,81,1,0,1,Medium,Rent,1
CUST0001318,Customer_1318,40,Female,Southeast,Water,Residential,House,2,1,1,3,High,Rent,1
CUST0001319,Customer_1319,35,Female,Northeast,Water,Small Business,Apartment,66,1,1,3,Medium,Rent,1
CUST0001320,Customer_1320,42,Female,Northwest,Electricity,Residential,Apartment,54,0,1,1,Low,Own,0
CUST0001321,Customer_1321,45,Female,Midwest,Dual Fuel,Small Business,Townhouse,83,1,0,4,Medium-High,Other,0
CUST0001322,Customer_1322,52,Female,Northeast,Gas,Residential,Condo,13,1,1,3,Medium,Rent,0
CUST0001323,Customer_1323,43,Male,Southwest,Electricity,Commercial,Townhouse,87,1,1,5,Low,Own,0
CUST0001324,Customer_1324,52,Female,Northeast,Dual Fuel,Residential,Apartment,18,0,0,4,High,Rent,1
CUST0001325,Customer_1325,45,Male,Northeast,Gas,Residential,House,36,1,1,5,Medium-High,Rent,0
CUST0001326,Customer_1326,18,Female,Northeast,Water,Residential,Apartment,19,0,1,6,High,Own,1
CUST0001327,Customer_1327,30,Female,Northwest,Gas,Residential,Townhouse,20,1,1,3,Medium-High,Rent,0
CUST0001328,Customer_1328,42,Female,Northeast,Electricity,Residential,House,28,1,0,3,Low,Rent,0
CUST0001329,Customer_1329,26,Male,Southwest,Dual Fuel,Residential,House,15,0,1,2,Low,Rent,1
CUST0001330,Customer_1330,53,Male,West,Gas,Small Business,House,56,0,1,3,High,Rent,0
CUST0001331,Customer_1331,67,Female,Northeast,Electricity,Residential,Apartment,36,1,1,2,Low,Own,0
CUST0001332,Customer_1332,63,Female,Midwest,Electricity,Small Business,House,42,1,1,4,Medium-High,Own,0
CUST0001333,Customer_1333,41,Female,Southwest,Dual Fuel,Small Business,House,9,1,1,1,Medium,Rent,0
CUST0001334,Customer_1334,67,Male,West,Electricity,Prepaid,House,125,0,1,2,Medium-High,Rent,1
CUST0001335,Customer_1335,47,Female,Northwest,Dual Fuel,Prepaid,Condo,38,0,1,2,Medium,Rent,0
CUST0001336,Customer_1336,39,Female,Northeast,Electricity,Commercial,Apartment,7,0,1,5,Low,Own,1
CUST0001337,Customer_1337,35,Female,West,Gas,Small Business,Condo,49,1,1,1,Medium-High,Rent,0
CUST0001338,Customer_1338,40,Female,Midwest,Multi-Utility,Residential,Apartment,6,0,0,5,Medium,Own,1
CUST0001339,Customer_1339,39,Female,Southwest,Electricity,Small Business,Apartment,2,0,1,1,Medium-High,Rent,1
CUST0001340,Customer_1340,47,Female,Southwest,Gas,Prepaid,House,26,1,1,4,Medium-High,Rent,1
CUST0001341,Customer_1341,47,Female,Northwest,Water,Residential,Apartment,29,1,1,2,Medium-High,Own,0
CUST0001342,Customer_1342,45,Other,Northwest,Water,Residential,House,7,1,1,2,Medium,Own,0
CUST0001343,Customer_1343,51,Male,Northwest,Gas,Residential,Apartment,15,1,0,6,Medium-High,Rent,0
CUST0001344,Customer_1344,62,Male,West,Gas,Small Business,Apartment,104,1,1,2,High,Rent,0
CUST0001345,Customer_1345,59,Female,Northeast,Water,Residential,House,12,0,1,2,Medium-High,Own,0
CUST0001346,Customer_1346,22,Female,Southeast,Dual Fuel,Small Business,House,6,1,0,3,Medium-High,Own,1
CUST0001347,Customer_1347,18,Female,Southwest,Water,Small Business,House,176,1,1,4,High,Own,1
CUST0001348,Customer_1348,59,Female,Southeast,Electricity,Prepaid,House,12,1,1,6,Medium-High,Own,0
CUST0001349,Customer_1349,24,Male,Southwest,Multi-Utility,Small Business,House,41,1,0,4,Medium,Other,0
CUST0001350,Customer_1350,41,Female,Northwest,Gas,Commercial,Mobile Home,9,1,1,3,High,Own,1
CUST0001351,Customer_1351,27,Female,Northeast,Electricity,Residential,Apartment,28,1,1,3,Low,Rent,1
CUST0001352,Customer_1352,18,Male,Northeast,Electricity,Residential,Apartment,17,1,0,3,High,Rent,0
CUST0001353,Customer_1353,53,Male,Southwest,Electricity,Residential,Condo,117,1,1,3,Medium,Own,0
CUST0001354,Customer_1354,56,Female,West,Electricity,Residential,Condo,20,1,1,2,Medium,Rent,1
CUST0001355,Customer_1355,36,Male,Northwest,Electricity,Residential,Mobile Home,31,0,0,4,High,Rent,0
CUST0001356,Customer_1356,18,Female,Northeast,Electricity,Small Business,Townhouse,104,1,0,2,Medium,Rent,1
CUST0001357,Customer_1357,36,Male,Northeast,Water,Small Business,Townhouse,163,1,1,3,Medium,Own,1
CUST0001358,Customer_1358,50,Female,Midwest,Electricity,Small Business,Mobile Home,3,0,0,2,Medium-High,Own,1
CUST0001359,Customer_1359,22,Female,Northeast,Electricity,Residential,House,64,0,1,2,Medium-High,Rent,0
CUST0001360,Customer_1360,47,Female,Midwest,Electricity,Residential,Condo,17,1,1,3,Low,Own,1
CUST0001361,Customer_1361,44,Male,Northeast,Electricity,Small Business,Townhouse,32,0,1,1,Medium,Rent,0
CUST0001362,Customer_1362,53,Female,Northeast,Electricity,Residential,Condo,16,1,1,1,Medium,Own,1
CUST0001363,Customer_1363,46,Male,West,Gas,Residential,Mobile Home,18,0,0,1,Medium,Own,0
CUST0001364,Customer_1364,30,Male,West,Multi-Utility,Residential,House,6,1,1,2,Medium,Rent,1
CUST0001365,Customer_1365,62,Other,Northwest,Dual Fuel,Residential,Apartment,30,1,1,2,Low,Own,0
CUST0001366,Customer_1366,42,Female,Northeast,Dual Fuel,Residential,Mobile Home,28,1,1,4,Medium,Own,0
CUST0001367,Customer_1367,44,Female,Northwest,Electricity,Residential,Apartment,7,0,1,3,Medium-High,Own,0
CUST0001368,Customer_1368,31,Male,Northwest,Electricity,Residential,Condo,28,0,0,3,High,Own,0
CUST0001369,Customer_1369,38,Male,Northwest,Electricity,Small Business,House,130,0,0,3,Medium-High,Own,1
CUST0001370,Customer_1370,31,Male,Northwest,Water,Residential,Condo,45,1,0,4,Low,Rent,1
CUST0001371,Customer_1371,42,Female,Southwest,Electricity,Residential,Mobile Home,23,0,1,1,Medium-High,Rent,1
CUST0001372,Customer_1372,70,Female,Southwest,Gas,Commercial,Apartment,89,1,0,5,High,Own,0
CUST0001373,Customer_1373,24,Female,Northeast,Electricity,Small Business,House,30,1,0,6,Medium,Rent,0
CUST0001374,Customer_1374,20,Female,Southwest,Electricity,Residential,House,5,0,1,1,Medium,Rent,0
CUST0001375,Customer_1375,67,Male,Northeast,Multi-Utility,Commercial,Townhouse,28,0,0,4,High,Rent,0
CUST0001376,Customer_1376,41,Male,West,Water,Residential,Condo,7,0,0,1,Medium-High,Rent,1
CUST0001377,Customer_1377,34,Male,Southeast,Dual Fuel,Residential,House,52,1,1,1,Medium-High,Own,1
CUST0001378,Customer_1378,60,Male,Midwest,Gas,Prepaid,House,122,0,1,2,Medium-High,Own,0
CUST0001379,Customer_1379,35,Male,Southwest,Dual Fuel,Commercial,Townhouse,16,0,0,4,Medium,Own,1
CUST0001380,Customer_1380,72,Female,Southwest,Gas,Residential,Townhouse,20,0,1,4,Medium,Rent,0
CUST0001381,Customer_1381,55,Male,West,Multi-Utility,Small Business,House,19,1,1,3,Medium-High,Rent,0
CUST0001382,Customer_1382,37,Female,Southwest,Electricity,Small Business,House,12,1,1,3,Medium,Other,1
CUST0001383,Customer_1383,77,Male,Northeast,Gas,Residential,Townhouse,56,1,1,3,Medium,Rent,0
CUST0001384,Customer_1384,35,Other,Northeast,Water,Residential,Apartment,34,0,0,2,Low,Own,1
CUST0001385,Customer_1385,56,Female,Southeast,Electricity,Residential,Mobile Home,2,0,1,5,High,Rent,0
CUST0001386,Customer_1386,49,Female,Southeast,Dual Fuel,Commercial,Apartment,65,0,1,3,High,Own,0
CUST0001387,Customer_1387,64,Male,Southeast,Multi-Utility,Residential,Condo,7,1,1,3,Medium,Rent,0
CUST0001388,Customer_1388,68,Female,Northeast,Gas,Small Business,Apartment,139,0,1,3,Medium-High,Own,0
CUST0001389,Customer_1389,45,Female,Northwest,Electricity,Residential,Mobile Home,17,1,1,5,Low,Own,0
CUST0001390,Customer_1390,33,Male,Northwest,Gas,Residential,Apartment,34,0,1,4,Medium,Own,1
CUST0001391,Customer_1391,51,Male,Southeast,Dual Fuel,Small Business,House,2,1,1,1,Medium,Other,1
CUST0001392,Customer_1392,34,Male,Southeast,Gas,Small Business,House,15,0,1,3,Medium-High,Rent,0
CUST0001393,Customer_1393,75,Female,Northeast,Electricity,Residential,Townhouse,58,1,1,2,Medium,Own,0
CUST0001394,Customer_1394,47,Female,West,Gas,Residential,Apartment,23,1,0,6,Medium,Own,0
CUST0001395,Customer_1395,39,Female,Southwest,Electricity,Small Business,Apartment,84,1,0,3,Medium,Own,0
CUST0001396,Customer_1396,47,Male,Midwest,Water,Residential,Apartment,30,1,1,1,Low,Own,0
CUST0001397,Customer_1397,24,Male,Northwest,Electricity,Residential,House,95,1,0,3,High,Own,0
CUST0001398,Customer_1398,30,Female,Northwest,Gas,Small Business,House,145,1,1,2,Low,Rent,0
CUST0001399,Customer_1399,63,Male,Northeast,Water,Residential,House,21,0,0,3,Medium,Rent,0
CUST0001400,Customer_1400,35,Female,Northeast,Electricity,Residential,Condo,29,0,0,2,Medium,Other,0
CUST0001401,Customer_1401,29,Female,Midwest,Electricity,Residential,Condo,64,1,1,1,Medium,Own,0
CUST0001402,Customer_1402,53,Male,Midwest,Electricity,Commercial,Townhouse,9,1,0,1,Medium-High,Rent,1
CUST0001403,Customer_1403,62,Female,Southeast,Electricity,Residential,Mobile Home,71,1,0,2,Medium,Own,1
CUST0001404,Customer_1404,55,Male,Midwest,Electricity,Small Business,Apartment,32,1,1,2,Medium,Own,0
CUST0001405,Customer_1405,59,Female,Southwest,Multi-Utility,Residential,Condo,46,1,1,4,Low,Own,0
CUST0001406,Customer_1406,33,Male,Southwest,Dual Fuel,Residential,House,2,0,0,2,Low,Other,1
CUST0001407,Customer_1407,23,Female,Northwest,Dual Fuel,Residential,House,52,1,1,1,Medium,Other,0
CUST0001408,Customer_1408,67,Male,Southwest,Multi-Utility,Residential,House,13,1,0,4,Medium-High,Rent,0
CUST0001409,Customer_1409,40,Male,Southwest,Electricity,Commercial,Apartment,58,1,1,5,Low,Own,0
CUST0001410,Customer_1410,41,Female,Southwest,Electricity,Residential,House,25,0,1,3,Medium-High,Rent,0
CUST0001411,Customer_1411,64,Male,Southeast,Electricity,Small Business,House,11,1,1,2,Medium-High,Rent,1
CUST0001412,Customer_1412,53,Female,Northwest,Dual Fuel,Residential,Condo,109,0,1,4,Medium,Own,1
CUST0001413,Customer_1413,51,Male,Northeast,Water,Residential,Apartment,52,0,1,1,Medium-High,Own,0
CUST0001414,Customer_1414,77,Female,Northwest,Electricity,Residential,Apartment,152,1,1,5,Medium-High,Rent,0
CUST0001415,Customer_1415,35,Male,Northwest,Electricity,Small Business,Apartment,16,1,0,5,Medium-High,Rent,1
CUST0001416,Customer_1416,58,Female,Northwest,Gas,Commercial,House,37,1,0,3,High,Rent,0
CUST0001417,Customer_1417,45,Male,Midwest,Gas,Commercial,House,34,1,1,2,Medium,Own,0
CUST0001418,Customer_1418,49,Male,Northeast,Dual Fuel,Residential,House,41,0,0,1,Medium,Own,1
CUST0001419,Customer_1419,67,Male,Midwest,Electricity,Small Business,House,1,0,1,6,Medium,Rent,0
CUST0001420,Customer_1420,52,Female,Southeast,Dual Fuel,Residential,Condo,12,1,0,4,Low,Rent,1
CUST0001421,Customer_1421,53,Male,Southeast,Gas,Small Business,Townhouse,86,0,1,2,Medium,Own,0
CUST0001422,Customer_1422,61,Female,West,Water,Commercial,House,19,1,1,1,High,Rent,0
CUST0001423,Customer_1423,39,Female,West,Multi-Utility,Residential,Apartment,116,1,1,3,Medium,Own,0
CUST0001424,Customer_1424,32,Male,Southeast,Dual Fuel,Residential,Townhouse,8,0,1,6,Medium,Own,1
CUST0001425,Customer_1425,29,Female,Southeast,Electricity,Small Business,House,214,1,1,4,Medium,Own,1
CUST0001426,Customer_1426,18,Male,Midwest,Electricity,Small Business,House,43,0,1,1,Medium,Rent,1
CUST0001427,Customer_1427,75,Male,Southeast,Gas,Residential,Apartment,53,1,0,3,Medium,Own,0
CUST0001428,Customer_1428,28,Female,Northeast,Gas,Prepaid,Condo,18,1,1,1,Medium-High,Rent,1
CUST0001429,Customer_1429,41,Female,Midwest,Gas,Small Business,Apartment,85,1,1,5,High,Rent,1
CUST0001430,Customer_1430,40,Female,Southeast,Multi-Utility,Residential,Condo,28,0,1,2,Medium,Other,0
CUST0001431,Customer_1431,49,Male,Midwest,Electricity,Residential,House,41,0,0,4,Low,Own,1
CUST0001432,Customer_1432,57,Male,Midwest,Gas,Small Business,Apartment,3,0,0,1,Medium-High,Rent,1
CUST0001433,Customer_1433,57,Male,Southwest,Electricity,Residential,House,35,1,1,1,High,Other,0
CUST0001434,Customer_1434,36,Female,West,Dual Fuel,Residential,Townhouse,76,1,0,4,High,Own,0
CUST0001435,Customer_1435,42,Female,Midwest,Multi-Utility,Small Business,Townhouse,7,0,1,4,Medium-High,Own,1
CUST0001436,Customer_1436,49,Female,Northwest,Gas,Small Business,House,48,1,0,2,Medium,Rent,1
CUST0001437,Customer_1437,41,Male,Midwest,Electricity,Small Business,House,1,1,0,3,Medium-High,Own,1
CUST0001438,Customer_1438,69,Male,Northwest,Water,Residential,House,93,1,1,3,Low,Own,1
CUST0001439,Customer_1439,52,Male,Southwest,Water,Small Business,House,146,0,1,4,Medium-High,Other,1
CUST0001440,Customer_1440,56,Male,Southeast,Electricity,Prepaid,House,15,1,1,3,Medium-High,Rent,1
CUST0001441,Customer_1441,54,Male,Midwest,Dual Fuel,Residential,Apartment,4,0,1,1,Medium-High,Own,1
CUST0001442,Customer_1442,62,Female,Southwest,Multi-Utility,Small Business,Mobile Home,38,1,1,3,Medium-High,Own,1
CUST0001443,Customer_1443,47,Female,Northeast,Gas,Commercial,Apartment,1,0,1,5,Medium-High,Own,1
CUST0001444,Customer_1444,25,Female,Southwest,Gas,Small Business,House,23,1,1,5,Medium-High,Own,0
CUST0001445,Customer_1445,50,Male,West,Electricity,Small Business,House,11,1,1,3,Low,Own,1
CUST0001446,Customer_1446,35,Male,West,Gas,Residential,House,23,1,1,6,High,Own,0
CUST0001447,Customer_1447,37,Female,Southeast,Gas,Residential,House,1,1,1,1,Medium-High,Own,1
CUST0001448,Customer_1448,53,Male,Northwest,Electricity,Small Business,Townhouse,1,0,1,3,Medium-High,Rent,0
CUST0001449,Customer_1449,63,Female,Southeast,Electricity,Small Business,House,1,1,0,4,Medium,Own,1
CUST0001450,Customer_1450,45,Female,Northwest,Electricity,Prepaid,Mobile Home,34,1,0,1,High,Own,1
CUST0001451,Customer_1451,49,Male,Northwest,Electricity,Residential,Apartment,29,0,0,6,Medium,Rent,0
CUST0001452,Customer_1452,70,Female,Northwest,Gas,Residential,Apartment,9,1,1,2,Medium-High,Own,1
CUST0001453,Customer_1453,48,Male,Northwest,Gas,Residential,Apartment,37,1,0,2,High,Rent,1
CUST0001454,Customer_1454,84,Female,West,Gas,Small Business,Condo,77,1,1,2,High,Rent,0
CUST0001455,Customer_1455,53,Female,West,Electricity,Residential,Apartment,11,1,1,2,Medium-High,Other,0
CUST0001456,Customer_1456,18,Male,Midwest,Gas,Small Business,House,64,0,1,3,Low,Own,1
CUST0001457,Customer_1457,56,Male,West,Dual Fuel,Residential,House,39,1,0,3,High,Own,1
CUST0001458,Customer_1458,50,Female,Southeast,Gas,Residential,Mobile Home,1,1,1,2,High,Own,1
CUST0001459,Customer_1459,64,Female,West,Multi-Utility,Residential,House,16,0,0,4,Low,Own,0
CUST0001460,Customer_1460,55,Male,Southeast,Gas,Commercial,Apartment,25,1,1,1,Medium,Rent,1
CUST0001461,Customer_1461,42,Female,Northeast,Gas,Small Business,Apartment,47,0,1,4,Medium,Rent,1
CUST0001462,Customer_1462,26,Male,West,Electricity,Commercial,House,12,0,0,2,Low,Other,1
CUST0001463,Customer_1463,41,Male,Southeast,Water,Small Business,House,146,0,0,3,Low,Own,0
CUST0001464,Customer_1464,32,Male,Northwest,Dual Fuel,Residential,House,41,1,0,2,Medium,Rent,1
CUST0001465,Customer_1465,36,Male,Southwest,Multi-Utility,Residential,Condo,16,1,0,3,High,Own,1
CUST0001466,Customer_1466,53,Male,Northwest,Multi-Utility,Prepaid,Apartment,3,0,0,4,Low,Rent,1
CUST0001467,Customer_1467,70,Other,Midwest,Electricity,Small Business,Townhouse,7,1,1,6,High,Own,1
CUST0001468,Customer_1468,50,Male,Southeast,Gas,Residential,Condo,24,0,1,2,High,Rent,0
CUST0001469,Customer_1469,27,Male,Northwest,Gas,Small Business,House,24,1,1,3,High,Own,1
CUST0001470,Customer_1470,51,Male,West,Gas,Residential,Apartment,52,1,1,3,Medium,Own,1
CUST0001471,Customer_1471,62,Female,West,Electricity,Residential,Condo,46,1,1,6,Medium,Rent,0
CUST0001472,Customer_1472,35,Female,Northeast,Dual Fuel,Residential,Condo,8,1,0,4,Medium,Rent,0
CUST0001473,Customer_1473,42,Male,Southwest,Dual Fuel,Commercial,Condo,32,1,0,2,High,Rent,0
CUST0001474,Customer_1474,45,Male,Southeast,Gas,Residential,Condo,1,1,1,3,Medium,Own,1
CUST0001475,Customer_1475,33,Male,Northwest,Electricity,Residential,House,18,1,1,2,Low,Own,0
CUST0001476,Customer_1476,54,Male,Southwest,Electricity,Residential,Condo,51,1,0,4,Medium,Own,0
CUST0001477,Customer_1477,43,Male,Northeast,Water,Residential,House,18,1,1,4,Medium,Rent,0
CUST0001478,Customer_1478,51,Male,Midwest,Electricity,Residential,Apartment,64,1,0,6,High,Own,1
CUST0001479,Customer_1479,31,Male,Southwest,Dual Fuel,Residential,House,134,1,1,3,Medium-High,Rent,0
CUST0001480,Customer_1480,38,Female,Northeast,Water,Residential,Townhouse,33,1,1,4,Medium-High,Rent,1
CUST0001481,Customer_1481,55,Male,Southeast,Gas,Commercial,Apartment,5,1,1,3,Low,Rent,0
CUST0001482,Customer_1482,39,Female,Midwest,Gas,Residential,Condo,17,0,0,3,High,Rent,0
CUST0001483,Customer_1483,70,Female,West,Electricity,Residential,Townhouse,1,1,0,2,Medium,Rent,1
CUST0001484,Customer_1484,39,Female,Northeast,Multi-Utility,Residential,Townhouse,33,1,1,4,High,Own,1
CUST0001485,Customer_1485,48,Male,West,Gas,Small Business,Condo,62,1,1,1,Medium,Own,0
CUST0001486,Customer_1486,58,Male,Midwest,Multi-Utility,Commercial,House,35,1,1,1,Medium-High,Own,0
CUST0001487,Customer_1487,23,Male,Northeast,Gas,Residential,Townhouse,55,0,1,4,Medium,Own,1
CUST0001488,Customer_1488,18,Female,Northeast,Water,Commercial,Condo,57,0,1,5,Low,Own,0
CUST0001489,Customer_1489,22,Male,Midwest,Electricity,Small Business,Condo,68,1,0,3,Medium,Rent,0
CUST0001490,Customer_1490,63,Female,Southeast,Gas,Small Business,Mobile Home,11,0,1,4,Low,Own,1
CUST0001491,Customer_1491,36,Female,Northeast,Water,Residential,House,73,0,0,4,Medium,Rent,1
CUST0001492,Customer_1492,83,Male,Midwest,Water,Residential,House,38,0,1,2,Medium-High,Rent,1
CUST0001493,Customer_1493,36,Female,Southwest,Water,Small Business,Apartment,12,1,1,1,Medium,Rent,0
CUST0001494,Customer_1494,47,Male,West,Electricity,Commercial,Townhouse,157,1,1,5,Medium,Own,0
CUST0001495,Customer_1495,68,Male,Northeast,Multi-Utility,Small Business,Apartment,107,1,0,5,Medium,Rent,0
CUST0001496,Customer_1496,75,Male,Southwest,Multi-Utility,Residential,Condo,30,0,1,3,Medium,Rent,1
CUST0001497,Customer_1497,75,Male,Northeast,Electricity,Residential,Apartment,66,1,0,2,Low,Own,0
CUST0001498,Customer_1498,63,Female,Southeast,Multi-Utility,Small Business,Condo,10,0,1,5,Medium,Other,0
CUST0001499,Customer_1499,60,Male,Midwest,Electricity,Small Business,Townhouse,19,0,1,4,Medium,Own,0
CUST0001500,Customer_1500,53,Male,Northeast,Water,Residential,House,7,1,1,1,Medium,Own,1
CUST0001501,Customer_1501,56,Female,Midwest,Electricity,Residential,Condo,26,0,0,1,Medium-High,Own,0
CUST0001502,Customer_1502,36,Female,Northwest,Multi-Utility,Residential,Townhouse,24,0,1,6,Low,Own,1
CUST0001503,Customer_1503,32,Male,Northeast,Electricity,Small Business,Apartment,8,0,0,1,High,Rent,0
CUST0001504,Customer_1504,44,Female,Southeast,Gas,Small Business,House,40,0,1,2,High,Own,1
CUST0001505,Customer_1505,42,Female,Southeast,Gas,Commercial,House,4,1,0,3,Medium-High,Own,1
CUST0001506,Customer_1506,38,Male,Southwest,Electricity,Small Business,Townhouse,2,0,1,2,Medium,Rent,1
CUST0001507,Customer_1507,55,Male,Southeast,Gas,Residential,House,17,1,0,2,Medium-High,Rent,0
CUST0001508,Customer_1508,59,Male,Midwest,Electricity,Small Business,Apartment,18,1,0,2,Medium-High,Own,0
CUST0001509,Customer_1509,46,Female,Northwest,Water,Prepaid,House,13,0,0,2,Medium,Rent,1
CUST0001510,Customer_1510,67,Female,Southeast,Multi-Utility,Commercial,Apartment,10,1,0,4,Medium,Own,1
CUST0001511,Customer_1511,27,Female,Northeast,Dual Fuel,Commercial,Condo,14,1,1,3,Low,Rent,0
CUST0001512,Customer_1512,42,Female,Southeast,Dual Fuel,Residential,Townhouse,6,1,1,2,Medium,Rent,1
CUST0001513,Customer_1513,34,Male,Northwest,Electricity,Small Business,Apartment,18,1,0,2,Medium-High,Own,0
CUST0001514,Customer_1514,18,Male,Midwest,Electricity,Commercial,Condo,84,1,0,1,High,Own,1
CUST0001515,Customer_1515,43,Male,Northeast,Gas,Small Business,Condo,9,0,1,1,Medium,Rent,1
CUST0001516,Customer_1516,43,Female,Southwest,Electricity,Residential,House,41,1,1,4,Low,Own,0
CUST0001517,Customer_1517,67,Female,Southwest,Multi-Utility,Prepaid,House,5,1,1,1,Low,Own,0
CUST0001518,Customer_1518,54,Male,Southwest,Electricity,Residential,Townhouse,15,1,1,3,Medium,Own,0
CUST0001519,Customer_1519,29,Female,Northeast,Dual Fuel,Residential,Condo,13,1,1,4,Medium,Own,1
CUST0001520,Customer_1520,72,Male,Southwest,Electricity,Residential,Condo,99,1,1,2,Medium,Own,0
CUST0001521,Customer_1521,63,Male,Southeast,Dual Fuel,Small Business,House,20,0,1,2,Medium,Own,1
CUST0001522,Customer_1522,53,Male,Northeast,Electricity,Residential,Townhouse,42,1,0,5,Medium-High,Own,0
CUST0001523,Customer_1523,41,Male,Northeast,Electricity,Residential,Apartment,33,1,1,5,Medium-High,Rent,0
CUST0001524,Customer_1524,30,Male,Northeast,Water,Small Business,Townhouse,5,0,0,5,High,Rent,1
CUST0001525,Customer_1525,39,Male,West,Electricity,Small Business,Mobile Home,101,0,1,3,Medium-High,Own,0
CUST0001526,Customer_1526,61,Male,Midwest,Water,Small Business,Mobile Home,15,1,1,6,Low,Own,1
CUST0001527,Customer_1527,73,Male,West,Gas,Residential,Townhouse,1,1,1,4,Medium-High,Own,1
CUST0001528,Customer_1528,68,Female,West,Electricity,Small Business,House,12,0,0,3,Low,Rent,1
CUST0001529,Customer_1529,37,Male,West,Multi-Utility,Residential,Townhouse,14,0,1,3,Medium-High,Rent,0
CUST0001530,Customer_1530,28,Other,Midwest,Gas,Residential,House,3,1,0,1,Low,Rent,1
CUST0001531,Customer_1531,47,Male,West,Water,Residential,Townhouse,34,0,1,3,Low,Own,0
CUST0001532,Customer_1532,18,Male,Southwest,Gas,Commercial,House,15,0,1,2,Medium,Rent,1
CUST0001533,Customer_1533,49,Male,Northeast,Gas,Residential,Condo,35,1,1,2,Low,Rent,1
CUST0001534,Customer_1534,42,Male,Northeast,Electricity,Residential,House,1,1,1,1,Medium,Own,0
CUST0001535,Customer_1535,38,Female,Southeast,Electricity,Residential,Townhouse,144,1,1,2,Medium,Rent,1
CUST0001536,Customer_1536,21,Male,Northwest,Gas,Residential,House,6,1,1,3,Medium-High,Own,0
CUST0001537,Customer_1537,52,Female,Southwest,Gas,Commercial,Apartment,38,1,0,3,Medium,Own,0
CUST0001538,Customer_1538,37,Female,Midwest,Electricity,Commercial,Townhouse,45,1,0,2,Medium,Own,0
CUST0001539,Customer_1539,27,Female,Northwest,Water,Residential,Condo,6,0,1,4,Medium-High,Own,0
CUST0001540,Customer_1540,18,Female,Northeast,Water,Residential,House,4,0,1,3,Medium,Rent,1
CUST0001541,Customer_1541,44,Female,West,Electricity,Residential,Apartment,5,0,1,3,Medium-High,Rent,1
CUST0001542,Customer_1542,71,Male,Southeast,Electricity,Small Business,House,10,1,0,2,Medium-High,Own,0
CUST0001543,Customer_1543,69,Female,Southeast,Gas,Residential,Condo,6,1,1,4,High,Own,1
CUST0001544,Customer_1544,38,Male,Northeast,Electricity,Residential,Mobile Home,40,1,1,3,Medium,Own,0
CUST0001545,Customer_1545,35,Male,Southwest,Electricity,Residential,Condo,19,1,1,5,Medium,Rent,0
CUST0001546,Customer_1546,52,Male,Northwest,Electricity,Residential,House,27,1,1,2,Medium-High,Own,1
CUST0001547,Customer_1547,30,Female,Southeast,Multi-Utility,Residential,Apartment,1,1,1,2,Low,Rent,1
CUST0001548,Customer_1548,49,Female,Northeast,Water,Residential,Mobile Home,71,0,1,1,Low,Rent,1
CUST0001549,Customer_1549,56,Male,Southwest,Electricity,Residential,House,6,1,1,2,Medium,Rent,0
CUST0001550,Customer_1550,63,Female,Northeast,Electricity,Residential,Apartment,16,1,1,2,Medium-High,Own,1
CUST0001551,Customer_1551,43,Male,Northeast,Water,Prepaid,Apartment,2,1,1,5,Low,Own,0
CUST0001552,Customer_1552,41,Male,Southwest,Gas,Residential,Townhouse,5,0,1,3,Medium-High,Own,1
CUST0001553,Customer_1553,31,Male,Southwest,Water,Residential,Townhouse,39,1,1,2,Medium,Own,1
CUST0001554,Customer_1554,32,Male,Southwest,Multi-Utility,Commercial,House,42,1,1,4,Medium-High,Rent,0
CUST0001555,Customer_1555,41,Male,Northeast,Gas,Commercial,Condo,40,1,0,1,Medium,Own,0
CUST0001556,Customer_1556,50,Female,Southeast,Electricity,Residential,Apartment,28,1,0,2,Low,Own,0
CUST0001557,Customer_1557,58,Female,Midwest,Water,Small Business,House,109,0,1,3,Medium,Own,1
CUST0001558,Customer_1558,32,Male,Midwest,Multi-Utility,Residential,House,25,0,0,3,Medium,Rent,0
CUST0001559,Customer_1559,67,Female,Northeast,Gas,Small Business,Apartment,21,1,1,3,Low,Own,0
CUST0001560,Customer_1560,40,Female,Northeast,Water,Prepaid,House,10,1,0,2,Medium,Rent,0
CUST0001561,Customer_1561,44,Female,Southeast,Electricity,Residential,Townhouse,3,1,0,2,High,Rent,1
CUST0001562,Customer_1562,33,Female,Southwest,Electricity,Residential,House,28,1,0,5,Medium-High,Rent,1
CUST0001563,Customer_1563,18,Male,Northeast,Water,Residential,House,13,1,1,6,Medium-High,Rent,1
CUST0001564,Customer_1564,58,Female,West,Multi-Utility,Small Business,House,26,0,0,2,High,Own,0
CUST0001565,Customer_1565,56,Female,Southwest,Gas,Small Business,House,8,1,1,3,Medium,Own,0
CUST0001566,Customer_1566,40,Male,Northeast,Water,Small Business,Apartment,65,1,1,2,Medium,Rent,0
CUST0001567,Customer_1567,46,Male,West,Electricity,Residential,Apartment,240,1,1,2,High,Rent,0
CUST0001568,Customer_1568,52,Female,Northwest,Electricity,Residential,Condo,14,0,1,4,Medium-High,Own,1
CUST0001569,Customer_1569,21,Male,Southeast,Gas,Small Business,Mobile Home,66,0,1,3,High,Own,0
CUST0001570,Customer_1570,37,Other,West,Electricity,Residential,Townhouse,74,0,1,4,Medium-High,Own,0
CUST0001571,Customer_1571,56,Male,Northeast,Gas,Residential,House,199,1,1,3,Medium-High,Rent,1
CUST0001572,Customer_1572,26,Female,Midwest,Electricity,Residential,Mobile Home,15,1,1,3,High,Rent,1
CUST0001573,Customer_1573,49,Male,Northeast,Water,Small Business,Apartment,50,1,0,1,Medium-High,Own,0
CUST0001574,Customer_1574,24,Female,Midwest,Dual Fuel,Small Business,Apartment,9,0,0,4,Medium-High,Own,0
CUST0001575,Customer_1575,51,Female,Southeast,Gas,Commercial,Apartment,35,0,0,6,Medium,Own,0
CUST0001576,Customer_1576,44,Male,Southeast,Electricity,Residential,House,43,1,1,3,Medium-High,Rent,0
CUST0001577,Customer_1577,20,Female,Southwest,Gas,Commercial,Townhouse,48,1,1,2,Medium-High,Other,1
CUST0001578,Customer_1578,62,Male,Southwest,Multi-Utility,Small Business,House,8,1,1,6,Medium,Rent,1
CUST0001579,Customer_1579,33,Male,Midwest,Gas,Residential,Apartment,67,0,1,2,Medium,Rent,1
CUST0001580,Customer_1580,32,Male,Midwest,Electricity,Residential,House,19,0,1,3,Medium-High,Own,1
CUST0001581,Customer_1581,48,Female,Southeast,Electricity,Residential,Townhouse,8,1,1,1,Low,Other,0
CUST0001582,Customer_1582,62,Male,West,Electricity,Prepaid,Townhouse,28,0,1,1,Medium,Rent,1
CUST0001583,Customer_1583,29,Male,Midwest,Electricity,Residential,House,71,1,1,2,Medium,Own,1
CUST0001584,Customer_1584,45,Male,Midwest,Dual Fuel,Residential,Condo,122,0,0,3,High,Rent,0
CUST0001585,Customer_1585,51,Female,West,Dual Fuel,Residential,Condo,49,0,1,3,Medium,Own,1
CUST0001586,Customer_1586,55,Female,Southwest,Electricity,Commercial,Apartment,1,1,1,3,Medium,Rent,0
CUST0001587,Customer_1587,47,Male,Southwest,Electricity,Residential,Condo,5,1,1,3,Medium-High,Other,0
CUST0001588,Customer_1588,39,Male,Midwest,Electricity,Residential,Apartment,2,0,1,3,Medium,Own,0
CUST0001589,Customer_1589,32,Female,Southwest,Dual Fuel,Residential,House,3,1,0,4,Low,Rent,1
CUST0001590,Customer_1590,46,Male,Southwest,Gas,Residential,Condo,17,1,0,5,High,Rent,0
CUST0001591,Customer_1591,28,Female,Northwest,Water,Residential,Apartment,14,0,0,2,Medium-High,Rent,1
CUST0001592,Customer_1592,18,Female,Southwest,Gas,Residential,Apartment,4,0,1,1,Low,Own,1
CUST0001593,Customer_1593,51,Female,Southeast,Gas,Commercial,Townhouse,77,1,1,3,Medium-High,Rent,0
CUST0001594,Customer_1594,58,Male,Northeast,Electricity,Commercial,House,34,0,1,1,Medium-High,Own,1
CUST0001595,Customer_1595,18,Female,Midwest,Electricity,Small Business,House,57,1,1,5,Medium-High,Own,0
CUST0001596,Customer_1596,29,Female,Midwest,Gas,Residential,House,16,1,0,2,Medium,Own,0
CUST0001597,Customer_1597,54,Female,Southeast,Gas,Small Business,House,19,0,0,3,Medium,Own,1
CUST0001598,Customer_1598,75,Male,Northeast,Electricity,Residential,House,13,0,1,1,Medium-High,Other,1
CUST0001599,Customer_1599,45,Male,Northeast,Electricity,Residential,Mobile Home,20,0,1,3,Medium,Own,1
CUST0001600,Customer_1600,34,Male,Southeast,Electricity,Commercial,House,33,0,1,1,Low,Own,0
CUST0001601,Customer_1601,42,Female,West,Gas,Commercial,Condo,24,0,1,4,Low,Own,1
CUST0001602,Customer_1602,65,Female,West,Gas,Small Business,House,65,1,0,6,Medium-High,Own,0
CUST0001603,Customer_1603,35,Male,Northeast,Dual Fuel,Commercial,Condo,82,1,0,2,Medium,Own,0
CUST0001604,Customer_1604,33,Male,West,Electricity,Prepaid,Mobile Home,22,1,1,2,Low,Other,1
CUST0001605,Customer_1605,37,Male,West,Electricity,Small Business,House,9,1,1,3,Medium-High,Rent,1
CUST0001606,Customer_1606,30,Female,West,Electricity,Small Business,Townhouse,104,0,1,3,Medium,Rent,0
CUST0001607,Customer_1607,46,Female,Northeast,Gas,Small Business,Mobile Home,47,0,1,2,Medium,Rent,1
CUST0001608,Customer_1608,69,Male,West,Gas,Residential,Apartment,36,0,1,4,Medium-High,Rent,0
CUST0001609,Customer_1609,49,Male,Midwest,Water,Residential,House,49,0,1,2,Medium,Rent,0
CUST0001610,Customer_1610,41,Male,Northwest,Electricity,Small Business,Condo,2,0,1,1,Medium-High,Rent,0
CUST0001611,Customer_1611,40,Female,Northeast,Gas,Residential,Townhouse,2,1,1,3,Low,Own,0
CUST0001612,Customer_1612,21,Female,Southeast,Dual Fuel,Residential,House,5,1,1,1,Low,Rent,1
CUST0001613,Customer_1613,58,Female,West,Dual Fuel,Residential,Apartment,5,1,0,4,Medium-High,Own,1
CUST0001614,Customer_1614,43,Male,Southwest,Multi-Utility,Residential,House,19,0,1,2,High,Own,1
CUST0001615,Customer_1615,42,Female,Northeast,Water,Prepaid,House,6,1,1,4,Medium,Rent,0
CUST0001616,Customer_1616,85,Male,Southeast,Dual Fuel,Small Business,Townhouse,69,1,1,3,Medium-High,Own,1
CUST0001617,Customer_1617,49,Female,Northwest,Electricity,Residential,Apartment,31,0,1,3,Low,Own,0
CUST0001618,Customer_1618,33,Male,Midwest,Electricity,Prepaid,House,16,0,1,2,Medium,Rent,0
CUST0001619,Customer_1619,38,Female,Southeast,Electricity,Commercial,Condo,2,1,0,1,Low,Own,1
CUST0001620,Customer_1620,62,Female,West,Water,Residential,House,32,1,1,3,High,Own,0
CUST0001621,Customer_1621,46,Female,Southwest,Multi-Utility,Commercial,House,4,1,1,2,Medium,Other,1
CUST0001622,Customer_1622,23,Female,West,Electricity,Residential,Apartment,48,1,1,2,Medium,Own,1
CUST0001623,Customer_1623,58,Male,Southeast,Gas,Residential,Apartment,58,0,0,3,Medium-High,Own,0
CUST0001624,Customer_1624,34,Male,Northeast,Water,Residential,House,28,0,1,2,Low,Rent,0
CUST0001625,Customer_1625,73,Female,Southwest,Multi-Utility,Small Business,House,5,1,1,4,Medium,Rent,1
CUST0001626,Customer_1626,61,Male,Southwest,Gas,Residential,Apartment,55,0,1,5,Low,Own,0
CUST0001627,Customer_1627,38,Male,Southeast,Multi-Utility,Small Business,Townhouse,13,0,0,3,High,Own,0
CUST0001628,Customer_1628,64,Male,Northwest,Electricity,Small Business,Townhouse,9,1,1,5,Medium,Rent,1
CUST0001629,Customer_1629,46,Female,Northwest,Electricity,Residential,House,22,0,0,5,High,Own,0
CUST0001630,Customer_1630,57,Male,West,Gas,Residential,Apartment,92,0,1,2,Low,Rent,1
CUST0001631,Customer_1631,52,Male,Southeast,Electricity,Residential,Townhouse,12,1,0,2,Low,Own,0
CUST0001632,Customer_1632,32,Male,Southwest,Electricity,Residential,Apartment,84,0,1,3,High,Rent,1
CUST0001633,Customer_1633,35,Male,Southeast,Water,Small Business,Mobile Home,1,1,1,3,Medium-High,Own,0
CUST0001634,Customer_1634,60,Female,Southwest,Water,Small Business,Mobile Home,3,0,1,2,Medium,Rent,0
CUST0001635,Customer_1635,39,Other,West,Water,Small Business,House,43,1,0,2,Medium,Own,0
CUST0001636,Customer_1636,38,Female,Northeast,Electricity,Residential,House,7,0,0,3,Medium,Own,1
CUST0001637,Customer_1637,30,Male,Northeast,Gas,Small Business,House,13,0,1,4,Medium-High,Own,1
CUST0001638,Customer_1638,51,Female,Southeast,Electricity,Commercial,House,5,1,1,1,Medium-High,Own,1
CUST0001639,Customer_1639,75,Female,Southwest,Electricity,Prepaid,Mobile Home,14,0,1,4,Low,Rent,1
CUST0001640,Customer_1640,28,Male,Northeast,Gas,Commercial,Mobile Home,11,0,1,5,High,Rent,1
CUST0001641,Customer_1641,45,Female,Southwest,Electricity,Small Business,House,47,1,1,4,Medium,Rent,0
CUST0001642,Customer_1642,66,Female,West,Electricity,Residential,Apartment,43,0,1,2,Low,Rent,1
CUST0001643,Customer_1643,43,Female,Southeast,Water,Small Business,Apartment,111,0,1,1,Medium,Own,0
CUST0001644,Customer_1644,51,Female,Southwest,Electricity,Commercial,Apartment,46,1,0,3,High,Own,1
CUST0001645,Customer_1645,29,Male,Southeast,Multi-Utility,Residential,Condo,42,1,1,6,Medium,Own,1
CUST0001646,Customer_1646,51,Male,Southwest,Gas,Residential,Mobile Home,42,1,0,4,Medium-High,Rent,1
CUST0001647,Customer_1647,42,Female,Northwest,Multi-Utility,Residential,House,77,1,1,3,High,Own,0
CUST0001648,Customer_1648,59,Male,Northwest,Electricity,Small Business,House,12,1,1,1,Medium-High,Other,1
CUST0001649,Customer_1649,62,Male,Southwest,Gas,Residential,House,12,1,0,4,Medium-High,Rent,0
CUST0001650,Customer_1650,83,Female,West,Electricity,Residential,Apartment,48,0,0,4,Medium,Other,1
CUST0001651,Customer_1651,53,Female,Southeast,Dual Fuel,Commercial,House,9,0,1,5,Medium-High,Own,1
CUST0001652,Customer_1652,49,Male,Midwest,Electricity,Small Business,Apartment,87,1,0,3,Medium,Rent,0
CUST0001653,Customer_1653,47,Female,Southwest,Electricity,Residential,Apartment,27,1,1,3,High,Own,1
CUST0001654,Customer_1654,39,Female,Southwest,Dual Fuel,Residential,Townhouse,12,1,0,3,Low,Rent,0
CUST0001655,Customer_1655,50,Female,Northwest,Electricity,Residential,Apartment,53,0,0,5,Medium,Other,1
CUST0001656,Customer_1656,40,Male,Northeast,Electricity,Residential,House,13,0,0,3,Low,Own,1
CUST0001657,Customer_1657,47,Male,Northwest,Electricity,Residential,Townhouse,118,1,0,2,Medium,Own,1
CUST0001658,Customer_1658,64,Male,Southeast,Water,Residential,Townhouse,146,1,1,3,Low,Own,0
CUST0001659,Customer_1659,29,Male,Northwest,Electricity,Small Business,House,39,1,1,5,Medium-High,Other,0
CUST0001660,Customer_1660,62,Male,Midwest,Gas,Small Business,House,4,0,0,3,High,Own,0
CUST0001661,Customer_1661,64,Male,West,Electricity,Residential,Townhouse,10,0,0,3,Medium-High,Rent,1
CUST0001662,Customer_1662,43,Male,Midwest,Gas,Residential,House,26,0,0,4,Low,Own,0
CUST0001663,Customer_1663,18,Female,West,Water,Commercial,House,68,1,1,4,Medium,Rent,0
CUST0001664,Customer_1664,35,Male,Midwest,Gas,Residential,Apartment,7,1,1,1,High,Own,0
CUST0001665,Customer_1665,64,Female,Northwest,Gas,Residential,House,3,1,0,4,Low,Own,1
CUST0001666,Customer_1666,44,Female,Midwest,Electricity,Small Business,House,2,1,0,3,Medium-High,Rent,1
CUST0001667,Customer_1667,30,Male,Northwest,Electricity,Small Business,Apartment,25,1,1,5,Medium,Rent,0
CUST0001668,Customer_1668,37,Female,Northwest,Electricity,Residential,Townhouse,77,1,0,6,High,Own,0
CUST0001669,Customer_1669,57,Female,Southeast,Gas,Small Business,Townhouse,1,0,1,3,Medium,Rent,1
CUST0001670,Customer_1670,53,Male,Northwest,Gas,Small Business,Mobile Home,8,0,1,6,Low,Own,0
CUST0001671,Customer_1671,41,Female,Northeast,Multi-Utility,Commercial,House,42,1,0,2,Medium-High,Rent,1
CUST0001672,Customer_1672,39,Male,Midwest,Electricity,Residential,House,62,0,0,4,Medium,Own,1
CUST0001673,Customer_1673,39,Female,Southwest,Gas,Small Business,Townhouse,59,1,0,1,Medium-High,Own,0
CUST0001674,Customer_1674,31,Male,Southwest,Gas,Residential,Apartment,55,1,1,1,Low,Own,1
CUST0001675,Customer_1675,69,Female,Southwest,Gas,Small Business,House,5,0,0,5,Medium,Own,0
CUST0001676,Customer_1676,40,Male,Northeast,Dual Fuel,Small Business,House,18,0,1,5,Medium,Own,0
CUST0001677,Customer_1677,63,Female,Northwest,Electricity,Residential,House,150,0,1,3,Medium,Own,0
CUST0001678,Customer_1678,67,Male,Midwest,Electricity,Commercial,Apartment,161,1,0,2,High,Own,0
CUST0001679,Customer_1679,59,Female,West,Water,Residential,House,33,0,1,3,High,Own,0
CUST0001680,Customer_1680,38,Female,West,Electricity,Residential,Mobile Home,44,1,1,5,Medium-High,Own,1
CUST0001681,Customer_1681,51,Male,Southeast,Electricity,Residential,House,108,0,0,2,Medium-High,Rent,1
CUST0001682,Customer_1682,44,Female,Northeast,Electricity,Small Business,Mobile Home,21,1,0,2,Medium,Rent,0
CUST0001683,Customer_1683,31,Male,Midwest,Electricity,Residential,Townhouse,5,0,1,4,Low,Own,0
CUST0001684,Customer_1684,49,Female,Northwest,Gas,Commercial,Apartment,39,1,0,5,Medium-High,Own,1
CUST0001685,Customer_1685,27,Female,Southwest,Electricity,Commercial,Condo,115,1,1,1,Low,Own,1
CUST0001686,Customer_1686,62,Female,Northeast,Gas,Commercial,Condo,43,1,0,4,Medium,Rent,0
CUST0001687,Customer_1687,38,Female,Northeast,Gas,Residential,House,58,1,1,3,Medium-High,Other,0
CUST0001688,Customer_1688,48,Male,Midwest,Gas,Small Business,House,19,1,1,2,Medium-High,Own,0
CUST0001689,Customer_1689,49,Male,Northwest,Multi-Utility,Residential,Apartment,3,0,0,4,Medium,Rent,1
CUST0001690,Customer_1690,41,Male,Southeast,Electricity,Commercial,Condo,6,1,0,4,Medium-High,Own,1
CUST0001691,Customer_1691,53,Female,Northwest,Multi-Utility,Small Business,Apartment,145,1,0,1,High,Own,0
CUST0001692,Customer_1692,37,Male,Southeast,Gas,Residential,Apartment,24,1,1,3,Medium,Rent,0
CUST0001693,Customer_1693,58,Female,Southeast,Water,Small Business,Apartment,1,0,1,4,Medium-High,Own,1
CUST0001694,Customer_1694,24,Female,Southwest,Gas,Residential,Apartment,111,0,0,2,Medium,Rent,0
CUST0001695,Customer_1695,46,Male,Southwest,Gas,Residential,Apartment,24,0,1,3,High,Rent,0
CUST0001696,Customer_1696,74,Female,Midwest,Dual Fuel,Residential,Apartment,65,0,1,1,Medium,Rent,1
CUST0001697,Customer_1697,29,Male,Northwest,Dual Fuel,Prepaid,Townhouse,28,1,1,2,High,Own,0
CUST0001698,Customer_1698,34,Male,Southeast,Electricity,Commercial,Condo,3,0,1,2,High,Own,1
CUST0001699,Customer_1699,52,Female,Midwest,Electricity,Small Business,Condo,34,0,1,3,Medium-High,Own,1
CUST0001700,Customer_1700,47,Male,Southeast,Gas,Commercial,Apartment,214,1,1,1,Medium-High,Own,1
CUST0001701,Customer_1701,50,Male,Northeast,Dual Fuel,Residential,Condo,1,1,1,2,Medium,Rent,1
CUST0001702,Customer_1702,52,Female,West,Electricity,Commercial,Apartment,66,1,0,2,High,Rent,1
CUST0001703,Customer_1703,54,Male,West,Water,Residential,House,9,0,0,4,Medium-High,Own,1
CUST0001704,Customer_1704,61,Other,Southeast,Water,Small Business,Mobile Home,18,0,1,4,Medium,Other,0
CUST0001705,Customer_1705,51,Other,Midwest,Water,Small Business,House,16,1,1,1,Low,Rent,0
CUST0001706,Customer_1706,41,Male,Southwest,Gas,Residential,Apartment,82,0,0,6,Medium,Rent,1
CUST0001707,Customer_1707,55,Male,Northwest,Gas,Residential,House,25,0,1,4,Medium-High,Other,0
CUST0001708,Customer_1708,73,Female,Southeast,Multi-Utility,Residential,House,21,0,1,3,High,Own,1
CUST0001709,Customer_1709,43,Male,Southeast,Gas,Prepaid,Townhouse,61,1,0,3,Medium-High,Own,1
CUST0001710,Customer_1710,30,Male,Northwest,Water,Residential,Apartment,1,0,0,2,Medium,Rent,0
CUST0001711,Customer_1711,61,Female,Southwest,Electricity,Residential,Townhouse,3,1,0,6,Medium,Rent,1
CUST0001712,Customer_1712,43,Male,Southeast,Water,Small Business,House,1,1,1,1,Medium-High,Own,0
CUST0001713,Customer_1713,18,Female,Northeast,Electricity,Residential,House,41,1,0,4,Medium-High,Own,1
CUST0001714,Customer_1714,57,Male,Southwest,Electricity,Residential,House,26,0,0,3,Medium,Own,0
CUST0001715,Customer_1715,36,Male,Northeast,Water,Small Business,Condo,75,0,1,5,Medium-High,Own,1
CUST0001716,Customer_1716,43,Male,West,Gas,Residential,Townhouse,24,1,0,2,Medium-High,Rent,0
CUST0001717,Customer_1717,49,Other,Northwest,Water,Small Business,Apartment,9,0,1,3,Medium-High,Own,0
CUST0001718,Customer_1718,47,Female,Southwest,Electricity,Residential,Apartment,58,1,1,4,Medium-High,Rent,0
CUST0001719,Customer_1719,55,Female,Southwest,Gas,Residential,Mobile Home,12,1,0,1,Medium-High,Rent,0
CUST0001720,Customer_1720,38,Male,Midwest,Gas,Small Business,House,98,0,0,1,Low,Rent,0
CUST0001721,Customer_1721,52,Male,Midwest,Gas,Residential,Apartment,10,1,1,2,High,Own,0
CUST0001722,Customer_1722,41,Male,Northwest,Electricity,Commercial,Apartment,6,1,1,1,Medium,Rent,0
CUST0001723,Customer_1723,56,Female,Southwest,Water,Commercial,House,24,1,1,1,Medium-High,Other,1
CUST0001724,Customer_1724,54,Female,West,Dual Fuel,Residential,House,1,1,1,3,Low,Own,1
CUST0001725,Customer_1725,30,Female,Southeast,Electricity,Residential,House,1,1,1,4,Medium-High,Own,1
CUST0001726,Customer_1726,61,Male,Northwest,Electricity,Residential,Townhouse,24,1,0,6,High,Rent,0
CUST0001727,Customer_1727,36,Female,Northwest,Water,Residential,Condo,8,1,1,3,Low,Rent,0
CUST0001728,Customer_1728,57,Male,Midwest,Water,Residential,Townhouse,1,1,0,2,High,Rent,1
CUST0001729,Customer_1729,50,Other,West,Water,Commercial,Apartment,12,0,1,5,Low,Other,1
CUST0001730,Customer_1730,72,Male,Northwest,Water,Residential,Apartment,23,0,0,4,Low,Rent,0
CUST0001731,Customer_1731,41,Female,West,Electricity,Residential,Condo,18,0,1,3,High,Own,1
CUST0001732,Customer_1732,39,Male,Northwest,Electricity,Residential,Mobile Home,5,0,1,2,Medium-High,Own,0
CUST0001733,Customer_1733,44,Male,Midwest,Electricity,Residential,House,31,0,0,5,Low,Own,0
CUST0001734,Customer_1734,40,Female,Southeast,Electricity,Small Business,House,44,1,0,2,High,Own,0
CUST0001735,Customer_1735,56,Male,Midwest,Water,Residential,Condo,40,0,1,1,Medium-High,Own,1
CUST0001736,Customer_1736,20,Male,Northwest,Electricity,Residential,Mobile Home,18,1,0,4,Low,Own,1
CUST0001737,Customer_1737,29,Female,West,Multi-Utility,Residential,Mobile Home,5,1,1,3,High,Rent,1
CUST0001738,Customer_1738,28,Female,Northeast,Dual Fuel,Commercial,Condo,24,1,1,2,Medium,Own,1
CUST0001739,Customer_1739,59,Female,Midwest,Dual Fuel,Residential,House,79,1,1,4,Medium,Rent,0
CUST0001740,Customer_1740,70,Male,West,Dual Fuel,Commercial,House,22,0,1,4,Medium-High,Rent,1
CUST0001741,Customer_1741,43,Female,Midwest,Gas,Residential,Mobile Home,7,1,1,4,Medium-High,Rent,1
CUST0001742,Customer_1742,42,Female,Northwest,Dual Fuel,Commercial,Apartment,3,1,0,2,Medium-High,Rent,0
CUST0001743,Customer_1743,46,Male,West,Electricity,Small Business,House,103,1,1,1,High,Own,1
CUST0001744,Customer_1744,62,Female,Southeast,Electricity,Residential,Mobile Home,48,0,1,3,High,Rent,0
CUST0001745,Customer_1745,31,Male,West,Water,Commercial,House,13,1,1,5,Medium,Own,1
CUST0001746,Customer_1746,48,Male,Southwest,Electricity,Small Business,Condo,12,1,1,2,High,Rent,1
CUST0001747,Customer_1747,59,Male,Northeast,Multi-Utility,Residential,Condo,81,1,1,3,Medium,Rent,0
CUST0001748,Customer_1748,52,Male,Northwest,Water,Residential,House,7,0,1,2,Medium,Own,0
CUST0001749,Customer_1749,47,Female,West,Water,Small Business,House,27,1,1,1,High,Rent,0
CUST0001750,Customer_1750,60,Female,Northwest,Electricity,Small Business,House,45,1,1,5,Medium-High,Rent,0
CUST0001751,Customer_1751,18,Female,Midwest,Water,Small Business,Condo,18,1,1,1,Medium,Rent,1
CUST0001752,Customer_1752,55,Female,Midwest,Electricity,Small Business,Apartment,1,1,1,4,Medium-High,Own,0
CUST0001753,Customer_1753,35,Male,West,Dual Fuel,Small Business,House,9,0,0,2,Medium,Rent,1
CUST0001754,Customer_1754,18,Female,Southwest,Electricity,Small Business,Mobile Home,83,0,1,2,Low,Own,0
CUST0001755,Customer_1755,52,Female,West,Water,Small Business,House,26,0,1,5,High,Own,1
CUST0001756,Customer_1756,65,Male,Southeast,Electricity,Residential,House,60,0,1,4,Medium-High,Rent,0
CUST0001757,Customer_1757,42,Female,Southwest,Electricity,Commercial,House,29,0,1,4,Medium-High,Rent,0
CUST0001758,Customer_1758,59,Other,Northwest,Gas,Residential,House,103,0,1,4,Medium-High,Own,1
CUST0001759,Customer_1759,69,Female,West,Electricity,Residential,Mobile Home,86,0,1,2,Medium,Own,1
CUST0001760,Customer_1760,64,Female,Northwest,Water,Small Business,House,23,1,1,3,High,Rent,1
CUST0001761,Customer_1761,69,Male,Northeast,Electricity,Residential,Apartment,13,1,1,2,Medium,Own,0
CUST0001762,Customer_1762,56,Male,Southwest,Electricity,Residential,Townhouse,33,0,0,4,Low,Own,0
CUST0001763,Customer_1763,46,Male,West,Gas,Residential,Condo,40,0,1,3,High,Own,0
CUST0001764,Customer_1764,20,Female,Northeast,Electricity,Small Business,Apartment,24,1,1,2,High,Rent,0
CUST0001765,Customer_1765,41,Female,West,Electricity,Prepaid,Townhouse,62,1,1,5,Medium-High,Rent,1
CUST0001766,Customer_1766,32,Other,Southeast,Dual Fuel,Small Business,Condo,7,0,1,3,Low,Rent,0
CUST0001767,Customer_1767,77,Male,Midwest,Electricity,Residential,House,14,1,0,3,Medium,Own,0
CUST0001768,Customer_1768,42,Male,Northwest,Electricity,Residential,Condo,41,0,1,1,Medium,Rent,1
CUST0001769,Customer_1769,46,Female,West,Electricity,Residential,Mobile Home,10,1,1,5,Medium-High,Rent,1
CUST0001770,Customer_1770,53,Female,Southwest,Gas,Residential,Apartment,20,1,1,6,Medium-High,Own,1
CUST0001771,Customer_1771,45,Male,West,Gas,Residential,Condo,119,0,0,3,Medium-High,Own,0
CUST0001772,Customer_1772,70,Female,West,Electricity,Residential,Mobile Home,35,1,0,3,Medium-High,Rent,1
CUST0001773,Customer_1773,35,Female,West,Water,Residential,Condo,107,0,1,2,Medium-High,Own,0
CUST0001774,Customer_1774,47,Female,West,Electricity,Residential,House,46,1,0,2,Medium-High,Rent,0
CUST0001775,Customer_1775,33,Female,Southwest,Gas,Small Business,House,46,1,1,3,Medium-High,Own,1
CUST0001776,Customer_1776,25,Male,Southwest,Electricity,Commercial,Apartment,32,1,0,1,High,Rent,1
CUST0001777,Customer_1777,35,Other,West,Gas,Commercial,House,5,0,1,5,High,Own,0
CUST0001778,Customer_1778,44,Female,Midwest,Multi-Utility,Small Business,Mobile Home,26,1,1,2,Low,Own,0
CUST0001779,Customer_1779,38,Male,West,Gas,Residential,Apartment,10,1,1,4,High,Rent,0
CUST0001780,Customer_1780,34,Male,Northwest,Multi-Utility,Small Business,Apartment,238,1,0,2,Medium,Other,1
CUST0001781,Customer_1781,23,Female,Northwest,Electricity,Residential,Condo,11,0,1,2,High,Own,1
CUST0001782,Customer_1782,43,Male,Southwest,Electricity,Small Business,Apartment,9,0,0,3,Medium-High,Own,0
CUST0001783,Customer_1783,22,Male,Northwest,Electricity,Small Business,Apartment,35,1,1,4,Medium-High,Rent,0
CUST0001784,Customer_1784,56,Female,Northwest,Electricity,Small Business,House,25,1,1,4,Medium,Rent,0
CUST0001785,Customer_1785,46,Male,Southeast,Electricity,Prepaid,Apartment,1,1,1,2,Low,Own,1
CUST0001786,Customer_1786,23,Female,West,Electricity,Small Business,Townhouse,4,1,1,2,Low,Rent,0
CUST0001787,Customer_1787,40,Male,West,Gas,Small Business,Condo,59,0,1,5,High,Own,0
CUST0001788,Customer_1788,33,Female,West,Electricity,Residential,Apartment,23,1,0,4,Medium,Rent,0
CUST0001789,Customer_1789,49,Male,West,Electricity,Commercial,House,5,0,0,4,Medium-High,Rent,0
CUST0001790,Customer_1790,65,Male,Northeast,Electricity,Residential,Townhouse,22,1,1,2,High,Own,0
CUST0001791,Customer_1791,18,Male,West,Dual Fuel,Commercial,Mobile Home,10,1,0,4,Medium,Own,1
CUST0001792,Customer_1792,46,Female,Southwest,Electricity,Residential,Apartment,9,1,1,2,Medium-High,Own,1
CUST0001793,Customer_1793,42,Female,Southwest,Water,Residential,Condo,113,0,0,3,Medium,Rent,1
CUST0001794,Customer_1794,55,Male,Northeast,Gas,Commercial,Apartment,16,1,0,2,Medium,Rent,0
CUST0001795,Customer_1795,48,Female,West,Gas,Residential,Apartment,1,0,1,1,High,Own,1
CUST0001796,Customer_1796,33,Female,Midwest,Electricity,Commercial,Townhouse,126,0,1,3,Medium-High,Own,0
CUST0001797,Customer_1797,40,Other,West,Electricity,Residential,House,57,0,1,1,Low,Rent,0
CUST0001798,Customer_1798,33,Male,Southwest,Gas,Commercial,Apartment,10,0,1,3,Medium,Own,0
CUST0001799,Customer_1799,61,Female,Southeast,Electricity,Small Business,House,18,1,0,4,High,Rent,0
CUST0001800,Customer_1800,45,Male,Northwest,Electricity,Small Business,House,71,1,0,6,Low,Rent,1
CUST0001801,Customer_1801,73,Male,Southeast,Electricity,Residential,Condo,15,1,1,1,Medium,Rent,0
CUST0001802,Customer_1802,44,Other,Midwest,Dual Fuel,Residential,House,30,0,1,2,Medium-High,Rent,0
CUST0001803,Customer_1803,34,Female,West,Gas,Commercial,Apartment,27,0,0,3,High,Rent,0
CUST0001804,Customer_1804,22,Male,Northeast,Gas,Residential,House,18,0,1,2,Medium-High,Rent,0
CUST0001805,Customer_1805,18,Male,West,Gas,Residential,Condo,36,0,1,1,Medium,Own,1
CUST0001806,Customer_1806,21,Female,Midwest,Dual Fuel,Small Business,House,23,1,0,3,Medium,Rent,1
CUST0001807,Customer_1807,49,Female,Midwest,Gas,Residential,Condo,1,0,1,3,Medium-High,Own,1
CUST0001808,Customer_1808,52,Male,Northwest,Gas,Residential,Condo,60,1,1,4,Low,Own,0
CUST0001809,Customer_1809,21,Female,Midwest,Multi-Utility,Residential,Mobile Home,4,0,0,6,Medium-High,Rent,1
CUST0001810,Customer_1810,58,Male,Southeast,Water,Residential,Mobile Home,22,0,1,4,Medium-High,Own,1
CUST0001811,Customer_1811,37,Male,Northwest,Electricity,Commercial,House,31,0,1,2,Medium-High,Rent,1
CUST0001812,Customer_1812,47,Female,West,Electricity,Residential,House,44,1,1,4,Low,Own,0
CUST0001813,Customer_1813,69,Male,West,Water,Prepaid,Condo,19,0,1,3,Medium,Own,1
CUST0001814,Customer_1814,58,Male,Northeast,Dual Fuel,Residential,Condo,47,1,0,3,Medium,Own,1
CUST0001815,Customer_1815,40,Female,Midwest,Gas,Residential,House,5,1,0,5,Medium-High,Rent,1
CUST0001816,Customer_1816,31,Female,Midwest,Gas,Small Business,House,38,0,1,4,Medium-High,Rent,0
CUST0001817,Customer_1817,18,Male,Southwest,Gas,Residential,Apartment,63,1,1,4,Medium,Rent,0
CUST0001818,Customer_1818,34,Female,Northwest,Gas,Small Business,Mobile Home,79,0,0,1,Low,Rent,0
CUST0001819,Customer_1819,41,Female,Southwest,Water,Commercial,Mobile Home,31,0,0,5,Medium-High,Own,0
CUST0001820,Customer_1820,30,Male,Northwest,Electricity,Residential,House,13,1,1,4,High,Own,0
CUST0001821,Customer_1821,43,Female,Southeast,Multi-Utility,Small Business,Apartment,6,1,1,2,Medium-High,Own,1
CUST0001822,Customer_1822,46,Male,Northwest,Water,Residential,House,15,1,0,2,Medium-High,Own,1
CUST0001823,Customer_1823,41,Male,West,Gas,Residential,Apartment,27,0,1,1,High,Rent,0
CUST0001824,Customer_1824,35,Female,Northeast,Electricity,Residential,Townhouse,7,0,0,1,Medium,Own,1
CUST0001825,Customer_1825,47,Other,Northwest,Electricity,Commercial,Townhouse,109,0,0,4,Medium,Rent,0
CUST0001826,Customer_1826,51,Male,Northwest,Gas,Residential,Apartment,81,1,0,2,Low,Own,1
CUST0001827,Customer_1827,28,Male,Northwest,Water,Commercial,House,1,1,1,5,High,Other,0
CUST0001828,Customer_1828,66,Female,Northeast,Gas,Residential,Apartment,29,1,1,4,Medium-High,Own,1
CUST0001829,Customer_1829,43,Male,Midwest,Electricity,Residential,Mobile Home,56,1,1,2,Medium,Own,0
CUST0001830,Customer_1830,45,Male,Northeast,Gas,Residential,House,10,0,0,2,Low,Other,1
CUST0001831,Customer_1831,55,Male,Midwest,Dual Fuel,Commercial,House,26,0,1,2,Medium,Own,0
CUST0001832,Customer_1832,48,Female,West,Electricity,Small Business,Condo,18,0,0,1,Low,Rent,0
CUST0001833,Customer_1833,59,Male,Northeast,Gas,Residential,Condo,7,1,1,1,Medium,Own,0
CUST0001834,Customer_1834,49,Male,Midwest,Water,Commercial,Mobile Home,34,1,1,3,High,Rent,1
CUST0001835,Customer_1835,35,Female,West,Gas,Residential,Apartment,182,0,0,5,Low,Rent,0
CUST0001836,Customer_1836,50,Female,West,Water,Commercial,Apartment,16,0,0,5,Medium,Rent,1
CUST0001837,Customer_1837,27,Female,Midwest,Gas,Commercial,Apartment,28,1,1,4,Low,Own,1
CUST0001838,Customer_1838,46,Male,Midwest,Multi-Utility,Small Business,Mobile Home,14,1,1,3,Medium-High,Rent,0
CUST0001839,Customer_1839,44,Female,Southeast,Electricity,Commercial,Townhouse,75,1,0,5,Medium-High,Own,1
CUST0001840,Customer_1840,41,Male,West,Gas,Residential,Townhouse,71,0,1,3,Medium,Own,1
CUST0001841,Customer_1841,43,Male,Midwest,Electricity,Small Business,House,7,1,0,2,High,Own,1
CUST0001842,Customer_1842,18,Female,West,Electricity,Small Business,Townhouse,82,1,0,4,Medium-High,Other,0
CUST0001843,Customer_1843,36,Male,Northeast,Electricity,Residential,Apartment,5,0,1,5,High,Rent,0
CUST0001844,Customer_1844,46,Male,Southwest,Electricity,Small Business,House,3,1,1,1,Low,Own,1
CUST0001845,Customer_1845,47,Male,Southwest,Multi-Utility,Residential,House,38,0,1,2,Medium,Rent,0
CUST0001846,Customer_1846,29,Male,Northwest,Multi-Utility,Residential,Condo,17,0,0,2,High,Own,0
CUST0001847,Customer_1847,63,Male,Midwest,Electricity,Residential,Apartment,27,1,1,1,Medium-High,Rent,1
CUST0001848,Customer_1848,32,Other,Midwest,Gas,Residential,Townhouse,38,1,1,2,Medium-High,Own,1
CUST0001849,Customer_1849,59,Male,West,Gas,Residential,Condo,1,1,1,2,Medium-High,Own,1
CUST0001850,Customer_1850,51,Male,Northwest,Dual Fuel,Commercial,House,12,0,1,5,Medium-High,Own,0
CUST0001851,Customer_1851,35,Male,Midwest,Gas,Residential,Condo,22,1,1,5,Medium-High,Rent,0
CUST0001852,Customer_1852,71,Female,West,Electricity,Small Business,House,11,0,0,5,Low,Own,0
CUST0001853,Customer_1853,27,Female,Midwest,Water,Residential,Apartment,1,0,1,1,Medium-High,Own,1
CUST0001854,Customer_1854,58,Male,West,Water,Residential,Condo,3,0,0,1,Medium-High,Rent,1
CUST0001855,Customer_1855,60,Female,Midwest,Gas,Residential,Townhouse,58,1,1,1,Low,Own,0
CUST0001856,Customer_1856,34,Male,Southeast,Dual Fuel,Residential,Apartment,87,0,1,5,Medium,Own,1
CUST0001857,Customer_1857,65,Male,West,Dual Fuel,Small Business,Townhouse,5,1,1,2,Medium,Rent,0
CUST0001858,Customer_1858,41,Male,Southeast,Gas,Small Business,Townhouse,10,0,1,3,High,Rent,0
CUST0001859,Customer_1859,49,Male,Southeast,Gas,Residential,Apartment,38,1,1,2,Medium-High,Rent,1
CUST0001860,Customer_1860,48,Male,Southeast,Multi-Utility,Residential,Apartment,111,1,1,1,Medium-High,Own,0
CUST0001861,Customer_1861,42,Female,Southeast,Electricity,Commercial,Condo,12,1,1,1,Medium-High,Own,1
CUST0001862,Customer_1862,57,Male,Northeast,Electricity,Residential,House,69,1,1,4,Medium,Rent,0
CUST0001863,Customer_1863,56,Female,Northwest,Electricity,Residential,Townhouse,25,0,1,2,High,Own,0
CUST0001864,Customer_1864,18,Male,Southwest,Dual Fuel,Small Business,Townhouse,112,1,0,2,Medium,Own,1
CUST0001865,Customer_1865,64,Male,Northeast,Water,Residential,House,5,1,1,2,Medium-High,Own,1
CUST0001866,Customer_1866,20,Male,Midwest,Electricity,Prepaid,Mobile Home,130,0,0,4,Medium,Rent,1
CUST0001867,Customer_1867,60,Female,Midwest,Multi-Utility,Small Business,House,20,1,1,3,Low,Own,1
CUST0001868,Customer_1868,61,Male,Northwest,Water,Residential,Mobile Home,110,0,1,5,Medium,Rent,1
CUST0001869,Customer_1869,28,Female,Southwest,Dual Fuel,Residential,House,22,0,0,3,Medium,Own,1
CUST0001870,Customer_1870,38,Male,Southwest,Electricity,Small Business,Townhouse,27,1,0,2,Medium-High,Rent,0
CUST0001871,Customer_1871,28,Male,Southwest,Gas,Residential,Apartment,58,1,1,3,Medium,Own,0
CUST0001872,Customer_1872,41,Male,Southeast,Water,Commercial,Condo,46,0,0,3,Low,Own,1
CUST0001873,Customer_1873,40,Male,Northeast,Gas,Small Business,House,34,1,1,4,High,Rent,0
CUST0001874,Customer_1874,56,Male,Midwest,Water,Residential,House,19,1,1,5,Medium,Rent,1
CUST0001875,Customer_1875,64,Male,Northeast,Dual Fuel,Small Business,House,56,1,1,4,High,Own,0
CUST0001876,Customer_1876,65,Female,Northeast,Electricity,Residential,Townhouse,106,1,0,2,High,Own,1
CUST0001877,Customer_1877,36,Male,Northeast,Dual Fuel,Residential,House,1,0,0,2,Medium,Rent,0
CUST0001878,Customer_1878,41,Female,Southwest,Electricity,Small Business,Condo,31,1,1,5,Low,Own,1
CUST0001879,Customer_1879,19,Male,Northwest,Electricity,Small Business,Townhouse,72,0,1,2,Medium-High,Other,0
CUST0001880,Customer_1880,32,Female,Northwest,Electricity,Small Business,Mobile Home,38,1,1,4,Medium-High,Rent,0
CUST0001881,Customer_1881,59,Female,Southwest,Electricity,Residential,House,58,0,0,6,Medium,Rent,1
CUST0001882,Customer_1882,69,Male,Midwest,Electricity,Small Business,Townhouse,81,1,0,3,Medium,Own,0
CUST0001883,Customer_1883,26,Male,Midwest,Dual Fuel,Residential,House,50,0,0,3,Medium-High,Own,1
CUST0001884,Customer_1884,36,Female,Midwest,Water,Small Business,Condo,45,1,1,4,Medium,Own,1
CUST0001885,Customer_1885,44,Female,Northwest,Gas,Small Business,Condo,120,0,1,2,Low,Own,0
CUST0001886,Customer_1886,49,Male,Northwest,Water,Small Business,House,71,1,1,3,High,Own,0
CUST0001887,Customer_1887,32,Male,Northeast,Electricity,Commercial,House,60,0,1,2,High,Own,1
CUST0001888,Customer_1888,51,Female,Southwest,Electricity,Commercial,Apartment,3,1,1,2,Medium,Own,1
CUST0001889,Customer_1889,37,Male,Southeast,Gas,Prepaid,Apartment,9,0,1,3,Low,Own,1
CUST0001890,Customer_1890,44,Female,Northeast,Gas,Prepaid,Mobile Home,29,1,1,3,Medium-High,Own,0
CUST0001891,Customer_1891,53,Male,West,Water,Small Business,Apartment,44,1,1,4,Medium,Rent,1
CUST0001892,Customer_1892,45,Male,Northwest,Gas,Prepaid,Mobile Home,13,1,1,5,Low,Rent,1
CUST0001893,Customer_1893,38,Female,Northeast,Water,Commercial,Apartment,3,1,0,2,High,Rent,1
CUST0001894,Customer_1894,43,Female,Southwest,Water,Small Business,Mobile Home,13,0,0,4,High,Own,1
CUST0001895,Customer_1895,43,Male,West,Multi-Utility,Residential,Condo,53,0,1,2,Medium,Rent,0
CUST0001896,Customer_1896,39,Male,Northeast,Electricity,Residential,Townhouse,75,1,1,3,Medium-High,Rent,1
CUST0001897,Customer_1897,41,Female,Southwest,Gas,Commercial,House,87,1,1,5,Low,Rent,1
CUST0001898,Customer_1898,68,Female,Southwest,Gas,Residential,Apartment,17,1,1,2,Medium,Own,0
CUST0001899,Customer_1899,53,Male,Northwest,Multi-Utility,Commercial,House,16,0,1,3,Low,Rent,0
CUST0001900,Customer_1900,40,Female,Southeast,Electricity,Residential,House,18,1,1,3,Low,Own,1
CUST0001901,Customer_1901,55,Female,Northeast,Gas,Residential,Condo,16,1,1,4,Medium-High,Own,0
CUST0001902,Customer_1902,39,Female,Southwest,Electricity,Small Business,Condo,39,0,0,4,Medium-High,Own,1
CUST0001903,Customer_1903,62,Female,Midwest,Gas,Commercial,House,15,0,0,4,Medium,Own,0
CUST0001904,Customer_1904,50,Male,Southwest,Electricity,Residential,Apartment,1,1,1,2,Medium,Rent,1
CUST0001905,Customer_1905,43,Female,Southeast,Electricity,Commercial,Apartment,20,0,0,4,Medium,Rent,0
CUST0001906,Customer_1906,51,Female,Southwest,Gas,Small Business,House,9,1,0,3,Medium-High,Rent,0
CUST0001907,Customer_1907,21,Male,Northwest,Electricity,Residential,Apartment,1,1,0,3,Medium,Own,1
CUST0001908,Customer_1908,28,Male,Northeast,Electricity,Residential,Condo,22,1,1,2,Low,Rent,0
CUST0001909,Customer_1909,27,Male,Northwest,Electricity,Residential,House,8,1,1,2,Low,Own,1
CUST0001910,Customer_1910,47,Female,Northeast,Electricity,Residential,Townhouse,21,1,1,1,Low,Own,1
CUST0001911,Customer_1911,70,Male,West,Multi-Utility,Residential,Apartment,11,0,1,2,Medium,Rent,0
CUST0001912,Customer_1912,78,Female,Northeast,Gas,Residential,Townhouse,33,0,1,1,Low,Rent,1
CUST0001913,Customer_1913,54,Female,West,Dual Fuel,Residential,House,169,1,0,4,Medium-High,Rent,1
CUST0001914,Customer_1914,52,Female,Northwest,Gas,Commercial,Townhouse,28,1,0,5,High,Own,1
CUST0001915,Customer_1915,18,Female,Midwest,Dual Fuel,Small Business,House,37,1,0,4,Medium,Rent,0
CUST0001916,Customer_1916,36,Other,Southeast,Gas,Small Business,Apartment,90,1,1,4,Medium,Rent,0
CUST0001917,Customer_1917,33,Male,Midwest,Gas,Residential,House,16,0,0,2,Medium,Own,1
CUST0001918,Customer_1918,35,Female,West,Gas,Commercial,Townhouse,6,0,0,3,High,Other,0
CUST0001919,Customer_1919,42,Male,Southwest,Water,Commercial,Condo,11,0,0,5,Low,Own,0
CUST0001920,Customer_1920,37,Female,Southwest,Gas,Residential,House,18,1,1,4,Medium-High,Own,1
CUST0001921,Customer_1921,18,Male,Midwest,Electricity,Commercial,House,37,1,1,1,Medium,Rent,1
CUST0001922,Customer_1922,56,Other,Southwest,Electricity,Commercial,House,1,0,1,3,Medium,Own,1
CUST0001923,Customer_1923,28,Female,West,Gas,Small Business,House,69,1,1,1,Medium,Own,0
CUST0001924,Customer_1924,48,Female,Northwest,Gas,Small Business,Condo,2,1,0,2,Low,Own,1
CUST0001925,Customer_1925,76,Male,Southeast,Electricity,Residential,Condo,83,1,1,3,Medium,Own,1
CUST0001926,Customer_1926,31,Male,Northeast,Electricity,Residential,Mobile Home,107,1,1,5,Low,Own,0
CUST0001927,Customer_1927,18,Female,West,Gas,Residential,Mobile Home,166,0,0,4,Medium,Rent,1
CUST0001928,Customer_1928,40,Male,West,Dual Fuel,Residential,Condo,59,1,0,2,Medium-High,Own,0
CUST0001929,Customer_1929,61,Female,Northeast,Electricity,Residential,House,5,1,1,3,Medium-High,Own,0
CUST0001930,Customer_1930,74,Male,Northeast,Electricity,Commercial,Apartment,44,1,1,4,Medium-High,Own,1
CUST0001931,Customer_1931,26,Female,Southeast,Dual Fuel,Residential,Apartment,8,1,1,2,Low,Rent,1
CUST0001932,Customer_1932,52,Male,Southeast,Gas,Prepaid,Apartment,81,1,0,3,Low,Rent,1
CUST0001933,Customer_1933,38,Female,Southeast,Electricity,Small Business,Condo,13,1,1,2,Medium-High,Rent,1
CUST0001934,Customer_1934,43,Female,Southwest,Dual Fuel,Residential,Mobile Home,14,1,1,3,Medium,Own,1
CUST0001935,Customer_1935,84,Male,West,Gas,Residential,Townhouse,89,0,1,1,High,Own,0
CUST0001936,Customer_1936,22,Male,Northwest,Gas,Residential,House,1,0,1,5,High,Rent,0
CUST0001937,Customer_1937,48,Male,Northeast,Multi-Utility,Prepaid,House,7,0,0,1,Low,Own,0
CUST0001938,Customer_1938,52,Female,West,Multi-Utility,Commercial,Townhouse,19,0,0,2,High,Rent,1
CUST0001939,Customer_1939,61,Female,West,Electricity,Residential,Townhouse,43,0,0,2,Medium-High,Own,1
CUST0001940,Customer_1940,46,Female,Southeast,Electricity,Commercial,House,37,1,1,3,Medium-High,Own,0
CUST0001941,Customer_1941,49,Female,Southeast,Electricity,Small Business,Condo,39,0,0,4,High,Own,0
CUST0001942,Customer_1942,39,Male,West,Electricity,Residential,Condo,76,1,1,1,Medium,Own,0
CUST0001943,Customer_1943,49,Male,Southeast,Electricity,Small Business,Apartment,4,1,1,1,Medium-High,Own,1
CUST0001944,Customer_1944,39,Male,Southwest,Electricity,Small Business,House,26,1,0,4,Medium-High,Own,0
CUST0001945,Customer_1945,54,Male,Northeast,Multi-Utility,Residential,Townhouse,46,1,1,4,Medium-High,Other,1
CUST0001946,Customer_1946,39,Other,West,Dual Fuel,Small Business,Condo,36,0,1,4,Medium-High,Rent,0
CUST0001947,Customer_1947,50,Female,Northeast,Gas,Residential,House,21,1,1,4,Low,Rent,1
CUST0001948,Customer_1948,44,Male,Southwest,Gas,Residential,Condo,1,0,1,4,Medium,Rent,1
CUST0001949,Customer_1949,61,Female,Southeast,Electricity,Residential,Condo,2,1,1,2,High,Rent,0
CUST0001950,Customer_1950,44,Female,Midwest,Electricity,Prepaid,Townhouse,4,1,1,3,Medium,Own,1
CUST0001951,Customer_1951,18,Male,Southwest,Electricity,Small Business,House,15,0,1,4,Medium,Rent,0
CUST0001952,Customer_1952,63,Male,Midwest,Water,Residential,Mobile Home,4,0,1,2,Medium,Own,0
CUST0001953,Customer_1953,31,Male,Northeast,Electricity,Residential,House,19,1,1,3,Low,Rent,1
CUST0001954,Customer_1954,35,Female,West,Dual Fuel,Residential,Condo,7,1,1,4,Low,Own,1
CUST0001955,Customer_1955,36,Other,Southeast,Gas,Small Business,Condo,54,1,1,3,Medium,Rent,0
CUST0001956,Customer_1956,65,Female,Southwest,Electricity,Residential,Apartment,73,0,0,4,Medium,Rent,0
CUST0001957,Customer_1957,18,Male,Southeast,Electricity,Commercial,Apartment,17,1,1,2,High,Own,1
CUST0001958,Customer_1958,85,Male,Midwest,Gas,Commercial,Townhouse,25,0,0,1,Medium,Rent,0
CUST0001959,Customer_1959,60,Female,Midwest,Dual Fuel,Small Business,Condo,110,1,1,1,Medium-High,Rent,1
CUST0001960,Customer_1960,48,Female,Northwest,Water,Residential,Apartment,27,1,1,5,Medium,Rent,1
CUST0001961,Customer_1961,44,Female,West,Electricity,Residential,House,191,0,1,5,High,Rent,0
CUST0001962,Customer_1962,49,Female,Midwest,Gas,Residential,House,5,0,1,2,Medium-High,Rent,1
CUST0001963,Customer_1963,52,Male,West,Electricity,Small Business,House,71,1,1,1,Low,Own,0
CUST0001964,Customer_1964,54,Female,Northwest,Multi-Utility,Small Business,Mobile Home,24,0,1,1,Medium,Own,0
CUST0001965,Customer_1965,53,Female,Southwest,Water,Small Business,Townhouse,1,1,1,2,Medium-High,Own,1
CUST0001966,Customer_1966,46,Male,Northwest,Gas,Residential,Mobile Home,129,1,0,2,Medium-High,Own,1
CUST0001967,Customer_1967,42,Female,West,Gas,Commercial,House,120,0,0,2,High,Own,0
CUST0001968,Customer_1968,42,Male,Midwest,Gas,Residential,Condo,17,0,1,4,Medium,Rent,0
CUST0001969,Customer_1969,42,Male,Northeast,Electricity,Residential,House,110,1,1,4,High,Own,1
CUST0001970,Customer_1970,62,Male,West,Electricity,Small Business,Townhouse,5,1,0,1,Medium,Own,0
CUST0001971,Customer_1971,53,Male,Southeast,Electricity,Residential,Apartment,41,1,0,4,Low,Rent,1
CUST0001972,Customer_1972,18,Male,Northeast,Multi-Utility,Small Business,House,7,0,0,3,Medium,Own,1
CUST0001973,Customer_1973,54,Male,West,Gas,Commercial,Apartment,10,0,1,1,Low,Own,0
CUST0001974,Customer_1974,47,Female,Southeast,Electricity,Small Business,House,54,1,0,4,Medium-High,Own,0
CUST0001975,Customer_1975,44,Male,Northwest,Dual Fuel,Residential,Condo,17,1,0,1,High,Own,0
CUST0001976,Customer_1976,39,Male,Northeast,Electricity,Residential,Condo,1,0,0,2,High,Other,0
CUST0001977,Customer_1977,61,Male,West,Electricity,Residential,Condo,19,0,1,1,Medium-High,Rent,0
CUST0001978,Customer_1978,59,Female,Southwest,Electricity,Residential,Mobile Home,9,1,1,5,Medium,Own,1
CUST0001979,Customer_1979,33,Male,Northwest,Gas,Prepaid,Apartment,41,1,1,4,High,Own,1
CUST0001980,Customer_1980,51,Male,Southeast,Gas,Small Business,Apartment,7,0,0,3,Medium-High,Own,1
CUST0001981,Customer_1981,30,Female,Southwest,Gas,Residential,Townhouse,66,1,1,4,High,Rent,1
CUST0001982,Customer_1982,24,Female,Midwest,Water,Commercial,Apartment,11,0,0,2,High,Other,0
CUST0001983,Customer_1983,35,Female,Northwest,Electricity,Small Business,House,17,0,0,5,Medium,Own,0
CUST0001984,Customer_1984,57,Female,Northwest,Water,Residential,Townhouse,12,1,1,4,Low,Rent,0
CUST0001985,Customer_1985,59,Male,West,Electricity,Residential,House,37,1,1,3,Medium,Own,1
CUST0001986,Customer_1986,52,Female,West,Water,Residential,House,3,0,1,4,High,Rent,1
CUST0001987,Customer_1987,55,Male,Southeast,Water,Prepaid,House,23,0,1,3,Medium-High,Own,0
CUST0001988,Customer_1988,52,Male,Northwest,Water,Residential,House,14,0,0,5,Medium-High,Own,0
CUST0001989,Customer_1989,35,Male,West,Gas,Commercial,House,77,1,1,4,Low,Own,0
CUST0001990,Customer_1990,51,Female,Midwest,Water,Residential,House,2,0,0,2,Low,Own,0
CUST0001991,Customer_1991,57,Male,West,Electricity,Commercial,Apartment,63,0,0,2,High,Rent,0
CUST0001992,Customer_1992,56,Female,Northwest,Dual Fuel,Residential,House,6,0,0,1,Medium,Rent,1
CUST0001993,Customer_1993,62,Female,Northeast,Electricity,Prepaid,House,3,1,1,2,Medium-High,Own,1
CUST0001994,Customer_1994,55,Male,Southwest,Electricity,Commercial,Condo,8,1,1,2,High,Own,1
CUST0001995,Customer_1995,50,Female,Northwest,Gas,Residential,House,3,0,0,1,High,Own,1
CUST0001996,Customer_1996,61,Female,Midwest,Water,Small Business,House,26,1,0,2,Medium-High,Own,0
CUST0001997,Customer_1997,44,Female,Northwest,Electricity,Small Business,Apartment,159,0,1,4,Medium,Rent,0
CUST0001998,Customer_1998,31,Male,Midwest,Multi-Utility,Commercial,House,1,1,1,4,Medium-High,Own,1
CUST0001999,Customer_1999,42,Female,Northwest,Multi-Utility,Residential,House,22,0,1,1,Medium,Rent,0
CUST0002000,Customer_2000,33,Male,Southwest,Gas,Residential,Apartment,17,0,0,1,Medium-High,Rent,1
CUST0002001,Customer_2001,34,Female,Southwest,Gas,Commercial,Condo,14,0,1,1,Low,Own,1
CUST0002002,Customer_2002,42,Female,Midwest,Water,Small Business,Condo,14,1,1,5,Medium-High,Rent,1
CUST0002003,Customer_2003,33,Male,Northwest,Electricity,Residential,Mobile Home,81,1,1,3,High,Rent,0
CUST0002004,Customer_2004,40,Female,Southwest,Gas,Commercial,Apartment,1,1,0,6,High,Own,1
CUST0002005,Customer_2005,18,Female,Southeast,Dual Fuel,Residential,Apartment,53,0,1,5,Medium,Rent,0
CUST0002006,Customer_2006,48,Female,Northwest,Multi-Utility,Small Business,House,10,0,0,5,Medium,Rent,1
CUST0002007,Customer_2007,45,Male,Southwest,Multi-Utility,Residential,Townhouse,17,1,1,1,Medium,Rent,1
CUST0002008,Customer_2008,32,Male,Northeast,Electricity,Residential,House,19,1,0,3,Medium,Own,0
CUST0002009,Customer_2009,54,Other,Northeast,Electricity,Residential,Apartment,13,1,1,6,Medium,Rent,0
CUST0002010,Customer_2010,59,Female,Southeast,Electricity,Residential,Apartment,3,1,0,1,Medium-High,Own,0
CUST0002011,Customer_2011,20,Female,Southwest,Gas,Residential,Condo,4,0,1,3,Low,Own,1
CUST0002012,Customer_2012,33,Male,Northeast,Electricity,Residential,Mobile Home,12,1,1,2,Medium,Rent,0
CUST0002013,Customer_2013,33,Male,Northwest,Electricity,Residential,Mobile Home,62,0,1,2,Medium-High,Rent,1
CUST0002014,Customer_2014,30,Female,West,Gas,Residential,House,5,1,1,5,Medium,Rent,1
CUST0002015,Customer_2015,57,Female,Southwest,Water,Small Business,House,48,0,0,3,Low,Rent,1
CUST0002016,Customer_2016,42,Male,Southeast,Water,Residential,Townhouse,12,0,0,4,Medium,Own,1
CUST0002017,Customer_2017,41,Female,Southwest,Dual Fuel,Residential,Apartment,77,0,1,4,Medium-High,Own,1
CUST0002018,Customer_2018,18,Female,Midwest,Electricity,Small Business,Apartment,20,1,1,3,Medium-High,Own,0
CUST0002019,Customer_2019,54,Male,Midwest,Electricity,Commercial,Condo,6,1,0,4,Medium,Own,1
CUST0002020,Customer_2020,26,Male,Northeast,Water,Small Business,Condo,153,1,1,6,Medium,Rent,0
CUST0002021,Customer_2021,45,Male,Midwest,Gas,Residential,Mobile Home,6,1,0,6,Medium,Own,1
CUST0002022,Customer_2022,49,Female,Southeast,Gas,Commercial,Apartment,30,1,1,4,Low,Own,0
CUST0002023,Customer_2023,65,Male,Northeast,Electricity,Prepaid,Apartment,30,0,0,3,Low,Rent,1
CUST0002024,Customer_2024,25,Male,Southeast,Electricity,Residential,Apartment,16,1,0,2,Medium-High,Own,0
CUST0002025,Customer_2025,18,Female,Northwest,Gas,Prepaid,Townhouse,108,1,0,1,Low,Own,1
CUST0002026,Customer_2026,47,Male,Southeast,Dual Fuel,Residential,Condo,66,1,1,2,Low,Rent,1
CUST0002027,Customer_2027,72,Male,Midwest,Dual Fuel,Residential,Condo,63,0,0,2,Low,Rent,1
CUST0002028,Customer_2028,63,Male,Northwest,Gas,Residential,Mobile Home,131,0,1,1,Medium,Rent,1
CUST0002029,Customer_2029,48,Female,Midwest,Gas,Small Business,Condo,21,0,1,2,Medium,Rent,1
CUST0002030,Customer_2030,37,Female,Southeast,Dual Fuel,Residential,Apartment,3,1,0,1,Low,Own,1
CUST0002031,Customer_2031,57,Male,Midwest,Gas,Residential,Condo,52,1,1,3,Low,Own,1
CUST0002032,Customer_2032,30,Female,Midwest,Gas,Residential,Condo,17,0,1,1,High,Own,0
CUST0002033,Customer_2033,52,Female,Midwest,Dual Fuel,Residential,House,7,1,1,4,High,Rent,0
CUST0002034,Customer_2034,52,Male,Southwest,Water,Residential,Apartment,23,0,1,2,Medium-High,Own,0
CUST0002035,Customer_2035,60,Male,Northwest,Dual Fuel,Small Business,Condo,93,0,0,4,Medium,Rent,1
CUST0002036,Customer_2036,85,Male,Northwest,Electricity,Residential,Apartment,6,1,0,5,Medium,Own,0
CUST0002037,Customer_2037,50,Male,Northwest,Gas,Prepaid,Townhouse,67,0,0,1,Medium-High,Rent,0
CUST0002038,Customer_2038,37,Female,Southeast,Dual Fuel,Residential,Apartment,19,0,1,6,Medium,Own,0
CUST0002039,Customer_2039,44,Female,West,Electricity,Residential,Mobile Home,5,1,1,3,Medium,Rent,1
CUST0002040,Customer_2040,18,Male,Southeast,Water,Residential,House,67,1,0,1,Medium-High,Rent,0
CUST0002041,Customer_2041,34,Male,Northwest,Electricity,Residential,House,125,1,1,2,Medium,Rent,1
CUST0002042,Customer_2042,38,Male,Northeast,Dual Fuel,Residential,Apartment,12,0,0,5,Medium,Rent,1
CUST0002043,Customer_2043,37,Female,Midwest,Gas,Small Business,Apartment,13,0,0,3,Medium,Own,1
CUST0002044,Customer_2044,47,Male,Midwest,Electricity,Small Business,House,17,0,1,2,Medium-High,Rent,1
CUST0002045,Customer_2045,32,Female,West,Gas,Residential,House,60,1,0,5,Medium-High,Own,0
CUST0002046,Customer_2046,61,Male,Northeast,Water,Residential,Condo,1,0,0,4,Medium-High,Own,0
CUST0002047,Customer_2047,45,Female,Southwest,Gas,Residential,Apartment,9,0,0,4,Medium,Rent,1
CUST0002048,Customer_2048,44,Female,Southeast,Gas,Commercial,Condo,44,0,1,5,Medium-High,Rent,1
CUST0002049,Customer_2049,40,Male,Southwest,Dual Fuel,Small Business,Townhouse,18,1,1,4,High,Own,0
CUST0002050,Customer_2050,47,Female,Northeast,Gas,Residential,Townhouse,14,0,1,2,Medium-High,Rent,0
CUST0002051,Customer_2051,57,Other,West,Gas,Residential,Apartment,74,0,1,3,Medium,Rent,0
CUST0002052,Customer_2052,31,Male,Northeast,Electricity,Prepaid,Apartment,89,1,0,4,Medium-High,Other,1
CUST0002053,Customer_2053,35,Female,West,Multi-Utility,Residential,Apartment,106,0,0,2,Medium-High,Rent,0
CUST0002054,Customer_2054,40,Male,Southwest,Electricity,Residential,Townhouse,11,0,1,2,High,Rent,1
CUST0002055,Customer_2055,24,Female,Southwest,Gas,Residential,Townhouse,87,0,0,2,Medium-High,Own,0
CUST0002056,Customer_2056,32,Male,Northeast,Dual Fuel,Small Business,House,48,1,1,2,Medium-High,Own,0
CUST0002057,Customer_2057,37,Female,Northeast,Electricity,Prepaid,House,6,0,1,1,Medium-High,Own,0
CUST0002058,Customer_2058,58,Female,Midwest,Gas,Prepaid,House,33,0,1,4,Low,Rent,1
CUST0002059,Customer_2059,48,Female,West,Electricity,Small Business,Apartment,1,0,0,4,Medium,Own,1
CUST0002060,Customer_2060,47,Female,Midwest,Water,Residential,Apartment,44,1,1,2,Low,Own,0
CUST0002061,Customer_2061,57,Female,Southeast,Gas,Residential,Condo,47,0,0,4,Medium,Other,0
CUST0002062,Customer_2062,42,Male,Southeast,Dual Fuel,Residential,House,56,1,1,3,Medium-High,Rent,1
CUST0002063,Customer_2063,50,Female,Northeast,Dual Fuel,Prepaid,Condo,6,1,0,2,Medium,Rent,1
CUST0002064,Customer_2064,43,Female,Southwest,Gas,Small Business,Mobile Home,35,0,1,2,Low,Own,0
CUST0002065,Customer_2065,48,Female,Southeast,Water,Residential,Condo,7,0,1,2,Medium,Own,0
CUST0002066,Customer_2066,36,Female,Southeast,Gas,Residential,House,105,1,1,4,Low,Own,0
CUST0002067,Customer_2067,18,Female,Midwest,Electricity,Residential,Apartment,40,1,1,2,Medium-High,Rent,0
CUST0002068,Customer_2068,42,Female,Midwest,Gas,Prepaid,Apartment,3,1,1,2,Medium-High,Own,0
CUST0002069,Customer_2069,66,Male,Southeast,Dual Fuel,Residential,Townhouse,7,1,0,1,Medium-High,Own,1
CUST0002070,Customer_2070,58,Male,Northeast,Gas,Residential,Apartment,39,0,1,5,Low,Rent,0
CUST0002071,Customer_2071,59,Male,Midwest,Electricity,Residential,Apartment,23,1,0,4,Low,Own,1
CUST0002072,Customer_2072,63,Male,Southeast,Electricity,Residential,Apartment,47,0,0,3,High,Rent,1
CUST0002073,Customer_2073,46,Female,Southwest,Gas,Commercial,Apartment,11,1,1,5,Low,Rent,1
CUST0002074,Customer_2074,47,Male,Midwest,Electricity,Prepaid,Condo,38,1,1,2,Medium-High,Rent,1
CUST0002075,Customer_2075,35,Male,Southeast,Gas,Commercial,House,7,0,0,4,Medium-High,Other,0
CUST0002076,Customer_2076,40,Other,West,Gas,Small Business,Apartment,28,0,1,2,Medium,Own,0
CUST0002077,Customer_2077,54,Male,Midwest,Gas,Small Business,House,113,0,0,2,Medium,Own,1
CUST0002078,Customer_2078,63,Male,West,Electricity,Small Business,House,35,1,1,4,Medium,Own,0
CUST0002079,Customer_2079,42,Male,Midwest,Gas,Residential,Condo,1,1,1,4,High,Own,0
CUST0002080,Customer_2080,38,Male,Midwest,Dual Fuel,Small Business,House,161,1,1,2,Medium,Rent,0
CUST0002081,Customer_2081,45,Female,Northwest,Multi-Utility,Residential,House,6,1,0,1,Medium,Rent,1
CUST0002082,Customer_2082,54,Female,Northwest,Gas,Small Business,Condo,45,0,0,2,Medium,Other,1
CUST0002083,Customer_2083,23,Female,West,Electricity,Residential,Condo,27,0,0,4,Low,Own,0
CUST0002084,Customer_2084,18,Male,Northeast,Multi-Utility,Residential,House,12,0,0,1,Medium-High,Rent,0
CUST0002085,Customer_2085,36,Female,Southeast,Water,Commercial,Apartment,7,0,1,4,Medium,Rent,1
CUST0002086,Customer_2086,26,Male,Northeast,Electricity,Commercial,House,7,1,1,5,Low,Own,0
CUST0002087,Customer_2087,37,Male,Northeast,Electricity,Residential,House,70,1,1,2,Low,Own,0
CUST0002088,Customer_2088,42,Male,Northwest,Electricity,Residential,Apartment,74,1,1,5,Low,Own,1
CUST0002089,Customer_2089,38,Male,Southeast,Electricity,Commercial,House,22,1,1,1,Low,Own,0
CUST0002090,Customer_2090,66,Male,Northwest,Electricity,Small Business,Mobile Home,3,0,0,4,Medium,Own,1
CUST0002091,Customer_2091,49,Male,Northwest,Dual Fuel,Residential,House,77,0,0,4,Medium-High,Rent,1
CUST0002092,Customer_2092,49,Other,Northwest,Gas,Small Business,Townhouse,24,0,0,3,Low,Rent,1
CUST0002093,Customer_2093,54,Male,Southwest,Water,Residential,Townhouse,20,1,1,2,Low,Rent,0
CUST0002094,Customer_2094,27,Male,Northeast,Dual Fuel,Residential,Mobile Home,18,1,1,5,Medium,Own,0
CUST0002095,Customer_2095,60,Male,Northeast,Water,Commercial,Apartment,16,0,1,1,Medium-High,Rent,0
CUST0002096,Customer_2096,43,Female,Northeast,Dual Fuel,Residential,Townhouse,26,1,0,3,Medium-High,Rent,0
CUST0002097,Customer_2097,55,Male,Southwest,Multi-Utility,Residential,Mobile Home,33,1,1,2,High,Own,0
CUST0002098,Customer_2098,28,Female,Midwest,Gas,Residential,House,22,0,1,3,Medium,Rent,0
CUST0002099,Customer_2099,21,Other,West,Multi-Utility,Residential,Apartment,81,1,0,3,Low,Rent,0
CUST0002100,Customer_2100,57,Male,West,Water,Residential,House,13,1,1,3,Medium,Rent,1
CUST0002101,Customer_2101,50,Male,Southwest,Electricity,Residential,Condo,31,0,0,2,Medium,Own,0
CUST0002102,Customer_2102,31,Male,Northeast,Water,Residential,Apartment,12,1,1,4,Medium-High,Own,0
CUST0002103,Customer_2103,31,Female,West,Water,Residential,House,50,0,1,1,Medium-High,Own,0
CUST0002104,Customer_2104,61,Male,Southwest,Dual Fuel,Residential,Townhouse,3,1,0,1,Medium,Rent,0
CUST0002105,Customer_2105,27,Male,Northwest,Electricity,Residential,House,7,1,1,3,Medium-High,Rent,1
CUST0002106,Customer_2106,69,Male,Southeast,Gas,Small Business,Townhouse,58,1,0,3,High,Own,1
CUST0002107,Customer_2107,31,Female,West,Electricity,Small Business,House,7,0,1,2,High,Rent,1
CUST0002108,Customer_2108,54,Male,Southeast,Electricity,Residential,Condo,35,0,1,3,Medium,Own,0
CUST0002109,Customer_2109,40,Male,Northeast,Electricity,Small Business,House,126,0,1,3,Low,Rent,0
CUST0002110,Customer_2110,54,Female,West,Gas,Prepaid,House,26,0,0,2,Low,Rent,1
CUST0002111,Customer_2111,36,Female,Southwest,Dual Fuel,Commercial,Condo,7,1,1,4,Medium,Rent,1
CUST0002112,Customer_2112,42,Female,Midwest,Electricity,Residential,House,13,0,1,6,Medium,Own,0
CUST0002113,Customer_2113,45,Male,West,Gas,Small Business,Apartment,62,0,0,3,High,Own,1
CUST0002114,Customer_2114,29,Female,West,Electricity,Residential,Mobile Home,15,1,0,4,Medium,Own,1
CUST0002115,Customer_2115,56,Female,West,Electricity,Residential,House,46,1,1,2,Medium-High,Rent,0
CUST0002116,Customer_2116,37,Male,West,Gas,Residential,Townhouse,54,0,1,4,Medium-High,Rent,1
CUST0002117,Customer_2117,41,Female,Southwest,Electricity,Residential,House,25,1,1,3,Medium,Rent,0
CUST0002118,Customer_2118,30,Male,Southwest,Gas,Residential,House,55,1,1,3,Medium,Own,0
CUST0002119,Customer_2119,18,Female,Midwest,Electricity,Small Business,House,13,0,1,5,Medium-High,Rent,0
CUST0002120,Customer_2120,42,Male,Southwest,Electricity,Small Business,Mobile Home,26,1,1,2,Medium-High,Own,1
CUST0002121,Customer_2121,81,Female,Southwest,Gas,Residential,House,41,1,1,2,High,Own,1
CUST0002122,Customer_2122,56,Male,Northeast,Gas,Residential,Townhouse,6,1,1,1,Medium-High,Own,0
CUST0002123,Customer_2123,44,Female,Northeast,Electricity,Residential,Mobile Home,11,0,1,4,Medium-High,Own,1
CUST0002124,Customer_2124,41,Male,Southeast,Gas,Residential,Apartment,38,0,1,4,Medium-High,Own,0
CUST0002125,Customer_2125,45,Other,Midwest,Dual Fuel,Prepaid,Condo,38,1,1,3,Low,Own,1
CUST0002126,Customer_2126,53,Female,Northeast,Water,Small Business,Townhouse,24,1,1,2,Medium-High,Rent,1
CUST0002127,Customer_2127,27,Male,Midwest,Electricity,Prepaid,Apartment,57,1,1,4,High,Own,1
CUST0002128,Customer_2128,61,Female,Midwest,Gas,Small Business,House,23,1,1,1,Medium,Own,0
CUST0002129,Customer_2129,55,Other,West,Water,Residential,Apartment,76,1,1,2,Medium,Own,1
CUST0002130,Customer_2130,55,Male,Northwest,Electricity,Residential,Townhouse,47,1,0,2,Medium,Own,0
CUST0002131,Customer_2131,51,Male,Northwest,Dual Fuel,Residential,Townhouse,13,1,1,3,High,Rent,1
CUST0002132,Customer_2132,45,Female,Northwest,Dual Fuel,Residential,House,18,1,1,3,Low,Rent,0
CUST0002133,Customer_2133,55,Male,Midwest,Dual Fuel,Commercial,House,39,0,0,2,Medium-High,Own,0
CUST0002134,Customer_2134,53,Male,West,Dual Fuel,Residential,Mobile Home,80,1,1,3,Medium-High,Other,1
CUST0002135,Customer_2135,39,Male,Southeast,Water,Residential,House,7,0,0,5,Medium-High,Own,1
CUST0002136,Customer_2136,36,Male,Southeast,Gas,Small Business,Condo,26,0,1,1,Medium-High,Own,0
CUST0002137,Customer_2137,46,Male,Northwest,Water,Commercial,House,4,1,1,4,High,Rent,1
CUST0002138,Customer_2138,68,Male,Southeast,Dual Fuel,Residential,Townhouse,11,0,1,3,Low,Rent,1
CUST0002139,Customer_2139,26,Female,West,Water,Small Business,Mobile Home,41,0,1,5,Medium,Own,0
CUST0002140,Customer_2140,22,Female,Northwest,Electricity,Residential,House,2,1,1,3,Medium,Own,0
CUST0002141,Customer_2141,47,Male,West,Electricity,Residential,House,39,1,1,3,Low,Rent,1
CUST0002142,Customer_2142,45,Female,Southeast,Dual Fuel,Residential,Apartment,83,1,1,4,Medium,Other,1
CUST0002143,Customer_2143,47,Female,Northwest,Electricity,Residential,House,125,1,0,2,Low,Other,0
CUST0002144,Customer_2144,48,Female,West,Water,Small Business,Apartment,8,0,0,3,Medium-High,Rent,0
CUST0002145,Customer_2145,41,Male,Southwest,Multi-Utility,Residential,Condo,49,0,1,3,Medium,Rent,0
CUST0002146,Customer_2146,67,Male,Southwest,Water,Small Business,House,93,0,1,3,Medium-High,Rent,0
CUST0002147,Customer_2147,20,Female,West,Multi-Utility,Commercial,Apartment,3,1,0,1,Medium,Rent,1
CUST0002148,Customer_2148,32,Female,West,Water,Residential,Townhouse,19,1,0,2,Low,Other,0
CUST0002149,Customer_2149,43,Female,Northeast,Electricity,Small Business,Condo,90,1,0,2,Low,Rent,0
CUST0002150,Customer_2150,20,Female,Northeast,Dual Fuel,Residential,House,8,0,1,4,Medium,Rent,0
CUST0002151,Customer_2151,42,Male,Midwest,Electricity,Residential,Condo,97,0,1,5,Low,Own,0
CUST0002152,Customer_2152,69,Female,Northwest,Gas,Small Business,Townhouse,26,1,0,2,Medium,Rent,1
CUST0002153,Customer_2153,45,Male,Midwest,Electricity,Small Business,Apartment,3,0,0,1,Medium-High,Rent,1
CUST0002154,Customer_2154,48,Male,Midwest,Electricity,Residential,House,21,1,1,6,Medium,Own,0
CUST0002155,Customer_2155,26,Female,Southeast,Gas,Commercial,House,14,0,0,4,Medium,Own,1
CUST0002156,Customer_2156,35,Male,Southwest,Electricity,Residential,Townhouse,11,0,1,5,Low,Own,1
CUST0002157,Customer_2157,39,Male,Southeast,Gas,Prepaid,Townhouse,28,0,1,1,High,Other,1
CUST0002158,Customer_2158,40,Female,Northwest,Dual Fuel,Residential,Condo,23,1,1,4,Low,Rent,0
CUST0002159,Customer_2159,64,Male,West,Electricity,Residential,House,23,0,0,4,Medium,Own,0
CUST0002160,Customer_2160,53,Other,Northeast,Electricity,Residential,Apartment,3,0,0,2,Medium,Own,1
CUST0002161,Customer_2161,28,Other,Northwest,Water,Residential,Townhouse,58,1,1,2,Medium-High,Rent,0
CUST0002162,Customer_2162,48,Female,West,Water,Small Business,Apartment,23,1,1,2,Medium,Rent,0
CUST0002163,Customer_2163,52,Male,Northwest,Dual Fuel,Small Business,House,61,1,1,2,Medium,Own,0
CUST0002164,Customer_2164,62,Male,West,Electricity,Residential,Apartment,62,0,0,6,Medium-High,Other,1
CUST0002165,Customer_2165,68,Male,Northeast,Dual Fuel,Residential,Townhouse,13,1,1,2,Medium-High,Rent,0
CUST0002166,Customer_2166,29,Male,West,Gas,Residential,House,1,0,0,4,Low,Rent,1
CUST0002167,Customer_2167,32,Male,Midwest,Gas,Residential,Apartment,87,0,1,4,Medium,Rent,0
CUST0002168,Customer_2168,26,Other,Northwest,Electricity,Small Business,Condo,51,1,0,2,High,Own,0
CUST0002169,Customer_2169,41,Male,Northeast,Gas,Small Business,Condo,4,0,1,4,Medium,Rent,0
CUST0002170,Customer_2170,51,Female,West,Electricity,Prepaid,Condo,43,1,0,1,Medium,Rent,1
CUST0002171,Customer_2171,59,Male,Midwest,Electricity,Residential,Condo,1,1,1,2,Low,Other,1
CUST0002172,Customer_2172,43,Female,Midwest,Gas,Residential,House,1,0,1,6,Medium-High,Own,1
CUST0002173,Customer_2173,40,Female,Southwest,Dual Fuel,Small Business,House,26,0,1,2,Low,Rent,0
CUST0002174,Customer_2174,47,Male,Midwest,Water,Commercial,Condo,3,1,0,2,Low,Rent,0
CUST0002175,Customer_2175,32,Male,Southeast,Gas,Small Business,House,120,1,1,4,Medium,Rent,1
CUST0002176,Customer_2176,76,Female,Northeast,Gas,Residential,Condo,80,1,1,4,Medium,Rent,0
CUST0002177,Customer_2177,20,Female,Northeast,Gas,Residential,Condo,37,1,1,3,High,Own,1
CUST0002178,Customer_2178,47,Female,Northeast,Multi-Utility,Small Business,House,2,1,1,5,Low,Own,0
CUST0002179,Customer_2179,75,Male,West,Gas,Small Business,Apartment,14,0,1,1,Medium,Own,0
CUST0002180,Customer_2180,45,Male,Northwest,Electricity,Commercial,Apartment,16,1,0,4,Medium,Own,1
CUST0002181,Customer_2181,42,Female,West,Electricity,Residential,House,23,0,1,5,Medium-High,Rent,0
CUST0002182,Customer_2182,39,Female,Southeast,Gas,Prepaid,Apartment,6,1,0,1,Medium,Own,1
CUST0002183,Customer_2183,42,Male,Northwest,Gas,Residential,Mobile Home,31,0,1,3,Medium-High,Own,0
CUST0002184,Customer_2184,65,Female,Midwest,Electricity,Prepaid,Apartment,20,1,1,2,Medium,Rent,0
CUST0002185,Customer_2185,18,Male,West,Dual Fuel,Commercial,Condo,105,0,1,1,Medium-High,Rent,1
CUST0002186,Customer_2186,68,Male,Northwest,Water,Small Business,House,99,1,1,3,Medium,Rent,0
CUST0002187,Customer_2187,23,Male,Midwest,Water,Small Business,House,30,1,0,3,Medium,Rent,0
CUST0002188,Customer_2188,41,Male,Northwest,Electricity,Residential,House,37,1,1,5,Medium,Own,1
CUST0002189,Customer_2189,38,Female,Midwest,Electricity,Residential,Townhouse,5,1,1,3,Medium,Own,0
CUST0002190,Customer_2190,53,Male,Northwest,Multi-Utility,Residential,Apartment,9,1,0,5,Medium-High,Own,1
CUST0002191,Customer_2191,21,Male,West,Dual Fuel,Residential,House,83,0,1,1,Medium,Own,1
CUST0002192,Customer_2192,51,Female,West,Electricity,Residential,Condo,43,1,1,2,High,Own,1
CUST0002193,Customer_2193,75,Female,Southeast,Electricity,Residential,House,7,1,0,6,Medium,Own,0
CUST0002194,Customer_2194,24,Female,Southwest,Gas,Commercial,House,30,0,1,5,Low,Own,1
CUST0002195,Customer_2195,47,Female,Northeast,Electricity,Residential,Apartment,98,1,1,2,Medium,Own,1
CUST0002196,Customer_2196,35,Male,West,Water,Small Business,House,15,1,1,3,Low,Own,0
CUST0002197,Customer_2197,51,Female,West,Multi-Utility,Small Business,Apartment,7,1,1,2,Medium,Rent,0
CUST0002198,Customer_2198,45,Female,Midwest,Electricity,Residential,House,102,0,0,3,Medium,Other,0
CUST0002199,Customer_2199,35,Female,Southwest,Electricity,Residential,Apartment,22,1,1,5,High,Own,1
CUST0002200,Customer_2200,52,Male,West,Dual Fuel,Residential,Townhouse,19,0,1,4,Medium-High,Own,0
CUST0002201,Customer_2201,72,Male,Northwest,Electricity,Small Business,Townhouse,11,1,0,2,Medium,Rent,1
CUST0002202,Customer_2202,42,Female,Southwest,Multi-Utility,Small Business,Townhouse,79,1,1,2,Medium-High,Own,0
CUST0002203,Customer_2203,55,Male,Northeast,Water,Residential,Townhouse,67,1,0,2,Low,Rent,1
CUST0002204,Customer_2204,25,Female,Northwest,Multi-Utility,Commercial,Apartment,18,1,0,4,High,Own,0
CUST0002205,Customer_2205,30,Female,Midwest,Electricity,Residential,Condo,1,0,1,3,Medium,Own,1
CUST0002206,Customer_2206,52,Female,Southeast,Electricity,Small Business,Apartment,21,1,0,6,Low,Rent,0
CUST0002207,Customer_2207,67,Female,Northwest,Gas,Residential,Townhouse,7,0,1,4,Medium-High,Own,0
CUST0002208,Customer_2208,50,Female,Northeast,Gas,Small Business,Apartment,5,0,1,2,Medium,Own,0
CUST0002209,Customer_2209,40,Male,Northwest,Electricity,Commercial,House,17,0,0,4,Medium-High,Rent,0
CUST0002210,Customer_2210,44,Female,Southwest,Multi-Utility,Small Business,Townhouse,3,0,0,3,High,Other,1
CUST0002211,Customer_2211,26,Female,Southwest,Dual Fuel,Residential,Townhouse,113,1,0,2,High,Rent,0
CUST0002212,Customer_2212,54,Male,Northeast,Water,Residential,Townhouse,1,1,0,2,High,Rent,1
CUST0002213,Customer_2213,58,Male,Southwest,Electricity,Commercial,House,18,1,0,6,Medium,Rent,0
CUST0002214,Customer_2214,38,Male,Northwest,Water,Residential,House,6,0,1,3,Medium-High,Own,0
CUST0002215,Customer_2215,37,Female,Southeast,Water,Residential,House,42,1,1,4,Medium,Own,1
CUST0002216,Customer_2216,48,Male,Northwest,Gas,Small Business,Apartment,2,1,0,3,Medium-High,Own,1
CUST0002217,Customer_2217,38,Female,Southeast,Multi-Utility,Residential,House,28,1,1,2,Medium,Own,1
CUST0002218,Customer_2218,44,Male,Southwest,Electricity,Residential,Apartment,53,1,0,4,Medium,Rent,0
CUST0002219,Customer_2219,76,Male,Northwest,Electricity,Commercial,House,107,1,1,4,High,Own,1
CUST0002220,Customer_2220,41,Female,Southwest,Electricity,Residential,House,43,1,0,1,Medium-High,Own,0
CUST0002221,Customer_2221,39,Male,Southeast,Water,Residential,Condo,3,0,0,2,High,Own,1
CUST0002222,Customer_2222,35,Female,Southwest,Gas,Small Business,Townhouse,3,0,1,3,Medium,Own,1
CUST0002223,Customer_2223,56,Female,West,Electricity,Commercial,House,47,1,1,2,Low,Own,0
CUST0002224,Customer_2224,42,Female,Midwest,Electricity,Residential,Apartment,8,1,1,4,High,Own,1
CUST0002225,Customer_2225,35,Male,Northwest,Electricity,Small Business,House,21,1,1,1,Medium,Rent,0
CUST0002226,Customer_2226,64,Female,West,Electricity,Small Business,House,135,1,0,4,High,Rent,0
CUST0002227,Customer_2227,66,Female,Southwest,Gas,Residential,Condo,61,1,1,3,Medium-High,Rent,1
CUST0002228,Customer_2228,35,Female,Southwest,Electricity,Residential,Condo,67,1,1,2,High,Rent,0
CUST0002229,Customer_2229,18,Female,Midwest,Electricity,Residential,Townhouse,70,0,0,2,Medium-High,Rent,0
CUST0002230,Customer_2230,60,Female,Southwest,Dual Fuel,Small Business,Apartment,34,1,1,2,Medium-High,Own,1
CUST0002231,Customer_2231,34,Female,Midwest,Gas,Commercial,Townhouse,49,0,1,2,Low,Rent,0
CUST0002232,Customer_2232,56,Female,Northwest,Water,Residential,House,16,0,1,4,High,Own,1
CUST0002233,Customer_2233,18,Male,Southeast,Electricity,Commercial,House,232,1,1,2,Low,Own,1
CUST0002234,Customer_2234,58,Male,Midwest,Electricity,Small Business,House,11,0,1,4,Low,Rent,0
CUST0002235,Customer_2235,26,Male,Midwest,Gas,Residential,Townhouse,32,0,1,3,Medium,Own,0
CUST0002236,Customer_2236,55,Male,West,Electricity,Small Business,House,11,0,1,1,Medium-High,Own,1
CUST0002237,Customer_2237,45,Male,Southwest,Electricity,Residential,House,4,0,1,3,Medium-High,Own,0
CUST0002238,Customer_2238,30,Male,Northwest,Dual Fuel,Commercial,Condo,30,0,1,4,Medium,Own,0
CUST0002239,Customer_2239,38,Female,Southeast,Multi-Utility,Small Business,House,15,0,1,2,Medium-High,Rent,0
CUST0002240,Customer_2240,55,Male,Northeast,Electricity,Small Business,House,31,1,1,3,Medium-High,Own,0
CUST0002241,Customer_2241,46,Female,Midwest,Electricity,Small Business,House,29,1,1,2,Medium-High,Rent,1
CUST0002242,Customer_2242,53,Male,Northeast,Multi-Utility,Small Business,House,28,1,1,1,Medium,Own,0
CUST0002243,Customer_2243,74,Male,Southwest,Electricity,Commercial,Condo,4,1,1,2,Medium-High,Own,0
CUST0002244,Customer_2244,21,Male,Midwest,Gas,Small Business,Apartment,20,1,0,2,High,Own,0
CUST0002245,Customer_2245,69,Male,Northeast,Multi-Utility,Commercial,House,60,0,1,4,High,Rent,1
CUST0002246,Customer_2246,46,Female,West,Multi-Utility,Small Business,House,13,0,1,3,Low,Other,0
CUST0002247,Customer_2247,31,Female,Northeast,Gas,Residential,Townhouse,21,1,1,1,Low,Own,0
CUST0002248,Customer_2248,25,Male,West,Electricity,Commercial,Apartment,24,1,1,3,Low,Other,0
CUST0002249,Customer_2249,42,Male,Southeast,Electricity,Small Business,Condo,71,0,1,3,Medium,Rent,1
CUST0002250,Customer_2250,58,Male,Southwest,Dual Fuel,Small Business,Apartment,38,0,0,2,Medium,Own,0
CUST0002251,Customer_2251,43,Female,Northwest,Dual Fuel,Prepaid,House,3,1,1,4,Medium,Own,0
CUST0002252,Customer_2252,67,Female,Northeast,Gas,Residential,Mobile Home,72,1,0,2,Medium-High,Rent,0
CUST0002253,Customer_2253,23,Female,Midwest,Water,Residential,Apartment,64,1,1,5,Medium,Own,0
CUST0002254,Customer_2254,44,Female,Southwest,Water,Residential,House,50,0,0,2,Medium,Own,0
CUST0002255,Customer_2255,26,Female,Northeast,Water,Small Business,Apartment,22,1,1,3,Medium,Own,0
CUST0002256,Customer_2256,50,Male,Midwest,Dual Fuel,Commercial,House,51,1,1,5,Low,Own,1
CUST0002257,Customer_2257,58,Male,Midwest,Water,Prepaid,House,23,1,1,4,Medium-High,Own,0
CUST0002258,Customer_2258,38,Female,Northwest,Gas,Residential,Mobile Home,48,1,1,1,Medium,Rent,1
CUST0002259,Customer_2259,18,Female,Northwest,Electricity,Small Business,Townhouse,76,1,1,3,Medium-High,Rent,0
CUST0002260,Customer_2260,47,Female,Midwest,Water,Commercial,House,79,1,1,2,Medium,Rent,0
CUST0002261,Customer_2261,51,Female,Northwest,Gas,Small Business,Apartment,21,1,0,3,Medium-High,Rent,1
CUST0002262,Customer_2262,51,Male,Midwest,Electricity,Residential,Townhouse,70,0,0,4,Medium,Own,0
CUST0002263,Customer_2263,63,Female,Northeast,Dual Fuel,Small Business,House,3,1,0,3,Medium,Own,0
CUST0002264,Customer_2264,28,Female,Southeast,Water,Prepaid,Apartment,3,1,0,1,Medium-High,Rent,0
CUST0002265,Customer_2265,55,Male,Northwest,Multi-Utility,Prepaid,Condo,28,1,1,3,Low,Own,0
CUST0002266,Customer_2266,62,Female,West,Electricity,Small Business,Condo,37,1,0,1,Medium,Rent,0
CUST0002267,Customer_2267,18,Female,West,Gas,Commercial,Condo,5,1,1,2,Medium-High,Own,1
CUST0002268,Customer_2268,49,Male,West,Electricity,Residential,Condo,23,1,0,3,Medium,Own,1
CUST0002269,Customer_2269,37,Male,Southeast,Dual Fuel,Residential,Mobile Home,3,0,1,3,Medium-High,Own,1
CUST0002270,Customer_2270,43,Male,Midwest,Electricity,Prepaid,House,33,0,1,3,Medium,Rent,0
CUST0002271,Customer_2271,50,Female,Midwest,Water,Residential,Townhouse,69,1,1,2,Low,Rent,0
CUST0002272,Customer_2272,37,Male,Southwest,Water,Residential,House,48,0,1,5,Low,Rent,1
CUST0002273,Customer_2273,34,Female,West,Electricity,Residential,House,17,1,1,4,Medium,Rent,0
CUST0002274,Customer_2274,45,Female,West,Multi-Utility,Small Business,House,182,0,0,2,Medium,Own,0
CUST0002275,Customer_2275,28,Male,Midwest,Dual Fuel,Small Business,Condo,39,1,1,6,Medium,Own,1
CUST0002276,Customer_2276,28,Female,West,Electricity,Residential,House,60,1,1,5,Medium-High,Own,1
CUST0002277,Customer_2277,55,Other,Midwest,Electricity,Commercial,Townhouse,39,0,0,1,Medium-High,Own,0
CUST0002278,Customer_2278,27,Male,Midwest,Electricity,Commercial,Condo,163,1,0,4,Medium-High,Rent,0
CUST0002279,Customer_2279,54,Male,Northwest,Electricity,Residential,House,62,1,1,3,Medium,Rent,0
CUST0002280,Customer_2280,51,Female,Midwest,Dual Fuel,Residential,Condo,26,0,0,2,Medium,Rent,0
CUST0002281,Customer_2281,19,Female,Northeast,Multi-Utility,Small Business,Townhouse,16,0,1,2,Medium,Rent,1
CUST0002282,Customer_2282,34,Male,Northeast,Electricity,Small Business,Condo,41,1,0,3,Medium,Rent,0
CUST0002283,Customer_2283,62,Male,Northeast,Gas,Residential,House,32,0,1,2,Medium-High,Rent,0
CUST0002284,Customer_2284,30,Male,Northeast,Gas,Residential,Townhouse,35,1,1,4,Medium-High,Own,0
CUST0002285,Customer_2285,38,Other,Southeast,Electricity,Residential,Condo,15,0,1,1,Medium,Rent,1
CUST0002286,Customer_2286,51,Male,Southwest,Electricity,Residential,Apartment,20,0,0,5,Low,Rent,0
CUST0002287,Customer_2287,56,Female,Southwest,Electricity,Residential,House,29,0,1,4,High,Rent,0
CUST0002288,Customer_2288,41,Female,Midwest,Gas,Small Business,Apartment,65,0,1,4,Medium,Own,0
CUST0002289,Customer_2289,36,Male,West,Water,Small Business,Townhouse,51,0,1,2,High,Own,1
CUST0002290,Customer_2290,66,Female,Northeast,Water,Small Business,House,4,1,1,4,Medium-High,Own,0
CUST0002291,Customer_2291,71,Male,Southwest,Electricity,Residential,House,10,0,1,3,Medium,Own,1
CUST0002292,Customer_2292,59,Female,Southwest,Dual Fuel,Small Business,Townhouse,1,0,1,3,Low,Own,1
CUST0002293,Customer_2293,46,Male,Northeast,Water,Residential,House,1,0,1,2,High,Own,0
CUST0002294,Customer_2294,32,Female,Southeast,Dual Fuel,Residential,Mobile Home,9,1,0,4,Medium-High,Own,1
CUST0002295,Customer_2295,32,Female,Southeast,Gas,Small Business,House,57,1,0,1,Medium,Own,0
CUST0002296,Customer_2296,52,Male,Southwest,Dual Fuel,Small Business,Apartment,84,1,1,4,Medium,Rent,1
CUST0002297,Customer_2297,51,Male,Southeast,Dual Fuel,Residential,House,17,0,0,4,Medium-High,Own,1
CUST0002298,Customer_2298,66,Male,Northwest,Gas,Small Business,Mobile Home,29,1,1,3,Medium,Own,0
CUST0002299,Customer_2299,54,Male,Northeast,Electricity,Commercial,Condo,44,1,1,2,Low,Own,0
CUST0002300,Customer_2300,22,Female,Southwest,Multi-Utility,Small Business,Mobile Home,110,1,0,2,Medium,Own,0
CUST0002301,Customer_2301,60,Female,Northeast,Water,Small Business,Condo,87,0,0,3,Low,Rent,0
CUST0002302,Customer_2302,30,Male,Southeast,Multi-Utility,Prepaid,House,2,1,1,2,Low,Own,1
CUST0002303,Customer_2303,39,Female,Northeast,Water,Small Business,House,10,0,1,1,Low,Rent,0
CUST0002304,Customer_2304,48,Female,Southeast,Gas,Small Business,Apartment,1,0,0,1,Low,Own,0
CUST0002305,Customer_2305,74,Female,Southeast,Electricity,Residential,Condo,34,0,0,4,Medium,Own,1
CUST0002306,Customer_2306,85,Male,Northeast,Electricity,Residential,Mobile Home,44,1,1,1,High,Rent,0
CUST0002307,Customer_2307,54,Male,Southeast,Multi-Utility,Small Business,Apartment,13,0,0,5,Medium-High,Rent,1
CUST0002308,Customer_2308,42,Male,Northwest,Electricity,Small Business,Condo,69,1,1,3,Medium,Own,0
CUST0002309,Customer_2309,53,Female,Midwest,Electricity,Residential,Mobile Home,21,1,1,4,Medium-High,Rent,0
CUST0002310,Customer_2310,58,Male,Northeast,Water,Prepaid,House,231,1,0,1,Low,Rent,1
CUST0002311,Customer_2311,40,Male,Midwest,Water,Residential,Townhouse,1,1,0,5,High,Own,0
CUST0002312,Customer_2312,71,Male,Northeast,Electricity,Small Business,Apartment,4,1,1,1,Medium,Rent,1
CUST0002313,Customer_2313,48,Female,Southeast,Electricity,Residential,Condo,12,1,0,1,Medium,Rent,0
CUST0002314,Customer_2314,52,Male,Southeast,Gas,Residential,House,1,0,1,1,High,Own,0
CUST0002315,Customer_2315,54,Male,Southwest,Electricity,Commercial,House,54,1,1,1,Medium-High,Rent,0
CUST0002316,Customer_2316,51,Male,Northwest,Water,Residential,House,1,1,1,3,Medium,Own,1
CUST0002317,Customer_2317,57,Male,Southwest,Electricity,Residential,Mobile Home,49,0,1,4,High,Own,0
CUST0002318,Customer_2318,35,Female,Midwest,Dual Fuel,Residential,Townhouse,1,0,1,2,High,Own,1
CUST0002319,Customer_2319,36,Male,Southeast,Dual Fuel,Residential,House,10,0,0,4,High,Rent,1
CUST0002320,Customer_2320,28,Male,Southwest,Water,Small Business,Mobile Home,66,1,0,4,Low,Rent,0
CUST0002321,Customer_2321,51,Female,Southeast,Electricity,Prepaid,Condo,108,0,1,5,High,Own,1
CUST0002322,Customer_2322,56,Male,Northeast,Gas,Residential,Townhouse,19,0,1,1,Medium,Own,0
CUST0002323,Customer_2323,51,Male,Southwest,Gas,Small Business,House,126,1,0,1,Medium-High,Own,0
CUST0002324,Customer_2324,70,Female,Midwest,Electricity,Small Business,Apartment,35,1,1,1,Medium,Own,0
CUST0002325,Customer_2325,44,Male,Southwest,Dual Fuel,Prepaid,Condo,19,0,1,2,Low,Rent,1
CUST0002326,Customer_2326,55,Male,Southeast,Gas,Commercial,House,58,1,1,3,Low,Rent,0
CUST0002327,Customer_2327,28,Male,West,Dual Fuel,Small Business,Apartment,12,1,1,3,Medium,Own,0
CUST0002328,Customer_2328,39,Female,West,Electricity,Residential,Apartment,11,1,0,2,Medium,Own,0
CUST0002329,Customer_2329,55,Female,Northwest,Electricity,Residential,House,38,1,0,3,Low,Own,0
CUST0002330,Customer_2330,57,Female,Southeast,Multi-Utility,Residential,House,17,0,0,2,High,Own,1
CUST0002331,Customer_2331,40,Female,Northeast,Gas,Small Business,Mobile Home,5,1,0,2,Medium-High,Rent,1
CUST0002332,Customer_2332,43,Male,Southwest,Gas,Small Business,House,2,1,1,1,Medium,Own,1
CUST0002333,Customer_2333,22,Male,West,Gas,Small Business,House,55,1,1,3,Medium-High,Own,0
CUST0002334,Customer_2334,39,Female,Northeast,Electricity,Small Business,Apartment,40,1,1,4,Medium-High,Rent,0
CUST0002335,Customer_2335,58,Female,Southeast,Water,Residential,Condo,19,1,0,4,Low,Other,0
CUST0002336,Customer_2336,53,Male,Northeast,Electricity,Small Business,Condo,81,0,0,5,Medium-High,Own,0
CUST0002337,Customer_2337,52,Female,Southeast,Gas,Residential,Townhouse,19,0,1,4,Medium-High,Own,1
CUST0002338,Customer_2338,45,Male,Northwest,Gas,Residential,House,44,0,1,2,Medium,Other,0
CUST0002339,Customer_2339,45,Male,Southwest,Dual Fuel,Residential,Apartment,86,0,1,2,Medium,Own,0
CUST0002340,Customer_2340,35,Male,Northeast,Gas,Commercial,Townhouse,66,1,1,5,Medium,Rent,0
CUST0002341,Customer_2341,55,Male,Southwest,Electricity,Residential,Mobile Home,25,0,1,4,Medium-High,Rent,0
CUST0002342,Customer_2342,51,Female,Northeast,Gas,Commercial,Condo,41,0,1,4,Low,Own,0
CUST0002343,Customer_2343,52,Female,Southeast,Electricity,Residential,House,19,1,1,4,Medium-High,Own,0
CUST0002344,Customer_2344,37,Male,Southeast,Electricity,Residential,Apartment,37,1,1,2,Medium,Own,0
CUST0002345,Customer_2345,18,Male,Northeast,Electricity,Commercial,House,10,1,1,4,Medium-High,Rent,1
CUST0002346,Customer_2346,61,Female,Northwest,Gas,Small Business,Condo,20,1,0,1,High,Rent,0
CUST0002347,Customer_2347,37,Male,Southeast,Electricity,Residential,House,8,1,0,2,High,Rent,0
CUST0002348,Customer_2348,32,Female,Midwest,Gas,Residential,House,1,1,1,2,Medium-High,Own,0
CUST0002349,Customer_2349,55,Male,Midwest,Multi-Utility,Commercial,Apartment,31,1,0,3,Low,Own,0
CUST0002350,Customer_2350,39,Female,Southwest,Water,Residential,Apartment,71,1,0,3,Medium-High,Own,0
CUST0002351,Customer_2351,60,Male,Midwest,Electricity,Small Business,Apartment,1,0,1,3,Medium-High,Rent,0
CUST0002352,Customer_2352,54,Male,Midwest,Electricity,Residential,Apartment,7,1,1,3,Medium-High,Rent,0
CUST0002353,Customer_2353,55,Male,Northwest,Water,Residential,Condo,22,1,1,3,High,Own,0
CUST0002354,Customer_2354,24,Male,Northwest,Dual Fuel,Residential,Apartment,39,1,1,2,Medium,Own,1
CUST0002355,Customer_2355,63,Male,West,Electricity,Small Business,Apartment,6,1,0,4,Medium-High,Rent,1
CUST0002356,Customer_2356,48,Female,West,Dual Fuel,Small Business,House,2,1,0,4,Medium,Own,1
CUST0002357,Customer_2357,39,Male,Northwest,Gas,Residential,Apartment,26,1,1,3,Medium,Rent,0
CUST0002358,Customer_2358,47,Male,West,Gas,Small Business,Condo,61,0,1,3,Medium,Own,0
CUST0002359,Customer_2359,18,Female,Northwest,Multi-Utility,Commercial,Apartment,1,0,1,3,Medium,Own,0
CUST0002360,Customer_2360,51,Female,West,Water,Commercial,Condo,15,0,1,1,Medium-High,Own,0
CUST0002361,Customer_2361,29,Other,Southeast,Dual Fuel,Residential,Apartment,39,0,1,3,Medium-High,Own,1
CUST0002362,Customer_2362,24,Female,Northwest,Electricity,Residential,Townhouse,5,0,0,1,Medium-High,Own,0
CUST0002363,Customer_2363,22,Male,Southwest,Gas,Commercial,Apartment,9,1,1,4,High,Own,0
CUST0002364,Customer_2364,61,Female,Southwest,Gas,Residential,Apartment,27,1,1,3,Medium-High,Own,0
CUST0002365,Customer_2365,35,Female,Northwest,Electricity,Residential,Condo,110,1,1,1,High,Own,1
CUST0002366,Customer_2366,68,Female,Midwest,Gas,Commercial,House,12,1,0,3,Medium-High,Own,1
CUST0002367,Customer_2367,36,Male,Southwest,Electricity,Residential,Apartment,24,1,0,5,Medium,Own,1
CUST0002368,Customer_2368,19,Male,Midwest,Electricity,Residential,Condo,18,0,1,2,Medium,Own,0
CUST0002369,Customer_2369,28,Male,Southwest,Electricity,Residential,House,81,1,0,6,Medium-High,Rent,1
CUST0002370,Customer_2370,63,Female,Northeast,Water,Commercial,Apartment,2,1,1,6,Medium-High,Own,0
CUST0002371,Customer_2371,42,Female,Northeast,Dual Fuel,Residential,Apartment,30,0,0,4,Medium-High,Own,0
CUST0002372,Customer_2372,36,Female,Northwest,Gas,Commercial,Mobile Home,67,0,0,4,Medium-High,Own,0
CUST0002373,Customer_2373,47,Male,Southwest,Gas,Small Business,Townhouse,159,0,0,3,High,Rent,1
CUST0002374,Customer_2374,52,Female,Southeast,Electricity,Residential,House,43,1,1,3,Medium,Own,1
CUST0002375,Customer_2375,61,Female,Midwest,Dual Fuel,Residential,Apartment,17,1,1,6,Medium-High,Own,1
CUST0002376,Customer_2376,66,Male,Southwest,Gas,Residential,House,19,1,1,2,Medium-High,Rent,0
CUST0002377,Customer_2377,39,Female,Northwest,Water,Small Business,House,15,0,1,1,Medium,Own,0
CUST0002378,Customer_2378,25,Male,Midwest,Water,Residential,Townhouse,33,0,1,2,High,Other,0
CUST0002379,Customer_2379,38,Female,West,Electricity,Commercial,House,48,0,1,4,Medium-High,Rent,1
CUST0002380,Customer_2380,48,Female,Northwest,Gas,Residential,House,61,0,1,2,Medium,Rent,1
CUST0002381,Customer_2381,30,Female,Southwest,Multi-Utility,Residential,Mobile Home,19,0,1,2,Medium,Rent,0
CUST0002382,Customer_2382,30,Female,Southeast,Electricity,Residential,Townhouse,45,0,1,4,Medium-High,Own,0
CUST0002383,Customer_2383,50,Female,West,Water,Small Business,Townhouse,89,1,1,3,Low,Rent,1
CUST0002384,Customer_2384,44,Female,Northwest,Multi-Utility,Residential,Townhouse,91,0,1,3,Medium,Own,0
CUST0002385,Customer_2385,45,Male,Southwest,Electricity,Residential,Condo,43,1,1,2,Medium,Own,1
CUST0002386,Customer_2386,33,Female,Northeast,Dual Fuel,Commercial,House,36,1,1,2,High,Own,0
CUST0002387,Customer_2387,41,Male,Southwest,Multi-Utility,Small Business,Apartment,27,1,1,1,Medium-High,Own,0
CUST0002388,Customer_2388,31,Male,Northeast,Water,Small Business,Apartment,7,1,1,3,Medium,Own,1
CUST0002389,Customer_2389,58,Female,Northeast,Electricity,Small Business,House,4,0,0,4,High,Own,1
CUST0002390,Customer_2390,60,Female,Northwest,Electricity,Small Business,Townhouse,23,1,1,4,High,Own,0
CUST0002391,Customer_2391,18,Male,Southwest,Electricity,Residential,Apartment,6,1,1,2,Medium-High,Own,1
CUST0002392,Customer_2392,31,Male,Southwest,Dual Fuel,Residential,House,30,0,1,5,Low,Rent,1
CUST0002393,Customer_2393,22,Male,Northeast,Dual Fuel,Commercial,House,37,0,1,1,Medium-High,Own,1
CUST0002394,Customer_2394,35,Male,Midwest,Gas,Residential,House,26,1,1,1,Medium,Own,0
CUST0002395,Customer_2395,43,Male,West,Electricity,Small Business,Townhouse,1,1,1,4,Medium,Rent,1
CUST0002396,Customer_2396,23,Female,Southeast,Electricity,Residential,Condo,2,0,0,2,Low,Rent,0
CUST0002397,Customer_2397,31,Male,Southwest,Water,Residential,Apartment,4,0,0,4,Medium,Own,1
CUST0002398,Customer_2398,29,Male,West,Water,Residential,Apartment,6,1,1,1,Medium,Rent,1
CUST0002399,Customer_2399,48,Male,West,Dual Fuel,Residential,Condo,165,0,1,1,Medium-High,Own,1
CUST0002400,Customer_2400,46,Other,Midwest,Water,Small Business,Townhouse,15,1,0,3,Low,Own,0
CUST0002401,Customer_2401,34,Male,West,Dual Fuel,Residential,Apartment,12,0,0,2,Medium-High,Rent,1
CUST0002402,Customer_2402,47,Male,Southwest,Water,Residential,Mobile Home,1,1,0,1,Medium-High,Own,0
CUST0002403,Customer_2403,36,Male,Northwest,Gas,Commercial,Mobile Home,36,0,1,3,Low,Rent,1
CUST0002404,Customer_2404,40,Female,Northwest,Gas,Residential,Mobile Home,38,0,1,2,Medium-High,Own,0
CUST0002405,Customer_2405,70,Female,West,Dual Fuel,Commercial,Condo,6,1,0,4,Low,Rent,1
CUST0002406,Customer_2406,65,Male,Southwest,Water,Commercial,Mobile Home,90,0,1,4,Medium-High,Rent,1
CUST0002407,Customer_2407,25,Male,Southwest,Electricity,Prepaid,Apartment,58,0,0,3,Medium,Own,1
CUST0002408,Customer_2408,57,Male,Northeast,Electricity,Commercial,Townhouse,9,1,1,2,Medium-High,Rent,1
CUST0002409,Customer_2409,57,Female,Midwest,Electricity,Residential,Mobile Home,23,0,0,3,Medium,Rent,0
CUST0002410,Customer_2410,27,Female,Southeast,Gas,Prepaid,Mobile Home,22,0,1,4,Medium,Other,0
CUST0002411,Customer_2411,57,Male,Northeast,Electricity,Commercial,Townhouse,15,0,0,1,Low,Own,1
CUST0002412,Customer_2412,68,Male,Southeast,Electricity,Commercial,Apartment,61,1,1,2,High,Own,1
CUST0002413,Customer_2413,28,Male,Southwest,Gas,Residential,House,4,1,1,4,Medium-High,Rent,1
CUST0002414,Customer_2414,31,Male,Northwest,Electricity,Prepaid,House,19,1,0,3,High,Own,0
CUST0002415,Customer_2415,60,Female,Northeast,Dual Fuel,Small Business,Townhouse,20,1,0,3,High,Own,0
CUST0002416,Customer_2416,49,Male,West,Gas,Small Business,House,22,0,1,1,High,Own,0
CUST0002417,Customer_2417,53,Male,West,Gas,Residential,Apartment,71,0,1,4,Medium-High,Other,0
CUST0002418,Customer_2418,50,Male,Southeast,Electricity,Residential,Apartment,8,1,0,1,Low,Own,0
CUST0002419,Customer_2419,50,Female,Southwest,Electricity,Prepaid,Condo,3,1,1,5,High,Rent,1
CUST0002420,Customer_2420,25,Female,Northwest,Gas,Residential,Mobile Home,34,1,1,1,Low,Own,1
CUST0002421,Customer_2421,60,Male,Southeast,Dual Fuel,Residential,Condo,6,1,0,5,Medium,Own,0
CUST0002422,Customer_2422,62,Male,Northwest,Water,Commercial,Townhouse,2,0,0,2,High,Rent,1
CUST0002423,Customer_2423,41,Male,Midwest,Electricity,Residential,Apartment,20,1,1,3,Medium,Own,0
CUST0002424,Customer_2424,44,Female,Northwest,Gas,Residential,Townhouse,8,1,0,4,Low,Rent,1
CUST0002425,Customer_2425,22,Male,West,Electricity,Residential,House,16,0,0,1,Medium,Own,0
CUST0002426,Customer_2426,52,Female,Northeast,Multi-Utility,Residential,House,10,0,1,2,High,Own,1
CUST0002427,Customer_2427,53,Female,Northeast,Multi-Utility,Residential,Mobile Home,3,1,0,5,High,Rent,0
CUST0002428,Customer_2428,44,Female,Northeast,Gas,Residential,Condo,29,1,1,2,Medium-High,Own,1
CUST0002429,Customer_2429,61,Male,Northwest,Water,Residential,Condo,1,1,0,4,High,Own,1
CUST0002430,Customer_2430,39,Female,West,Dual Fuel,Small Business,Apartment,122,1,1,1,Low,Own,1
CUST0002431,Customer_2431,53,Female,Northwest,Water,Commercial,Apartment,15,1,1,4,Medium,Rent,0
CUST0002432,Customer_2432,29,Male,Southwest,Water,Residential,Apartment,42,0,1,1,Medium,Rent,0
CUST0002433,Customer_2433,44,Male,West,Multi-Utility,Residential,House,59,1,1,4,Low,Rent,0
CUST0002434,Customer_2434,42,Male,West,Gas,Residential,Apartment,11,1,0,2,Medium,Own,0
CUST0002435,Customer_2435,48,Male,Northwest,Gas,Commercial,Apartment,49,1,1,3,Low,Own,0
CUST0002436,Customer_2436,39,Male,Northwest,Dual Fuel,Prepaid,Apartment,64,1,0,2,Medium,Own,1
CUST0002437,Customer_2437,43,Female,Northeast,Water,Residential,Condo,9,1,1,3,Low,Own,1
CUST0002438,Customer_2438,57,Male,West,Water,Residential,Mobile Home,176,0,0,2,Medium,Own,0
CUST0002439,Customer_2439,38,Female,Northeast,Electricity,Small Business,Condo,1,1,1,2,High,Rent,1
CUST0002440,Customer_2440,20,Male,Southwest,Electricity,Small Business,Townhouse,8,1,0,4,Medium,Other,0
CUST0002441,Customer_2441,71,Other,Midwest,Electricity,Residential,Apartment,54,1,1,2,Low,Rent,0
CUST0002442,Customer_2442,65,Male,Northeast,Gas,Small Business,Condo,7,0,1,5,Medium,Own,1
CUST0002443,Customer_2443,25,Female,Northwest,Gas,Small Business,House,43,0,0,4,Medium-High,Own,1
CUST0002444,Customer_2444,55,Male,Southeast,Multi-Utility,Prepaid,House,69,1,0,3,Medium-High,Own,0
CUST0002445,Customer_2445,37,Male,Midwest,Gas,Residential,Apartment,115,1,1,1,Medium-High,Rent,0
CUST0002446,Customer_2446,48,Female,Southwest,Water,Prepaid,Apartment,23,1,1,4,Low,Rent,0
CUST0002447,Customer_2447,49,Male,Northwest,Electricity,Residential,Townhouse,127,1,1,1,Medium,Rent,0
CUST0002448,Customer_2448,41,Female,Midwest,Dual Fuel,Small Business,Apartment,19,1,1,4,Medium,Rent,0
CUST0002449,Customer_2449,33,Female,Northwest,Gas,Small Business,Townhouse,8,0,0,2,Medium,Rent,1
CUST0002450,Customer_2450,34,Male,Northeast,Water,Residential,Mobile Home,25,0,1,1,Medium-High,Own,0
CUST0002451,Customer_2451,31,Female,Northwest,Electricity,Small Business,House,37,0,1,2,High,Own,1
CUST0002452,Customer_2452,32,Female,Southwest,Gas,Residential,Apartment,22,0,1,6,Low,Other,0
CUST0002453,Customer_2453,43,Male,Southeast,Gas,Residential,Condo,30,1,1,4,Medium-High,Rent,1
CUST0002454,Customer_2454,34,Female,Northeast,Gas,Residential,House,19,1,1,2,Low,Rent,0
CUST0002455,Customer_2455,55,Female,Northeast,Dual Fuel,Residential,House,26,0,0,6,Medium,Own,0
CUST0002456,Customer_2456,67,Male,Southwest,Dual Fuel,Residential,Townhouse,109,0,0,1,Medium,Own,1
CUST0002457,Customer_2457,36,Male,Southwest,Multi-Utility,Commercial,Mobile Home,24,1,1,4,High,Own,0
CUST0002458,Customer_2458,48,Female,Midwest,Water,Residential,Townhouse,10,1,1,4,Low,Own,0
CUST0002459,Customer_2459,52,Male,Southeast,Multi-Utility,Residential,Apartment,51,0,0,4,Medium-High,Rent,0
CUST0002460,Customer_2460,52,Male,Northwest,Dual Fuel,Residential,Apartment,14,1,1,2,Low,Own,0
CUST0002461,Customer_2461,46,Male,Midwest,Electricity,Residential,Apartment,60,0,1,3,Medium,Other,1
CUST0002462,Customer_2462,56,Female,Northwest,Gas,Residential,Apartment,2,0,0,3,Medium,Own,0
CUST0002463,Customer_2463,52,Male,Northwest,Electricity,Residential,Apartment,14,1,1,2,Low,Own,1
CUST0002464,Customer_2464,26,Male,Northwest,Electricity,Residential,House,3,1,0,1,Medium-High,Own,1
CUST0002465,Customer_2465,58,Female,Midwest,Electricity,Residential,Mobile Home,3,1,0,4,Medium-High,Own,1
CUST0002466,Customer_2466,58,Male,Northeast,Electricity,Small Business,Townhouse,38,1,0,3,Medium,Rent,0
CUST0002467,Customer_2467,33,Female,Southwest,Water,Small Business,Condo,17,0,1,3,Medium-High,Own,1
CUST0002468,Customer_2468,45,Other,Northeast,Gas,Residential,Mobile Home,73,1,0,2,Medium,Own,1
CUST0002469,Customer_2469,55,Female,Southeast,Electricity,Residential,House,26,1,1,2,Medium-High,Rent,0
CUST0002470,Customer_2470,41,Female,Midwest,Water,Commercial,House,12,1,1,4,Medium-High,Own,0
CUST0002471,Customer_2471,61,Male,Southeast,Dual Fuel,Residential,Townhouse,45,1,0,4,Low,Own,1
CUST0002472,Customer_2472,80,Female,Southwest,Multi-Utility,Commercial,Mobile Home,35,0,1,4,Medium-High,Own,1
CUST0002473,Customer_2473,33,Male,Southwest,Gas,Residential,Apartment,57,1,1,4,Low,Rent,0
CUST0002474,Customer_2474,24,Male,West,Gas,Residential,House,37,1,1,4,Low,Rent,1
CUST0002475,Customer_2475,49,Male,Southeast,Electricity,Small Business,Townhouse,6,0,0,2,Medium-High,Rent,0
CUST0002476,Customer_2476,55,Male,Northeast,Electricity,Commercial,House,39,0,0,1,Low,Rent,0
CUST0002477,Customer_2477,41,Female,Southeast,Electricity,Residential,Apartment,17,0,1,4,Low,Own,0
CUST0002478,Customer_2478,66,Male,Midwest,Gas,Residential,House,22,1,0,1,Medium,Own,1
CUST0002479,Customer_2479,24,Female,Southwest,Multi-Utility,Residential,Mobile Home,91,0,0,6,Medium-High,Rent,0
CUST0002480,Customer_2480,55,Female,Southwest,Electricity,Commercial,Apartment,16,0,1,5,Low,Rent,0
CUST0002481,Customer_2481,35,Female,Southeast,Electricity,Small Business,Townhouse,34,1,0,3,Medium,Rent,0
CUST0002482,Customer_2482,70,Male,Southeast,Electricity,Residential,House,16,0,1,2,Medium,Own,0
CUST0002483,Customer_2483,74,Female,Northwest,Water,Residential,Apartment,3,0,1,3,Medium,Own,1
CUST0002484,Customer_2484,33,Male,Southeast,Electricity,Residential,Mobile Home,21,1,1,4,Medium-High,Own,0
CUST0002485,Customer_2485,36,Male,Northwest,Gas,Residential,House,32,0,1,4,Medium,Own,1
CUST0002486,Customer_2486,57,Other,Midwest,Electricity,Residential,Apartment,18,0,1,1,Medium-High,Own,1
CUST0002487,Customer_2487,39,Male,Midwest,Gas,Small Business,Apartment,17,0,1,4,Medium-High,Rent,1
CUST0002488,Customer_2488,44,Male,Northeast,Electricity,Residential,Townhouse,61,0,1,3,Medium,Own,0
CUST0002489,Customer_2489,45,Female,Southeast,Gas,Residential,House,1,1,0,1,Medium,Own,1
CUST0002490,Customer_2490,18,Male,Northeast,Electricity,Small Business,Apartment,12,1,1,2,Medium-High,Other,1
CUST0002491,Customer_2491,44,Female,West,Water,Residential,Condo,60,1,1,3,Medium,Own,0
CUST0002492,Customer_2492,34,Male,Midwest,Gas,Residential,Apartment,91,0,1,2,High,Own,1
CUST0002493,Customer_2493,37,Male,Southwest,Water,Residential,House,19,0,1,2,High,Rent,0
CUST0002494,Customer_2494,66,Male,Northwest,Gas,Residential,Condo,79,1,1,1,Medium-High,Rent,0
CUST0002495,Customer_2495,26,Male,West,Electricity,Commercial,Apartment,7,0,0,5,High,Own,0
CUST0002496,Customer_2496,57,Male,Southwest,Electricity,Small Business,House,9,0,0,1,Medium-High,Rent,1
CUST0002497,Customer_2497,40,Female,West,Gas,Residential,Condo,67,1,0,2,Low,Own,0
CUST0002498,Customer_2498,40,Female,Northeast,Gas,Residential,Mobile Home,84,1,0,2,Medium,Rent,0
CUST0002499,Customer_2499,56,Female,Northeast,Gas,Residential,House,9,1,1,4,Medium,Own,0
CUST0002500,Customer_2500,50,Male,Northwest,Water,Small Business,Apartment,2,1,1,4,Medium,Own,1
CUST0002501,Customer_2501,53,Female,Midwest,Dual Fuel,Residential,Condo,3,0,0,4,Medium,Own,0
CUST0002502,Customer_2502,59,Female,Northwest,Water,Residential,House,10,1,1,3,Medium,Rent,1
CUST0002503,Customer_2503,40,Female,Southwest,Electricity,Residential,House,51,1,0,3,Medium,Rent,1
CUST0002504,Customer_2504,35,Male,West,Gas,Residential,Apartment,25,0,1,3,Medium,Rent,0
CUST0002505,Customer_2505,28,Female,Northwest,Electricity,Small Business,Townhouse,21,1,1,3,Medium,Own,0
CUST0002506,Customer_2506,32,Female,Southeast,Water,Commercial,House,31,1,1,1,Low,Rent,0
CUST0002507,Customer_2507,85,Male,Southeast,Electricity,Commercial,Townhouse,79,1,0,4,Medium-High,Own,1
CUST0002508,Customer_2508,63,Female,Midwest,Electricity,Residential,Condo,3,0,1,1,Medium,Own,0
CUST0002509,Customer_2509,24,Male,Northwest,Dual Fuel,Small Business,House,42,1,1,5,Medium-High,Own,1
CUST0002510,Customer_2510,25,Female,Southwest,Gas,Small Business,Apartment,94,0,1,3,High,Own,1
CUST0002511,Customer_2511,52,Female,Southeast,Electricity,Commercial,Mobile Home,8,1,1,3,Medium-High,Own,1
CUST0002512,Customer_2512,53,Female,Midwest,Electricity,Residential,House,65,0,0,3,Medium,Rent,0
CUST0002513,Customer_2513,53,Male,Northwest,Gas,Small Business,Apartment,43,1,0,4,Medium-High,Own,0
CUST0002514,Customer_2514,41,Male,Midwest,Multi-Utility,Residential,Condo,1,1,0,3,Low,Own,1
CUST0002515,Customer_2515,43,Female,Southwest,Gas,Small Business,House,9,1,1,3,Medium-High,Rent,1
CUST0002516,Customer_2516,49,Male,Southeast,Multi-Utility,Residential,House,33,0,1,2,Medium,Own,0
CUST0002517,Customer_2517,46,Male,Southeast,Electricity,Small Business,House,25,1,0,1,Medium-High,Own,1
CUST0002518,Customer_2518,18,Female,Southeast,Gas,Commercial,House,27,0,0,2,Medium-High,Own,1
CUST0002519,Customer_2519,41,Female,Northeast,Water,Residential,House,9,1,1,1,Medium-High,Own,0
CUST0002520,Customer_2520,32,Male,Southeast,Gas,Residential,Townhouse,40,1,1,5,Medium-High,Rent,0
CUST0002521,Customer_2521,47,Male,West,Electricity,Residential,Mobile Home,11,1,1,4,Medium,Rent,0
CUST0002522,Customer_2522,85,Male,Northeast,Gas,Residential,House,17,1,0,2,Medium-High,Own,1
CUST0002523,Customer_2523,50,Female,Northwest,Gas,Residential,Apartment,16,1,1,1,Medium,Own,1
CUST0002524,Customer_2524,40,Female,Northeast,Water,Residential,House,40,0,0,3,Medium,Own,0
CUST0002525,Customer_2525,58,Female,Northeast,Water,Commercial,House,3,1,1,3,Medium,Own,1
CUST0002526,Customer_2526,52,Female,Northeast,Water,Residential,House,8,1,1,4,Medium,Own,1
CUST0002527,Customer_2527,51,Female,Midwest,Water,Small Business,Apartment,8,0,1,3,Medium,Own,0
CUST0002528,Customer_2528,54,Female,West,Electricity,Commercial,Mobile Home,4,0,1,5,Medium-High,Rent,1
CUST0002529,Customer_2529,75,Male,Southwest,Gas,Commercial,Apartment,8,1,0,1,Medium-High,Own,0
CUST0002530,Customer_2530,28,Female,Southeast,Water,Small Business,Apartment,33,1,1,2,Low,Own,1
CUST0002531,Customer_2531,52,Male,Northeast,Multi-Utility,Residential,House,47,0,1,5,Low,Own,0
CUST0002532,Customer_2532,31,Female,Southwest,Electricity,Commercial,House,38,1,1,1,Medium-High,Own,0
CUST0002533,Customer_2533,53,Female,Midwest,Gas,Residential,Townhouse,23,0,0,2,Medium-High,Own,0
CUST0002534,Customer_2534,31,Male,Southwest,Electricity,Commercial,House,1,1,1,2,Low,Rent,1
CUST0002535,Customer_2535,38,Female,Northeast,Electricity,Small Business,Mobile Home,114,1,1,3,Medium,Own,0
CUST0002536,Customer_2536,40,Male,Northwest,Gas,Small Business,House,6,0,0,2,High,Own,1
CUST0002537,Customer_2537,59,Female,West,Gas,Residential,Condo,39,0,1,5,Low,Own,0
CUST0002538,Customer_2538,58,Male,Southwest,Electricity,Small Business,Mobile Home,87,1,1,5,Medium,Own,1
CUST0002539,Customer_2539,26,Female,Northeast,Water,Commercial,House,43,1,0,4,High,Own,1
CUST0002540,Customer_2540,45,Male,Northeast,Dual Fuel,Commercial,Apartment,8,1,1,2,Low,Own,1
CUST0002541,Customer_2541,34,Male,Southeast,Multi-Utility,Residential,Townhouse,13,1,1,6,Medium-High,Own,0
CUST0002542,Customer_2542,26,Male,Northwest,Electricity,Commercial,House,1,1,1,4,Medium,Own,1
CUST0002543,Customer_2543,41,Male,Southeast,Gas,Residential,Condo,34,1,1,2,Low,Rent,0
CUST0002544,Customer_2544,40,Male,Northwest,Gas,Small Business,House,34,1,1,1,Low,Own,0
CUST0002545,Customer_2545,81,Female,West,Electricity,Small Business,House,46,1,1,4,Medium,Rent,1
CUST0002546,Customer_2546,51,Male,Southeast,Gas,Residential,House,1,1,0,4,Medium-High,Rent,0
CUST0002547,Customer_2547,24,Male,West,Water,Residential,Mobile Home,61,1,1,1,Low,Other,1
CUST0002548,Customer_2548,36,Male,Midwest,Electricity,Small Business,House,48,0,1,3,Medium-High,Own,1
CUST0002549,Customer_2549,60,Female,Midwest,Multi-Utility,Residential,House,5,1,1,6,Medium,Rent,1
CUST0002550,Customer_2550,76,Female,Northwest,Dual Fuel,Residential,Apartment,15,1,1,2,Medium,Own,0
CUST0002551,Customer_2551,21,Female,Northwest,Water,Small Business,House,36,1,1,2,Medium-High,Own,0
CUST0002552,Customer_2552,18,Female,Southeast,Water,Commercial,Apartment,24,1,0,5,Low,Rent,0
CUST0002553,Customer_2553,73,Male,Midwest,Electricity,Small Business,House,4,1,1,1,Medium,Own,1
CUST0002554,Customer_2554,50,Male,Southwest,Water,Residential,Condo,3,0,1,5,Medium,Own,1
CUST0002555,Customer_2555,31,Male,Southwest,Electricity,Residential,Condo,54,1,1,4,Medium,Rent,0
CUST0002556,Customer_2556,53,Female,Southwest,Dual Fuel,Small Business,Apartment,6,0,1,2,Medium,Own,1
CUST0002557,Customer_2557,18,Other,Midwest,Electricity,Small Business,House,6,0,0,1,Medium-High,Rent,1
CUST0002558,Customer_2558,45,Female,Southwest,Electricity,Small Business,Apartment,63,1,1,1,Medium-High,Own,0
CUST0002559,Customer_2559,49,Male,West,Gas,Commercial,Townhouse,34,0,1,2,Medium-High,Rent,1
CUST0002560,Customer_2560,58,Male,Northeast,Electricity,Residential,House,33,0,1,4,High,Rent,1
CUST0002561,Customer_2561,29,Male,Northwest,Gas,Residential,House,23,1,0,3,High,Rent,0
CUST0002562,Customer_2562,46,Female,Southeast,Gas,Commercial,House,30,0,1,4,Medium-High,Rent,0
CUST0002563,Customer_2563,31,Male,West,Dual Fuel,Residential,Condo,33,0,1,4,Medium,Own,1
CUST0002564,Customer_2564,48,Female,Southwest,Gas,Small Business,Mobile Home,123,1,1,3,Medium-High,Own,0
CUST0002565,Customer_2565,31,Male,Northeast,Electricity,Commercial,House,9,1,1,6,Low,Rent,0
CUST0002566,Customer_2566,38,Female,Southeast,Electricity,Commercial,House,8,0,1,4,Medium,Rent,1
CUST0002567,Customer_2567,30,Female,West,Gas,Small Business,House,2,0,0,5,Medium,Own,0
CUST0002568,Customer_2568,54,Female,Southeast,Gas,Residential,House,38,1,1,2,High,Rent,1
CUST0002569,Customer_2569,57,Female,Northwest,Water,Prepaid,Apartment,28,0,1,4,High,Own,0
CUST0002570,Customer_2570,41,Female,Midwest,Electricity,Small Business,Mobile Home,4,1,1,3,Medium-High,Own,1
CUST0002571,Customer_2571,45,Female,Southwest,Electricity,Residential,House,16,1,0,5,Medium,Own,1
CUST0002572,Customer_2572,23,Female,West,Electricity,Small Business,Townhouse,7,1,1,3,Medium,Rent,1
CUST0002573,Customer_2573,40,Female,West,Electricity,Residential,Apartment,14,1,1,2,Medium,Other,0
CUST0002574,Customer_2574,44,Other,Northeast,Electricity,Commercial,Townhouse,108,0,0,2,Medium-High,Rent,1
CUST0002575,Customer_2575,84,Female,Northeast,Water,Residential,Apartment,41,1,0,2,Medium-High,Rent,0
CUST0002576,Customer_2576,28,Female,Northeast,Electricity,Commercial,House,1,1,1,2,Medium-High,Own,1
CUST0002577,Customer_2577,66,Female,Southeast,Gas,Commercial,Mobile Home,10,1,1,3,Low,Own,1
CUST0002578,Customer_2578,59,Male,Southwest,Gas,Commercial,House,1,1,1,5,Medium,Rent,0
CUST0002579,Customer_2579,49,Male,Southeast,Electricity,Small Business,Apartment,45,1,1,2,Medium,Own,0
CUST0002580,Customer_2580,71,Female,Southwest,Water,Commercial,Townhouse,22,1,1,2,Low,Rent,0
CUST0002581,Customer_2581,50,Female,West,Gas,Residential,House,184,0,1,5,Medium,Own,0
CUST0002582,Customer_2582,50,Female,Southeast,Gas,Residential,Apartment,47,0,0,2,Low,Own,1
CUST0002583,Customer_2583,44,Male,Southeast,Dual Fuel,Commercial,Townhouse,26,0,0,6,High,Rent,0
CUST0002584,Customer_2584,63,Female,Southeast,Electricity,Residential,Mobile Home,58,0,1,2,Medium-High,Rent,1
CUST0002585,Customer_2585,61,Female,Midwest,Dual Fuel,Residential,Condo,43,1,1,3,Medium-High,Own,1
CUST0002586,Customer_2586,35,Male,Northwest,Gas,Residential,House,10,1,1,1,Medium,Own,1
CUST0002587,Customer_2587,25,Female,Southwest,Gas,Residential,Condo,27,1,1,6,Medium,Other,0
CUST0002588,Customer_2588,41,Female,Southwest,Dual Fuel,Small Business,Condo,29,1,1,5,Low,Rent,1
CUST0002589,Customer_2589,32,Male,Southeast,Dual Fuel,Small Business,Condo,21,0,0,4,Medium,Rent,0
CUST0002590,Customer_2590,44,Female,Midwest,Gas,Residential,Townhouse,7,1,1,2,Medium-High,Own,0
CUST0002591,Customer_2591,63,Female,Southeast,Water,Commercial,House,9,1,1,6,Low,Own,0
CUST0002592,Customer_2592,38,Male,Southwest,Gas,Residential,House,11,1,1,5,Low,Own,0
CUST0002593,Customer_2593,44,Male,Northwest,Gas,Small Business,Condo,1,0,1,3,Medium,Own,0
CUST0002594,Customer_2594,45,Other,Northwest,Electricity,Residential,Mobile Home,89,1,1,4,Medium-High,Own,1
CUST0002595,Customer_2595,57,Male,West,Electricity,Small Business,Apartment,41,1,0,6,High,Own,1
CUST0002596,Customer_2596,18,Male,Midwest,Dual Fuel,Residential,Mobile Home,42,1,1,3,Medium-High,Other,1
CUST0002597,Customer_2597,35,Male,Northwest,Electricity,Residential,Mobile Home,30,0,1,1,Medium,Own,1
CUST0002598,Customer_2598,48,Female,Midwest,Electricity,Commercial,Mobile Home,42,0,1,5,Low,Rent,0
CUST0002599,Customer_2599,63,Female,Southeast,Water,Residential,Mobile Home,144,0,1,3,Medium-High,Rent,1
CUST0002600,Customer_2600,37,Female,West,Electricity,Prepaid,Townhouse,17,1,0,6,Low,Own,1
CUST0002601,Customer_2601,18,Male,Southwest,Electricity,Small Business,Townhouse,44,1,1,3,Medium,Own,0
CUST0002602,Customer_2602,54,Female,Northwest,Gas,Residential,Condo,16,1,1,1,Medium,Own,1
CUST0002603,Customer_2603,35,Male,Northwest,Gas,Small Business,House,69,1,0,3,Medium,Rent,0
CUST0002604,Customer_2604,27,Male,Northeast,Water,Residential,House,70,0,1,4,Medium,Rent,0
CUST0002605,Customer_2605,35,Male,Southwest,Gas,Residential,House,83,1,1,1,Medium-High,Own,0
CUST0002606,Customer_2606,42,Male,Northwest,Gas,Prepaid,House,1,1,1,3,Low,Rent,1
CUST0002607,Customer_2607,35,Female,Northwest,Water,Residential,House,12,0,1,2,Medium-High,Own,0
CUST0002608,Customer_2608,18,Female,Southwest,Gas,Small Business,Mobile Home,5,1,0,3,High,Own,1
CUST0002609,Customer_2609,58,Male,West,Gas,Residential,Condo,21,0,1,6,Medium,Rent,1
CUST0002610,Customer_2610,64,Female,Midwest,Dual Fuel,Small Business,House,24,0,0,3,Low,Rent,1
CUST0002611,Customer_2611,54,Female,Southwest,Gas,Residential,Townhouse,10,1,1,4,Medium-High,Own,0
CUST0002612,Customer_2612,27,Female,Midwest,Electricity,Residential,Apartment,46,1,1,2,Medium-High,Own,0
CUST0002613,Customer_2613,41,Male,West,Electricity,Prepaid,House,11,1,1,3,Medium,Own,1
CUST0002614,Customer_2614,44,Female,West,Gas,Residential,Townhouse,69,0,1,3,Medium-High,Own,0
CUST0002615,Customer_2615,53,Male,Southeast,Electricity,Small Business,House,7,1,1,4,Medium-High,Rent,1
CUST0002616,Customer_2616,55,Female,Northeast,Gas,Small Business,Condo,16,1,0,5,High,Rent,0
CUST0002617,Customer_2617,33,Male,West,Dual Fuel,Small Business,House,35,1,0,4,Medium-High,Own,1
CUST0002618,Customer_2618,46,Female,West,Gas,Small Business,Apartment,33,1,0,6,Medium,Rent,1
CUST0002619,Customer_2619,51,Male,Midwest,Electricity,Residential,Townhouse,2,1,0,4,Medium,Rent,0
CUST0002620,Customer_2620,66,Male,West,Water,Residential,House,67,0,1,1,Low,Own,1
CUST0002621,Customer_2621,55,Female,Southwest,Electricity,Commercial,Mobile Home,32,1,1,3,Low,Own,0
CUST0002622,Customer_2622,56,Female,Southeast,Water,Commercial,House,73,1,1,5,Medium-High,Own,0
CUST0002623,Customer_2623,46,Female,Southeast,Gas,Residential,Apartment,72,0,1,5,High,Rent,0
CUST0002624,Customer_2624,66,Female,Southwest,Electricity,Residential,Mobile Home,28,1,0,2,High,Rent,1
CUST0002625,Customer_2625,51,Male,Northwest,Dual Fuel,Small Business,Mobile Home,86,1,1,4,Medium,Own,0
CUST0002626,Customer_2626,32,Female,West,Electricity,Prepaid,House,67,1,1,3,Medium,Rent,0
CUST0002627,Customer_2627,66,Male,Northeast,Multi-Utility,Prepaid,House,114,0,0,1,Medium-High,Own,1
CUST0002628,Customer_2628,55,Male,West,Electricity,Commercial,Condo,68,0,1,5,Medium,Rent,1
CUST0002629,Customer_2629,38,Female,Southeast,Electricity,Residential,House,61,0,0,5,Medium,Own,0
CUST0002630,Customer_2630,37,Female,Northeast,Electricity,Commercial,Apartment,22,1,1,3,Medium-High,Own,0
CUST0002631,Customer_2631,49,Female,Northwest,Electricity,Commercial,Townhouse,8,0,1,1,Medium-High,Rent,0
CUST0002632,Customer_2632,51,Female,Midwest,Water,Residential,Apartment,86,0,1,4,High,Own,0
CUST0002633,Customer_2633,47,Female,Midwest,Water,Residential,House,46,1,1,3,Medium,Rent,0
CUST0002634,Customer_2634,49,Male,West,Water,Residential,Apartment,11,0,1,1,Medium-High,Rent,1
CUST0002635,Customer_2635,70,Male,West,Electricity,Small Business,Mobile Home,15,1,1,2,Medium-High,Rent,0
CUST0002636,Customer_2636,61,Female,Northeast,Gas,Residential,Condo,41,1,1,2,Medium,Rent,0
CUST0002637,Customer_2637,47,Male,Northeast,Water,Residential,Condo,23,1,0,4,Medium-High,Own,0
CUST0002638,Customer_2638,59,Male,Northwest,Gas,Residential,House,3,1,1,2,Low,Rent,0
CUST0002639,Customer_2639,29,Male,West,Water,Residential,House,5,1,1,1,Medium-High,Rent,0
CUST0002640,Customer_2640,50,Female,Southeast,Gas,Residential,House,49,1,1,5,Medium-High,Own,1
CUST0002641,Customer_2641,72,Male,Midwest,Electricity,Small Business,Apartment,14,1,0,6,Medium,Own,0
CUST0002642,Customer_2642,41,Female,Northwest,Water,Residential,House,25,0,0,1,Medium-High,Rent,0
CUST0002643,Customer_2643,32,Female,Northeast,Water,Commercial,Apartment,52,1,1,2,Medium,Own,1
CUST0002644,Customer_2644,35,Male,Southeast,Water,Commercial,Condo,50,1,0,3,Medium-High,Rent,0
CUST0002645,Customer_2645,28,Female,West,Electricity,Commercial,Condo,6,1,1,2,Medium-High,Own,1
CUST0002646,Customer_2646,33,Female,Southwest,Electricity,Small Business,House,3,1,0,2,Medium-High,Own,0
CUST0002647,Customer_2647,39,Female,Northeast,Electricity,Residential,Townhouse,32,1,0,2,High,Other,1
CUST0002648,Customer_2648,23,Female,Northwest,Electricity,Residential,Condo,48,1,0,5,Low,Own,0
CUST0002649,Customer_2649,45,Male,Southwest,Electricity,Residential,House,5,0,1,6,Medium,Rent,1
CUST0002650,Customer_2650,58,Female,Southeast,Dual Fuel,Prepaid,House,16,0,1,4,High,Own,1
CUST0002651,Customer_2651,31,Male,Midwest,Gas,Residential,Condo,73,1,1,4,Medium-High,Rent,1
CUST0002652,Customer_2652,67,Female,Southeast,Gas,Small Business,Apartment,103,0,1,4,High,Rent,0
CUST0002653,Customer_2653,52,Female,Midwest,Electricity,Small Business,House,21,0,1,3,Medium,Own,0
CUST0002654,Customer_2654,60,Female,Southeast,Dual Fuel,Commercial,House,2,1,1,3,Medium-High,Own,1
CUST0002655,Customer_2655,35,Male,Northeast,Electricity,Small Business,House,10,0,1,3,High,Own,1
CUST0002656,Customer_2656,57,Male,Northeast,Water,Small Business,Mobile Home,9,1,0,4,Medium-High,Own,1
CUST0002657,Customer_2657,28,Male,Northwest,Multi-Utility,Residential,Condo,9,0,0,1,High,Rent,1
CUST0002658,Customer_2658,58,Male,Southwest,Water,Small Business,Apartment,24,1,1,2,Medium,Own,0
CUST0002659,Customer_2659,47,Male,Southeast,Multi-Utility,Residential,Mobile Home,31,1,0,6,Medium,Rent,1
CUST0002660,Customer_2660,53,Female,Southeast,Water,Commercial,Condo,4,0,1,2,Low,Own,0
CUST0002661,Customer_2661,27,Male,Southwest,Electricity,Residential,Condo,79,1,1,2,Low,Own,0
CUST0002662,Customer_2662,31,Other,West,Electricity,Residential,House,34,1,1,3,Medium,Own,0
CUST0002663,Customer_2663,53,Male,Northwest,Electricity,Commercial,Apartment,32,1,1,2,High,Own,1
CUST0002664,Customer_2664,30,Female,Southeast,Electricity,Residential,House,157,1,1,1,Medium-High,Own,0
CUST0002665,Customer_2665,51,Female,Northwest,Water,Commercial,Apartment,35,1,0,2,High,Own,0
CUST0002666,Customer_2666,24,Female,Southeast,Electricity,Commercial,House,95,0,1,3,High,Other,0
CUST0002667,Customer_2667,57,Female,Southeast,Dual Fuel,Commercial,House,12,1,0,2,Low,Other,0
CUST0002668,Customer_2668,26,Male,West,Electricity,Residential,House,9,0,1,3,Low,Own,1
CUST0002669,Customer_2669,53,Female,Northeast,Gas,Residential,Apartment,26,1,0,1,Medium,Rent,1
CUST0002670,Customer_2670,54,Male,Northwest,Multi-Utility,Commercial,Townhouse,25,0,1,1,Medium-High,Rent,1
CUST0002671,Customer_2671,34,Male,Southwest,Electricity,Commercial,Apartment,9,1,0,5,Low,Rent,1
CUST0002672,Customer_2672,53,Female,Northwest,Water,Residential,Townhouse,43,0,1,4,Medium-High,Own,0
CUST0002673,Customer_2673,48,Female,West,Water,Residential,Condo,1,0,1,4,Low,Rent,0
CUST0002674,Customer_2674,36,Female,Midwest,Electricity,Residential,Apartment,42,1,0,1,Low,Own,1
CUST0002675,Customer_2675,29,Male,Midwest,Gas,Prepaid,House,21,1,1,2,Medium,Own,0
CUST0002676,Customer_2676,18,Male,West,Electricity,Residential,Mobile Home,42,1,0,4,Medium-High,Own,1
CUST0002677,Customer_2677,50,Male,West,Water,Residential,House,23,1,1,1,High,Rent,0
CUST0002678,Customer_2678,21,Male,Northeast,Gas,Small Business,Condo,136,0,1,4,High,Own,1
CUST0002679,Customer_2679,46,Male,Northwest,Gas,Residential,Condo,14,1,1,3,High,Own,0
CUST0002680,Customer_2680,41,Male,Northwest,Water,Commercial,Apartment,145,0,0,4,Low,Rent,0
CUST0002681,Customer_2681,55,Male,Midwest,Electricity,Residential,House,2,0,0,3,Medium-High,Rent,1
CUST0002682,Customer_2682,40,Female,Southwest,Water,Residential,Apartment,41,1,1,3,Medium,Own,1
CUST0002683,Customer_2683,40,Male,Northwest,Dual Fuel,Residential,Townhouse,21,1,1,2,Low,Rent,1
CUST0002684,Customer_2684,55,Female,Southeast,Dual Fuel,Residential,Townhouse,62,0,1,4,Medium-High,Rent,1
CUST0002685,Customer_2685,50,Male,Southeast,Water,Residential,Mobile Home,56,0,1,4,Medium,Own,0
CUST0002686,Customer_2686,49,Female,Northeast,Gas,Residential,House,57,1,1,1,Medium,Own,0
CUST0002687,Customer_2687,52,Female,Northeast,Multi-Utility,Residential,Apartment,3,1,1,2,Low,Own,1
CUST0002688,Customer_2688,21,Male,Midwest,Electricity,Commercial,House,62,1,0,2,High,Other,0
CUST0002689,Customer_2689,56,Female,Southwest,Gas,Residential,Mobile Home,8,1,0,3,Medium-High,Rent,1
CUST0002690,Customer_2690,54,Male,Southwest,Electricity,Prepaid,House,1,0,0,1,Medium,Own,1
CUST0002691,Customer_2691,29,Female,West,Multi-Utility,Small Business,Apartment,8,1,0,5,High,Own,1
CUST0002692,Customer_2692,41,Male,Northeast,Water,Residential,Mobile Home,23,0,1,3,High,Rent,1
CUST0002693,Customer_2693,44,Other,Northwest,Water,Residential,Apartment,48,0,1,5,Medium-High,Rent,1
CUST0002694,Customer_2694,42,Male,Southeast,Electricity,Residential,Apartment,8,0,1,4,Medium-High,Own,0
CUST0002695,Customer_2695,50,Male,Northwest,Water,Residential,House,4,1,0,2,Medium,Own,0
CUST0002696,Customer_2696,66,Female,Southeast,Water,Residential,Apartment,37,0,1,1,Medium,Rent,0
CUST0002697,Customer_2697,61,Male,Midwest,Water,Residential,Mobile Home,148,1,1,5,Medium,Own,1
CUST0002698,Customer_2698,25,Female,Southeast,Electricity,Small Business,Apartment,33,1,1,3,High,Rent,0
CUST0002699,Customer_2699,54,Male,Northwest,Gas,Small Business,House,42,1,1,1,Medium-High,Rent,1
CUST0002700,Customer_2700,64,Female,Northwest,Electricity,Residential,House,29,0,0,5,Medium,Rent,0
CUST0002701,Customer_2701,50,Male,Southwest,Gas,Residential,House,54,0,1,3,Medium-High,Own,0
CUST0002702,Customer_2702,61,Female,Southwest,Electricity,Small Business,Apartment,133,1,1,2,Medium-High,Rent,0
CUST0002703,Customer_2703,75,Female,Northeast,Electricity,Residential,House,28,0,1,3,Medium-High,Own,0
CUST0002704,Customer_2704,60,Male,Northwest,Electricity,Commercial,Condo,19,1,0,4,Low,Rent,1
CUST0002705,Customer_2705,48,Male,Midwest,Electricity,Small Business,Apartment,70,1,1,1,Medium-High,Own,1
CUST0002706,Customer_2706,60,Male,Southeast,Electricity,Prepaid,Townhouse,125,1,1,2,Medium,Own,1
CUST0002707,Customer_2707,47,Other,Northeast,Dual Fuel,Residential,House,4,0,1,2,Low,Own,0
CUST0002708,Customer_2708,45,Male,West,Gas,Prepaid,Townhouse,31,1,0,4,Medium-High,Rent,1
CUST0002709,Customer_2709,39,Male,West,Electricity,Small Business,Apartment,56,1,1,4,Medium,Rent,1
CUST0002710,Customer_2710,68,Male,Southeast,Gas,Small Business,Apartment,27,1,0,3,Medium-High,Rent,0
CUST0002711,Customer_2711,32,Male,Southeast,Gas,Residential,Mobile Home,18,0,1,4,Low,Own,0
CUST0002712,Customer_2712,67,Female,Southeast,Multi-Utility,Residential,House,38,1,1,2,High,Own,1
CUST0002713,Customer_2713,52,Female,Southwest,Electricity,Commercial,Apartment,11,1,1,3,Medium-High,Own,1
CUST0002714,Customer_2714,24,Female,Southeast,Electricity,Small Business,House,15,0,0,6,Medium,Own,0
CUST0002715,Customer_2715,50,Female,West,Multi-Utility,Residential,Apartment,175,1,0,3,Medium-High,Rent,1
CUST0002716,Customer_2716,18,Female,Southeast,Electricity,Residential,Apartment,36,0,1,6,Low,Own,0
CUST0002717,Customer_2717,54,Male,Northwest,Electricity,Residential,House,74,1,1,4,Medium-High,Own,1
CUST0002718,Customer_2718,58,Male,Midwest,Electricity,Small Business,Condo,59,1,1,1,Low,Rent,0
CUST0002719,Customer_2719,36,Female,West,Electricity,Small Business,Condo,38,0,1,4,Medium,Rent,1
CUST0002720,Customer_2720,46,Female,Midwest,Multi-Utility,Residential,Townhouse,66,0,1,2,High,Rent,0
CUST0002721,Customer_2721,74,Female,West,Electricity,Residential,House,12,1,1,3,Low,Rent,1
CUST0002722,Customer_2722,37,Male,Northeast,Multi-Utility,Residential,House,36,0,1,3,Medium-High,Own,0
CUST0002723,Customer_2723,29,Male,Northwest,Multi-Utility,Residential,Condo,32,1,0,5,Low,Rent,1
CUST0002724,Customer_2724,67,Male,West,Gas,Residential,House,35,0,0,2,Medium-High,Own,1
CUST0002725,Customer_2725,74,Female,Northwest,Electricity,Residential,Condo,6,0,0,5,Medium,Own,1
CUST0002726,Customer_2726,45,Female,West,Electricity,Residential,House,11,1,0,5,Medium,Own,1
CUST0002727,Customer_2727,60,Female,Midwest,Gas,Commercial,House,12,1,0,1,Medium,Own,1
CUST0002728,Customer_2728,65,Male,Midwest,Gas,Small Business,Townhouse,33,1,1,5,Medium,Own,1
CUST0002729,Customer_2729,33,Female,West,Gas,Prepaid,Townhouse,129,1,0,2,High,Own,1
CUST0002730,Customer_2730,37,Male,West,Gas,Residential,Condo,110,1,0,1,High,Other,1
CUST0002731,Customer_2731,63,Male,Southwest,Multi-Utility,Commercial,Townhouse,9,1,0,6,High,Rent,1
CUST0002732,Customer_2732,70,Female,Northwest,Gas,Small Business,Condo,13,0,0,2,Low,Other,0
CUST0002733,Customer_2733,53,Male,Northwest,Water,Residential,Apartment,1,0,1,3,Medium,Rent,0
CUST0002734,Customer_2734,31,Male,Northwest,Dual Fuel,Residential,Mobile Home,18,0,0,3,Medium-High,Other,1
CUST0002735,Customer_2735,74,Female,Northwest,Electricity,Small Business,Condo,64,1,1,2,High,Own,0
CUST0002736,Customer_2736,37,Female,Northeast,Electricity,Commercial,Condo,89,1,0,4,Medium-High,Own,1
CUST0002737,Customer_2737,39,Male,Northeast,Electricity,Residential,Apartment,9,1,1,1,Medium,Own,0
CUST0002738,Customer_2738,50,Female,Southeast,Electricity,Residential,Mobile Home,11,1,0,2,Medium-High,Rent,0
CUST0002739,Customer_2739,68,Male,West,Gas,Small Business,House,8,0,1,5,Low,Rent,1
CUST0002740,Customer_2740,57,Female,West,Electricity,Prepaid,House,15,1,0,6,High,Own,1
CUST0002741,Customer_2741,51,Female,West,Gas,Small Business,House,58,0,1,3,High,Own,0
CUST0002742,Customer_2742,51,Female,West,Multi-Utility,Residential,House,37,1,0,2,High,Own,0
CUST0002743,Customer_2743,45,Female,Northwest,Electricity,Residential,House,55,1,1,3,Low,Own,1
CUST0002744,Customer_2744,53,Male,Northwest,Gas,Residential,Townhouse,31,1,0,5,Medium,Rent,1
CUST0002745,Customer_2745,18,Male,Northeast,Electricity,Commercial,Condo,10,1,0,1,Medium-High,Own,1
CUST0002746,Customer_2746,40,Male,Midwest,Electricity,Small Business,House,9,1,1,1,Low,Rent,0
CUST0002747,Customer_2747,48,Male,Southwest,Gas,Small Business,Townhouse,1,1,1,5,Medium,Rent,1
CUST0002748,Customer_2748,27,Female,Northwest,Multi-Utility,Residential,Apartment,54,0,1,3,Medium-High,Own,0
CUST0002749,Customer_2749,50,Male,Northwest,Electricity,Commercial,Apartment,67,0,1,1,Medium,Other,0
CUST0002750,Customer_2750,41,Male,Northwest,Electricity,Small Business,Apartment,52,1,1,1,Medium,Other,0
CUST0002751,Customer_2751,71,Male,Midwest,Electricity,Prepaid,Townhouse,2,1,1,5,Low,Rent,0
CUST0002752,Customer_2752,68,Other,Midwest,Electricity,Small Business,House,51,1,1,3,High,Rent,1
CUST0002753,Customer_2753,38,Male,Northeast,Electricity,Commercial,House,1,0,1,2,Medium-High,Own,0
CUST0002754,Customer_2754,42,Female,Northwest,Gas,Commercial,House,4,1,0,5,Medium-High,Other,1
CUST0002755,Customer_2755,43,Male,Southwest,Electricity,Residential,Condo,20,0,1,4,Low,Own,0
CUST0002756,Customer_2756,38,Male,West,Gas,Prepaid,Condo,23,0,1,1,Medium-High,Rent,0
CUST0002757,Customer_2757,47,Female,Northwest,Gas,Residential,House,60,1,1,3,Low,Own,0
CUST0002758,Customer_2758,33,Female,Northeast,Gas,Small Business,House,40,0,1,2,Medium-High,Rent,1
CUST0002759,Customer_2759,28,Female,Northeast,Electricity,Prepaid,Condo,5,0,1,3,Medium-High,Own,1
CUST0002760,Customer_2760,54,Female,Southwest,Multi-Utility,Residential,Condo,9,1,1,2,High,Own,0
CUST0002761,Customer_2761,54,Male,Southeast,Electricity,Small Business,Apartment,12,0,0,2,Medium,Rent,1
CUST0002762,Customer_2762,32,Male,Northeast,Water,Small Business,Townhouse,4,1,0,3,Low,Rent,0
CUST0002763,Customer_2763,58,Female,Midwest,Electricity,Small Business,Mobile Home,12,1,0,3,High,Rent,0
CUST0002764,Customer_2764,35,Male,Midwest,Gas,Commercial,House,46,1,1,2,High,Own,1
CUST0002765,Customer_2765,48,Female,West,Electricity,Small Business,Apartment,9,1,0,1,Medium,Rent,1
CUST0002766,Customer_2766,57,Female,Northeast,Electricity,Commercial,House,64,1,1,6,Low,Rent,0
CUST0002767,Customer_2767,44,Male,West,Electricity,Residential,Condo,22,1,0,2,Medium,Own,0
CUST0002768,Customer_2768,51,Female,Northeast,Electricity,Residential,Apartment,14,1,0,3,Medium,Rent,0
CUST0002769,Customer_2769,37,Male,Southwest,Dual Fuel,Residential,House,19,1,0,1,Medium-High,Own,0
CUST0002770,Customer_2770,42,Male,Northwest,Water,Small Business,Townhouse,44,1,0,4,Medium-High,Rent,1
CUST0002771,Customer_2771,41,Male,Northeast,Electricity,Residential,Townhouse,26,1,1,1,Low,Own,0
CUST0002772,Customer_2772,33,Female,Southeast,Gas,Small Business,House,1,1,1,2,Medium-High,Rent,1
CUST0002773,Customer_2773,42,Male,Midwest,Dual Fuel,Residential,House,91,1,1,3,Low,Rent,0
CUST0002774,Customer_2774,21,Female,Southwest,Water,Small Business,House,2,1,1,2,Low,Rent,0
CUST0002775,Customer_2775,37,Female,Northwest,Electricity,Residential,Condo,100,1,1,3,Medium,Rent,1
CUST0002776,Customer_2776,40,Female,Northwest,Dual Fuel,Small Business,Townhouse,1,1,1,1,Low,Rent,1
CUST0002777,Customer_2777,41,Female,Midwest,Electricity,Small Business,Apartment,53,1,1,2,Medium-High,Own,1
CUST0002778,Customer_2778,41,Male,Northwest,Gas,Commercial,Apartment,27,0,1,4,Medium,Own,0
CUST0002779,Customer_2779,44,Male,West,Gas,Small Business,Townhouse,25,1,0,1,Medium-High,Own,1
CUST0002780,Customer_2780,52,Male,Southwest,Dual Fuel,Small Business,Apartment,2,0,1,1,Medium-High,Own,1
CUST0002781,Customer_2781,58,Female,Southeast,Multi-Utility,Commercial,Condo,9,1,0,2,High,Own,1
CUST0002782,Customer_2782,35,Other,Midwest,Multi-Utility,Small Business,Apartment,54,1,1,1,High,Rent,0
CUST0002783,Customer_2783,26,Female,Northeast,Electricity,Residential,Townhouse,79,1,0,1,Medium-High,Own,1
CUST0002784,Customer_2784,29,Female,Northeast,Multi-Utility,Commercial,House,27,1,1,2,Medium,Rent,1
CUST0002785,Customer_2785,37,Female,Northeast,Electricity,Small Business,House,15,1,1,1,Low,Own,1
CUST0002786,Customer_2786,39,Male,Southwest,Electricity,Residential,House,2,0,0,5,Medium-High,Own,0
CUST0002787,Customer_2787,33,Female,Southeast,Gas,Small Business,Townhouse,41,1,1,1,Medium,Own,1
CUST0002788,Customer_2788,25,Female,Northwest,Gas,Commercial,Apartment,11,0,1,5,Medium,Own,1
CUST0002789,Customer_2789,38,Male,Southeast,Gas,Prepaid,House,2,0,0,4,Low,Own,0
CUST0002790,Customer_2790,47,Other,Southeast,Gas,Prepaid,Mobile Home,39,1,1,1,Medium,Rent,0
CUST0002791,Customer_2791,53,Male,Midwest,Multi-Utility,Residential,Mobile Home,23,1,1,1,Medium-High,Own,0
CUST0002792,Customer_2792,36,Female,Southwest,Electricity,Residential,Mobile Home,1,1,0,1,Medium-High,Own,0
CUST0002793,Customer_2793,38,Female,Northeast,Electricity,Residential,House,4,1,0,3,Medium-High,Own,0
CUST0002794,Customer_2794,31,Female,Midwest,Multi-Utility,Residential,Townhouse,43,0,1,4,Medium,Own,1
CUST0002795,Customer_2795,44,Male,Northwest,Electricity,Commercial,House,2,1,1,3,Medium,Rent,1
CUST0002796,Customer_2796,32,Female,Southeast,Gas,Residential,House,72,0,0,3,Medium,Own,0
CUST0002797,Customer_2797,53,Female,Northeast,Water,Small Business,Apartment,13,0,1,2,High,Own,0
CUST0002798,Customer_2798,18,Male,Southwest,Gas,Small Business,Apartment,3,1,1,4,Low,Own,1
CUST0002799,Customer_2799,39,Female,West,Water,Small Business,House,51,0,1,2,Medium,Other,1
CUST0002800,Customer_2800,49,Female,Southeast,Electricity,Residential,Apartment,26,0,1,6,Medium,Own,1
CUST0002801,Customer_2801,47,Female,Southeast,Dual Fuel,Residential,Townhouse,13,0,0,2,Low,Own,0
CUST0002802,Customer_2802,85,Male,Southeast,Electricity,Residential,Apartment,18,1,0,2,Medium,Rent,0
CUST0002803,Customer_2803,50,Female,Southeast,Gas,Residential,Apartment,1,1,0,5,Medium-High,Rent,1
CUST0002804,Customer_2804,29,Female,Northeast,Electricity,Prepaid,House,39,1,1,3,Medium,Own,0
CUST0002805,Customer_2805,43,Male,Southwest,Gas,Commercial,Mobile Home,16,1,1,4,Low,Rent,1
CUST0002806,Customer_2806,18,Male,Midwest,Water,Residential,House,45,1,1,3,Medium-High,Rent,0
CUST0002807,Customer_2807,43,Other,Northeast,Multi-Utility,Commercial,Apartment,35,0,1,5,Medium,Own,1
CUST0002808,Customer_2808,32,Female,Southwest,Water,Residential,House,37,0,1,5,Medium,Rent,0
CUST0002809,Customer_2809,58,Female,Midwest,Gas,Small Business,Townhouse,56,1,0,3,Medium,Rent,0
CUST0002810,Customer_2810,36,Male,Southeast,Multi-Utility,Residential,House,35,1,1,2,High,Own,1
CUST0002811,Customer_2811,43,Male,Southwest,Gas,Small Business,Apartment,19,1,0,3,Low,Other,0
CUST0002812,Customer_2812,35,Male,Southeast,Gas,Residential,Apartment,17,0,1,6,Medium,Own,0
CUST0002813,Customer_2813,71,Male,Southwest,Gas,Residential,Townhouse,4,0,1,3,Medium,Rent,1
CUST0002814,Customer_2814,40,Female,Northwest,Gas,Residential,House,54,0,1,6,Medium-High,Rent,1
CUST0002815,Customer_2815,72,Female,West,Dual Fuel,Residential,Condo,51,1,1,2,Medium-High,Own,0
CUST0002816,Customer_2816,57,Female,Southeast,Electricity,Small Business,House,10,0,0,5,Medium-High,Own,0
CUST0002817,Customer_2817,52,Male,Southeast,Gas,Residential,Mobile Home,71,1,0,1,Medium-High,Own,0
CUST0002818,Customer_2818,50,Female,Southeast,Water,Small Business,Apartment,32,0,1,2,Low,Own,0
CUST0002819,Customer_2819,50,Male,Northwest,Dual Fuel,Small Business,Condo,23,1,1,3,High,Rent,1
CUST0002820,Customer_2820,18,Male,Northeast,Dual Fuel,Small Business,Apartment,1,0,0,4,Medium,Rent,0
CUST0002821,Customer_2821,40,Female,Midwest,Gas,Small Business,House,17,0,0,2,Low,Own,0
CUST0002822,Customer_2822,57,Female,Southeast,Gas,Residential,House,36,0,0,5,Medium-High,Rent,0
CUST0002823,Customer_2823,44,Female,Southeast,Electricity,Small Business,Condo,3,0,1,5,Medium-High,Own,1
CUST0002824,Customer_2824,23,Male,Northeast,Gas,Commercial,Mobile Home,22,0,1,4,Low,Own,0
CUST0002825,Customer_2825,44,Female,Northeast,Dual Fuel,Small Business,Apartment,180,1,1,1,High,Rent,0
CUST0002826,Customer_2826,70,Female,West,Multi-Utility,Small Business,Townhouse,45,0,1,1,Medium-High,Own,0
CUST0002827,Customer_2827,63,Female,Southwest,Dual Fuel,Small Business,House,28,0,1,3,Medium,Own,0
CUST0002828,Customer_2828,44,Male,Southeast,Electricity,Residential,Mobile Home,27,1,0,4,Medium,Rent,1
CUST0002829,Customer_2829,59,Other,Southwest,Dual Fuel,Small Business,Apartment,1,1,1,1,Medium,Own,0
CUST0002830,Customer_2830,39,Female,Northeast,Multi-Utility,Commercial,Apartment,113,0,1,3,High,Rent,0
CUST0002831,Customer_2831,19,Female,Northeast,Electricity,Residential,Apartment,94,1,0,3,Medium-High,Own,1
CUST0002832,Customer_2832,31,Male,West,Gas,Commercial,Condo,41,1,1,4,Medium-High,Own,0
CUST0002833,Customer_2833,68,Male,Midwest,Water,Residential,Condo,3,0,1,3,Medium-High,Own,0
CUST0002834,Customer_2834,40,Male,Northwest,Gas,Residential,Apartment,8,1,1,4,Medium-High,Rent,0
CUST0002835,Customer_2835,41,Male,Northwest,Multi-Utility,Commercial,Apartment,7,0,1,2,Medium-High,Other,0
CUST0002836,Customer_2836,40,Female,Northwest,Gas,Commercial,House,26,0,1,2,Low,Rent,1
CUST0002837,Customer_2837,73,Male,Northeast,Water,Commercial,House,8,1,1,5,Medium-High,Own,1
CUST0002838,Customer_2838,69,Male,Southeast,Water,Commercial,House,42,0,1,2,Medium-High,Own,0
CUST0002839,Customer_2839,78,Male,West,Gas,Residential,Apartment,28,0,1,6,High,Own,1
CUST0002840,Customer_2840,42,Male,Midwest,Dual Fuel,Small Business,Apartment,1,1,0,1,Medium-High,Own,0
CUST0002841,Customer_2841,49,Male,Northwest,Gas,Residential,Condo,49,1,1,3,Medium,Own,0
CUST0002842,Customer_2842,22,Female,West,Gas,Residential,Condo,7,1,0,2,Low,Own,1
CUST0002843,Customer_2843,67,Female,Northeast,Electricity,Residential,House,62,1,1,6,Medium,Own,1
CUST0002844,Customer_2844,27,Male,Northwest,Electricity,Small Business,Townhouse,15,1,1,6,Medium-High,Other,0
CUST0002845,Customer_2845,48,Male,Midwest,Water,Residential,House,14,1,0,2,Low,Rent,0
CUST0002846,Customer_2846,28,Male,Southwest,Multi-Utility,Commercial,Condo,1,0,1,2,Medium-High,Own,0
CUST0002847,Customer_2847,36,Male,Midwest,Electricity,Small Business,House,158,1,1,4,Medium-High,Own,1
CUST0002848,Customer_2848,32,Female,Southeast,Electricity,Residential,Condo,34,0,1,5,Low,Rent,0
CUST0002849,Customer_2849,35,Female,Northwest,Electricity,Small Business,Apartment,19,0,1,4,Medium-High,Rent,1
CUST0002850,Customer_2850,36,Female,Northwest,Water,Residential,Apartment,3,1,1,5,Low,Rent,1
CUST0002851,Customer_2851,36,Female,Southwest,Multi-Utility,Residential,Condo,43,1,1,1,Low,Own,1
CUST0002852,Customer_2852,57,Male,Southwest,Gas,Commercial,House,11,0,0,3,Low,Rent,0
CUST0002853,Customer_2853,28,Female,Northwest,Gas,Residential,House,160,0,0,4,Medium-High,Rent,0
CUST0002854,Customer_2854,48,Female,Southeast,Gas,Commercial,Condo,108,1,0,2,High,Own,0
CUST0002855,Customer_2855,63,Female,Southwest,Electricity,Small Business,Townhouse,47,1,0,4,Medium-High,Rent,1
CUST0002856,Customer_2856,37,Male,Northeast,Water,Small Business,Apartment,127,1,0,5,Medium,Rent,0
CUST0002857,Customer_2857,34,Female,Northwest,Gas,Small Business,House,4,1,1,5,Low,Own,1
CUST0002858,Customer_2858,41,Female,Midwest,Water,Residential,Apartment,11,1,1,2,Medium-High,Own,1
CUST0002859,Customer_2859,62,Female,Midwest,Dual Fuel,Residential,Condo,10,1,1,2,Low,Rent,0
CUST0002860,Customer_2860,47,Male,Southeast,Water,Residential,Apartment,2,1,0,3,Medium-High,Own,1
CUST0002861,Customer_2861,37,Female,Northeast,Water,Residential,Townhouse,129,1,1,2,Medium,Own,0
CUST0002862,Customer_2862,52,Female,Southwest,Multi-Utility,Residential,Apartment,2,1,1,6,Medium,Other,1
CUST0002863,Customer_2863,28,Female,Northwest,Multi-Utility,Prepaid,House,69,1,1,2,Medium,Own,1
CUST0002864,Customer_2864,55,Female,Midwest,Gas,Residential,House,52,1,1,4,Medium-High,Own,1
CUST0002865,Customer_2865,51,Female,Midwest,Electricity,Small Business,Apartment,16,0,1,2,Medium,Own,1
CUST0002866,Customer_2866,40,Male,Midwest,Gas,Residential,Condo,1,1,0,3,Medium,Own,1
CUST0002867,Customer_2867,32,Female,Midwest,Water,Residential,House,1,1,1,1,Medium,Rent,1
CUST0002868,Customer_2868,31,Male,West,Electricity,Residential,Mobile Home,8,1,1,2,Medium,Own,1
CUST0002869,Customer_2869,53,Female,Southeast,Electricity,Small Business,House,24,0,1,3,High,Own,0
CUST0002870,Customer_2870,63,Male,Southwest,Electricity,Residential,Apartment,22,0,1,4,Medium,Own,1
CUST0002871,Customer_2871,35,Female,Northwest,Water,Residential,House,31,1,1,4,Low,Own,0
CUST0002872,Customer_2872,51,Female,Northwest,Gas,Small Business,Townhouse,53,1,1,1,Medium,Rent,1
CUST0002873,Customer_2873,18,Female,Northwest,Electricity,Small Business,Townhouse,17,1,1,2,Low,Own,0
CUST0002874,Customer_2874,36,Female,Southwest,Electricity,Residential,House,6,0,1,4,Medium,Own,0
CUST0002875,Customer_2875,44,Female,Southeast,Water,Small Business,Mobile Home,57,1,1,4,Low,Own,0
CUST0002876,Customer_2876,31,Female,Northeast,Electricity,Small Business,House,14,0,1,2,High,Rent,1
CUST0002877,Customer_2877,30,Male,Southeast,Electricity,Small Business,Condo,12,1,0,2,Medium,Own,1
CUST0002878,Customer_2878,34,Male,Midwest,Water,Residential,Townhouse,52,1,1,1,Medium-High,Rent,0
CUST0002879,Customer_2879,49,Male,Midwest,Gas,Residential,Condo,97,1,0,2,High,Own,0
CUST0002880,Customer_2880,42,Male,Southeast,Electricity,Residential,Mobile Home,88,1,1,1,High,Own,1
CUST0002881,Customer_2881,18,Female,Southeast,Gas,Prepaid,Townhouse,5,0,1,3,Medium,Own,1
CUST0002882,Customer_2882,18,Female,Southwest,Electricity,Residential,Mobile Home,25,1,0,5,High,Own,0
CUST0002883,Customer_2883,35,Female,Southwest,Water,Prepaid,House,3,1,0,1,Medium-High,Own,1
CUST0002884,Customer_2884,51,Male,West,Electricity,Residential,House,116,0,1,4,Low,Own,1
CUST0002885,Customer_2885,18,Male,Northwest,Electricity,Residential,Condo,8,1,1,3,High,Own,1
CUST0002886,Customer_2886,37,Female,West,Water,Residential,Condo,7,1,1,5,Medium,Own,1
CUST0002887,Customer_2887,37,Female,Northwest,Water,Residential,Apartment,79,0,1,4,Low,Rent,0
CUST0002888,Customer_2888,65,Male,Midwest,Electricity,Commercial,House,123,1,1,5,Medium-High,Own,1
CUST0002889,Customer_2889,39,Female,West,Electricity,Commercial,Townhouse,43,0,1,3,Medium-High,Own,1
CUST0002890,Customer_2890,50,Female,West,Dual Fuel,Small Business,Mobile Home,4,1,1,4,High,Own,1
CUST0002891,Customer_2891,47,Male,Northeast,Water,Small Business,Apartment,23,1,1,2,Medium-High,Rent,0
CUST0002892,Customer_2892,18,Female,Southeast,Electricity,Small Business,House,61,0,1,2,Medium,Own,0
CUST0002893,Customer_2893,56,Male,Southwest,Water,Prepaid,House,30,1,1,5,Medium,Own,0
CUST0002894,Customer_2894,48,Female,West,Electricity,Residential,House,5,1,1,4,Medium-High,Own,1
CUST0002895,Customer_2895,52,Male,Southwest,Gas,Small Business,Condo,6,1,0,1,Medium-High,Rent,1
CUST0002896,Customer_2896,85,Male,Northwest,Electricity,Small Business,Mobile Home,71,0,0,5,Low,Rent,0
CUST0002897,Customer_2897,18,Female,West,Electricity,Prepaid,House,26,1,0,2,Low,Rent,0
CUST0002898,Customer_2898,70,Male,Northwest,Electricity,Commercial,Apartment,44,1,1,2,Low,Own,1
CUST0002899,Customer_2899,40,Female,West,Gas,Prepaid,Condo,16,0,1,3,Medium-High,Rent,1
CUST0002900,Customer_2900,49,Male,Midwest,Gas,Small Business,House,27,0,1,3,Low,Rent,1
CUST0002901,Customer_2901,44,Male,Northeast,Gas,Residential,Apartment,135,1,1,3,Medium,Own,0
CUST0002902,Customer_2902,38,Male,Northwest,Electricity,Residential,Condo,14,1,1,2,Medium,Rent,1
CUST0002903,Customer_2903,36,Female,Southeast,Electricity,Small Business,Townhouse,40,1,1,6,Low,Other,1
CUST0002904,Customer_2904,49,Female,Southeast,Water,Small Business,Apartment,6,1,1,6,Medium,Own,1
CUST0002905,Customer_2905,22,Male,Midwest,Electricity,Residential,Condo,4,0,1,1,High,Rent,1
CUST0002906,Customer_2906,56,Female,Midwest,Water,Residential,House,55,1,1,2,Medium-High,Own,0
CUST0002907,Customer_2907,38,Female,Southeast,Electricity,Residential,House,66,1,1,1,Medium,Own,1
CUST0002908,Customer_2908,28,Female,Northwest,Gas,Commercial,House,39,1,0,5,High,Own,0
CUST0002909,Customer_2909,38,Female,Southeast,Gas,Residential,Apartment,6,0,0,5,Medium,Own,0
CUST0002910,Customer_2910,63,Female,Northeast,Multi-Utility,Small Business,House,9,1,0,3,Medium-High,Rent,1
CUST0002911,Customer_2911,36,Female,West,Electricity,Residential,House,87,1,1,4,Medium,Rent,0
CUST0002912,Customer_2912,50,Male,Northeast,Electricity,Residential,Condo,12,1,1,4,Medium-High,Own,0
CUST0002913,Customer_2913,34,Male,Southeast,Gas,Commercial,Condo,61,1,1,3,Medium,Rent,0
CUST0002914,Customer_2914,56,Male,West,Multi-Utility,Residential,House,12,0,0,2,Medium,Rent,1
CUST0002915,Customer_2915,55,Male,Southeast,Multi-Utility,Residential,House,100,1,1,2,Medium-High,Own,1
CUST0002916,Customer_2916,72,Female,Northeast,Gas,Residential,Apartment,88,1,1,2,Medium-High,Own,0
CUST0002917,Customer_2917,42,Male,Northeast,Gas,Residential,House,1,1,1,3,Medium,Rent,1
CUST0002918,Customer_2918,55,Male,Northwest,Gas,Small Business,Apartment,52,0,0,2,Medium-High,Rent,0
CUST0002919,Customer_2919,46,Female,Northwest,Gas,Residential,Condo,6,0,1,2,Medium,Other,0
CUST0002920,Customer_2920,64,Male,Northeast,Gas,Small Business,House,8,0,1,1,Medium-High,Own,0
CUST0002921,Customer_2921,34,Male,West,Dual Fuel,Residential,House,22,1,1,3,Medium-High,Own,0
CUST0002922,Customer_2922,56,Male,Northwest,Water,Commercial,House,30,0,0,6,Low,Rent,1
CUST0002923,Customer_2923,42,Female,Northwest,Gas,Commercial,House,14,1,0,5,High,Rent,0
CUST0002924,Customer_2924,44,Male,Southwest,Gas,Prepaid,Mobile Home,30,1,1,4,Medium-High,Rent,1
CUST0002925,Customer_2925,46,Male,Southwest,Gas,Commercial,Apartment,6,0,1,4,High,Own,1
CUST0002926,Customer_2926,48,Female,Northwest,Gas,Residential,Apartment,1,0,0,3,Medium-High,Own,1
CUST0002927,Customer_2927,43,Female,Southeast,Gas,Residential,Condo,30,1,1,2,Medium-High,Own,1
CUST0002928,Customer_2928,48,Female,West,Electricity,Small Business,House,26,0,0,2,High,Own,1
CUST0002929,Customer_2929,68,Female,Midwest,Electricity,Residential,House,42,1,1,1,Low,Own,0
CUST0002930,Customer_2930,59,Male,Northwest,Gas,Residential,Townhouse,37,0,1,3,High,Rent,1
CUST0002931,Customer_2931,58,Male,Southwest,Dual Fuel,Residential,Townhouse,81,1,0,2,Medium,Own,1
CUST0002932,Customer_2932,38,Male,West,Electricity,Residential,Apartment,22,0,1,4,Low,Own,1
CUST0002933,Customer_2933,31,Male,West,Gas,Small Business,Apartment,1,1,1,2,Medium,Other,0
CUST0002934,Customer_2934,59,Male,Southwest,Electricity,Residential,Townhouse,35,1,1,2,Medium-High,Own,0
CUST0002935,Customer_2935,58,Male,West,Electricity,Residential,House,40,1,0,6,Low,Own,1
CUST0002936,Customer_2936,67,Female,West,Multi-Utility,Small Business,House,26,0,1,1,Low,Own,1
CUST0002937,Customer_2937,35,Female,Southwest,Dual Fuel,Residential,House,42,1,1,3,Medium-High,Rent,0
CUST0002938,Customer_2938,41,Male,Northeast,Electricity,Prepaid,Apartment,14,0,1,1,Medium,Own,0
CUST0002939,Customer_2939,20,Female,Northwest,Water,Residential,House,5,1,1,1,Medium-High,Other,1
CUST0002940,Customer_2940,39,Male,Southeast,Electricity,Small Business,Apartment,39,1,1,3,Medium,Rent,0
CUST0002941,Customer_2941,59,Male,Midwest,Multi-Utility,Residential,Condo,10,0,1,3,Medium,Rent,0
CUST0002942,Customer_2942,38,Female,Southeast,Electricity,Residential,Apartment,21,0,1,2,Low,Own,1
CUST0002943,Customer_2943,54,Male,Northeast,Electricity,Residential,House,24,0,1,5,Medium,Other,0
CUST0002944,Customer_2944,42,Male,Northeast,Gas,Residential,Apartment,23,0,0,4,Medium,Rent,1
CUST0002945,Customer_2945,49,Male,West,Dual Fuel,Commercial,Condo,32,1,1,2,Medium,Rent,0
CUST0002946,Customer_2946,27,Female,Southeast,Electricity,Small Business,House,1,0,0,2,Medium,Rent,1
CUST0002947,Customer_2947,46,Female,Northeast,Water,Residential,House,164,1,1,4,Medium-High,Rent,1
CUST0002948,Customer_2948,18,Male,Southeast,Electricity,Residential,Apartment,45,0,1,4,Low,Own,0
CUST0002949,Customer_2949,42,Female,Northeast,Dual Fuel,Residential,House,19,1,0,1,Medium,Own,0
CUST0002950,Customer_2950,20,Female,Midwest,Electricity,Residential,Mobile Home,7,0,0,2,Low,Own,0
CUST0002951,Customer_2951,63,Female,Northeast,Dual Fuel,Residential,Apartment,3,0,0,2,Medium,Own,0
CUST0002952,Customer_2952,56,Female,Southeast,Gas,Prepaid,House,40,1,0,2,Medium,Rent,0
CUST0002953,Customer_2953,52,Male,West,Gas,Residential,Condo,13,1,1,2,Medium,Own,1
CUST0002954,Customer_2954,67,Male,Southeast,Multi-Utility,Small Business,Apartment,9,1,1,6,Medium,Own,0
CUST0002955,Customer_2955,30,Female,Southwest,Multi-Utility,Small Business,House,17,1,0,4,High,Own,0
CUST0002956,Customer_2956,71,Female,Southeast,Water,Commercial,House,32,1,0,4,High,Other,1
CUST0002957,Customer_2957,58,Female,Midwest,Electricity,Residential,Condo,40,1,1,2,Medium-High,Rent,0
CUST0002958,Customer_2958,41,Female,Northwest,Gas,Small Business,House,37,0,0,1,Medium,Rent,0
CUST0002959,Customer_2959,62,Female,Midwest,Gas,Commercial,House,71,0,1,1,Medium-High,Rent,0
CUST0002960,Customer_2960,28,Female,Midwest,Gas,Residential,House,8,1,0,3,Medium-High,Rent,0
CUST0002961,Customer_2961,32,Female,Northeast,Gas,Residential,House,36,1,1,2,Medium-High,Rent,1
CUST0002962,Customer_2962,35,Female,Midwest,Electricity,Prepaid,Condo,3,1,1,2,Low,Own,0
CUST0002963,Customer_2963,37,Female,Southeast,Water,Small Business,Townhouse,28,0,0,1,Medium-High,Rent,0
CUST0002964,Customer_2964,29,Male,Northwest,Water,Residential,Condo,31,1,0,5,High,Rent,0
CUST0002965,Customer_2965,63,Male,West,Electricity,Small Business,Condo,8,1,1,3,Medium-High,Rent,1
CUST0002966,Customer_2966,41,Female,Midwest,Gas,Residential,Mobile Home,17,1,0,1,Medium-High,Own,0
CUST0002967,Customer_2967,50,Female,Southeast,Gas,Residential,House,63,0,1,4,Medium-High,Other,1
CUST0002968,Customer_2968,36,Female,Northeast,Water,Residential,House,5,1,0,4,Medium,Rent,1
CUST0002969,Customer_2969,18,Female,Northeast,Electricity,Residential,Apartment,20,1,1,2,Medium-High,Rent,0
CUST0002970,Customer_2970,49,Male,West,Gas,Small Business,Apartment,97,1,1,2,Medium-High,Rent,0
CUST0002971,Customer_2971,18,Male,West,Electricity,Small Business,Apartment,25,1,1,4,High,Own,0
CUST0002972,Customer_2972,43,Female,Southeast,Gas,Commercial,House,46,1,0,2,High,Own,0
CUST0002973,Customer_2973,24,Male,West,Water,Residential,House,63,0,1,4,Medium,Own,0
CUST0002974,Customer_2974,74,Male,West,Water,Commercial,Apartment,8,1,1,1,Low,Rent,1
CUST0002975,Customer_2975,58,Male,Northeast,Electricity,Residential,Mobile Home,8,1,1,3,Low,Own,0
CUST0002976,Customer_2976,46,Male,Southeast,Gas,Residential,Apartment,51,0,1,2,High,Rent,0
CUST0002977,Customer_2977,63,Female,Northwest,Multi-Utility,Commercial,House,50,0,0,4,Medium,Rent,1
CUST0002978,Customer_2978,32,Male,West,Electricity,Residential,Condo,2,1,0,6,Medium,Rent,0
CUST0002979,Customer_2979,53,Female,Southeast,Dual Fuel,Residential,House,14,1,0,3,Medium,Own,0
CUST0002980,Customer_2980,47,Male,Midwest,Water,Residential,House,18,1,0,1,Medium,Own,1
CUST0002981,Customer_2981,48,Female,Northeast,Water,Residential,House,63,0,0,2,Medium-High,Rent,0
CUST0002982,Customer_2982,64,Male,Northwest,Electricity,Small Business,Condo,19,1,0,5,Medium-High,Rent,1
CUST0002983,Customer_2983,55,Female,Northeast,Electricity,Prepaid,Townhouse,93,1,0,4,Medium,Own,1
CUST0002984,Customer_2984,49,Female,Northeast,Dual Fuel,Small Business,Apartment,204,1,0,2,Medium-High,Rent,1
CUST0002985,Customer_2985,20,Male,Southwest,Electricity,Commercial,House,54,1,0,6,Medium-High,Own,1
CUST0002986,Customer_2986,30,Female,Southeast,Electricity,Small Business,House,39,1,0,3,Medium,Own,1
CUST0002987,Customer_2987,43,Female,Midwest,Gas,Commercial,House,17,0,0,2,Medium,Own,1
CUST0002988,Customer_2988,46,Male,West,Electricity,Residential,Mobile Home,2,1,1,3,High,Own,1
CUST0002989,Customer_2989,28,Male,Midwest,Water,Commercial,Condo,30,1,0,3,Medium,Own,0
CUST0002990,Customer_2990,81,Female,Southeast,Gas,Residential,House,16,0,0,4,Medium,Rent,1
CUST0002991,Customer_2991,67,Female,Northeast,Dual Fuel,Commercial,Condo,15,1,0,2,Medium-High,Own,1
CUST0002992,Customer_2992,54,Male,Southwest,Water,Residential,Apartment,41,0,1,5,High,Own,0
CUST0002993,Customer_2993,46,Male,Southeast,Electricity,Small Business,Mobile Home,22,1,1,4,Medium,Own,0
CUST0002994,Customer_2994,41,Female,Northwest,Electricity,Small Business,Townhouse,50,1,0,4,Medium-High,Rent,0
CUST0002995,Customer_2995,30,Female,Northwest,Water,Prepaid,House,18,1,1,2,Medium,Own,1
CUST0002996,Customer_2996,46,Female,Southeast,Gas,Small Business,Condo,5,1,1,6,Medium,Rent,1
CUST0002997,Customer_2997,48,Male,West,Multi-Utility,Residential,Apartment,22,1,1,3,Low,Own,0
CUST0002998,Customer_2998,26,Female,Midwest,Water,Small Business,House,108,1,1,5,Low,Own,0
CUST0002999,Customer_2999,50,Male,Midwest,Electricity,Residential,Condo,58,1,1,2,Low,Own,0
CUST0003000,Customer_3000,42,Male,West,Dual Fuel,Residential,Apartment,8,1,0,6,Medium-High,Rent,0
CUST0003001,Customer_3001,18,Female,Southwest,Electricity,Residential,House,17,1,1,4,Low,Own,1
CUST0003002,Customer_3002,32,Other,Northeast,Electricity,Residential,Condo,94,1,1,5,High,Own,0
CUST0003003,Customer_3003,38,Male,Northeast,Water,Residential,Condo,4,0,1,2,High,Own,1
CUST0003004,Customer_3004,73,Male,Northwest,Dual Fuel,Commercial,House,10,1,1,3,Medium,Rent,0
CUST0003005,Customer_3005,53,Female,Southwest,Gas,Commercial,House,10,0,0,1,Medium,Rent,1
CUST0003006,Customer_3006,24,Female,West,Electricity,Residential,Apartment,30,1,0,1,Medium,Rent,1
CUST0003007,Customer_3007,52,Female,Southeast,Electricity,Residential,House,19,0,1,2,Medium-High,Own,0
CUST0003008,Customer_3008,21,Female,Midwest,Electricity,Residential,Townhouse,2,1,1,6,Medium-High,Rent,1
CUST0003009,Customer_3009,61,Male,Southeast,Electricity,Residential,House,35,0,1,4,Medium,Own,0
CUST0003010,Customer_3010,37,Other,Midwest,Electricity,Residential,House,3,0,1,2,Medium,Rent,1
CUST0003011,Customer_3011,43,Female,Southeast,Gas,Residential,House,33,1,0,6,Medium-High,Rent,1
CUST0003012,Customer_3012,64,Female,West,Dual Fuel,Small Business,Apartment,25,1,1,4,Medium-High,Rent,0
CUST0003013,Customer_3013,25,Female,West,Electricity,Small Business,Condo,24,1,1,5,Medium-High,Rent,0
CUST0003014,Customer_3014,24,Female,Southwest,Electricity,Residential,Apartment,2,0,1,5,High,Own,1
CUST0003015,Customer_3015,36,Male,Southeast,Dual Fuel,Residential,House,36,1,1,4,Medium-High,Own,0
CUST0003016,Customer_3016,60,Male,Southeast,Water,Small Business,Townhouse,20,0,1,2,Medium,Own,1
CUST0003017,Customer_3017,22,Female,Southwest,Multi-Utility,Commercial,House,19,1,0,6,Medium-High,Rent,0
CUST0003018,Customer_3018,18,Male,Southwest,Electricity,Residential,House,32,1,0,2,Medium,Own,0
CUST0003019,Customer_3019,38,Male,West,Electricity,Residential,House,33,0,0,4,Medium-High,Own,1
CUST0003020,Customer_3020,53,Female,West,Gas,Residential,House,1,1,1,4,High,Own,1
CUST0003021,Customer_3021,63,Female,Northwest,Gas,Residential,Apartment,4,1,0,2,Medium,Rent,1
CUST0003022,Customer_3022,38,Male,Southeast,Gas,Residential,House,9,1,0,3,Medium,Own,1
CUST0003023,Customer_3023,38,Female,West,Gas,Residential,House,40,0,1,2,Medium,Own,1
CUST0003024,Customer_3024,62,Female,West,Electricity,Residential,Townhouse,30,1,0,2,Low,Own,0
CUST0003025,Customer_3025,18,Female,Southeast,Gas,Residential,House,51,1,0,1,Medium-High,Own,1
CUST0003026,Customer_3026,39,Female,Southwest,Water,Small Business,Townhouse,48,1,1,5,Medium-High,Own,1
CUST0003027,Customer_3027,47,Male,Southeast,Gas,Residential,Condo,69,1,1,1,Medium,Own,0
CUST0003028,Customer_3028,51,Male,Northeast,Water,Small Business,House,17,0,1,5,Medium,Own,1
CUST0003029,Customer_3029,37,Male,Southeast,Gas,Residential,Apartment,15,0,1,3,Medium-High,Own,1
CUST0003030,Customer_3030,45,Female,Northeast,Electricity,Residential,Apartment,64,0,1,3,Low,Rent,1
CUST0003031,Customer_3031,18,Female,Southeast,Electricity,Commercial,House,9,1,1,4,Medium-High,Rent,1
CUST0003032,Customer_3032,35,Female,Northeast,Gas,Small Business,Mobile Home,22,1,1,3,Medium,Own,0
CUST0003033,Customer_3033,51,Female,Northeast,Electricity,Residential,Apartment,7,1,0,2,Medium-High,Own,1
CUST0003034,Customer_3034,30,Female,Southeast,Water,Small Business,Townhouse,88,1,1,1,Medium-High,Own,0
CUST0003035,Customer_3035,45,Female,Northwest,Dual Fuel,Small Business,Townhouse,18,1,1,3,Medium-High,Own,0
CUST0003036,Customer_3036,51,Male,West,Electricity,Residential,House,8,0,0,3,Low,Own,1
CUST0003037,Customer_3037,39,Male,Midwest,Electricity,Residential,House,42,1,0,2,Medium-High,Rent,1
CUST0003038,Customer_3038,47,Female,West,Multi-Utility,Commercial,House,10,1,0,3,Medium-High,Rent,1
CUST0003039,Customer_3039,30,Male,Northeast,Electricity,Residential,Townhouse,103,1,1,3,Medium-High,Rent,1
CUST0003040,Customer_3040,41,Male,Southeast,Electricity,Residential,Townhouse,16,0,1,4,Medium,Own,0
CUST0003041,Customer_3041,54,Female,Southeast,Electricity,Residential,Apartment,39,1,0,3,Medium,Own,0
CUST0003042,Customer_3042,47,Male,Southeast,Water,Small Business,House,15,1,1,5,Medium-High,Rent,0
CUST0003043,Customer_3043,36,Female,Southeast,Electricity,Commercial,House,59,0,1,3,Medium,Own,0
CUST0003044,Customer_3044,48,Male,Northwest,Gas,Commercial,Townhouse,81,1,1,5,Medium-High,Own,1
CUST0003045,Customer_3045,55,Male,Midwest,Gas,Small Business,Mobile Home,55,1,1,3,Medium-High,Own,1
CUST0003046,Customer_3046,18,Male,Southwest,Electricity,Prepaid,House,67,0,0,3,Medium-High,Rent,0
CUST0003047,Customer_3047,62,Female,Northeast,Electricity,Small Business,House,3,0,1,2,Low,Rent,0
CUST0003048,Customer_3048,39,Male,Midwest,Water,Small Business,House,92,1,1,3,Medium,Own,0
CUST0003049,Customer_3049,51,Female,West,Gas,Prepaid,House,35,0,1,5,Low,Rent,1
CUST0003050,Customer_3050,62,Female,Southwest,Electricity,Residential,Townhouse,73,1,0,2,Medium,Rent,1
CUST0003051,Customer_3051,24,Female,Southwest,Electricity,Small Business,Apartment,41,1,0,1,High,Own,1
CUST0003052,Customer_3052,34,Male,Southeast,Gas,Small Business,Condo,8,0,1,4,Medium,Own,0
CUST0003053,Customer_3053,40,Male,Midwest,Dual Fuel,Commercial,Apartment,33,0,0,3,Medium-High,Other,1
CUST0003054,Customer_3054,33,Female,West,Electricity,Commercial,House,3,1,1,2,Medium,Own,1
CUST0003055,Customer_3055,71,Female,Southeast,Gas,Commercial,House,42,0,1,3,High,Own,0
CUST0003056,Customer_3056,32,Other,Southeast,Electricity,Commercial,Townhouse,18,1,0,3,Medium,Rent,1
CUST0003057,Customer_3057,36,Male,Northwest,Electricity,Residential,Condo,5,1,1,3,Medium,Own,1
CUST0003058,Customer_3058,48,Female,Northeast,Electricity,Residential,Apartment,139,1,1,4,Medium-High,Rent,1
CUST0003059,Customer_3059,26,Male,Southwest,Water,Residential,House,83,0,1,2,Medium,Own,0
CUST0003060,Customer_3060,39,Male,West,Gas,Residential,House,80,1,1,4,Medium,Rent,0
CUST0003061,Customer_3061,49,Male,Southwest,Dual Fuel,Residential,House,55,1,1,4,Low,Rent,0
CUST0003062,Customer_3062,40,Male,Midwest,Water,Residential,Condo,42,0,1,4,Low,Own,1
CUST0003063,Customer_3063,43,Female,Northeast,Dual Fuel,Residential,Apartment,38,0,1,2,Medium-High,Own,0
CUST0003064,Customer_3064,37,Male,Southeast,Electricity,Commercial,Apartment,4,1,1,2,High,Own,1
CUST0003065,Customer_3065,22,Female,Northeast,Electricity,Residential,Townhouse,83,0,0,3,Low,Own,1
CUST0003066,Customer_3066,49,Male,Southeast,Multi-Utility,Commercial,Apartment,76,0,1,5,Medium-High,Rent,0
CUST0003067,Customer_3067,71,Female,Northeast,Water,Commercial,Apartment,49,1,1,4,Low,Rent,0
CUST0003068,Customer_3068,45,Male,Southeast,Dual Fuel,Residential,House,94,0,0,3,Medium,Rent,0
CUST0003069,Customer_3069,48,Male,Southwest,Electricity,Residential,Townhouse,28,1,1,6,Medium,Rent,0
CUST0003070,Customer_3070,55,Male,Southwest,Electricity,Small Business,Apartment,21,1,1,3,Medium-High,Rent,0
CUST0003071,Customer_3071,25,Male,Southwest,Water,Small Business,House,123,1,0,4,Low,Rent,0
CUST0003072,Customer_3072,70,Female,Southwest,Electricity,Residential,Condo,22,0,1,4,Medium-High,Rent,0
CUST0003073,Customer_3073,48,Male,Northeast,Gas,Residential,Apartment,36,1,0,5,Medium,Own,1
CUST0003074,Customer_3074,69,Female,Southeast,Gas,Residential,Townhouse,16,1,1,6,Medium-High,Rent,0
CUST0003075,Customer_3075,34,Male,Southwest,Electricity,Residential,Mobile Home,36,0,1,3,Medium-High,Rent,1
CUST0003076,Customer_3076,72,Female,Northeast,Electricity,Residential,Condo,45,0,0,2,Medium,Own,1
CUST0003077,Customer_3077,56,Female,Southeast,Electricity,Residential,Condo,35,0,1,3,Medium-High,Rent,1
CUST0003078,Customer_3078,53,Male,Northeast,Electricity,Small Business,House,26,0,1,5,Medium,Own,0
CUST0003079,Customer_3079,48,Male,Northwest,Gas,Prepaid,Apartment,12,0,1,4,Medium,Own,1
CUST0003080,Customer_3080,41,Male,Southwest,Electricity,Small Business,Townhouse,37,0,1,2,Low,Own,0
CUST0003081,Customer_3081,63,Female,Midwest,Electricity,Commercial,Apartment,86,1,1,1,Medium,Own,0
CUST0003082,Customer_3082,47,Male,Northeast,Dual Fuel,Small Business,Apartment,1,1,0,3,Low,Own,1
CUST0003083,Customer_3083,18,Female,Southwest,Gas,Small Business,Townhouse,5,1,1,3,Medium,Rent,1
CUST0003084,Customer_3084,28,Female,West,Electricity,Residential,House,4,1,1,1,Low,Rent,1
CUST0003085,Customer_3085,42,Female,Southeast,Water,Residential,House,92,1,0,4,Low,Rent,1
CUST0003086,Customer_3086,49,Female,Northwest,Dual Fuel,Commercial,Condo,39,1,0,2,High,Rent,1
CUST0003087,Customer_3087,44,Female,Southwest,Electricity,Commercial,Townhouse,109,1,1,3,Medium-High,Own,1
CUST0003088,Customer_3088,63,Male,West,Gas,Residential,Townhouse,31,0,1,1,Medium,Own,0
CUST0003089,Customer_3089,18,Female,Northeast,Gas,Residential,Condo,22,0,1,5,Medium-High,Rent,0
CUST0003090,Customer_3090,47,Female,Northeast,Electricity,Small Business,Townhouse,56,1,1,4,Medium-High,Rent,1
CUST0003091,Customer_3091,18,Male,West,Water,Residential,Condo,6,0,1,2,Low,Rent,0
CUST0003092,Customer_3092,56,Female,Northwest,Multi-Utility,Residential,House,17,0,0,3,Medium,Own,0
CUST0003093,Customer_3093,43,Male,West,Multi-Utility,Commercial,Townhouse,22,0,1,2,High,Own,1
CUST0003094,Customer_3094,51,Female,Southeast,Electricity,Residential,House,12,1,1,6,Medium-High,Other,0
CUST0003095,Customer_3095,32,Female,Northeast,Electricity,Small Business,House,16,0,0,4,Medium-High,Rent,0
CUST0003096,Customer_3096,64,Male,West,Multi-Utility,Commercial,Apartment,2,1,1,4,Medium-High,Own,1
CUST0003097,Customer_3097,60,Female,Midwest,Gas,Residential,House,7,0,1,2,Medium-High,Own,0
CUST0003098,Customer_3098,53,Male,Midwest,Electricity,Residential,House,14,1,1,1,Medium,Own,0
CUST0003099,Customer_3099,43,Male,West,Water,Residential,House,57,1,1,3,Medium-High,Own,1
CUST0003100,Customer_3100,53,Male,Southeast,Electricity,Residential,House,7,0,1,1,Medium-High,Own,0
CUST0003101,Customer_3101,34,Female,Northeast,Electricity,Small Business,House,15,1,1,4,Low,Rent,0
CUST0003102,Customer_3102,57,Male,Midwest,Dual Fuel,Residential,Apartment,2,1,1,3,Medium-High,Other,1
CUST0003103,Customer_3103,69,Male,West,Electricity,Residential,Townhouse,29,1,1,2,Medium-High,Rent,0
CUST0003104,Customer_3104,61,Female,West,Electricity,Residential,Townhouse,34,1,0,1,Low,Rent,0
CUST0003105,Customer_3105,34,Male,Southwest,Electricity,Residential,Townhouse,72,1,1,6,Medium,Rent,1
CUST0003106,Customer_3106,50,Male,West,Gas,Residential,Apartment,61,1,1,6,High,Own,1
CUST0003107,Customer_3107,25,Male,Southeast,Electricity,Small Business,Condo,12,0,1,1,High,Own,0
CUST0003108,Customer_3108,53,Male,Midwest,Gas,Residential,House,5,1,1,2,Medium-High,Own,0
CUST0003109,Customer_3109,51,Male,Southwest,Gas,Residential,House,6,0,1,2,Low,Rent,1
CUST0003110,Customer_3110,18,Male,Midwest,Dual Fuel,Residential,Condo,125,0,0,2,Medium,Rent,0
CUST0003111,Customer_3111,27,Other,Midwest,Electricity,Commercial,Condo,40,1,1,5,Low,Own,0
CUST0003112,Customer_3112,40,Female,Southeast,Dual Fuel,Residential,Townhouse,1,0,1,4,Medium-High,Own,1
CUST0003113,Customer_3113,40,Male,West,Electricity,Small Business,Condo,5,1,1,6,Medium-High,Own,1
CUST0003114,Customer_3114,26,Male,Southeast,Water,Small Business,House,23,1,1,5,High,Rent,1
CUST0003115,Customer_3115,50,Male,West,Gas,Small Business,Townhouse,8,1,1,4,High,Own,1
CUST0003116,Customer_3116,48,Female,Southwest,Electricity,Residential,Condo,58,0,0,4,Low,Rent,1
CUST0003117,Customer_3117,42,Male,Southeast,Water,Commercial,Townhouse,30,0,0,5,Low,Own,1
CUST0003118,Customer_3118,33,Male,Southeast,Electricity,Small Business,Townhouse,34,1,1,4,High,Other,1
CUST0003119,Customer_3119,60,Female,Northwest,Electricity,Commercial,House,22,1,0,2,Medium-High,Own,0
CUST0003120,Customer_3120,69,Male,Northeast,Electricity,Residential,House,10,0,1,3,Medium,Own,0
CUST0003121,Customer_3121,37,Male,Southeast,Water,Small Business,House,32,1,1,3,Medium,Own,1
CUST0003122,Customer_3122,35,Female,Northwest,Electricity,Small Business,House,45,1,1,6,Medium-High,Rent,1
CUST0003123,Customer_3123,52,Female,Northeast,Electricity,Residential,House,16,0,1,3,Medium-High,Own,0
CUST0003124,Customer_3124,39,Male,West,Electricity,Residential,Apartment,25,1,1,1,Medium,Rent,0
CUST0003125,Customer_3125,42,Female,West,Gas,Small Business,Mobile Home,65,0,0,2,Medium,Own,1
CUST0003126,Customer_3126,56,Male,West,Gas,Residential,Townhouse,5,1,1,5,Medium-High,Rent,0
CUST0003127,Customer_3127,18,Female,Northwest,Electricity,Small Business,Condo,28,0,1,6,Medium,Own,1
CUST0003128,Customer_3128,64,Female,Northwest,Electricity,Residential,House,15,0,1,4,High,Own,0
CUST0003129,Customer_3129,46,Female,Northeast,Gas,Residential,House,43,1,0,1,Medium,Own,1
CUST0003130,Customer_3130,38,Female,West,Water,Small Business,Condo,1,0,1,1,Medium-High,Own,1
CUST0003131,Customer_3131,43,Female,Midwest,Water,Residential,House,39,1,1,3,Medium-High,Own,1
CUST0003132,Customer_3132,44,Female,Southeast,Dual Fuel,Prepaid,Townhouse,3,0,0,6,Medium,Own,0
CUST0003133,Customer_3133,19,Female,Northwest,Electricity,Commercial,Mobile Home,2,1,1,5,Medium,Rent,0
CUST0003134,Customer_3134,67,Male,Northwest,Multi-Utility,Small Business,Apartment,46,1,1,5,Medium-High,Rent,0
CUST0003135,Customer_3135,45,Male,Northwest,Electricity,Commercial,Condo,36,1,1,3,Low,Own,0
CUST0003136,Customer_3136,51,Female,Northeast,Multi-Utility,Commercial,House,81,0,1,5,Medium,Other,0
CUST0003137,Customer_3137,59,Female,West,Electricity,Residential,Condo,26,0,1,2,Medium,Other,0
CUST0003138,Customer_3138,29,Male,Midwest,Gas,Commercial,House,27,1,1,1,Low,Rent,0
CUST0003139,Customer_3139,52,Female,Southeast,Electricity,Residential,House,44,0,1,5,High,Rent,1
CUST0003140,Customer_3140,40,Female,Southeast,Electricity,Residential,Condo,14,1,1,2,Medium-High,Own,0
CUST0003141,Customer_3141,57,Other,West,Dual Fuel,Small Business,Condo,1,1,0,4,Low,Own,1
CUST0003142,Customer_3142,18,Female,Midwest,Water,Small Business,Condo,9,1,0,4,High,Own,1
CUST0003143,Customer_3143,43,Male,Northeast,Multi-Utility,Residential,Apartment,9,0,0,2,Medium,Rent,0
CUST0003144,Customer_3144,35,Male,Northwest,Gas,Residential,Condo,14,1,0,2,Medium,Rent,1
CUST0003145,Customer_3145,51,Male,Northwest,Gas,Small Business,Townhouse,103,1,1,2,Low,Rent,0
CUST0003146,Customer_3146,52,Male,West,Electricity,Residential,Mobile Home,58,1,0,4,Medium-High,Rent,1
CUST0003147,Customer_3147,34,Female,Southeast,Multi-Utility,Small Business,Townhouse,98,1,1,1,Medium-High,Own,0
CUST0003148,Customer_3148,34,Female,Northwest,Gas,Small Business,Townhouse,236,0,1,3,Low,Rent,1
CUST0003149,Customer_3149,43,Female,Southeast,Water,Residential,Condo,20,1,1,4,Low,Own,0
CUST0003150,Customer_3150,31,Female,Southeast,Gas,Residential,Apartment,9,1,0,2,Medium,Own,0
CUST0003151,Customer_3151,57,Male,West,Gas,Small Business,House,29,0,1,1,Medium-High,Own,0
CUST0003152,Customer_3152,39,Male,Southwest,Multi-Utility,Residential,House,76,0,0,2,Medium-High,Own,0
CUST0003153,Customer_3153,18,Male,Southwest,Electricity,Residential,Townhouse,22,0,1,2,Medium,Rent,1
CUST0003154,Customer_3154,39,Male,Southwest,Electricity,Residential,Townhouse,25,1,1,3,Medium-High,Own,1
CUST0003155,Customer_3155,29,Female,Midwest,Electricity,Residential,Condo,5,1,1,6,Medium-High,Rent,1
CUST0003156,Customer_3156,20,Male,West,Water,Residential,Apartment,19,0,1,1,Medium-High,Rent,1
CUST0003157,Customer_3157,26,Male,Southeast,Electricity,Residential,House,17,1,1,5,Medium,Own,1
CUST0003158,Customer_3158,46,Male,Northwest,Electricity,Small Business,House,15,1,1,3,Low,Own,1
CUST0003159,Customer_3159,64,Female,Midwest,Electricity,Small Business,Apartment,78,1,0,4,Medium-High,Own,0
CUST0003160,Customer_3160,49,Male,Southwest,Gas,Commercial,Apartment,2,1,1,5,Medium-High,Own,1
CUST0003161,Customer_3161,35,Female,Northeast,Gas,Residential,Mobile Home,128,1,1,3,Low,Own,0
CUST0003162,Customer_3162,51,Male,Midwest,Electricity,Residential,House,1,1,1,1,Medium,Own,1
CUST0003163,Customer_3163,38,Female,Midwest,Multi-Utility,Small Business,Apartment,104,0,1,1,Medium,Own,0
CUST0003164,Customer_3164,34,Male,West,Multi-Utility,Small Business,Apartment,28,1,1,4,Medium,Own,0
CUST0003165,Customer_3165,27,Female,Northwest,Electricity,Small Business,Mobile Home,43,1,1,2,Medium,Own,0
CUST0003166,Customer_3166,18,Female,Midwest,Water,Small Business,Townhouse,7,0,0,3,Medium,Rent,0
CUST0003167,Customer_3167,39,Female,Northwest,Gas,Small Business,Apartment,38,0,1,3,Medium,Rent,0
CUST0003168,Customer_3168,47,Female,West,Electricity,Residential,Mobile Home,76,0,0,2,Medium,Own,0
CUST0003169,Customer_3169,43,Male,Northeast,Electricity,Small Business,Apartment,5,1,0,4,Medium-High,Rent,0
CUST0003170,Customer_3170,38,Male,Southeast,Gas,Small Business,House,4,1,1,4,Low,Own,1
CUST0003171,Customer_3171,30,Male,Southeast,Gas,Prepaid,Apartment,13,1,0,3,Medium-High,Own,1
CUST0003172,Customer_3172,54,Female,Southwest,Electricity,Small Business,House,6,1,1,2,Low,Own,1
CUST0003173,Customer_3173,25,Male,Southwest,Dual Fuel,Small Business,Condo,4,0,1,2,Medium,Rent,0
CUST0003174,Customer_3174,56,Male,Northeast,Gas,Residential,Mobile Home,40,1,1,3,Medium,Own,0
CUST0003175,Customer_3175,29,Female,Southeast,Water,Commercial,Townhouse,8,0,0,4,Medium-High,Own,0
CUST0003176,Customer_3176,33,Female,Southwest,Electricity,Prepaid,House,39,0,0,3,Medium-High,Rent,0
CUST0003177,Customer_3177,22,Male,Northwest,Gas,Small Business,House,71,0,1,6,Low,Other,0
CUST0003178,Customer_3178,37,Female,Midwest,Electricity,Small Business,House,38,0,1,1,Medium,Own,0
CUST0003179,Customer_3179,59,Female,West,Gas,Residential,House,4,0,0,6,Medium,Own,0
CUST0003180,Customer_3180,52,Male,Southwest,Water,Small Business,House,30,0,0,4,Medium-High,Rent,0
CUST0003181,Customer_3181,59,Male,Northeast,Water,Small Business,Apartment,18,1,0,4,Medium,Own,0
CUST0003182,Customer_3182,52,Female,Southeast,Electricity,Small Business,Condo,15,0,0,2,Medium-High,Own,1
CUST0003183,Customer_3183,28,Female,Northeast,Water,Residential,Townhouse,13,0,1,3,Medium-High,Rent,0
CUST0003184,Customer_3184,40,Male,West,Multi-Utility,Small Business,House,95,1,1,4,Medium-High,Rent,1
CUST0003185,Customer_3185,33,Male,West,Gas,Residential,House,48,1,1,4,High,Own,0
CUST0003186,Customer_3186,64,Female,Northeast,Electricity,Small Business,House,5,0,1,2,High,Rent,1
CUST0003187,Customer_3187,27,Female,Southwest,Water,Residential,House,23,0,0,2,Medium-High,Rent,1
CUST0003188,Customer_3188,58,Female,Southwest,Electricity,Small Business,Apartment,13,1,1,4,High,Own,0
CUST0003189,Customer_3189,58,Male,Southeast,Dual Fuel,Residential,House,137,1,1,5,Low,Own,1
CUST0003190,Customer_3190,72,Male,Northwest,Gas,Residential,Condo,137,0,0,3,Low,Own,1
CUST0003191,Customer_3191,38,Female,Southeast,Electricity,Small Business,Townhouse,13,0,1,2,Medium,Rent,0
CUST0003192,Customer_3192,55,Male,Midwest,Electricity,Residential,Apartment,15,1,1,5,High,Rent,0
CUST0003193,Customer_3193,79,Other,Northwest,Electricity,Small Business,Condo,32,1,1,4,Medium-High,Own,0
CUST0003194,Customer_3194,35,Female,Midwest,Dual Fuel,Commercial,House,23,1,1,2,Medium,Rent,1
CUST0003195,Customer_3195,21,Male,Southeast,Electricity,Prepaid,Townhouse,8,0,1,1,Medium-High,Rent,1
CUST0003196,Customer_3196,18,Female,Northwest,Gas,Residential,House,38,0,1,4,Low,Own,1
CUST0003197,Customer_3197,55,Male,Northwest,Multi-Utility,Commercial,House,14,1,0,2,Medium,Rent,0
CUST0003198,Customer_3198,18,Female,Midwest,Electricity,Residential,House,38,1,0,1,Medium,Rent,1
CUST0003199,Customer_3199,39,Male,Northeast,Gas,Commercial,House,17,0,1,3,Low,Own,0
CUST0003200,Customer_3200,51,Male,Southwest,Gas,Small Business,Apartment,43,1,0,2,Medium,Rent,0
CUST0003201,Customer_3201,47,Female,Northwest,Gas,Residential,Mobile Home,39,0,1,2,Medium-High,Own,0
CUST0003202,Customer_3202,51,Female,Northwest,Electricity,Residential,Townhouse,25,1,1,3,Medium-High,Own,1
CUST0003203,Customer_3203,48,Male,Midwest,Electricity,Residential,Apartment,43,0,0,4,Low,Rent,1
CUST0003204,Customer_3204,64,Female,Northwest,Gas,Small Business,Apartment,22,1,1,2,Medium,Rent,0
CUST0003205,Customer_3205,30,Male,Midwest,Multi-Utility,Residential,Condo,4,1,1,1,Medium-High,Other,0
CUST0003206,Customer_3206,34,Male,Northeast,Electricity,Small Business,Townhouse,7,1,0,3,High,Own,0
CUST0003207,Customer_3207,33,Male,Northwest,Electricity,Small Business,Condo,10,1,1,1,High,Own,1
CUST0003208,Customer_3208,57,Male,West,Electricity,Prepaid,Apartment,2,0,1,4,Low,Own,0
CUST0003209,Customer_3209,58,Male,Southeast,Dual Fuel,Commercial,Condo,44,1,0,6,Medium,Rent,1
CUST0003210,Customer_3210,51,Male,Northeast,Electricity,Residential,Condo,16,0,0,4,Medium,Own,0
CUST0003211,Customer_3211,62,Male,West,Dual Fuel,Small Business,House,3,1,0,2,Medium,Rent,1
CUST0003212,Customer_3212,27,Male,Northeast,Electricity,Commercial,House,61,0,0,2,Medium-High,Own,0
CUST0003213,Customer_3213,70,Male,Southwest,Multi-Utility,Commercial,Condo,41,1,0,2,Low,Own,1
CUST0003214,Customer_3214,67,Female,Northeast,Gas,Residential,Townhouse,21,1,1,2,High,Own,0
CUST0003215,Customer_3215,56,Male,Northeast,Water,Residential,Apartment,10,0,0,2,Medium-High,Rent,1
CUST0003216,Customer_3216,71,Female,Southwest,Electricity,Residential,Mobile Home,5,1,0,1,Medium,Own,1
CUST0003217,Customer_3217,20,Female,Northwest,Water,Residential,House,22,1,0,5,Medium-High,Own,0
CUST0003218,Customer_3218,37,Female,Southeast,Electricity,Residential,Apartment,77,1,1,5,Medium,Own,1
CUST0003219,Customer_3219,33,Female,West,Electricity,Residential,Apartment,7,0,1,3,Medium-High,Rent,1
CUST0003220,Customer_3220,55,Female,Midwest,Electricity,Small Business,Mobile Home,30,1,1,1,High,Rent,0
CUST0003221,Customer_3221,29,Male,Southeast,Dual Fuel,Residential,House,117,1,1,4,Medium,Other,1
CUST0003222,Customer_3222,56,Female,Northeast,Water,Small Business,Apartment,36,0,1,1,Medium-High,Own,0
CUST0003223,Customer_3223,65,Female,Midwest,Gas,Residential,House,20,1,1,1,Low,Own,1
CUST0003224,Customer_3224,55,Female,Southwest,Gas,Commercial,Apartment,45,1,0,2,Medium,Own,1
CUST0003225,Customer_3225,49,Female,Southeast,Electricity,Commercial,Townhouse,62,1,0,3,Medium-High,Rent,1
CUST0003226,Customer_3226,30,Male,Northwest,Dual Fuel,Small Business,House,32,1,0,2,Low,Own,0
CUST0003227,Customer_3227,32,Female,West,Water,Commercial,Townhouse,73,1,1,2,Low,Rent,1
CUST0003228,Customer_3228,63,Female,Southeast,Water,Residential,Mobile Home,26,1,0,1,Low,Own,0
CUST0003229,Customer_3229,56,Male,Southeast,Gas,Small Business,House,63,0,0,5,Medium,Rent,1
CUST0003230,Customer_3230,44,Male,Northwest,Multi-Utility,Residential,Townhouse,109,0,1,2,Medium-High,Own,1
CUST0003231,Customer_3231,38,Female,Midwest,Dual Fuel,Residential,House,25,1,1,2,High,Own,1
CUST0003232,Customer_3232,18,Female,Southwest,Gas,Residential,House,33,0,1,3,Medium,Rent,1
CUST0003233,Customer_3233,28,Female,Northwest,Electricity,Small Business,Condo,33,1,1,1,Low,Own,0
CUST0003234,Customer_3234,73,Female,Southwest,Gas,Residential,Condo,54,1,1,3,Medium,Rent,1
CUST0003235,Customer_3235,25,Male,Northwest,Gas,Small Business,Apartment,62,0,1,2,Low,Rent,0
CUST0003236,Customer_3236,47,Male,Southeast,Electricity,Residential,House,1,0,1,3,Low,Own,0
CUST0003237,Customer_3237,60,Male,Southwest,Electricity,Commercial,Mobile Home,47,1,1,3,Medium-High,Own,1
CUST0003238,Customer_3238,26,Male,Midwest,Gas,Small Business,Condo,55,0,0,4,High,Own,0
CUST0003239,Customer_3239,47,Male,Midwest,Gas,Residential,House,43,1,1,2,High,Own,0
CUST0003240,Customer_3240,59,Male,West,Gas,Residential,Apartment,45,0,0,3,Low,Own,1
CUST0003241,Customer_3241,45,Female,Southwest,Electricity,Commercial,House,1,1,1,6,Low,Own,0
CUST0003242,Customer_3242,85,Female,West,Water,Residential,House,21,0,1,4,Medium,Rent,0
CUST0003243,Customer_3243,19,Male,Northwest,Gas,Residential,Apartment,61,0,0,6,Medium,Own,0
CUST0003244,Customer_3244,60,Male,Northeast,Electricity,Small Business,Apartment,97,0,1,5,Medium-High,Own,0
CUST0003245,Customer_3245,42,Male,Midwest,Electricity,Residential,House,9,0,0,3,Medium,Own,0
CUST0003246,Customer_3246,56,Female,Southeast,Dual Fuel,Residential,Townhouse,31,1,1,2,Low,Rent,0
CUST0003247,Customer_3247,51,Male,Midwest,Water,Residential,House,58,1,1,4,Medium,Own,1
CUST0003248,Customer_3248,34,Male,Northeast,Electricity,Residential,Apartment,50,0,0,4,High,Own,0
CUST0003249,Customer_3249,48,Female,Southeast,Multi-Utility,Residential,House,34,0,1,3,Medium,Own,1
CUST0003250,Customer_3250,18,Female,Southwest,Electricity,Residential,Apartment,1,1,0,4,Medium-High,Rent,1
CUST0003251,Customer_3251,54,Male,Southwest,Multi-Utility,Residential,House,46,1,1,3,Medium,Own,0
CUST0003252,Customer_3252,49,Male,Midwest,Electricity,Residential,Condo,53,1,1,3,Medium-High,Rent,0
CUST0003253,Customer_3253,54,Male,Southeast,Electricity,Prepaid,Apartment,46,0,1,3,Low,Own,0
CUST0003254,Customer_3254,60,Female,Northwest,Gas,Small Business,House,52,1,1,1,Medium-High,Rent,1
CUST0003255,Customer_3255,50,Female,Southeast,Electricity,Small Business,House,20,1,0,5,Medium-High,Rent,0
CUST0003256,Customer_3256,47,Male,West,Gas,Residential,Apartment,182,0,1,5,Low,Rent,0
CUST0003257,Customer_3257,31,Female,Northeast,Water,Residential,House,53,1,0,3,Low,Rent,0
CUST0003258,Customer_3258,34,Male,Southwest,Dual Fuel,Commercial,Apartment,31,1,1,2,Medium,Own,1
CUST0003259,Customer_3259,62,Male,Midwest,Gas,Small Business,Apartment,97,1,0,1,Medium-High,Own,0
CUST0003260,Customer_3260,66,Male,Southeast,Gas,Residential,Condo,85,1,1,1,Medium-High,Rent,0
CUST0003261,Customer_3261,41,Female,Southwest,Electricity,Residential,Mobile Home,60,1,1,1,Medium-High,Own,0
CUST0003262,Customer_3262,45,Male,Midwest,Electricity,Residential,Apartment,29,0,0,2,Medium-High,Own,1
CUST0003263,Customer_3263,31,Male,Southwest,Gas,Commercial,Townhouse,26,0,0,2,Medium,Rent,1
CUST0003264,Customer_3264,62,Male,Midwest,Electricity,Residential,Townhouse,14,1,0,2,Medium-High,Own,0
CUST0003265,Customer_3265,54,Male,Southwest,Water,Small Business,Mobile Home,10,1,1,4,Low,Own,1
CUST0003266,Customer_3266,74,Female,Northwest,Gas,Small Business,House,25,1,0,6,Low,Rent,0
CUST0003267,Customer_3267,31,Male,West,Electricity,Prepaid,Townhouse,31,1,0,2,Medium,Rent,0
CUST0003268,Customer_3268,39,Male,Northeast,Gas,Commercial,Mobile Home,10,1,1,3,Medium-High,Rent,1
CUST0003269,Customer_3269,48,Female,Southwest,Electricity,Residential,Apartment,92,1,0,6,Medium-High,Rent,0
CUST0003270,Customer_3270,54,Female,Northeast,Gas,Small Business,House,29,1,1,5,Medium-High,Own,0
CUST0003271,Customer_3271,41,Female,Southwest,Water,Small Business,Mobile Home,26,1,1,2,Medium,Rent,0
CUST0003272,Customer_3272,31,Female,Southeast,Gas,Small Business,Condo,20,1,1,2,Medium,Rent,0
CUST0003273,Customer_3273,58,Male,West,Electricity,Commercial,Apartment,2,1,1,2,Medium,Own,1
CUST0003274,Customer_3274,55,Female,Northwest,Water,Commercial,Townhouse,77,1,0,2,Low,Rent,0
CUST0003275,Customer_3275,31,Female,West,Electricity,Residential,House,13,0,0,3,Medium-High,Own,0
CUST0003276,Customer_3276,65,Male,Northeast,Water,Residential,House,37,0,1,2,Low,Own,0
CUST0003277,Customer_3277,62,Female,Southeast,Gas,Small Business,Apartment,33,1,0,4,Low,Own,0
CUST0003278,Customer_3278,47,Male,Midwest,Gas,Residential,Apartment,31,0,1,2,Medium-High,Rent,0
CUST0003279,Customer_3279,46,Other,West,Dual Fuel,Residential,Townhouse,26,0,1,4,Low,Own,0
CUST0003280,Customer_3280,53,Female,Northwest,Water,Residential,Apartment,7,1,1,2,Medium-High,Own,0
CUST0003281,Customer_3281,32,Female,Southeast,Electricity,Commercial,Townhouse,11,0,0,3,Medium-High,Rent,0
CUST0003282,Customer_3282,45,Female,Southeast,Electricity,Residential,House,26,1,1,3,Medium-High,Own,1
CUST0003283,Customer_3283,18,Female,Northeast,Dual Fuel,Small Business,Apartment,56,0,1,4,Low,Own,1
CUST0003284,Customer_3284,58,Male,Northwest,Electricity,Residential,House,20,0,1,2,Low,Own,1
CUST0003285,Customer_3285,21,Male,Southeast,Gas,Residential,Apartment,8,1,1,2,Medium-High,Own,1
CUST0003286,Customer_3286,67,Male,Southeast,Water,Residential,Townhouse,3,1,1,2,Medium,Own,1
CUST0003287,Customer_3287,40,Male,Midwest,Gas,Residential,House,39,0,1,3,High,Rent,1
CUST0003288,Customer_3288,41,Female,Northeast,Water,Commercial,Townhouse,19,1,1,1,Low,Own,1
CUST0003289,Customer_3289,35,Male,Northeast,Water,Commercial,House,4,1,1,3,Medium-High,Rent,0
CUST0003290,Customer_3290,40,Male,Northwest,Water,Small Business,House,40,1,0,1,Low,Other,0
CUST0003291,Customer_3291,66,Female,Southeast,Dual Fuel,Residential,House,8,1,0,2,Medium,Rent,0
CUST0003292,Customer_3292,18,Female,Midwest,Gas,Residential,Condo,25,0,0,4,High,Rent,0
CUST0003293,Customer_3293,64,Male,Southwest,Gas,Residential,House,13,1,0,3,Medium-High,Rent,1
CUST0003294,Customer_3294,50,Male,West,Gas,Residential,Condo,96,0,0,2,Medium-High,Other,1
CUST0003295,Customer_3295,26,Male,Northeast,Water,Residential,Condo,9,0,1,3,Medium,Rent,0
CUST0003296,Customer_3296,28,Female,Midwest,Dual Fuel,Small Business,House,19,1,1,4,High,Own,0
CUST0003297,Customer_3297,70,Male,Northwest,Electricity,Residential,Apartment,115,1,1,2,Medium-High,Rent,0
CUST0003298,Customer_3298,30,Female,Midwest,Electricity,Residential,Apartment,13,1,0,2,Low,Rent,0
CUST0003299,Customer_3299,27,Male,Southeast,Multi-Utility,Commercial,Mobile Home,37,0,1,3,Low,Own,1
CUST0003300,Customer_3300,62,Male,West,Gas,Residential,House,13,1,1,6,Low,Rent,1
CUST0003301,Customer_3301,50,Female,Northeast,Electricity,Commercial,House,4,1,1,2,Low,Own,1
CUST0003302,Customer_3302,30,Male,Southwest,Water,Prepaid,Apartment,35,1,1,4,High,Own,1
CUST0003303,Customer_3303,48,Male,Southeast,Multi-Utility,Residential,Condo,89,0,1,5,Medium,Own,1
CUST0003304,Customer_3304,29,Male,Northeast,Dual Fuel,Residential,Condo,21,1,1,3,Medium,Own,0
CUST0003305,Customer_3305,61,Female,Northwest,Water,Small Business,Mobile Home,35,0,1,2,Medium,Own,0
CUST0003306,Customer_3306,60,Female,Northeast,Electricity,Residential,Townhouse,33,1,1,4,Medium,Rent,0
CUST0003307,Customer_3307,52,Male,Midwest,Dual Fuel,Residential,House,19,1,1,1,Medium,Own,1
CUST0003308,Customer_3308,50,Male,West,Gas,Small Business,Apartment,34,0,1,2,Low,Own,0
CUST0003309,Customer_3309,71,Male,Southwest,Dual Fuel,Residential,Condo,10,0,1,2,Low,Rent,0
CUST0003310,Customer_3310,44,Female,West,Electricity,Residential,Mobile Home,17,0,0,2,Medium-High,Own,1
CUST0003311,Customer_3311,27,Female,Midwest,Electricity,Small Business,House,21,1,0,2,Medium,Rent,0
CUST0003312,Customer_3312,51,Female,Southwest,Gas,Small Business,Apartment,71,0,0,4,High,Rent,0
CUST0003313,Customer_3313,76,Female,Southwest,Electricity,Residential,Townhouse,15,1,0,6,Medium,Rent,1
CUST0003314,Customer_3314,29,Male,Southeast,Water,Residential,Apartment,36,0,1,2,Medium,Own,0
CUST0003315,Customer_3315,39,Male,Southwest,Multi-Utility,Residential,Apartment,8,0,0,1,High,Other,1
CUST0003316,Customer_3316,51,Male,Northeast,Water,Residential,Mobile Home,10,1,1,4,Medium,Own,1
CUST0003317,Customer_3317,44,Male,West,Dual Fuel,Small Business,Townhouse,37,1,0,3,Medium,Own,0
CUST0003318,Customer_3318,30,Male,Northwest,Gas,Small Business,House,51,1,1,4,Medium,Rent,0
CUST0003319,Customer_3319,61,Female,Northwest,Water,Small Business,House,22,0,0,3,Medium-High,Rent,0
CUST0003320,Customer_3320,79,Female,West,Dual Fuel,Residential,Apartment,14,0,1,5,Medium,Own,0
CUST0003321,Customer_3321,47,Female,Southeast,Water,Residential,Mobile Home,86,1,1,1,Medium-High,Rent,0
CUST0003322,Customer_3322,31,Male,Southwest,Gas,Residential,Mobile Home,5,1,1,2,Medium,Own,0
CUST0003323,Customer_3323,21,Female,Midwest,Gas,Residential,Townhouse,45,1,1,2,Medium,Own,0
CUST0003324,Customer_3324,48,Female,Northeast,Water,Residential,Apartment,42,0,0,3,Medium-High,Rent,1
CUST0003325,Customer_3325,61,Female,Southeast,Electricity,Residential,House,42,0,1,5,Medium,Other,1
CUST0003326,Customer_3326,52,Male,Southwest,Dual Fuel,Residential,Condo,98,1,1,5,Medium,Other,0
CUST0003327,Customer_3327,44,Male,Northwest,Multi-Utility,Small Business,Apartment,46,1,0,5,Medium-High,Other,0
CUST0003328,Customer_3328,36,Male,Midwest,Gas,Small Business,Condo,12,1,0,2,High,Own,0
CUST0003329,Customer_3329,28,Male,Southwest,Water,Small Business,Condo,15,1,0,4,Medium-High,Own,0
CUST0003330,Customer_3330,57,Female,Southeast,Water,Residential,Apartment,17,0,1,2,Medium,Rent,1
CUST0003331,Customer_3331,58,Male,Midwest,Water,Commercial,Mobile Home,1,1,1,5,High,Rent,1
CUST0003332,Customer_3332,21,Male,Midwest,Gas,Prepaid,House,88,1,0,2,Medium,Own,1
CUST0003333,Customer_3333,68,Female,Midwest,Dual Fuel,Residential,Condo,2,0,1,1,High,Rent,0
CUST0003334,Customer_3334,53,Female,Midwest,Gas,Small Business,Apartment,43,1,0,4,Low,Rent,1
CUST0003335,Customer_3335,65,Male,Southwest,Electricity,Commercial,Condo,47,1,0,4,High,Rent,0
CUST0003336,Customer_3336,24,Female,Midwest,Dual Fuel,Residential,Condo,66,0,1,4,Low,Own,0
CUST0003337,Customer_3337,24,Male,Southwest,Water,Residential,House,29,1,1,2,Medium-High,Rent,0
CUST0003338,Customer_3338,42,Male,Midwest,Dual Fuel,Residential,House,46,1,1,5,Medium-High,Own,0
CUST0003339,Customer_3339,52,Male,Midwest,Electricity,Residential,House,12,1,1,4,Medium-High,Own,0
CUST0003340,Customer_3340,71,Female,Southeast,Electricity,Residential,House,49,1,1,4,Medium-High,Own,0
CUST0003341,Customer_3341,55,Female,Southwest,Multi-Utility,Commercial,Condo,15,1,0,3,Medium,Own,1
CUST0003342,Customer_3342,41,Male,Northwest,Electricity,Small Business,House,83,1,0,4,Low,Own,1
CUST0003343,Customer_3343,29,Female,Southwest,Dual Fuel,Residential,Apartment,6,1,1,3,Medium,Own,1
CUST0003344,Customer_3344,63,Male,West,Dual Fuel,Small Business,House,13,1,1,1,Medium-High,Rent,1
CUST0003345,Customer_3345,30,Female,Northwest,Water,Small Business,Apartment,24,0,0,3,Medium-High,Own,0
CUST0003346,Customer_3346,69,Male,Southeast,Electricity,Residential,Condo,53,1,1,4,Low,Rent,1
CUST0003347,Customer_3347,40,Male,Southwest,Water,Residential,House,49,0,1,2,Medium,Rent,0
CUST0003348,Customer_3348,68,Female,Southeast,Dual Fuel,Commercial,Condo,8,0,1,2,Medium,Own,0
CUST0003349,Customer_3349,55,Female,Northwest,Gas,Small Business,Townhouse,5,0,1,4,Medium-High,Own,0
CUST0003350,Customer_3350,42,Male,Southeast,Gas,Residential,House,13,1,0,2,High,Rent,0
CUST0003351,Customer_3351,37,Male,Southeast,Gas,Residential,Condo,23,0,0,2,Low,Own,0
CUST0003352,Customer_3352,39,Male,Northeast,Electricity,Residential,House,27,1,1,5,High,Own,0
CUST0003353,Customer_3353,51,Male,Southwest,Dual Fuel,Residential,House,20,1,0,2,High,Rent,0
CUST0003354,Customer_3354,46,Female,Southeast,Dual Fuel,Residential,Apartment,39,1,0,2,Low,Own,0
CUST0003355,Customer_3355,36,Other,Northeast,Multi-Utility,Small Business,House,20,0,0,3,Medium,Rent,1
CUST0003356,Customer_3356,42,Male,Northeast,Gas,Residential,Townhouse,105,1,1,3,Medium-High,Rent,0
CUST0003357,Customer_3357,46,Male,Midwest,Water,Residential,House,10,0,0,2,Medium-High,Rent,1
CUST0003358,Customer_3358,18,Female,Midwest,Electricity,Residential,House,35,0,0,5,Medium-High,Own,0
CUST0003359,Customer_3359,51,Male,Northwest,Water,Residential,Apartment,34,1,0,4,Medium,Own,0
CUST0003360,Customer_3360,30,Female,Southwest,Gas,Commercial,Apartment,11,0,1,2,Medium,Rent,1
CUST0003361,Customer_3361,27,Male,Midwest,Dual Fuel,Residential,Condo,19,1,1,2,Low,Rent,0
CUST0003362,Customer_3362,19,Female,Northwest,Dual Fuel,Small Business,House,16,1,0,3,Medium,Rent,1
CUST0003363,Customer_3363,18,Female,Southwest,Multi-Utility,Residential,Townhouse,6,0,1,1,Medium-High,Rent,0
CUST0003364,Customer_3364,24,Female,Northwest,Dual Fuel,Residential,Mobile Home,23,1,1,5,Medium,Rent,1
CUST0003365,Customer_3365,34,Female,Northeast,Dual Fuel,Small Business,Apartment,17,0,1,2,Medium-High,Rent,0
CUST0003366,Customer_3366,74,Male,Northeast,Electricity,Residential,Townhouse,7,0,0,4,Medium,Own,1
CUST0003367,Customer_3367,37,Female,Southwest,Dual Fuel,Small Business,Apartment,21,1,1,4,Medium,Rent,0
CUST0003368,Customer_3368,47,Female,Northwest,Gas,Residential,House,19,0,1,4,High,Own,0
CUST0003369,Customer_3369,51,Male,Northwest,Electricity,Small Business,House,5,1,0,2,Medium,Own,1
CUST0003370,Customer_3370,46,Male,Midwest,Electricity,Small Business,House,5,0,0,3,Low,Rent,1
CUST0003371,Customer_3371,43,Male,Midwest,Water,Small Business,Mobile Home,37,1,0,1,High,Rent,1
CUST0003372,Customer_3372,27,Male,Southwest,Electricity,Small Business,House,44,1,1,4,Medium,Own,0
CUST0003373,Customer_3373,66,Male,West,Gas,Small Business,Condo,101,1,1,3,Low,Other,0
CUST0003374,Customer_3374,72,Female,Midwest,Water,Commercial,House,3,1,0,2,Low,Own,0
CUST0003375,Customer_3375,19,Male,Southeast,Dual Fuel,Residential,Condo,4,1,0,4,High,Own,1
CUST0003376,Customer_3376,29,Female,Midwest,Dual Fuel,Small Business,House,1,1,1,2,Medium-High,Rent,0
CUST0003377,Customer_3377,40,Male,West,Gas,Residential,Townhouse,27,0,1,1,Low,Own,0
CUST0003378,Customer_3378,30,Male,Northwest,Electricity,Residential,House,35,1,1,3,High,Rent,0
CUST0003379,Customer_3379,52,Female,Northeast,Electricity,Residential,Townhouse,18,1,1,2,Medium,Own,1
CUST0003380,Customer_3380,34,Female,Northeast,Electricity,Commercial,Townhouse,57,1,1,6,High,Rent,0
CUST0003381,Customer_3381,77,Male,Northwest,Electricity,Residential,Condo,41,1,0,2,Medium,Rent,0
CUST0003382,Customer_3382,62,Male,Northeast,Multi-Utility,Small Business,House,153,1,1,3,Medium,Own,1
CUST0003383,Customer_3383,48,Male,Midwest,Gas,Residential,House,5,1,1,5,Low,Rent,1
CUST0003384,Customer_3384,60,Female,Northeast,Electricity,Residential,Townhouse,2,1,1,2,Medium,Other,0
CUST0003385,Customer_3385,61,Female,West,Electricity,Commercial,House,11,1,1,2,Low,Own,0
CUST0003386,Customer_3386,36,Male,West,Gas,Residential,House,1,1,1,2,Medium,Own,1
CUST0003387,Customer_3387,32,Female,Midwest,Gas,Residential,Apartment,97,0,0,5,Medium,Rent,1
CUST0003388,Customer_3388,46,Female,Northwest,Electricity,Residential,House,13,1,0,4,Medium,Own,1
CUST0003389,Customer_3389,57,Male,Southeast,Multi-Utility,Small Business,House,28,1,1,2,High,Other,0
CUST0003390,Customer_3390,47,Other,Midwest,Electricity,Residential,Apartment,13,1,1,2,Low,Own,1
CUST0003391,Customer_3391,21,Female,Northeast,Electricity,Residential,Apartment,10,1,1,5,Medium,Own,0
CUST0003392,Customer_3392,32,Male,Midwest,Electricity,Small Business,House,5,1,1,3,Medium-High,Rent,0
CUST0003393,Customer_3393,43,Male,West,Gas,Residential,Apartment,13,0,0,3,Medium-High,Own,1
CUST0003394,Customer_3394,43,Male,Midwest,Electricity,Small Business,Apartment,34,0,1,3,Medium-High,Own,1
CUST0003395,Customer_3395,74,Male,Midwest,Electricity,Residential,Condo,128,0,1,4,Medium-High,Own,0
CUST0003396,Customer_3396,24,Female,Southeast,Electricity,Residential,House,29,0,1,5,High,Rent,1
CUST0003397,Customer_3397,52,Male,West,Gas,Small Business,Condo,27,1,1,4,Medium-High,Own,0
CUST0003398,Customer_3398,67,Female,Southwest,Electricity,Commercial,Apartment,1,1,0,5,Medium-High,Own,1
CUST0003399,Customer_3399,79,Female,Southwest,Electricity,Small Business,Apartment,65,0,0,4,Medium,Rent,1
CUST0003400,Customer_3400,38,Female,West,Gas,Small Business,House,1,0,1,1,Medium-High,Rent,1
CUST0003401,Customer_3401,52,Female,Southwest,Electricity,Residential,House,85,0,1,1,Medium,Rent,1
CUST0003402,Customer_3402,53,Male,Northeast,Gas,Residential,Townhouse,27,0,1,5,Medium,Own,0
CUST0003403,Customer_3403,47,Male,Southwest,Electricity,Residential,House,6,1,1,1,Medium,Own,1
CUST0003404,Customer_3404,43,Female,Northeast,Electricity,Commercial,Condo,21,0,1,4,Medium,Rent,0
CUST0003405,Customer_3405,51,Male,West,Gas,Commercial,Mobile Home,190,0,1,4,Medium,Own,1
CUST0003406,Customer_3406,18,Male,Southwest,Electricity,Prepaid,Apartment,13,1,1,3,Medium,Own,1
CUST0003407,Customer_3407,55,Female,Southwest,Electricity,Residential,Apartment,11,0,0,2,Medium,Own,1
CUST0003408,Customer_3408,46,Female,Northwest,Gas,Residential,House,4,1,1,2,Medium,Own,1
CUST0003409,Customer_3409,41,Male,Northeast,Dual Fuel,Small Business,Mobile Home,32,1,1,1,High,Rent,0
CUST0003410,Customer_3410,75,Female,Northeast,Water,Small Business,Condo,3,0,1,4,Medium,Own,1
CUST0003411,Customer_3411,34,Female,Midwest,Dual Fuel,Small Business,Condo,52,1,1,1,Medium,Own,1
CUST0003412,Customer_3412,38,Male,Southeast,Dual Fuel,Small Business,Apartment,90,1,0,5,Medium,Own,0
CUST0003413,Customer_3413,74,Male,Southwest,Multi-Utility,Residential,Townhouse,96,0,0,2,High,Own,0
CUST0003414,Customer_3414,32,Female,Northwest,Water,Residential,Condo,4,0,1,4,High,Own,0
CUST0003415,Customer_3415,36,Male,Southeast,Gas,Residential,House,29,1,0,1,High,Rent,1
CUST0003416,Customer_3416,42,Male,Northwest,Electricity,Residential,Apartment,3,1,1,3,Medium,Own,1
CUST0003417,Customer_3417,57,Female,Southeast,Electricity,Residential,Apartment,30,1,1,2,Medium,Own,0
CUST0003418,Customer_3418,48,Female,Southwest,Water,Residential,House,60,0,1,1,High,Own,1
CUST0003419,Customer_3419,25,Male,Northwest,Multi-Utility,Residential,Townhouse,27,0,0,4,Medium,Own,1
CUST0003420,Customer_3420,37,Male,Northeast,Gas,Small Business,House,74,1,1,5,Low,Rent,1
CUST0003421,Customer_3421,35,Male,Midwest,Water,Commercial,Apartment,58,1,1,1,Medium,Rent,1
CUST0003422,Customer_3422,43,Other,Northwest,Gas,Commercial,House,11,1,1,2,High,Rent,0
CUST0003423,Customer_3423,51,Male,West,Gas,Residential,House,35,0,0,4,Medium,Own,0
CUST0003424,Customer_3424,51,Female,Southwest,Gas,Residential,Apartment,1,1,1,5,High,Own,0
CUST0003425,Customer_3425,18,Female,Southwest,Gas,Residential,Mobile Home,18,1,0,2,Low,Own,0
CUST0003426,Customer_3426,60,Male,West,Electricity,Prepaid,Apartment,9,1,1,1,Medium-High,Rent,1
CUST0003427,Customer_3427,48,Other,Southeast,Water,Residential,House,99,0,1,1,Low,Own,0
CUST0003428,Customer_3428,65,Female,Midwest,Dual Fuel,Residential,Condo,18,1,1,2,Low,Rent,0
CUST0003429,Customer_3429,51,Female,Southeast,Dual Fuel,Commercial,House,38,1,0,1,Medium-High,Own,0
CUST0003430,Customer_3430,61,Male,West,Electricity,Residential,House,47,0,0,2,Medium,Own,1
CUST0003431,Customer_3431,51,Female,West,Dual Fuel,Commercial,House,53,1,1,3,Medium-High,Rent,0
CUST0003432,Customer_3432,65,Female,Midwest,Electricity,Residential,House,47,1,0,3,High,Own,0
CUST0003433,Customer_3433,52,Other,West,Electricity,Residential,Apartment,12,0,0,1,Low,Own,1
CUST0003434,Customer_3434,43,Male,West,Water,Residential,Apartment,41,1,1,3,Low,Own,1
CUST0003435,Customer_3435,79,Female,Northwest,Electricity,Commercial,House,28,0,0,1,Medium-High,Rent,1
CUST0003436,Customer_3436,58,Male,Midwest,Electricity,Commercial,Townhouse,32,1,0,2,High,Own,1
CUST0003437,Customer_3437,53,Male,Southwest,Electricity,Small Business,House,1,1,1,2,Medium-High,Rent,1
CUST0003438,Customer_3438,25,Male,Southeast,Water,Residential,Mobile Home,10,1,0,1,Medium,Other,0
CUST0003439,Customer_3439,25,Female,Southwest,Electricity,Residential,Apartment,96,1,1,4,Medium-High,Own,1
CUST0003440,Customer_3440,49,Male,Southwest,Gas,Prepaid,House,12,1,1,2,Medium,Own,0
CUST0003441,Customer_3441,47,Female,Northwest,Water,Small Business,Mobile Home,20,1,1,4,Low,Rent,0
CUST0003442,Customer_3442,35,Other,Southeast,Water,Small Business,House,7,1,1,3,Medium-High,Own,1
CUST0003443,Customer_3443,47,Male,Southwest,Dual Fuel,Residential,Apartment,5,0,0,3,Medium-High,Own,0
CUST0003444,Customer_3444,68,Female,Midwest,Gas,Residential,House,8,0,1,3,Medium,Own,0
CUST0003445,Customer_3445,55,Male,Southeast,Electricity,Residential,Condo,29,1,1,1,Medium-High,Own,0
CUST0003446,Customer_3446,27,Male,Northeast,Electricity,Small Business,Apartment,90,0,1,1,Medium,Rent,0
CUST0003447,Customer_3447,43,Female,Northwest,Gas,Commercial,House,14,1,1,2,Medium,Rent,1
CUST0003448,Customer_3448,32,Female,Southwest,Water,Residential,House,14,1,0,3,High,Own,1
CUST0003449,Customer_3449,39,Female,West,Electricity,Residential,Condo,29,0,1,3,Medium,Rent,1
CUST0003450,Customer_3450,38,Female,Southeast,Electricity,Residential,House,15,0,1,4,Low,Rent,0
CUST0003451,Customer_3451,37,Male,Northeast,Water,Residential,House,86,1,0,1,Medium-High,Own,1
CUST0003452,Customer_3452,26,Male,West,Water,Commercial,Apartment,17,1,1,6,Medium-High,Own,1
CUST0003453,Customer_3453,43,Female,Northeast,Water,Residential,Townhouse,24,0,1,2,Medium-High,Rent,0
CUST0003454,Customer_3454,36,Male,Southwest,Dual Fuel,Commercial,House,27,1,0,2,High,Own,0
CUST0003455,Customer_3455,18,Male,West,Water,Small Business,House,54,1,0,5,Medium,Own,0
CUST0003456,Customer_3456,75,Female,Southwest,Water,Small Business,Townhouse,29,1,1,1,Medium,Own,1
CUST0003457,Customer_3457,61,Male,West,Gas,Commercial,House,9,1,1,6,Medium-High,Own,1
CUST0003458,Customer_3458,39,Male,Southeast,Multi-Utility,Small Business,Condo,4,0,1,1,Medium,Rent,0
CUST0003459,Customer_3459,45,Female,Midwest,Gas,Commercial,Mobile Home,99,1,1,1,Medium-High,Own,0
CUST0003460,Customer_3460,27,Female,Midwest,Electricity,Residential,Townhouse,58,0,0,2,Medium-High,Own,0
CUST0003461,Customer_3461,70,Female,Northeast,Electricity,Small Business,House,1,0,1,3,Medium-High,Own,0
CUST0003462,Customer_3462,73,Female,Northwest,Water,Small Business,House,62,0,1,3,Medium-High,Rent,1
CUST0003463,Customer_3463,47,Male,West,Multi-Utility,Residential,House,32,0,1,1,Medium,Own,0
CUST0003464,Customer_3464,60,Female,Southwest,Electricity,Small Business,Mobile Home,26,1,1,1,Medium-High,Rent,0
CUST0003465,Customer_3465,47,Female,Northwest,Electricity,Small Business,Mobile Home,1,0,1,1,Medium-High,Own,0
CUST0003466,Customer_3466,24,Male,Southeast,Dual Fuel,Commercial,House,54,1,1,2,Medium-High,Own,1
CUST0003467,Customer_3467,38,Male,Southeast,Dual Fuel,Residential,Condo,7,1,0,5,Medium,Own,1
CUST0003468,Customer_3468,46,Female,Southeast,Electricity,Small Business,Townhouse,46,1,1,2,Medium,Rent,1
CUST0003469,Customer_3469,38,Female,Midwest,Electricity,Residential,House,1,1,0,4,Low,Own,0
CUST0003470,Customer_3470,41,Female,Southwest,Water,Small Business,House,57,1,1,2,High,Rent,0
CUST0003471,Customer_3471,43,Female,Southeast,Electricity,Residential,House,1,0,1,1,Medium,Own,0
CUST0003472,Customer_3472,43,Female,Southeast,Dual Fuel,Small Business,Apartment,9,1,0,3,Medium-High,Rent,0
CUST0003473,Customer_3473,45,Other,Northeast,Electricity,Residential,Townhouse,11,0,1,4,Low,Own,1
CUST0003474,Customer_3474,29,Female,West,Electricity,Residential,Mobile Home,6,1,1,5,Medium-High,Own,0
CUST0003475,Customer_3475,34,Male,West,Electricity,Residential,House,23,0,1,3,Low,Own,0
CUST0003476,Customer_3476,25,Female,West,Electricity,Residential,House,12,1,0,2,High,Own,0
CUST0003477,Customer_3477,59,Male,Northwest,Electricity,Small Business,Apartment,180,0,0,1,High,Rent,1
CUST0003478,Customer_3478,18,Female,Northeast,Electricity,Commercial,Townhouse,31,0,1,4,Low,Own,1
CUST0003479,Customer_3479,62,Female,Midwest,Water,Residential,Condo,30,1,1,2,Medium-High,Rent,0
CUST0003480,Customer_3480,65,Female,Northwest,Electricity,Residential,Apartment,8,1,1,4,Medium-High,Own,1
CUST0003481,Customer_3481,40,Female,Northeast,Dual Fuel,Residential,Apartment,18,0,1,3,Medium-High,Rent,0
CUST0003482,Customer_3482,18,Male,Southeast,Electricity,Small Business,House,4,1,0,5,Medium-High,Rent,1
CUST0003483,Customer_3483,39,Male,Southwest,Water,Residential,Apartment,51,0,0,3,High,Other,1
CUST0003484,Customer_3484,44,Male,Northwest,Electricity,Residential,Mobile Home,14,1,1,4,Medium,Own,1
CUST0003485,Customer_3485,29,Female,Northwest,Electricity,Residential,House,50,1,0,2,Low,Rent,0
CUST0003486,Customer_3486,37,Female,Southeast,Gas,Residential,Apartment,16,0,1,3,Medium-High,Own,0
CUST0003487,Customer_3487,67,Female,Southeast,Gas,Residential,House,161,1,1,1,Medium-High,Own,0
CUST0003488,Customer_3488,54,Male,Southwest,Water,Residential,Apartment,6,0,1,3,Medium,Rent,0
CUST0003489,Customer_3489,31,Female,West,Water,Small Business,Apartment,1,0,1,3,Medium,Own,0
CUST0003490,Customer_3490,21,Female,Northwest,Water,Small Business,Apartment,32,1,1,4,Medium-High,Rent,1
CUST0003491,Customer_3491,40,Male,Northeast,Gas,Residential,Townhouse,110,1,1,4,Medium-High,Other,0
CUST0003492,Customer_3492,41,Female,Midwest,Dual Fuel,Small Business,Apartment,37,1,1,3,Medium,Rent,1
CUST0003493,Customer_3493,52,Female,Southeast,Gas,Residential,Apartment,3,0,1,1,High,Own,1
CUST0003494,Customer_3494,36,Female,Southeast,Multi-Utility,Commercial,House,27,1,0,5,Low,Rent,1
CUST0003495,Customer_3495,52,Male,Midwest,Dual Fuel,Residential,Townhouse,86,1,1,1,Low,Own,1
CUST0003496,Customer_3496,74,Female,Northeast,Electricity,Small Business,House,1,1,0,4,Medium,Own,0
CUST0003497,Customer_3497,57,Male,Southeast,Electricity,Small Business,Townhouse,6,0,1,3,High,Rent,1
CUST0003498,Customer_3498,44,Other,Midwest,Gas,Residential,House,60,1,0,4,Medium-High,Rent,0
CUST0003499,Customer_3499,42,Male,Southeast,Water,Commercial,House,80,1,1,3,Medium,Rent,1
CUST0003500,Customer_3500,39,Male,West,Gas,Residential,House,44,1,0,3,Low,Own,1
CUST0003501,Customer_3501,62,Female,West,Water,Small Business,Mobile Home,171,0,1,2,Medium-High,Rent,0
CUST0003502,Customer_3502,35,Male,Southeast,Electricity,Residential,House,3,1,1,4,Medium-High,Rent,1
CUST0003503,Customer_3503,45,Female,Southeast,Electricity,Residential,House,28,1,1,2,High,Own,0
CUST0003504,Customer_3504,45,Female,West,Electricity,Small Business,House,41,1,0,4,Medium-High,Own,1
CUST0003505,Customer_3505,37,Female,Southeast,Gas,Residential,House,43,1,1,2,Low,Own,1
CUST0003506,Customer_3506,24,Other,Northeast,Water,Residential,House,56,0,1,4,Medium-High,Own,1
CUST0003507,Customer_3507,49,Male,Northeast,Electricity,Residential,Apartment,89,0,1,2,Medium,Own,1
CUST0003508,Customer_3508,44,Female,Southwest,Gas,Small Business,House,16,1,0,2,High,Rent,0
CUST0003509,Customer_3509,52,Male,Northeast,Electricity,Residential,Apartment,1,0,0,4,Low,Own,1
CUST0003510,Customer_3510,36,Male,Northwest,Electricity,Residential,House,16,1,1,4,Medium,Rent,0
CUST0003511,Customer_3511,63,Female,Northwest,Water,Small Business,Apartment,40,1,1,4,Medium,Rent,1
CUST0003512,Customer_3512,31,Male,Northwest,Electricity,Residential,Apartment,8,0,1,5,Low,Own,0
CUST0003513,Customer_3513,70,Female,Southeast,Water,Residential,House,59,1,0,2,Medium,Own,0
CUST0003514,Customer_3514,18,Female,Southeast,Dual Fuel,Residential,Apartment,8,1,0,2,Medium,Rent,1
CUST0003515,Customer_3515,51,Female,Midwest,Dual Fuel,Residential,House,1,1,0,2,Medium,Rent,0
CUST0003516,Customer_3516,52,Other,Northwest,Electricity,Residential,House,25,1,0,2,Medium,Rent,0
CUST0003517,Customer_3517,33,Male,Northwest,Gas,Commercial,Condo,46,0,1,2,High,Own,0
CUST0003518,Customer_3518,51,Female,Northeast,Water,Residential,Apartment,15,1,0,4,Medium,Rent,0
CUST0003519,Customer_3519,64,Female,West,Water,Residential,Condo,49,1,1,2,High,Rent,1
CUST0003520,Customer_3520,18,Female,West,Water,Residential,House,20,1,1,2,Low,Own,0
CUST0003521,Customer_3521,52,Male,Southwest,Electricity,Residential,House,6,0,0,3,Medium,Own,1
CUST0003522,Customer_3522,18,Female,Midwest,Electricity,Small Business,House,3,0,1,2,Medium-High,Rent,0
CUST0003523,Customer_3523,30,Male,West,Gas,Residential,Apartment,44,1,1,2,Medium,Own,1
CUST0003524,Customer_3524,69,Male,Southwest,Water,Residential,Apartment,17,0,0,1,Medium,Other,1
CUST0003525,Customer_3525,36,Female,Northeast,Electricity,Residential,House,87,1,1,6,High,Rent,0
CUST0003526,Customer_3526,27,Female,Midwest,Electricity,Commercial,Townhouse,27,0,1,2,Medium,Rent,0
CUST0003527,Customer_3527,42,Female,Midwest,Water,Residential,House,15,0,1,5,Medium,Rent,0
CUST0003528,Customer_3528,76,Female,Northwest,Electricity,Residential,Mobile Home,15,0,1,3,Medium-High,Own,0
CUST0003529,Customer_3529,18,Female,Southeast,Electricity,Small Business,House,5,0,1,2,Low,Rent,1
CUST0003530,Customer_3530,29,Male,Northwest,Electricity,Residential,Townhouse,32,1,1,2,Medium-High,Own,0
CUST0003531,Customer_3531,67,Male,Northeast,Electricity,Small Business,Apartment,31,1,0,4,Low,Own,1
CUST0003532,Customer_3532,72,Male,Northwest,Gas,Small Business,Townhouse,57,0,0,6,Low,Rent,0
CUST0003533,Customer_3533,43,Female,Midwest,Electricity,Residential,House,8,0,1,2,Low,Own,0
CUST0003534,Customer_3534,26,Male,Northwest,Electricity,Residential,Apartment,12,0,1,1,High,Own,1
CUST0003535,Customer_3535,76,Male,Southwest,Electricity,Prepaid,House,3,0,0,2,Low,Rent,1
CUST0003536,Customer_3536,68,Female,Northwest,Electricity,Small Business,Mobile Home,12,1,0,2,Medium,Own,0
CUST0003537,Customer_3537,55,Male,West,Water,Commercial,Mobile Home,20,1,1,4,Medium,Own,0
CUST0003538,Customer_3538,32,Male,Northeast,Electricity,Residential,House,119,1,1,3,Medium,Own,0
CUST0003539,Customer_3539,44,Female,Northeast,Gas,Residential,Condo,38,1,0,1,Medium,Own,0
CUST0003540,Customer_3540,42,Male,Midwest,Electricity,Commercial,Apartment,54,1,0,5,Medium,Own,0
CUST0003541,Customer_3541,49,Male,Northwest,Electricity,Residential,House,14,1,0,2,Medium-High,Rent,0
CUST0003542,Customer_3542,66,Male,Midwest,Electricity,Prepaid,House,5,1,1,4,High,Own,1
CUST0003543,Customer_3543,58,Female,Midwest,Electricity,Residential,Mobile Home,10,1,1,4,Medium,Own,1
CUST0003544,Customer_3544,28,Female,Southwest,Water,Commercial,Apartment,10,1,0,1,Low,Own,1
CUST0003545,Customer_3545,65,Male,Southeast,Gas,Residential,House,31,0,1,1,High,Own,0
CUST0003546,Customer_3546,49,Female,Midwest,Dual Fuel,Residential,House,15,1,0,1,High,Own,1
CUST0003547,Customer_3547,55,Male,Southeast,Electricity,Commercial,House,70,1,1,6,Medium,Own,0
CUST0003548,Customer_3548,66,Female,Southeast,Electricity,Residential,Apartment,160,1,0,4,Medium,Rent,1
CUST0003549,Customer_3549,28,Male,Northeast,Electricity,Residential,House,15,0,1,1,Low,Own,1
CUST0003550,Customer_3550,44,Female,West,Water,Residential,Apartment,43,1,1,3,Medium,Own,1
CUST0003551,Customer_3551,37,Female,West,Electricity,Small Business,House,38,1,0,3,Medium,Rent,1
CUST0003552,Customer_3552,21,Female,Northwest,Gas,Prepaid,House,7,0,1,1,High,Own,1
CUST0003553,Customer_3553,50,Male,Southwest,Electricity,Residential,House,90,1,0,3,Low,Own,1
CUST0003554,Customer_3554,82,Male,Southwest,Electricity,Residential,Townhouse,8,1,1,4,Medium,Rent,0
CUST0003555,Customer_3555,18,Female,West,Multi-Utility,Residential,House,48,0,0,2,Medium-High,Own,0
CUST0003556,Customer_3556,44,Male,Northwest,Gas,Small Business,Townhouse,15,1,0,5,Medium,Own,0
CUST0003557,Customer_3557,54,Female,West,Water,Residential,House,16,0,1,4,Medium,Rent,1
CUST0003558,Customer_3558,46,Female,Northwest,Water,Residential,Apartment,21,1,1,1,High,Rent,0
CUST0003559,Customer_3559,43,Female,Northwest,Gas,Residential,House,71,1,1,5,Medium,Rent,0
CUST0003560,Customer_3560,25,Male,Northwest,Electricity,Small Business,Condo,5,1,0,1,High,Rent,1
CUST0003561,Customer_3561,48,Female,Northwest,Gas,Commercial,Townhouse,2,1,1,5,Low,Own,0
CUST0003562,Customer_3562,33,Female,Northeast,Electricity,Residential,House,18,1,1,2,Low,Rent,0
CUST0003563,Customer_3563,18,Female,Northeast,Gas,Residential,House,2,1,1,4,High,Rent,1
CUST0003564,Customer_3564,62,Male,West,Gas,Small Business,Condo,41,0,1,4,Low,Rent,1
CUST0003565,Customer_3565,59,Male,Northwest,Water,Small Business,House,51,1,1,2,Medium-High,Rent,1
CUST0003566,Customer_3566,45,Male,Midwest,Water,Residential,Condo,69,0,1,2,Medium,Own,0
CUST0003567,Customer_3567,48,Male,Northwest,Water,Residential,House,49,0,1,3,Medium,Own,0
CUST0003568,Customer_3568,61,Female,Midwest,Electricity,Residential,Condo,89,1,0,3,Medium-High,Rent,1
CUST0003569,Customer_3569,48,Female,Northeast,Electricity,Small Business,Apartment,49,1,0,2,Medium-High,Rent,0
CUST0003570,Customer_3570,58,Male,Northwest,Electricity,Small Business,House,99,1,1,6,High,Rent,1
CUST0003571,Customer_3571,40,Female,Southeast,Water,Residential,Condo,7,0,0,4,Medium,Own,0
CUST0003572,Customer_3572,64,Male,West,Multi-Utility,Residential,Apartment,24,0,1,2,Medium-High,Own,1
CUST0003573,Customer_3573,49,Male,Northwest,Electricity,Residential,House,183,1,1,3,Medium,Own,0
CUST0003574,Customer_3574,47,Male,Southwest,Electricity,Prepaid,Apartment,41,0,1,3,Medium-High,Rent,1
CUST0003575,Customer_3575,25,Male,Midwest,Gas,Residential,Apartment,75,0,1,5,Low,Own,0
CUST0003576,Customer_3576,49,Female,Northwest,Dual Fuel,Commercial,House,1,1,1,2,Medium,Rent,1
CUST0003577,Customer_3577,32,Male,Southeast,Gas,Small Business,Mobile Home,73,1,1,2,Low,Rent,0
CUST0003578,Customer_3578,35,Female,Midwest,Electricity,Residential,Condo,43,0,1,1,Medium,Rent,0
CUST0003579,Customer_3579,32,Male,Southeast,Multi-Utility,Residential,House,6,0,1,6,Medium-High,Rent,1
CUST0003580,Customer_3580,29,Female,West,Dual Fuel,Commercial,Townhouse,1,1,1,2,Medium,Rent,1
CUST0003581,Customer_3581,76,Male,West,Electricity,Residential,House,10,1,0,2,Medium-High,Rent,0
CUST0003582,Customer_3582,64,Male,West,Multi-Utility,Commercial,Apartment,89,0,1,3,Medium,Own,0
CUST0003583,Customer_3583,73,Male,Northeast,Gas,Residential,House,39,1,1,2,Low,Rent,0
CUST0003584,Customer_3584,26,Male,Southeast,Electricity,Small Business,Condo,90,0,0,2,Medium,Own,0
CUST0003585,Customer_3585,46,Male,Northwest,Gas,Commercial,Condo,21,1,0,3,High,Own,1
CUST0003586,Customer_3586,25,Female,Southwest,Dual Fuel,Commercial,Apartment,99,0,1,1,High,Rent,1
CUST0003587,Customer_3587,34,Female,Southwest,Water,Residential,House,22,1,1,3,Medium,Own,0
CUST0003588,Customer_3588,31,Female,West,Electricity,Small Business,House,8,1,1,2,Low,Rent,0
CUST0003589,Customer_3589,63,Female,Southwest,Multi-Utility,Residential,Apartment,5,1,0,3,Low,Own,1
CUST0003590,Customer_3590,39,Male,Midwest,Electricity,Residential,House,183,1,0,2,Medium-High,Rent,1
CUST0003591,Customer_3591,61,Male,Southeast,Water,Residential,House,14,1,0,3,Medium-High,Other,1
CUST0003592,Customer_3592,54,Other,Southeast,Gas,Residential,Condo,6,1,1,1,Medium,Rent,1
CUST0003593,Customer_3593,79,Female,Southeast,Electricity,Residential,Townhouse,1,0,1,2,Medium,Own,1
CUST0003594,Customer_3594,22,Female,Midwest,Electricity,Residential,House,12,0,1,2,Medium-High,Own,0
CUST0003595,Customer_3595,63,Female,Northwest,Dual Fuel,Prepaid,House,79,1,1,3,Medium,Other,0
CUST0003596,Customer_3596,62,Male,Northeast,Gas,Small Business,Townhouse,27,1,1,2,Medium-High,Rent,0
CUST0003597,Customer_3597,30,Male,Midwest,Water,Residential,Townhouse,36,1,0,3,Medium,Own,0
CUST0003598,Customer_3598,60,Male,Southeast,Gas,Prepaid,Apartment,92,1,0,3,Medium-High,Rent,1
CUST0003599,Customer_3599,50,Male,Southeast,Water,Residential,House,25,1,0,3,Medium,Own,0
CUST0003600,Customer_3600,41,Male,Southeast,Gas,Residential,Condo,65,1,1,2,Medium,Own,0
CUST0003601,Customer_3601,32,Male,Northwest,Electricity,Small Business,Townhouse,14,1,0,3,Medium-High,Rent,0
CUST0003602,Customer_3602,34,Female,Southwest,Electricity,Residential,House,135,0,1,6,Medium,Own,0
CUST0003603,Customer_3603,75,Female,Northeast,Dual Fuel,Small Business,Apartment,2,0,0,2,Medium,Own,1
CUST0003604,Customer_3604,45,Female,Midwest,Gas,Residential,Apartment,46,1,0,1,Medium,Rent,0
CUST0003605,Customer_3605,56,Female,Southeast,Electricity,Residential,Apartment,38,0,1,2,High,Rent,0
CUST0003606,Customer_3606,33,Male,West,Multi-Utility,Residential,Condo,7,0,1,3,High,Rent,0
CUST0003607,Customer_3607,33,Male,Northeast,Water,Commercial,Apartment,17,0,1,2,Medium,Own,1
CUST0003608,Customer_3608,61,Female,West,Electricity,Small Business,Condo,13,1,1,4,Low,Rent,1
CUST0003609,Customer_3609,24,Male,Northeast,Multi-Utility,Small Business,Apartment,3,1,0,3,Low,Rent,0
CUST0003610,Customer_3610,38,Male,Southeast,Water,Small Business,House,31,0,1,2,High,Rent,0
CUST0003611,Customer_3611,45,Male,Northeast,Electricity,Residential,Condo,182,1,1,6,High,Own,1
CUST0003612,Customer_3612,46,Male,Northeast,Electricity,Small Business,Condo,29,0,1,1,Low,Own,0
CUST0003613,Customer_3613,42,Female,Southeast,Water,Residential,Mobile Home,28,1,0,1,Medium-High,Rent,0
CUST0003614,Customer_3614,50,Male,Northwest,Water,Residential,Apartment,1,1,1,2,Medium-High,Own,1
CUST0003615,Customer_3615,55,Female,West,Electricity,Small Business,House,5,1,0,1,Medium,Own,0
CUST0003616,Customer_3616,56,Female,Northwest,Electricity,Residential,Mobile Home,25,1,0,4,Medium,Own,1
CUST0003617,Customer_3617,30,Male,West,Electricity,Residential,Condo,151,0,0,2,Medium-High,Own,0
CUST0003618,Customer_3618,40,Male,Southwest,Gas,Commercial,Mobile Home,75,1,1,4,Low,Own,0
CUST0003619,Customer_3619,62,Male,West,Electricity,Small Business,House,14,0,1,4,Low,Rent,1
CUST0003620,Customer_3620,58,Male,West,Electricity,Small Business,House,28,0,1,2,Low,Rent,1
CUST0003621,Customer_3621,24,Female,Northeast,Water,Residential,House,28,1,1,3,High,Own,1
CUST0003622,Customer_3622,50,Female,Southwest,Water,Residential,Townhouse,41,1,1,3,Medium-High,Rent,1
CUST0003623,Customer_3623,18,Female,Southeast,Gas,Small Business,Townhouse,41,1,1,5,Medium,Own,1
CUST0003624,Customer_3624,45,Male,Southeast,Electricity,Small Business,Apartment,56,1,0,1,Medium-High,Own,0
CUST0003625,Customer_3625,73,Female,Midwest,Gas,Residential,House,1,1,1,2,High,Own,0
CUST0003626,Customer_3626,30,Female,Southwest,Electricity,Prepaid,House,103,1,1,5,Low,Own,1
CUST0003627,Customer_3627,32,Female,Northeast,Multi-Utility,Prepaid,Apartment,2,0,1,2,Low,Own,0
CUST0003628,Customer_3628,56,Female,Midwest,Water,Residential,Apartment,23,1,1,1,Medium,Rent,1
CUST0003629,Customer_3629,21,Female,Midwest,Electricity,Commercial,Condo,90,1,1,3,High,Rent,0
CUST0003630,Customer_3630,35,Female,Southeast,Electricity,Residential,House,24,0,0,2,Medium,Own,1
CUST0003631,Customer_3631,53,Female,West,Gas,Residential,Apartment,2,1,1,3,Medium-High,Own,0
CUST0003632,Customer_3632,35,Male,Northeast,Gas,Residential,House,9,0,0,4,Medium,Own,1
CUST0003633,Customer_3633,41,Female,Southwest,Gas,Small Business,Condo,31,1,0,3,Medium,Other,0
CUST0003634,Customer_3634,56,Male,Midwest,Dual Fuel,Commercial,Apartment,3,1,1,3,Low,Own,1
CUST0003635,Customer_3635,51,Male,Northeast,Water,Small Business,Mobile Home,19,0,1,2,Medium,Rent,0
CUST0003636,Customer_3636,49,Other,Southeast,Gas,Small Business,Condo,14,0,0,4,Medium,Own,0
CUST0003637,Customer_3637,39,Female,Midwest,Dual Fuel,Residential,Apartment,60,1,1,4,Medium,Own,0
CUST0003638,Customer_3638,50,Male,Midwest,Water,Residential,House,4,1,1,2,Medium-High,Rent,1
CUST0003639,Customer_3639,43,Male,Northwest,Water,Residential,Mobile Home,41,1,0,2,High,Own,1
CUST0003640,Customer_3640,51,Male,Southeast,Multi-Utility,Residential,House,18,1,1,4,Medium,Rent,0
CUST0003641,Customer_3641,37,Female,Northwest,Electricity,Small Business,House,31,0,0,2,Medium-High,Rent,0
CUST0003642,Customer_3642,42,Female,Southeast,Electricity,Residential,Mobile Home,8,0,1,3,High,Rent,1
CUST0003643,Customer_3643,30,Female,Southeast,Dual Fuel,Small Business,Condo,33,1,0,2,Low,Rent,0
CUST0003644,Customer_3644,44,Female,Northwest,Water,Residential,Apartment,40,1,1,2,Medium-High,Rent,1
CUST0003645,Customer_3645,32,Male,Northeast,Multi-Utility,Residential,House,2,0,1,2,Medium-High,Own,0
CUST0003646,Customer_3646,28,Female,Northeast,Electricity,Residential,Townhouse,62,1,1,4,Medium,Rent,1
CUST0003647,Customer_3647,48,Male,Northeast,Gas,Commercial,House,71,0,1,3,Low,Rent,0
CUST0003648,Customer_3648,48,Female,West,Electricity,Residential,House,2,1,0,3,Medium,Own,0
CUST0003649,Customer_3649,56,Female,Midwest,Gas,Residential,House,33,0,0,2,Medium-High,Own,0
CUST0003650,Customer_3650,38,Female,Northeast,Electricity,Commercial,House,32,0,1,2,Low,Own,0
CUST0003651,Customer_3651,51,Male,West,Electricity,Prepaid,Mobile Home,1,0,1,1,Medium,Own,1
CUST0003652,Customer_3652,53,Male,Midwest,Electricity,Small Business,Condo,15,0,1,1,Medium-High,Own,1
CUST0003653,Customer_3653,51,Male,Northeast,Gas,Residential,Condo,124,0,0,3,Medium,Own,0
CUST0003654,Customer_3654,32,Female,Southeast,Electricity,Residential,Mobile Home,29,1,1,3,Low,Rent,1
CUST0003655,Customer_3655,47,Male,Southwest,Electricity,Prepaid,House,97,1,1,2,Medium,Own,0
CUST0003656,Customer_3656,50,Male,Northeast,Electricity,Commercial,House,40,0,1,6,High,Rent,0
CUST0003657,Customer_3657,45,Male,Southwest,Electricity,Small Business,Apartment,1,1,0,2,Medium,Rent,1
CUST0003658,Customer_3658,18,Female,Northeast,Multi-Utility,Residential,Apartment,2,1,1,4,Medium,Own,0
CUST0003659,Customer_3659,47,Male,Southeast,Electricity,Residential,Apartment,46,0,1,2,Low,Own,1
CUST0003660,Customer_3660,78,Female,Southwest,Electricity,Residential,House,29,1,1,2,Medium,Rent,0
CUST0003661,Customer_3661,39,Female,West,Dual Fuel,Small Business,Apartment,4,0,1,3,Medium-High,Rent,1
CUST0003662,Customer_3662,34,Female,Southeast,Gas,Residential,House,34,0,1,1,High,Rent,1
CUST0003663,Customer_3663,50,Male,Southwest,Water,Prepaid,House,59,1,0,1,Medium-High,Rent,1
CUST0003664,Customer_3664,49,Male,Southwest,Gas,Residential,House,50,0,1,1,Medium,Rent,0
CUST0003665,Customer_3665,62,Male,Northwest,Multi-Utility,Small Business,House,10,1,1,2,Medium,Own,1
CUST0003666,Customer_3666,26,Male,Northwest,Electricity,Residential,Apartment,10,0,1,3,Low,Own,0
CUST0003667,Customer_3667,55,Male,Southeast,Multi-Utility,Residential,House,123,1,0,4,Low,Own,0
CUST0003668,Customer_3668,53,Female,Southeast,Dual Fuel,Residential,Mobile Home,78,1,1,2,Medium-High,Rent,1
CUST0003669,Customer_3669,42,Male,Southeast,Gas,Small Business,Mobile Home,13,0,0,2,Medium,Own,1
CUST0003670,Customer_3670,50,Female,Midwest,Water,Small Business,Apartment,62,1,0,4,Low,Rent,1
CUST0003671,Customer_3671,60,Male,West,Gas,Residential,Mobile Home,6,1,0,2,Medium,Own,0
CUST0003672,Customer_3672,58,Female,Northeast,Electricity,Commercial,Mobile Home,7,1,0,4,Medium,Own,1
CUST0003673,Customer_3673,27,Female,Northwest,Electricity,Residential,Apartment,7,1,1,5,Medium-High,Rent,1
CUST0003674,Customer_3674,57,Female,Southwest,Multi-Utility,Commercial,Apartment,3,0,0,2,Medium,Rent,0
CUST0003675,Customer_3675,44,Female,Northwest,Gas,Commercial,Mobile Home,69,1,0,1,Medium-High,Own,0
CUST0003676,Customer_3676,46,Female,Northeast,Electricity,Commercial,Condo,31,0,0,6,Medium-High,Other,0
CUST0003677,Customer_3677,46,Female,Southeast,Water,Residential,House,10,0,1,2,Low,Own,1
CUST0003678,Customer_3678,42,Male,Northwest,Gas,Residential,Condo,67,0,1,2,High,Rent,0
CUST0003679,Customer_3679,62,Female,West,Electricity,Prepaid,House,58,1,1,3,Low,Rent,1
CUST0003680,Customer_3680,43,Male,West,Water,Residential,House,3,1,1,2,Medium,Own,1
CUST0003681,Customer_3681,28,Male,Midwest,Water,Residential,House,37,0,1,6,Medium-High,Rent,1
CUST0003682,Customer_3682,39,Male,Northwest,Electricity,Small Business,House,46,0,1,1,Low,Rent,1
CUST0003683,Customer_3683,47,Male,Southeast,Multi-Utility,Residential,House,45,0,0,3,Medium,Own,0
CUST0003684,Customer_3684,63,Male,Southwest,Electricity,Small Business,Townhouse,46,0,1,3,High,Rent,1
CUST0003685,Customer_3685,54,Male,Midwest,Gas,Commercial,House,6,0,0,3,Medium-High,Rent,0
CUST0003686,Customer_3686,32,Male,Southeast,Electricity,Small Business,House,13,0,1,3,Medium,Rent,0
CUST0003687,Customer_3687,82,Female,Midwest,Gas,Residential,House,66,0,1,6,Medium-High,Rent,1
CUST0003688,Customer_3688,48,Male,Northwest,Electricity,Residential,Apartment,82,1,0,5,Medium-High,Own,1
CUST0003689,Customer_3689,64,Female,Northeast,Electricity,Residential,Mobile Home,11,1,1,2,Medium,Own,1
CUST0003690,Customer_3690,42,Male,Northwest,Dual Fuel,Residential,House,1,1,1,3,Medium-High,Own,1
CUST0003691,Customer_3691,53,Female,Southeast,Electricity,Residential,House,70,1,1,1,High,Rent,1
CUST0003692,Customer_3692,57,Female,Southwest,Water,Residential,Apartment,17,0,1,3,High,Rent,0
CUST0003693,Customer_3693,63,Female,Southwest,Gas,Residential,Apartment,14,1,0,2,Medium,Own,1
CUST0003694,Customer_3694,60,Female,Southeast,Multi-Utility,Residential,House,15,0,1,4,Low,Own,1
CUST0003695,Customer_3695,58,Male,Midwest,Gas,Commercial,House,19,1,1,2,Medium-High,Own,0
CUST0003696,Customer_3696,40,Other,West,Electricity,Residential,Apartment,17,1,1,4,Medium,Own,0
CUST0003697,Customer_3697,36,Female,Southeast,Electricity,Residential,House,30,1,1,2,Medium-High,Own,1
CUST0003698,Customer_3698,49,Female,Northwest,Dual Fuel,Small Business,Mobile Home,2,1,0,5,Medium,Rent,1
CUST0003699,Customer_3699,58,Female,Southwest,Dual Fuel,Small Business,House,128,1,1,3,Medium-High,Own,0
CUST0003700,Customer_3700,41,Male,Northeast,Electricity,Residential,House,99,0,1,4,Medium,Rent,1
CUST0003701,Customer_3701,60,Female,Southwest,Gas,Small Business,Townhouse,98,1,1,3,High,Rent,1
CUST0003702,Customer_3702,66,Male,West,Gas,Residential,Townhouse,76,1,0,6,Low,Rent,0
CUST0003703,Customer_3703,31,Female,Southwest,Multi-Utility,Residential,House,38,0,1,4,Low,Own,1
CUST0003704,Customer_3704,32,Male,West,Multi-Utility,Commercial,Mobile Home,8,1,1,4,Medium-High,Rent,1
CUST0003705,Customer_3705,42,Female,Southeast,Multi-Utility,Commercial,Condo,1,1,1,2,Medium,Own,1
CUST0003706,Customer_3706,49,Male,Southwest,Dual Fuel,Small Business,House,3,0,0,3,Medium,Other,1
CUST0003707,Customer_3707,37,Male,Midwest,Dual Fuel,Small Business,Apartment,14,1,0,2,High,Rent,1
CUST0003708,Customer_3708,65,Female,Northwest,Electricity,Commercial,House,25,1,1,1,Medium-High,Rent,0
CUST0003709,Customer_3709,51,Female,Midwest,Dual Fuel,Prepaid,House,179,0,1,4,Medium-High,Rent,1
CUST0003710,Customer_3710,45,Female,Northwest,Water,Residential,House,20,1,1,2,Low,Own,0
CUST0003711,Customer_3711,23,Male,Southwest,Multi-Utility,Small Business,Apartment,26,1,0,2,Medium-High,Rent,1
CUST0003712,Customer_3712,25,Male,Southwest,Gas,Residential,Townhouse,42,1,1,2,Medium,Other,0
CUST0003713,Customer_3713,49,Female,Northwest,Electricity,Residential,Apartment,7,1,1,2,Medium,Own,0
CUST0003714,Customer_3714,18,Other,Northeast,Gas,Residential,House,97,0,0,1,Medium-High,Rent,0
CUST0003715,Customer_3715,60,Female,Southwest,Water,Small Business,Apartment,27,0,1,2,Medium,Own,1
CUST0003716,Customer_3716,42,Male,Northeast,Electricity,Commercial,Condo,11,0,0,1,High,Rent,1
CUST0003717,Customer_3717,85,Female,Northeast,Electricity,Commercial,Townhouse,98,0,1,3,Medium-High,Own,0
CUST0003718,Customer_3718,79,Male,Northwest,Gas,Residential,House,35,1,1,1,Medium-High,Own,1
CUST0003719,Customer_3719,42,Female,Northeast,Electricity,Residential,Apartment,23,1,1,5,Medium-High,Own,0
CUST0003720,Customer_3720,43,Male,Northeast,Electricity,Residential,Apartment,31,1,1,6,Medium,Own,0
CUST0003721,Customer_3721,59,Male,Southeast,Electricity,Residential,Condo,49,0,0,2,Low,Rent,1
CUST0003722,Customer_3722,70,Female,Midwest,Multi-Utility,Commercial,House,6,0,1,2,Low,Own,1
CUST0003723,Customer_3723,20,Female,Northeast,Water,Residential,House,72,1,1,1,Low,Rent,0
CUST0003724,Customer_3724,18,Male,Midwest,Electricity,Small Business,Apartment,115,1,1,5,High,Rent,0
CUST0003725,Customer_3725,35,Male,Northeast,Water,Residential,Townhouse,30,1,1,3,Medium,Own,0
CUST0003726,Customer_3726,53,Male,Midwest,Water,Residential,Apartment,41,1,1,3,Medium-High,Own,0
CUST0003727,Customer_3727,52,Female,Southwest,Electricity,Small Business,Mobile Home,70,1,1,5,Medium-High,Other,0
CUST0003728,Customer_3728,61,Male,Southwest,Electricity,Residential,House,16,1,1,5,Medium-High,Rent,1
CUST0003729,Customer_3729,27,Male,Midwest,Gas,Residential,Apartment,177,1,1,4,Medium-High,Own,1
CUST0003730,Customer_3730,18,Female,Northeast,Gas,Residential,Apartment,41,1,1,4,Medium,Own,0
CUST0003731,Customer_3731,57,Female,Southeast,Water,Small Business,Condo,19,0,1,5,High,Other,1
CUST0003732,Customer_3732,32,Female,Midwest,Gas,Prepaid,Townhouse,40,1,1,5,High,Own,0
CUST0003733,Customer_3733,18,Female,West,Electricity,Commercial,Townhouse,26,0,0,2,Medium-High,Rent,0
CUST0003734,Customer_3734,47,Female,Southeast,Multi-Utility,Prepaid,Condo,4,0,1,6,High,Own,0
CUST0003735,Customer_3735,56,Female,West,Electricity,Commercial,Condo,57,0,1,4,Low,Own,1
CUST0003736,Customer_3736,43,Female,Midwest,Water,Commercial,Mobile Home,29,0,0,2,Low,Rent,0
CUST0003737,Customer_3737,38,Female,Northeast,Electricity,Small Business,Apartment,57,1,1,3,Medium-High,Own,0
CUST0003738,Customer_3738,42,Male,West,Electricity,Residential,Townhouse,6,1,0,4,Medium-High,Own,1
CUST0003739,Customer_3739,39,Other,Midwest,Gas,Residential,Mobile Home,27,1,1,2,Medium,Own,0
CUST0003740,Customer_3740,24,Male,Southeast,Electricity,Commercial,Apartment,52,0,0,4,Medium,Rent,0
CUST0003741,Customer_3741,34,Male,Northeast,Gas,Residential,Condo,160,0,1,1,Low,Own,0
CUST0003742,Customer_3742,52,Male,West,Electricity,Residential,Apartment,77,1,1,5,High,Own,0
CUST0003743,Customer_3743,49,Male,Midwest,Gas,Commercial,House,71,0,1,2,Medium-High,Own,0
CUST0003744,Customer_3744,47,Other,Northeast,Water,Residential,Apartment,10,1,0,2,Medium,Own,1
CUST0003745,Customer_3745,30,Female,Northeast,Electricity,Prepaid,House,65,1,1,5,High,Own,1
CUST0003746,Customer_3746,42,Female,Southwest,Dual Fuel,Small Business,Apartment,6,1,1,2,Low,Rent,1
CUST0003747,Customer_3747,18,Female,Northeast,Electricity,Residential,Townhouse,7,1,1,4,Medium,Own,0
CUST0003748,Customer_3748,47,Female,Midwest,Electricity,Small Business,House,4,1,0,2,Low,Rent,0
CUST0003749,Customer_3749,66,Male,Southeast,Water,Commercial,House,70,0,1,5,Medium,Own,1
CUST0003750,Customer_3750,22,Female,Northwest,Gas,Residential,Condo,4,1,1,2,Medium,Own,1
CUST0003751,Customer_3751,36,Female,Southwest,Gas,Small Business,House,5,1,0,1,Medium,Own,0
CUST0003752,Customer_3752,49,Male,Midwest,Electricity,Commercial,Apartment,10,0,0,5,High,Own,1
CUST0003753,Customer_3753,63,Female,Midwest,Dual Fuel,Residential,Apartment,30,0,1,2,Medium,Own,0
CUST0003754,Customer_3754,38,Male,Midwest,Gas,Residential,House,76,1,1,5,Medium,Rent,0
CUST0003755,Customer_3755,34,Male,West,Electricity,Residential,House,19,1,1,4,Medium-High,Rent,0
CUST0003756,Customer_3756,18,Male,West,Electricity,Residential,Townhouse,28,0,1,1,Medium-High,Own,1
CUST0003757,Customer_3757,46,Male,Southeast,Dual Fuel,Residential,House,6,1,1,3,High,Rent,1
CUST0003758,Customer_3758,75,Female,Midwest,Gas,Small Business,Apartment,11,1,1,1,Medium,Own,1
CUST0003759,Customer_3759,49,Female,West,Electricity,Residential,Mobile Home,5,1,0,2,Medium-High,Own,1
CUST0003760,Customer_3760,44,Male,West,Electricity,Commercial,Townhouse,18,1,0,2,Medium,Own,0
CUST0003761,Customer_3761,49,Female,West,Electricity,Residential,House,32,1,0,3,Low,Own,0
CUST0003762,Customer_3762,44,Female,Southeast,Gas,Residential,Apartment,12,1,0,6,Medium,Own,0
CUST0003763,Customer_3763,32,Male,Southeast,Dual Fuel,Small Business,Condo,67,1,0,2,Medium,Rent,1
CUST0003764,Customer_3764,57,Male,Midwest,Gas,Commercial,Condo,143,0,0,2,Medium,Own,0
CUST0003765,Customer_3765,48,Other,Southwest,Gas,Residential,Townhouse,4,1,1,3,Medium-High,Own,0
CUST0003766,Customer_3766,45,Female,Midwest,Dual Fuel,Residential,Apartment,1,1,0,2,Medium,Rent,0
CUST0003767,Customer_3767,30,Other,West,Gas,Commercial,House,56,1,1,4,High,Own,0
CUST0003768,Customer_3768,64,Male,Northwest,Gas,Residential,Apartment,7,0,1,3,High,Rent,1
CUST0003769,Customer_3769,54,Female,West,Electricity,Residential,Condo,15,0,0,5,Medium,Own,1
CUST0003770,Customer_3770,36,Male,Northeast,Gas,Residential,Condo,18,1,1,3,Medium-High,Own,0
CUST0003771,Customer_3771,60,Male,Northwest,Gas,Small Business,House,89,1,0,2,Medium,Rent,0
CUST0003772,Customer_3772,37,Female,Northwest,Electricity,Residential,House,38,0,1,4,Medium,Own,1
CUST0003773,Customer_3773,33,Male,Midwest,Multi-Utility,Small Business,Mobile Home,1,0,1,4,High,Rent,0
CUST0003774,Customer_3774,33,Male,West,Dual Fuel,Small Business,House,1,1,1,4,Low,Own,0
CUST0003775,Customer_3775,18,Male,West,Water,Commercial,House,8,1,1,2,Medium,Own,1
CUST0003776,Customer_3776,52,Male,Southwest,Gas,Residential,Townhouse,13,1,1,3,Low,Own,0
CUST0003777,Customer_3777,18,Female,Northeast,Gas,Residential,Apartment,23,1,1,3,Medium-High,Own,0
CUST0003778,Customer_3778,26,Female,Midwest,Electricity,Residential,House,65,0,0,2,Low,Own,0
CUST0003779,Customer_3779,18,Male,Southeast,Electricity,Residential,Apartment,13,1,0,2,High,Own,0
CUST0003780,Customer_3780,43,Male,Midwest,Water,Small Business,Apartment,17,1,1,4,Medium,Own,0
CUST0003781,Customer_3781,42,Male,Northwest,Gas,Small Business,Apartment,14,1,1,1,High,Own,1
CUST0003782,Customer_3782,40,Female,Midwest,Dual Fuel,Small Business,Mobile Home,1,0,1,2,High,Rent,0
CUST0003783,Customer_3783,29,Male,Southwest,Electricity,Commercial,House,111,0,0,1,Medium-High,Own,1
CUST0003784,Customer_3784,27,Female,Midwest,Gas,Commercial,Condo,5,1,1,1,Medium-High,Rent,1
CUST0003785,Customer_3785,51,Male,Southwest,Gas,Residential,House,12,1,0,2,Low,Rent,1
CUST0003786,Customer_3786,36,Male,Northwest,Gas,Prepaid,Apartment,4,1,1,4,High,Own,1
CUST0003787,Customer_3787,49,Female,Southwest,Dual Fuel,Residential,Condo,24,1,0,6,Medium-High,Own,1
CUST0003788,Customer_3788,31,Female,West,Multi-Utility,Small Business,House,96,0,0,3,Medium,Own,0
CUST0003789,Customer_3789,47,Male,Southeast,Electricity,Residential,Apartment,3,1,1,2,Medium,Own,0
CUST0003790,Customer_3790,64,Female,Northwest,Electricity,Commercial,House,20,1,1,4,Low,Own,1
CUST0003791,Customer_3791,53,Female,Southwest,Electricity,Residential,House,1,1,0,1,Medium-High,Own,0
CUST0003792,Customer_3792,38,Female,Northeast,Water,Small Business,Apartment,53,1,1,1,Low,Own,0
CUST0003793,Customer_3793,48,Female,Northwest,Electricity,Commercial,Condo,36,0,0,2,Medium-High,Own,1
CUST0003794,Customer_3794,41,Female,Northeast,Water,Small Business,House,43,1,1,3,Medium-High,Own,1
CUST0003795,Customer_3795,45,Other,Southeast,Gas,Small Business,Mobile Home,23,1,0,4,Medium,Own,0
CUST0003796,Customer_3796,40,Male,Southwest,Gas,Residential,House,85,1,1,5,High,Own,0
CUST0003797,Customer_3797,42,Female,Northwest,Water,Residential,House,18,1,1,3,Medium-High,Rent,1
CUST0003798,Customer_3798,48,Male,Northwest,Gas,Prepaid,House,25,1,0,3,Medium,Rent,0
CUST0003799,Customer_3799,30,Male,Southeast,Gas,Small Business,House,42,1,0,2,High,Own,0
CUST0003800,Customer_3800,29,Male,West,Electricity,Small Business,House,26,0,1,3,High,Rent,1
CUST0003801,Customer_3801,24,Male,Northeast,Gas,Residential,Townhouse,7,0,1,5,Medium-High,Own,1
CUST0003802,Customer_3802,20,Female,Northwest,Gas,Residential,Apartment,13,1,1,2,Low,Own,1
CUST0003803,Customer_3803,26,Female,Midwest,Gas,Residential,Apartment,3,0,0,2,Medium,Own,0
CUST0003804,Customer_3804,47,Female,Northeast,Dual Fuel,Residential,Mobile Home,20,0,1,2,High,Own,0
CUST0003805,Customer_3805,31,Male,Southwest,Dual Fuel,Residential,Apartment,33,1,1,3,Medium-High,Rent,1
CUST0003806,Customer_3806,52,Male,Southeast,Dual Fuel,Residential,House,4,1,0,3,Medium,Other,0
CUST0003807,Customer_3807,45,Female,Northeast,Electricity,Residential,House,35,0,1,3,High,Rent,0
CUST0003808,Customer_3808,18,Male,Midwest,Water,Small Business,House,80,0,1,4,Low,Own,1
CUST0003809,Customer_3809,54,Female,Midwest,Electricity,Residential,Apartment,14,0,1,3,Low,Own,1
CUST0003810,Customer_3810,57,Female,Southeast,Electricity,Small Business,House,9,1,1,4,High,Own,1
CUST0003811,Customer_3811,30,Female,Southeast,Electricity,Commercial,Apartment,80,0,1,5,Low,Rent,0
CUST0003812,Customer_3812,51,Female,Northeast,Electricity,Residential,Condo,42,1,0,5,Medium,Own,0
CUST0003813,Customer_3813,32,Female,Southwest,Electricity,Commercial,Townhouse,4,1,1,2,High,Rent,1
CUST0003814,Customer_3814,46,Male,West,Gas,Commercial,Condo,18,0,1,3,Medium-High,Rent,1
CUST0003815,Customer_3815,26,Female,Midwest,Multi-Utility,Residential,House,40,0,1,4,Medium-High,Rent,0
CUST0003816,Customer_3816,18,Male,Southeast,Electricity,Residential,House,30,1,0,1,Medium-High,Rent,0
CUST0003817,Customer_3817,39,Male,West,Dual Fuel,Residential,Apartment,34,0,1,4,Medium,Rent,1
CUST0003818,Customer_3818,43,Male,West,Electricity,Small Business,House,30,1,1,2,Medium,Own,0
CUST0003819,Customer_3819,39,Female,West,Electricity,Residential,House,57,1,1,4,Medium-High,Rent,1
CUST0003820,Customer_3820,27,Male,Southwest,Gas,Residential,Apartment,13,0,1,2,Medium,Rent,0
CUST0003821,Customer_3821,39,Male,Southeast,Water,Small Business,House,44,0,0,4,Medium-High,Rent,1
CUST0003822,Customer_3822,49,Male,Midwest,Electricity,Residential,Townhouse,169,1,1,1,Medium,Own,0
CUST0003823,Customer_3823,44,Female,Southeast,Electricity,Prepaid,House,17,0,1,2,Low,Rent,1
CUST0003824,Customer_3824,47,Female,Northeast,Gas,Residential,Mobile Home,56,0,0,1,Medium,Other,0
CUST0003825,Customer_3825,34,Female,Midwest,Electricity,Commercial,Townhouse,10,0,0,2,Medium,Rent,1
CUST0003826,Customer_3826,62,Female,Southeast,Water,Residential,House,11,1,0,6,High,Own,1
CUST0003827,Customer_3827,27,Male,Midwest,Gas,Residential,Apartment,98,1,1,1,Medium,Rent,0
CUST0003828,Customer_3828,52,Male,Northeast,Electricity,Residential,Apartment,1,0,1,3,Low,Own,1
CUST0003829,Customer_3829,62,Female,Northwest,Dual Fuel,Prepaid,Condo,8,1,1,4,Low,Own,0
CUST0003830,Customer_3830,52,Male,Midwest,Electricity,Residential,Apartment,23,0,0,1,Medium,Own,0
CUST0003831,Customer_3831,41,Male,Northwest,Water,Small Business,Apartment,18,1,1,1,Low,Own,1
CUST0003832,Customer_3832,37,Male,West,Water,Commercial,Apartment,35,0,0,1,Low,Own,0
CUST0003833,Customer_3833,60,Female,Southwest,Multi-Utility,Small Business,House,7,0,1,3,Medium-High,Own,1
CUST0003834,Customer_3834,23,Male,Northeast,Gas,Residential,Mobile Home,2,1,1,5,Medium-High,Rent,1
CUST0003835,Customer_3835,30,Female,Midwest,Gas,Prepaid,House,16,0,0,4,High,Rent,1
CUST0003836,Customer_3836,39,Male,Northeast,Electricity,Commercial,House,26,0,1,6,Medium-High,Rent,0
CUST0003837,Customer_3837,63,Female,West,Water,Residential,House,29,1,0,3,Medium,Rent,0
CUST0003838,Customer_3838,50,Male,Northwest,Gas,Small Business,Townhouse,33,1,0,6,Medium-High,Own,1
CUST0003839,Customer_3839,30,Male,Southwest,Gas,Prepaid,Apartment,28,1,1,2,Medium-High,Own,0
CUST0003840,Customer_3840,40,Male,Northeast,Dual Fuel,Prepaid,Townhouse,10,1,0,3,Low,Rent,1
CUST0003841,Customer_3841,35,Female,Northwest,Electricity,Residential,Townhouse,52,1,1,2,Medium,Rent,0
CUST0003842,Customer_3842,34,Male,West,Dual Fuel,Commercial,Townhouse,3,0,0,1,Low,Rent,0
CUST0003843,Customer_3843,59,Female,West,Dual Fuel,Residential,Apartment,7,0,1,4,Low,Own,0
CUST0003844,Customer_3844,24,Female,West,Gas,Residential,House,48,0,0,1,Low,Own,1
CUST0003845,Customer_3845,69,Female,Northwest,Gas,Residential,House,11,0,1,4,High,Own,0
CUST0003846,Customer_3846,57,Male,Midwest,Electricity,Residential,Apartment,24,1,0,3,Medium-High,Own,0
CUST0003847,Customer_3847,61,Male,Southeast,Multi-Utility,Small Business,Apartment,14,0,1,1,Medium,Rent,0
CUST0003848,Customer_3848,38,Male,Northeast,Electricity,Residential,Apartment,25,1,1,2,Medium,Own,0
CUST0003849,Customer_3849,42,Female,Southeast,Gas,Residential,Apartment,15,0,1,2,Low,Rent,0
CUST0003850,Customer_3850,23,Female,West,Water,Residential,Condo,185,0,1,6,Medium,Own,1
CUST0003851,Customer_3851,37,Female,Southeast,Multi-Utility,Residential,House,15,1,0,4,Medium-High,Rent,0
CUST0003852,Customer_3852,52,Female,Northwest,Water,Prepaid,House,35,0,0,3,Medium-High,Rent,0
CUST0003853,Customer_3853,64,Male,West,Gas,Commercial,Condo,78,0,0,1,Low,Own,1
CUST0003854,Customer_3854,28,Male,West,Electricity,Residential,House,36,1,1,2,Medium,Own,1
CUST0003855,Customer_3855,39,Female,Southwest,Electricity,Commercial,Condo,30,1,1,1,High,Own,0
CUST0003856,Customer_3856,42,Male,Southwest,Electricity,Residential,Apartment,30,1,0,4,Low,Own,0
CUST0003857,Customer_3857,24,Male,Northwest,Dual Fuel,Small Business,Mobile Home,24,1,1,2,Medium,Rent,1
CUST0003858,Customer_3858,53,Female,Northwest,Water,Prepaid,Townhouse,59,1,1,3,Medium,Own,1
CUST0003859,Customer_3859,34,Male,Southeast,Water,Residential,Apartment,1,0,0,4,Low,Rent,0
CUST0003860,Customer_3860,42,Female,Northeast,Water,Small Business,Condo,77,0,1,2,Medium-High,Own,1
CUST0003861,Customer_3861,38,Female,Southeast,Gas,Residential,House,31,1,1,3,Medium-High,Own,0
CUST0003862,Customer_3862,33,Female,Northwest,Electricity,Residential,Apartment,68,0,1,4,Medium,Rent,0
CUST0003863,Customer_3863,44,Male,Northeast,Electricity,Small Business,Condo,1,0,1,2,Medium,Own,0
CUST0003864,Customer_3864,41,Male,Southeast,Electricity,Prepaid,Condo,73,0,0,3,Medium-High,Rent,1
CUST0003865,Customer_3865,39,Female,Midwest,Water,Residential,Apartment,4,0,1,4,Low,Own,1
CUST0003866,Customer_3866,34,Male,Midwest,Electricity,Commercial,House,45,1,1,2,Low,Rent,0
CUST0003867,Customer_3867,49,Male,Northeast,Water,Commercial,Townhouse,19,0,1,2,High,Rent,1
CUST0003868,Customer_3868,69,Male,Southwest,Water,Residential,House,41,0,1,2,Medium-High,Own,1
CUST0003869,Customer_3869,47,Male,Northeast,Gas,Residential,Townhouse,35,1,1,5,Medium-High,Own,0
CUST0003870,Customer_3870,59,Male,Southeast,Electricity,Small Business,Condo,6,1,0,2,Medium-High,Rent,0
CUST0003871,Customer_3871,24,Female,West,Electricity,Residential,Apartment,26,1,1,1,Medium,Own,1
CUST0003872,Customer_3872,47,Male,Midwest,Electricity,Residential,House,11,1,1,1,High,Rent,1
CUST0003873,Customer_3873,28,Male,West,Water,Prepaid,House,29,1,0,2,Medium,Rent,0
CUST0003874,Customer_3874,22,Female,Midwest,Electricity,Small Business,Townhouse,48,1,0,1,Medium,Rent,0
CUST0003875,Customer_3875,33,Other,Southeast,Dual Fuel,Residential,Townhouse,3,0,0,3,Medium,Rent,1
CUST0003876,Customer_3876,62,Male,Midwest,Water,Small Business,Apartment,26,0,0,2,Low,Own,1
CUST0003877,Customer_3877,59,Male,Northeast,Electricity,Residential,Apartment,34,1,1,4,Medium,Rent,0
CUST0003878,Customer_3878,48,Female,West,Water,Residential,Condo,12,0,0,5,Low,Own,0
CUST0003879,Customer_3879,22,Female,Northwest,Water,Commercial,Apartment,110,0,0,3,Low,Own,1
CUST0003880,Customer_3880,42,Female,West,Water,Commercial,Condo,26,0,1,5,Low,Rent,0
CUST0003881,Customer_3881,49,Female,Southeast,Electricity,Residential,House,7,0,0,3,Medium,Rent,0
CUST0003882,Customer_3882,47,Male,Northwest,Electricity,Residential,Townhouse,4,0,0,3,Low,Rent,1
CUST0003883,Customer_3883,18,Female,West,Electricity,Small Business,Condo,28,0,1,2,Low,Rent,0
CUST0003884,Customer_3884,31,Male,Southeast,Electricity,Residential,House,16,0,1,1,Low,Rent,1
CUST0003885,Customer_3885,44,Female,Southwest,Water,Residential,Townhouse,7,0,0,2,Medium,Own,1
CUST0003886,Customer_3886,53,Female,Northeast,Water,Residential,Apartment,1,0,1,2,Medium,Rent,1
CUST0003887,Customer_3887,18,Other,Midwest,Multi-Utility,Small Business,House,30,1,0,4,Medium-High,Own,0
CUST0003888,Customer_3888,42,Male,Midwest,Electricity,Residential,House,32,1,0,2,Medium,Own,0
CUST0003889,Customer_3889,47,Male,Midwest,Electricity,Residential,Condo,5,1,1,1,Low,Rent,1
CUST0003890,Customer_3890,57,Female,Southwest,Water,Residential,Townhouse,33,1,0,5,High,Rent,0
CUST0003891,Customer_3891,55,Female,Northeast,Electricity,Residential,Townhouse,109,1,1,4,Medium,Rent,1
CUST0003892,Customer_3892,53,Female,West,Electricity,Residential,Condo,137,1,1,3,Medium-High,Own,0
CUST0003893,Customer_3893,33,Male,West,Gas,Residential,House,78,0,0,1,Medium-High,Rent,1
CUST0003894,Customer_3894,18,Male,Northeast,Electricity,Residential,House,59,1,0,5,Medium,Other,1
CUST0003895,Customer_3895,39,Female,Northwest,Gas,Commercial,House,8,1,0,1,Medium-High,Own,0
CUST0003896,Customer_3896,60,Male,Northeast,Electricity,Residential,Townhouse,6,0,0,3,Medium-High,Own,1
CUST0003897,Customer_3897,65,Female,Midwest,Gas,Residential,Mobile Home,21,1,1,4,Medium,Own,1
CUST0003898,Customer_3898,55,Male,West,Dual Fuel,Prepaid,House,34,1,1,3,Medium-High,Own,0
CUST0003899,Customer_3899,51,Female,Northeast,Electricity,Small Business,Townhouse,68,0,0,5,Medium-High,Own,0
CUST0003900,Customer_3900,50,Female,West,Multi-Utility,Small Business,Apartment,9,1,1,1,Medium,Own,1
CUST0003901,Customer_3901,36,Female,Northeast,Gas,Residential,House,23,0,0,4,Low,Rent,0
CUST0003902,Customer_3902,43,Male,Southeast,Multi-Utility,Residential,Apartment,37,0,0,3,Medium,Own,1
CUST0003903,Customer_3903,70,Female,Midwest,Electricity,Small Business,Townhouse,21,0,0,3,Low,Other,0
CUST0003904,Customer_3904,30,Male,Northeast,Gas,Small Business,House,21,1,1,6,Low,Own,1
CUST0003905,Customer_3905,69,Female,Southwest,Gas,Residential,Townhouse,9,1,0,3,Medium,Own,1
CUST0003906,Customer_3906,40,Male,Northeast,Water,Residential,House,155,1,1,4,Medium,Own,1
CUST0003907,Customer_3907,64,Male,Southeast,Gas,Commercial,House,23,1,0,2,High,Rent,1
CUST0003908,Customer_3908,23,Male,Southwest,Gas,Residential,House,27,0,1,4,Medium-High,Own,1
CUST0003909,Customer_3909,53,Male,Southwest,Dual Fuel,Residential,Townhouse,8,0,0,4,Medium,Own,1
CUST0003910,Customer_3910,33,Other,Northeast,Electricity,Residential,Apartment,25,1,0,6,Low,Rent,1
CUST0003911,Customer_3911,23,Male,Southeast,Electricity,Commercial,Townhouse,10,1,1,5,Low,Own,1
CUST0003912,Customer_3912,48,Female,Southwest,Gas,Commercial,Apartment,8,1,1,2,Medium-High,Rent,0
CUST0003913,Customer_3913,60,Other,Midwest,Gas,Small Business,Apartment,11,0,0,3,Medium,Own,1
CUST0003914,Customer_3914,32,Male,Northwest,Gas,Residential,Townhouse,1,1,1,5,Low,Rent,1
CUST0003915,Customer_3915,22,Female,Midwest,Gas,Residential,Apartment,30,0,1,3,Medium-High,Rent,0
CUST0003916,Customer_3916,43,Male,West,Multi-Utility,Residential,Townhouse,17,0,1,3,Medium,Own,0
CUST0003917,Customer_3917,43,Male,West,Water,Small Business,House,82,1,1,1,Medium,Own,0
CUST0003918,Customer_3918,53,Male,Southeast,Electricity,Small Business,Condo,1,1,1,2,High,Own,1
CUST0003919,Customer_3919,59,Female,Southwest,Electricity,Prepaid,Condo,1,0,1,4,Low,Rent,1
CUST0003920,Customer_3920,44,Male,Midwest,Multi-Utility,Residential,Townhouse,78,1,0,4,Medium-High,Rent,0
CUST0003921,Customer_3921,72,Female,Midwest,Water,Small Business,House,4,1,1,3,High,Rent,0
CUST0003922,Customer_3922,48,Female,Northwest,Dual Fuel,Residential,Condo,1,0,1,1,Low,Own,0
CUST0003923,Customer_3923,39,Female,Southeast,Electricity,Residential,Apartment,7,1,1,3,High,Rent,1
CUST0003924,Customer_3924,20,Male,Southwest,Water,Residential,Apartment,62,0,0,5,Medium,Own,1
CUST0003925,Customer_3925,41,Female,Southeast,Water,Residential,House,58,1,1,3,High,Own,1
CUST0003926,Customer_3926,39,Female,Northeast,Electricity,Prepaid,House,14,1,1,5,Medium,Own,1
CUST0003927,Customer_3927,59,Female,Midwest,Gas,Residential,Townhouse,39,0,1,2,High,Rent,0
CUST0003928,Customer_3928,51,Female,Southeast,Gas,Prepaid,Condo,25,1,1,5,Medium-High,Own,0
CUST0003929,Customer_3929,27,Female,Southeast,Gas,Residential,Apartment,84,0,1,4,Medium-High,Own,1
CUST0003930,Customer_3930,47,Male,Northwest,Dual Fuel,Residential,Townhouse,2,0,1,6,Medium-High,Rent,0
CUST0003931,Customer_3931,55,Male,Northeast,Dual Fuel,Residential,House,60,1,0,4,Medium,Own,0
CUST0003932,Customer_3932,67,Male,West,Dual Fuel,Residential,Condo,6,0,0,2,Medium,Rent,1
CUST0003933,Customer_3933,58,Male,Midwest,Dual Fuel,Residential,Townhouse,17,0,0,5,Medium,Other,1
CUST0003934,Customer_3934,56,Male,Northwest,Gas,Residential,Townhouse,7,1,0,4,Medium,Own,0
CUST0003935,Customer_3935,45,Male,Southeast,Electricity,Residential,Apartment,43,1,0,2,Medium-High,Rent,1
CUST0003936,Customer_3936,50,Male,Midwest,Dual Fuel,Prepaid,Condo,40,1,0,1,Medium-High,Own,1
CUST0003937,Customer_3937,63,Other,West,Gas,Small Business,Apartment,28,1,1,2,Medium,Own,0
CUST0003938,Customer_3938,25,Male,Southeast,Electricity,Small Business,Townhouse,43,1,1,4,Medium,Rent,0
CUST0003939,Customer_3939,39,Female,Northeast,Gas,Residential,Apartment,36,1,1,3,Medium-High,Rent,0
CUST0003940,Customer_3940,33,Female,Midwest,Electricity,Residential,Townhouse,53,0,1,3,Medium,Own,1
CUST0003941,Customer_3941,50,Female,Northwest,Water,Residential,House,9,1,1,1,Medium-High,Own,0
CUST0003942,Customer_3942,63,Female,Northeast,Electricity,Commercial,Apartment,20,0,0,3,Low,Own,0
CUST0003943,Customer_3943,36,Male,West,Electricity,Residential,Apartment,5,1,1,2,Low,Other,1
CUST0003944,Customer_3944,18,Male,West,Multi-Utility,Residential,Condo,20,1,0,3,Medium-High,Rent,1
CUST0003945,Customer_3945,38,Male,Midwest,Water,Small Business,Condo,43,1,1,6,Low,Own,0
CUST0003946,Customer_3946,58,Male,West,Water,Residential,Mobile Home,42,1,1,5,Low,Rent,1
CUST0003947,Customer_3947,53,Female,Southwest,Gas,Commercial,Townhouse,44,1,0,2,Medium-High,Rent,0
CUST0003948,Customer_3948,51,Female,Northwest,Dual Fuel,Residential,House,13,1,1,3,Medium,Own,0
CUST0003949,Customer_3949,40,Male,Midwest,Water,Residential,Townhouse,39,1,0,3,Medium-High,Own,1
CUST0003950,Customer_3950,25,Male,Southwest,Gas,Small Business,House,16,1,0,1,High,Own,0
CUST0003951,Customer_3951,52,Male,West,Multi-Utility,Residential,Condo,104,0,0,6,Medium-High,Rent,0
CUST0003952,Customer_3952,32,Male,Midwest,Electricity,Residential,Townhouse,15,1,1,3,Medium-High,Own,1
CUST0003953,Customer_3953,77,Female,Southwest,Multi-Utility,Residential,House,33,1,0,3,Medium,Rent,1
CUST0003954,Customer_3954,53,Male,West,Gas,Small Business,Townhouse,49,1,1,3,Medium-High,Rent,0
CUST0003955,Customer_3955,36,Female,Southeast,Gas,Prepaid,Townhouse,85,1,1,2,Low,Own,0
CUST0003956,Customer_3956,35,Male,Southeast,Electricity,Small Business,Apartment,20,0,1,2,Medium-High,Rent,1
CUST0003957,Customer_3957,43,Male,Northeast,Gas,Commercial,House,16,1,0,2,Low,Own,1
CUST0003958,Customer_3958,41,Female,Southeast,Gas,Residential,Apartment,20,0,0,2,Medium,Other,1
CUST0003959,Customer_3959,61,Female,Southwest,Multi-Utility,Residential,Mobile Home,14,1,0,2,Medium-High,Rent,0
CUST0003960,Customer_3960,47,Other,Northwest,Multi-Utility,Residential,House,38,1,1,5,Medium-High,Rent,0
CUST0003961,Customer_3961,34,Female,Southeast,Multi-Utility,Small Business,Apartment,97,0,1,4,Medium,Rent,1
CUST0003962,Customer_3962,73,Male,Midwest,Electricity,Residential,House,4,1,1,5,Medium,Own,0
CUST0003963,Customer_3963,45,Male,Midwest,Multi-Utility,Small Business,House,29,1,0,4,Medium,Own,1
CUST0003964,Customer_3964,56,Female,Midwest,Gas,Small Business,Townhouse,82,1,0,4,Medium-High,Rent,0
CUST0003965,Customer_3965,35,Female,Southeast,Dual Fuel,Prepaid,House,3,1,1,2,Low,Own,1
CUST0003966,Customer_3966,50,Female,Southeast,Electricity,Residential,Mobile Home,24,0,1,3,Medium,Rent,1
CUST0003967,Customer_3967,49,Male,Northeast,Gas,Residential,Apartment,72,0,1,2,Low,Rent,0
CUST0003968,Customer_3968,18,Other,Northwest,Multi-Utility,Residential,Apartment,83,1,1,1,Medium,Own,1
CUST0003969,Customer_3969,75,Male,Northwest,Multi-Utility,Residential,House,26,0,1,3,Medium,Own,0
CUST0003970,Customer_3970,64,Female,West,Water,Commercial,Mobile Home,1,1,0,3,Low,Own,1
CUST0003971,Customer_3971,39,Female,Northeast,Water,Residential,House,4,1,0,2,Medium,Own,1
CUST0003972,Customer_3972,28,Male,Southwest,Electricity,Prepaid,Apartment,31,1,0,2,High,Own,0
CUST0003973,Customer_3973,50,Female,Midwest,Water,Prepaid,Apartment,4,1,1,1,Medium-High,Rent,0
CUST0003974,Customer_3974,46,Male,Southeast,Gas,Small Business,Apartment,5,1,0,4,Medium-High,Own,1
CUST0003975,Customer_3975,50,Other,West,Electricity,Residential,Condo,53,1,1,6,Medium-High,Own,0
CUST0003976,Customer_3976,47,Male,West,Electricity,Residential,Condo,50,1,1,4,High,Own,0
CUST0003977,Customer_3977,52,Female,Southeast,Electricity,Residential,House,66,0,1,4,Low,Own,1
CUST0003978,Customer_3978,66,Male,Northeast,Water,Residential,Apartment,4,0,1,3,Medium,Other,0
CUST0003979,Customer_3979,53,Female,West,Electricity,Residential,Townhouse,7,1,0,1,Medium-High,Own,1
CUST0003980,Customer_3980,29,Female,Northwest,Gas,Residential,Apartment,64,1,0,4,High,Own,1
CUST0003981,Customer_3981,65,Male,Northeast,Electricity,Small Business,House,45,0,1,2,Medium,Rent,1
CUST0003982,Customer_3982,69,Male,Southeast,Gas,Residential,House,59,1,1,2,Low,Own,0
CUST0003983,Customer_3983,85,Female,Northeast,Water,Residential,House,164,1,1,4,High,Own,0
CUST0003984,Customer_3984,28,Male,Northwest,Water,Residential,House,71,1,0,5,Low,Other,1
CUST0003985,Customer_3985,48,Female,Midwest,Gas,Prepaid,Apartment,26,0,0,3,Low,Rent,0
CUST0003986,Customer_3986,18,Male,Southeast,Gas,Small Business,Apartment,13,0,1,6,Medium,Own,0
CUST0003987,Customer_3987,53,Female,Northwest,Electricity,Residential,House,30,1,1,3,Medium,Rent,1
CUST0003988,Customer_3988,36,Male,Southeast,Dual Fuel,Small Business,Condo,36,0,0,1,Medium-High,Own,1
CUST0003989,Customer_3989,73,Male,Northwest,Electricity,Small Business,Mobile Home,14,1,1,3,Medium,Own,0
CUST0003990,Customer_3990,33,Male,Northwest,Electricity,Commercial,Mobile Home,53,1,1,5,Medium,Rent,1
CUST0003991,Customer_3991,19,Male,West,Water,Residential,Townhouse,3,0,1,3,Low,Other,1
CUST0003992,Customer_3992,37,Male,West,Electricity,Commercial,House,54,1,1,4,Medium-High,Own,0
CUST0003993,Customer_3993,18,Female,West,Dual Fuel,Residential,House,1,1,1,3,Medium,Own,1
CUST0003994,Customer_3994,56,Female,Midwest,Electricity,Commercial,Townhouse,24,0,0,3,Low,Rent,1
CUST0003995,Customer_3995,18,Female,Midwest,Water,Residential,House,71,0,1,2,High,Rent,0
CUST0003996,Customer_3996,45,Female,Northwest,Electricity,Commercial,House,3,1,0,2,Low,Rent,1
CUST0003997,Customer_3997,18,Male,Southwest,Electricity,Prepaid,Apartment,26,1,0,2,Medium-High,Rent,1
CUST0003998,Customer_3998,40,Female,Southeast,Electricity,Residential,House,6,1,0,3,High,Own,0
CUST0003999,Customer_3999,69,Male,West,Dual Fuel,Prepaid,Townhouse,81,1,1,4,Low,Rent,0
CUST0004000,Customer_4000,50,Female,Southeast,Multi-Utility,Residential,Townhouse,64,1,1,4,Medium,Rent,1
CUST0004001,Customer_4001,32,Male,Northwest,Gas,Residential,Townhouse,97,0,1,2,Medium,Own,0
CUST0004002,Customer_4002,44,Male,Northeast,Dual Fuel,Residential,Townhouse,74,0,1,3,Medium,Own,0
CUST0004003,Customer_4003,45,Male,Northwest,Water,Prepaid,House,48,0,1,3,Medium-High,Own,1
CUST0004004,Customer_4004,52,Female,Midwest,Multi-Utility,Residential,Condo,7,1,0,3,Medium,Own,0
CUST0004005,Customer_4005,24,Male,Southwest,Dual Fuel,Small Business,Apartment,12,0,1,3,High,Own,0
CUST0004006,Customer_4006,53,Female,Northeast,Electricity,Small Business,Condo,24,1,1,2,High,Own,0
CUST0004007,Customer_4007,18,Male,Southeast,Water,Prepaid,House,32,1,1,5,High,Own,1
CUST0004008,Customer_4008,35,Female,Midwest,Gas,Small Business,Condo,54,1,0,5,Low,Rent,0
CUST0004009,Customer_4009,37,Female,West,Electricity,Residential,Mobile Home,9,0,1,1,Low,Own,0
CUST0004010,Customer_4010,54,Male,Northeast,Electricity,Residential,House,4,1,0,4,Low,Other,0
CUST0004011,Customer_4011,45,Female,Midwest,Multi-Utility,Residential,House,23,1,0,1,Medium-High,Rent,1
CUST0004012,Customer_4012,23,Female,Southeast,Multi-Utility,Small Business,House,6,1,1,1,Low,Own,0
CUST0004013,Customer_4013,30,Female,Northwest,Water,Residential,Apartment,42,1,0,6,Medium-High,Own,0
CUST0004014,Customer_4014,47,Female,Southeast,Multi-Utility,Residential,House,30,0,1,4,Medium,Rent,0
CUST0004015,Customer_4015,43,Female,Northeast,Dual Fuel,Commercial,Townhouse,48,0,1,2,Medium-High,Own,0
CUST0004016,Customer_4016,36,Female,Northeast,Electricity,Residential,Apartment,2,1,0,4,Medium,Rent,0
CUST0004017,Customer_4017,37,Male,Northwest,Electricity,Small Business,Apartment,120,1,1,4,Medium,Own,0
CUST0004018,Customer_4018,55,Female,Northeast,Electricity,Residential,Condo,1,0,1,5,Low,Own,0
CUST0004019,Customer_4019,37,Male,Southwest,Electricity,Residential,Apartment,14,0,0,1,Medium,Own,0
CUST0004020,Customer_4020,43,Male,West,Electricity,Residential,Apartment,40,1,1,4,Medium,Rent,0
CUST0004021,Customer_4021,77,Female,Midwest,Gas,Residential,Townhouse,1,1,1,5,Medium-High,Rent,1
CUST0004022,Customer_4022,23,Male,Northwest,Dual Fuel,Commercial,Townhouse,3,0,1,3,Medium,Own,0
CUST0004023,Customer_4023,18,Male,Southeast,Dual Fuel,Residential,House,2,1,1,3,Medium-High,Rent,1
CUST0004024,Customer_4024,56,Female,Southeast,Gas,Residential,House,31,1,0,1,Medium-High,Own,0
CUST0004025,Customer_4025,34,Female,West,Multi-Utility,Small Business,House,81,1,1,2,Medium,Rent,1
CUST0004026,Customer_4026,40,Female,Northeast,Gas,Small Business,Apartment,29,1,1,3,Medium-High,Own,0
CUST0004027,Customer_4027,33,Female,Northeast,Dual Fuel,Small Business,House,33,1,0,5,Medium,Rent,0
CUST0004028,Customer_4028,41,Female,Southeast,Gas,Prepaid,Condo,15,0,0,4,Low,Own,0
CUST0004029,Customer_4029,68,Male,West,Electricity,Small Business,Townhouse,1,1,0,3,Medium-High,Own,1
CUST0004030,Customer_4030,57,Male,Southeast,Dual Fuel,Residential,House,1,1,0,4,High,Rent,1
CUST0004031,Customer_4031,57,Female,Northeast,Electricity,Commercial,Apartment,78,1,0,4,Medium-High,Rent,0
CUST0004032,Customer_4032,23,Male,Northwest,Gas,Residential,Apartment,3,1,0,3,High,Rent,1
CUST0004033,Customer_4033,27,Female,Midwest,Electricity,Residential,Apartment,240,0,0,2,Medium-High,Own,1
CUST0004034,Customer_4034,18,Female,Northeast,Water,Residential,Condo,6,0,0,2,Medium-High,Rent,0
CUST0004035,Customer_4035,32,Male,Northwest,Multi-Utility,Residential,Townhouse,40,1,1,2,Medium,Own,1
CUST0004036,Customer_4036,59,Female,Midwest,Electricity,Residential,House,107,0,1,1,Medium,Rent,1
CUST0004037,Customer_4037,52,Female,Southwest,Dual Fuel,Residential,House,16,0,1,1,Low,Rent,1
CUST0004038,Customer_4038,41,Male,West,Electricity,Residential,Condo,47,1,0,4,Medium,Rent,1
CUST0004039,Customer_4039,44,Other,Northwest,Electricity,Commercial,Apartment,15,1,1,1,Medium-High,Rent,0
CUST0004040,Customer_4040,34,Female,Southwest,Electricity,Commercial,House,13,1,1,2,Medium,Rent,1
CUST0004041,Customer_4041,48,Male,Northeast,Water,Small Business,House,8,1,1,6,Medium-High,Own,1
CUST0004042,Customer_4042,56,Female,West,Electricity,Commercial,Apartment,61,1,1,4,Low,Other,0
CUST0004043,Customer_4043,20,Female,Northwest,Gas,Residential,House,10,1,1,4,Medium,Own,1
CUST0004044,Customer_4044,49,Female,Northeast,Electricity,Commercial,Mobile Home,11,1,0,2,Medium,Own,0
CUST0004045,Customer_4045,58,Female,West,Electricity,Residential,Apartment,240,0,0,3,Low,Other,0
CUST0004046,Customer_4046,38,Female,West,Water,Residential,House,14,1,1,3,High,Own,1
CUST0004047,Customer_4047,55,Male,Northeast,Electricity,Residential,Condo,19,1,0,3,Medium-High,Rent,0
CUST0004048,Customer_4048,85,Female,Northeast,Electricity,Residential,House,165,1,1,3,Low,Other,0
CUST0004049,Customer_4049,43,Female,Northwest,Electricity,Residential,Apartment,16,1,1,3,Medium-High,Own,0
CUST0004050,Customer_4050,50,Male,West,Gas,Residential,Apartment,16,1,1,6,Medium,Own,0
CUST0004051,Customer_4051,33,Male,Northwest,Water,Residential,Apartment,63,1,1,2,Medium,Rent,0
CUST0004052,Customer_4052,47,Other,West,Electricity,Residential,Townhouse,13,1,1,2,High,Rent,0
CUST0004053,Customer_4053,51,Female,Northwest,Electricity,Residential,House,9,0,0,3,Medium-High,Rent,1
CUST0004054,Customer_4054,47,Female,Northeast,Gas,Prepaid,Mobile Home,19,0,0,3,High,Rent,1
CUST0004055,Customer_4055,29,Female,Northeast,Electricity,Residential,Townhouse,43,0,1,1,High,Own,1
CUST0004056,Customer_4056,48,Female,Southeast,Dual Fuel,Residential,House,1,1,1,4,Low,Own,1
CUST0004057,Customer_4057,66,Female,Northwest,Water,Small Business,House,16,1,1,3,Low,Rent,0
CUST0004058,Customer_4058,51,Female,Southeast,Gas,Commercial,House,15,1,0,3,Medium,Rent,0
CUST0004059,Customer_4059,59,Male,Southeast,Electricity,Residential,House,10,1,0,4,Medium-High,Own,0
CUST0004060,Customer_4060,41,Female,Southwest,Water,Commercial,Apartment,38,1,0,4,Medium-High,Own,1
CUST0004061,Customer_4061,56,Female,West,Dual Fuel,Residential,House,12,1,0,6,Medium-High,Own,0
CUST0004062,Customer_4062,49,Female,Midwest,Gas,Residential,Mobile Home,33,0,1,2,Medium,Rent,1
CUST0004063,Customer_4063,30,Female,Southwest,Water,Residential,House,25,1,0,2,Medium-High,Rent,1
CUST0004064,Customer_4064,49,Female,West,Water,Small Business,House,8,1,1,2,Medium-High,Own,1
CUST0004065,Customer_4065,30,Male,Midwest,Gas,Residential,House,11,0,1,5,Medium,Own,1
CUST0004066,Customer_4066,35,Male,Southeast,Electricity,Small Business,House,6,0,0,3,Low,Own,1
CUST0004067,Customer_4067,47,Male,Midwest,Water,Residential,Townhouse,2,1,1,5,Medium-High,Other,0
CUST0004068,Customer_4068,49,Male,Northeast,Electricity,Small Business,Condo,34,1,1,6,Medium-High,Rent,1
CUST0004069,Customer_4069,27,Other,Northeast,Water,Residential,House,40,1,0,3,Medium-High,Rent,1
CUST0004070,Customer_4070,60,Male,Northwest,Dual Fuel,Residential,Townhouse,6,1,1,1,Medium,Own,0
CUST0004071,Customer_4071,53,Male,West,Dual Fuel,Small Business,Townhouse,34,1,0,2,Medium,Own,1
CUST0004072,Customer_4072,34,Female,Southwest,Gas,Small Business,Townhouse,144,0,1,1,Medium-High,Own,1
CUST0004073,Customer_4073,21,Female,Southeast,Electricity,Residential,Townhouse,2,1,1,4,High,Other,1
CUST0004074,Customer_4074,42,Male,West,Electricity,Commercial,Condo,24,0,1,1,High,Own,0
CUST0004075,Customer_4075,38,Female,Southeast,Water,Small Business,Apartment,47,1,1,3,Medium,Rent,0
CUST0004076,Customer_4076,46,Female,Northeast,Dual Fuel,Residential,Apartment,1,0,1,1,High,Own,1
CUST0004077,Customer_4077,39,Male,Southwest,Water,Prepaid,House,54,1,1,1,Low,Own,1
CUST0004078,Customer_4078,18,Male,Southwest,Electricity,Small Business,Apartment,139,1,0,2,High,Rent,0
CUST0004079,Customer_4079,39,Female,Northeast,Multi-Utility,Residential,Townhouse,3,1,1,3,Medium,Rent,0
CUST0004080,Customer_4080,40,Female,Midwest,Multi-Utility,Residential,Apartment,62,0,1,1,Medium-High,Rent,1
CUST0004081,Customer_4081,54,Female,Southwest,Gas,Residential,Mobile Home,17,0,1,3,Low,Rent,1
CUST0004082,Customer_4082,34,Male,Midwest,Gas,Residential,Apartment,5,0,0,4,High,Own,0
CUST0004083,Customer_4083,70,Male,Southeast,Water,Residential,Condo,24,0,1,6,Medium-High,Own,0
CUST0004084,Customer_4084,18,Female,Southwest,Water,Residential,Condo,2,1,1,5,Medium,Rent,1
CUST0004085,Customer_4085,64,Male,Northwest,Multi-Utility,Small Business,Condo,26,1,1,3,Medium,Own,1
CUST0004086,Customer_4086,41,Male,Northeast,Electricity,Residential,Condo,1,1,1,4,Medium,Own,1
CUST0004087,Customer_4087,57,Female,Midwest,Gas,Commercial,House,46,1,0,2,Medium,Rent,0
CUST0004088,Customer_4088,46,Male,Northwest,Water,Residential,House,24,0,0,3,Medium,Rent,0
CUST0004089,Customer_4089,62,Female,Southeast,Dual Fuel,Residential,Mobile Home,22,1,0,3,Medium,Rent,1
CUST0004090,Customer_4090,39,Female,Southeast,Dual Fuel,Small Business,House,7,1,0,2,Medium-High,Own,0
CUST0004091,Customer_4091,28,Male,Southwest,Multi-Utility,Small Business,Apartment,16,1,1,4,High,Rent,1
CUST0004092,Customer_4092,66,Female,Southwest,Gas,Residential,Apartment,7,1,1,2,Medium,Rent,1
CUST0004093,Customer_4093,43,Male,Northwest,Dual Fuel,Residential,Apartment,47,1,0,2,Low,Rent,1
CUST0004094,Customer_4094,48,Female,West,Gas,Residential,Townhouse,7,1,1,2,Medium,Own,0
CUST0004095,Customer_4095,63,Male,West,Gas,Small Business,Condo,34,1,0,5,Low,Own,0
CUST0004096,Customer_4096,29,Male,Southwest,Electricity,Residential,Mobile Home,11,1,0,2,Medium-High,Rent,0
CUST0004097,Customer_4097,53,Female,West,Dual Fuel,Small Business,Apartment,38,1,0,2,Medium,Rent,0
CUST0004098,Customer_4098,36,Male,Northeast,Multi-Utility,Small Business,Apartment,27,0,1,5,Medium-High,Own,1
CUST0004099,Customer_4099,43,Female,Northwest,Electricity,Residential,Townhouse,19,1,0,1,Low,Own,0
CUST0004100,Customer_4100,46,Male,Northeast,Electricity,Residential,Mobile Home,40,0,0,5,Medium-High,Rent,0
CUST0004101,Customer_4101,22,Male,West,Dual Fuel,Residential,Mobile Home,19,1,1,5,High,Rent,0
CUST0004102,Customer_4102,33,Female,Southwest,Gas,Residential,Condo,62,1,0,3,Medium,Own,0
CUST0004103,Customer_4103,65,Male,Northeast,Multi-Utility,Residential,House,47,1,1,4,High,Own,0
CUST0004104,Customer_4104,58,Male,Southeast,Electricity,Residential,House,28,1,0,6,Low,Rent,1
CUST0004105,Customer_4105,44,Female,Southwest,Electricity,Small Business,Townhouse,75,1,1,3,Low,Own,1
CUST0004106,Customer_4106,48,Female,Northwest,Gas,Residential,Townhouse,63,0,1,1,High,Own,0
CUST0004107,Customer_4107,40,Female,Midwest,Electricity,Commercial,Condo,27,1,1,5,Medium-High,Rent,0
CUST0004108,Customer_4108,65,Other,Midwest,Electricity,Residential,House,2,1,1,1,Low,Own,1
CUST0004109,Customer_4109,41,Male,Southwest,Electricity,Residential,Condo,30,1,1,2,Medium,Rent,1
CUST0004110,Customer_4110,48,Female,West,Electricity,Small Business,House,15,0,1,5,Medium,Rent,0
CUST0004111,Customer_4111,62,Male,Northeast,Electricity,Commercial,Apartment,27,1,1,2,Medium-High,Rent,1
CUST0004112,Customer_4112,33,Female,Northeast,Multi-Utility,Residential,Apartment,37,1,1,4,Medium-High,Rent,0
CUST0004113,Customer_4113,68,Male,Southwest,Electricity,Small Business,Mobile Home,37,0,1,3,Low,Own,1
CUST0004114,Customer_4114,22,Other,Southeast,Gas,Commercial,House,40,1,1,4,Medium-High,Own,1
CUST0004115,Customer_4115,69,Female,Northwest,Dual Fuel,Small Business,Apartment,40,0,0,2,Medium,Own,1
CUST0004116,Customer_4116,39,Female,West,Water,Residential,Apartment,4,1,1,3,Medium-High,Rent,1
CUST0004117,Customer_4117,41,Female,Southeast,Gas,Commercial,Condo,7,1,1,2,Medium,Own,0
CUST0004118,Customer_4118,18,Female,Southwest,Water,Small Business,Apartment,35,1,0,2,Medium,Own,0
CUST0004119,Customer_4119,38,Female,Southwest,Dual Fuel,Small Business,Mobile Home,18,1,1,2,Medium,Own,1
CUST0004120,Customer_4120,29,Male,Southeast,Dual Fuel,Small Business,House,51,0,0,2,Medium,Rent,1
CUST0004121,Customer_4121,35,Male,Midwest,Gas,Prepaid,House,4,1,0,6,Low,Rent,0
CUST0004122,Customer_4122,42,Male,Southwest,Dual Fuel,Residential,Townhouse,7,0,1,3,Low,Own,1
CUST0004123,Customer_4123,59,Male,Northwest,Gas,Residential,Apartment,29,1,0,3,Medium,Other,0
CUST0004124,Customer_4124,48,Female,West,Electricity,Residential,House,25,0,1,3,Low,Rent,1
CUST0004125,Customer_4125,49,Female,Southeast,Dual Fuel,Residential,Apartment,11,1,0,6,Medium-High,Own,0
CUST0004126,Customer_4126,28,Female,Midwest,Gas,Residential,Condo,18,1,1,4,Low,Own,0
CUST0004127,Customer_4127,31,Other,Southeast,Dual Fuel,Small Business,House,1,1,1,4,Medium,Own,0
CUST0004128,Customer_4128,71,Female,Midwest,Electricity,Residential,House,1,1,1,2,High,Rent,1
CUST0004129,Customer_4129,33,Male,Midwest,Electricity,Small Business,Townhouse,3,0,1,3,Low,Own,1
CUST0004130,Customer_4130,69,Male,Northwest,Multi-Utility,Commercial,Apartment,30,1,0,2,Medium,Own,1
CUST0004131,Customer_4131,41,Male,West,Electricity,Residential,House,71,1,1,4,Medium-High,Rent,0
CUST0004132,Customer_4132,45,Male,Southwest,Multi-Utility,Commercial,House,10,0,1,2,Low,Rent,1
CUST0004133,Customer_4133,61,Female,Midwest,Multi-Utility,Residential,Condo,1,1,1,4,Medium-High,Rent,0
CUST0004134,Customer_4134,64,Female,Southwest,Dual Fuel,Commercial,House,44,1,1,2,Medium,Own,1
CUST0004135,Customer_4135,43,Female,West,Gas,Commercial,Townhouse,69,0,1,3,Medium,Rent,0
CUST0004136,Customer_4136,39,Female,Southwest,Gas,Residential,Condo,5,0,1,3,High,Rent,1
CUST0004137,Customer_4137,44,Female,Northwest,Dual Fuel,Residential,Apartment,17,0,1,2,Medium,Rent,1
CUST0004138,Customer_4138,50,Male,Northwest,Water,Residential,Mobile Home,6,0,1,1,Medium,Rent,0
CUST0004139,Customer_4139,58,Female,Northeast,Gas,Commercial,Apartment,4,0,0,2,Low,Rent,1
CUST0004140,Customer_4140,45,Male,Northwest,Multi-Utility,Commercial,House,37,1,1,3,Medium,Rent,0
CUST0004141,Customer_4141,54,Male,Midwest,Water,Residential,Condo,123,0,0,4,Medium,Own,0
CUST0004142,Customer_4142,69,Male,West,Multi-Utility,Small Business,Apartment,40,0,1,3,Medium,Own,0
CUST0004143,Customer_4143,50,Female,Northwest,Electricity,Residential,House,150,0,0,3,Medium-High,Own,1
CUST0004144,Customer_4144,49,Male,Southeast,Electricity,Residential,House,20,1,1,3,Medium-High,Rent,1
CUST0004145,Customer_4145,22,Male,West,Gas,Prepaid,Apartment,82,1,1,3,Medium,Own,0
CUST0004146,Customer_4146,18,Female,Midwest,Electricity,Residential,House,8,1,0,1,Medium-High,Own,0
CUST0004147,Customer_4147,50,Female,West,Water,Commercial,Condo,4,1,1,3,Medium-High,Own,0
CUST0004148,Customer_4148,43,Male,Northwest,Electricity,Commercial,Condo,43,1,1,2,High,Other,1
CUST0004149,Customer_4149,37,Male,Southeast,Multi-Utility,Prepaid,Apartment,16,0,1,3,Medium,Own,1
CUST0004150,Customer_4150,48,Female,Northeast,Electricity,Residential,Apartment,13,0,1,4,High,Own,0
CUST0004151,Customer_4151,44,Male,Midwest,Gas,Residential,Apartment,40,0,0,3,Medium,Own,1
CUST0004152,Customer_4152,61,Female,Midwest,Electricity,Residential,House,14,0,1,2,Medium-High,Own,0
CUST0004153,Customer_4153,46,Female,West,Gas,Small Business,House,30,0,0,2,Medium-High,Rent,1
CUST0004154,Customer_4154,33,Male,Southwest,Electricity,Small Business,House,12,1,1,1,High,Other,1
CUST0004155,Customer_4155,59,Male,Southwest,Electricity,Residential,House,55,0,1,3,Medium,Own,0
CUST0004156,Customer_4156,41,Male,Southeast,Water,Small Business,Apartment,13,1,0,3,Medium-High,Rent,0
CUST0004157,Customer_4157,52,Male,Northeast,Electricity,Residential,Townhouse,27,1,1,2,Medium,Rent,0
CUST0004158,Customer_4158,37,Male,Northeast,Electricity,Residential,Apartment,1,1,0,4,High,Own,0
CUST0004159,Customer_4159,35,Female,West,Water,Residential,Mobile Home,56,0,0,2,High,Own,0
CUST0004160,Customer_4160,46,Male,West,Electricity,Residential,Townhouse,34,1,1,4,Medium,Rent,1
CUST0004161,Customer_4161,45,Female,Southwest,Gas,Residential,Mobile Home,7,1,0,3,Medium,Rent,1
CUST0004162,Customer_4162,52,Female,Northwest,Electricity,Residential,Townhouse,8,1,1,3,Low,Rent,0
CUST0004163,Customer_4163,40,Male,Northeast,Electricity,Commercial,Condo,10,1,0,5,Low,Own,1
CUST0004164,Customer_4164,18,Male,Northwest,Water,Small Business,Apartment,30,1,1,1,High,Rent,1
CUST0004165,Customer_4165,38,Male,Northeast,Electricity,Residential,House,28,0,1,1,Medium,Rent,0
CUST0004166,Customer_4166,56,Male,Northwest,Dual Fuel,Small Business,Condo,11,0,0,4,Medium,Rent,1
CUST0004167,Customer_4167,40,Female,Northwest,Dual Fuel,Small Business,Condo,42,0,0,2,Medium-High,Own,0
CUST0004168,Customer_4168,41,Male,Northeast,Electricity,Residential,Apartment,79,1,0,6,Medium-High,Own,1
CUST0004169,Customer_4169,59,Female,Southeast,Multi-Utility,Small Business,Condo,1,0,0,2,Medium,Own,1
CUST0004170,Customer_4170,34,Male,Southeast,Electricity,Small Business,Apartment,19,0,1,2,Medium,Rent,0
CUST0004171,Customer_4171,21,Male,West,Electricity,Small Business,Apartment,32,1,1,3,Medium-High,Own,0
CUST0004172,Customer_4172,42,Female,Northwest,Electricity,Small Business,Apartment,31,0,0,2,Low,Rent,0
CUST0004173,Customer_4173,37,Female,Northwest,Gas,Small Business,Condo,1,1,1,2,Low,Own,0
CUST0004174,Customer_4174,30,Male,Northwest,Gas,Residential,Townhouse,8,1,1,5,Medium,Own,1
CUST0004175,Customer_4175,42,Male,Northwest,Electricity,Commercial,Townhouse,2,0,1,1,High,Own,1
CUST0004176,Customer_4176,52,Female,Northwest,Dual Fuel,Residential,Townhouse,30,0,0,3,Low,Own,0
CUST0004177,Customer_4177,44,Male,Southwest,Water,Commercial,House,37,1,1,2,Medium-High,Own,0
CUST0004178,Customer_4178,49,Male,Midwest,Electricity,Residential,Mobile Home,6,1,1,2,Medium-High,Own,1
CUST0004179,Customer_4179,72,Female,Northwest,Water,Residential,House,14,1,1,2,Low,Own,0
CUST0004180,Customer_4180,39,Female,Southwest,Multi-Utility,Small Business,Townhouse,14,0,0,1,Medium-High,Own,1
CUST0004181,Customer_4181,49,Female,Southeast,Electricity,Residential,House,61,0,1,1,Medium,Rent,1
CUST0004182,Customer_4182,37,Female,Northwest,Electricity,Commercial,Apartment,7,0,1,6,Medium-High,Own,0
CUST0004183,Customer_4183,32,Female,Southeast,Gas,Residential,Condo,28,1,1,4,High,Own,0
CUST0004184,Customer_4184,36,Female,West,Gas,Small Business,Condo,54,0,0,4,Medium,Rent,0
CUST0004185,Customer_4185,37,Female,Midwest,Gas,Residential,Apartment,63,0,1,1,Medium-High,Own,0
CUST0004186,Customer_4186,50,Female,Northeast,Electricity,Residential,Condo,39,1,1,1,Medium,Rent,0
CUST0004187,Customer_4187,80,Female,Midwest,Water,Residential,Apartment,12,1,0,3,Medium,Own,0
CUST0004188,Customer_4188,34,Male,Northwest,Gas,Small Business,House,62,0,1,4,Low,Other,1
CUST0004189,Customer_4189,38,Male,Northwest,Gas,Small Business,Condo,48,1,0,2,Medium-High,Own,0
CUST0004190,Customer_4190,44,Female,Midwest,Electricity,Small Business,House,43,1,1,2,Medium,Own,0
CUST0004191,Customer_4191,50,Female,Midwest,Gas,Prepaid,Condo,2,1,1,2,Medium,Rent,1
CUST0004192,Customer_4192,48,Male,West,Electricity,Small Business,House,1,1,0,2,Medium-High,Own,0
CUST0004193,Customer_4193,64,Female,Southeast,Gas,Commercial,Apartment,42,1,0,4,Medium-High,Rent,0
CUST0004194,Customer_4194,18,Male,Northeast,Multi-Utility,Residential,Apartment,104,1,0,2,High,Own,1
CUST0004195,Customer_4195,18,Female,Midwest,Gas,Residential,House,53,1,0,2,Low,Own,1
CUST0004196,Customer_4196,37,Female,Northeast,Electricity,Residential,Apartment,64,1,0,4,Medium-High,Rent,1
CUST0004197,Customer_4197,61,Female,Midwest,Gas,Residential,Condo,28,1,1,1,High,Own,0
CUST0004198,Customer_4198,21,Male,Southeast,Dual Fuel,Residential,Mobile Home,13,1,1,4,Low,Own,1
CUST0004199,Customer_4199,18,Female,Northeast,Water,Residential,Townhouse,40,1,1,5,Medium-High,Own,1
CUST0004200,Customer_4200,53,Male,Southwest,Gas,Small Business,Condo,44,0,1,1,Medium,Rent,0
CUST0004201,Customer_4201,48,Male,Southeast,Electricity,Small Business,Apartment,40,0,0,3,Medium-High,Own,0
CUST0004202,Customer_4202,28,Male,Northeast,Gas,Prepaid,Apartment,105,1,0,3,Medium-High,Own,1
CUST0004203,Customer_4203,30,Female,Midwest,Gas,Commercial,House,16,1,1,1,High,Own,0
CUST0004204,Customer_4204,30,Male,Midwest,Multi-Utility,Residential,Apartment,1,1,1,4,Medium,Other,1
CUST0004205,Customer_4205,46,Male,Southeast,Gas,Residential,Townhouse,86,1,0,3,Medium-High,Rent,0
CUST0004206,Customer_4206,35,Female,Southeast,Water,Residential,Apartment,6,0,0,3,Low,Own,1
CUST0004207,Customer_4207,52,Female,Midwest,Gas,Residential,Apartment,43,1,1,4,Medium,Own,0
CUST0004208,Customer_4208,18,Female,Northeast,Electricity,Residential,House,74,1,1,2,Medium,Rent,0
CUST0004209,Customer_4209,32,Female,Southwest,Dual Fuel,Small Business,House,13,0,1,4,Medium,Own,0
CUST0004210,Customer_4210,28,Male,West,Gas,Residential,House,63,0,0,4,Medium,Own,0
CUST0004211,Customer_4211,41,Female,Southeast,Multi-Utility,Small Business,Condo,14,0,1,2,High,Own,1
CUST0004212,Customer_4212,36,Female,Midwest,Gas,Small Business,Apartment,56,0,0,6,Low,Own,0
CUST0004213,Customer_4213,56,Male,Northeast,Electricity,Residential,Condo,2,0,1,2,Medium,Own,1
CUST0004214,Customer_4214,18,Male,Southeast,Water,Residential,Apartment,38,1,0,4,High,Rent,1
CUST0004215,Customer_4215,45,Male,Northeast,Electricity,Commercial,Townhouse,40,1,1,4,Medium,Rent,0
CUST0004216,Customer_4216,53,Male,Southeast,Electricity,Residential,Townhouse,24,1,1,3,Medium-High,Own,1
CUST0004217,Customer_4217,72,Female,Midwest,Electricity,Residential,Townhouse,41,1,1,1,Low,Rent,1
CUST0004218,Customer_4218,37,Female,Northeast,Water,Residential,Apartment,92,1,1,2,Medium,Own,1
CUST0004219,Customer_4219,49,Female,Midwest,Gas,Residential,Apartment,47,0,1,2,Low,Own,1
CUST0004220,Customer_4220,18,Female,Northeast,Electricity,Residential,Mobile Home,117,0,0,3,Low,Rent,0
CUST0004221,Customer_4221,18,Male,Southeast,Gas,Commercial,House,21,0,1,2,Medium-High,Rent,1
CUST0004222,Customer_4222,57,Female,West,Gas,Residential,House,27,1,1,3,Medium-High,Rent,0
CUST0004223,Customer_4223,44,Male,West,Multi-Utility,Residential,Apartment,11,1,1,2,High,Rent,1
CUST0004224,Customer_4224,62,Other,Southwest,Gas,Residential,Condo,152,0,0,1,Medium,Own,0
CUST0004225,Customer_4225,24,Male,Southwest,Water,Small Business,House,2,1,0,2,Medium,Own,1
CUST0004226,Customer_4226,52,Female,Northwest,Electricity,Residential,Condo,15,1,1,3,Medium-High,Rent,0
CUST0004227,Customer_4227,73,Male,Midwest,Water,Residential,Apartment,12,1,1,4,Low,Own,0
CUST0004228,Customer_4228,51,Male,Northeast,Water,Small Business,Apartment,17,1,0,1,Medium-High,Rent,1
CUST0004229,Customer_4229,49,Male,Southwest,Dual Fuel,Residential,Apartment,89,0,0,2,Medium,Own,1
CUST0004230,Customer_4230,45,Female,Southeast,Electricity,Residential,Apartment,16,0,1,6,High,Rent,0
CUST0004231,Customer_4231,21,Female,West,Gas,Residential,House,89,1,0,2,Low,Rent,1
CUST0004232,Customer_4232,65,Male,Northeast,Water,Small Business,House,19,1,1,4,Low,Rent,0
CUST0004233,Customer_4233,35,Female,Northwest,Electricity,Prepaid,House,69,1,1,3,Medium,Rent,1
CUST0004234,Customer_4234,52,Female,West,Gas,Residential,Condo,26,0,0,1,Medium,Own,0
CUST0004235,Customer_4235,21,Female,Northeast,Multi-Utility,Residential,Apartment,13,1,1,3,Medium-High,Own,0
CUST0004236,Customer_4236,27,Female,Southwest,Gas,Residential,Apartment,21,1,0,6,High,Rent,0
CUST0004237,Customer_4237,66,Male,Southwest,Multi-Utility,Small Business,Apartment,19,0,1,5,Low,Own,1
CUST0004238,Customer_4238,39,Male,Midwest,Electricity,Small Business,Apartment,10,0,1,4,Medium,Own,0
CUST0004239,Customer_4239,66,Female,Northwest,Water,Small Business,House,12,1,1,3,Medium,Own,1
CUST0004240,Customer_4240,43,Female,Northeast,Gas,Small Business,House,7,0,1,2,Medium,Rent,1
CUST0004241,Customer_4241,18,Other,Northwest,Gas,Commercial,Townhouse,14,0,1,2,Medium,Own,0
CUST0004242,Customer_4242,58,Female,Southeast,Multi-Utility,Commercial,Apartment,35,0,1,2,Medium-High,Rent,0
CUST0004243,Customer_4243,36,Male,Northwest,Electricity,Small Business,Condo,17,1,1,5,Medium-High,Own,0
CUST0004244,Customer_4244,55,Female,Southwest,Dual Fuel,Residential,Apartment,44,1,1,2,Medium-High,Own,1
CUST0004245,Customer_4245,45,Male,Midwest,Water,Residential,Townhouse,156,0,1,2,Medium-High,Own,1
CUST0004246,Customer_4246,21,Other,Southwest,Electricity,Residential,Apartment,17,1,0,3,Medium-High,Rent,0
CUST0004247,Customer_4247,47,Male,West,Dual Fuel,Residential,House,22,1,1,3,Medium,Rent,1
CUST0004248,Customer_4248,77,Female,Southwest,Gas,Small Business,Townhouse,6,0,1,1,Low,Own,1
CUST0004249,Customer_4249,52,Female,Northeast,Dual Fuel,Residential,House,17,1,1,2,Medium,Own,0
CUST0004250,Customer_4250,44,Male,Midwest,Electricity,Small Business,House,46,1,1,3,Low,Own,0
CUST0004251,Customer_4251,61,Male,Northeast,Dual Fuel,Residential,House,8,1,1,4,Medium,Rent,1
CUST0004252,Customer_4252,48,Female,Southeast,Gas,Small Business,Condo,7,1,0,3,Medium,Other,0
CUST0004253,Customer_4253,48,Female,Southeast,Electricity,Residential,Condo,16,1,1,2,Low,Own,1
CUST0004254,Customer_4254,28,Male,Southwest,Gas,Residential,Condo,61,0,1,4,Medium-High,Rent,0
CUST0004255,Customer_4255,48,Female,Midwest,Electricity,Residential,Mobile Home,35,0,1,4,Medium-High,Own,0
CUST0004256,Customer_4256,60,Female,Northwest,Gas,Commercial,House,113,1,1,2,Medium,Own,1
CUST0004257,Customer_4257,32,Male,Midwest,Electricity,Residential,Apartment,84,1,1,1,Medium-High,Own,0
CUST0004258,Customer_4258,66,Male,Midwest,Electricity,Residential,Condo,5,1,1,4,Medium-High,Rent,1
CUST0004259,Customer_4259,43,Female,Midwest,Electricity,Residential,Mobile Home,1,0,1,3,Low,Rent,1
CUST0004260,Customer_4260,31,Female,Southwest,Gas,Small Business,House,18,0,1,2,High,Own,0
CUST0004261,Customer_4261,59,Female,Northeast,Gas,Residential,Mobile Home,26,1,1,2,Low,Rent,1
CUST0004262,Customer_4262,40,Female,Southwest,Gas,Prepaid,House,26,0,0,4,Medium-High,Own,1
CUST0004263,Customer_4263,56,Male,Northwest,Electricity,Residential,Townhouse,5,0,1,4,High,Own,0
CUST0004264,Customer_4264,40,Male,Northeast,Water,Residential,Condo,4,1,0,5,Medium-High,Rent,1
CUST0004265,Customer_4265,44,Male,Northwest,Water,Small Business,Townhouse,1,1,1,3,Medium-High,Other,1
CUST0004266,Customer_4266,52,Male,West,Electricity,Residential,House,68,1,1,1,High,Own,0
CUST0004267,Customer_4267,49,Female,West,Dual Fuel,Commercial,House,106,0,0,4,Medium,Rent,0
CUST0004268,Customer_4268,18,Female,Northeast,Gas,Residential,House,4,0,1,2,Medium,Rent,1
CUST0004269,Customer_4269,28,Male,Southwest,Water,Prepaid,Apartment,8,1,0,2,Medium-High,Own,0
CUST0004270,Customer_4270,58,Male,Northwest,Electricity,Small Business,Condo,3,1,1,2,High,Own,1
CUST0004271,Customer_4271,43,Female,Northwest,Electricity,Commercial,Mobile Home,75,1,1,2,Medium-High,Own,0
CUST0004272,Customer_4272,37,Female,Southeast,Dual Fuel,Residential,Apartment,114,1,1,4,High,Rent,0
CUST0004273,Customer_4273,24,Female,Northwest,Dual Fuel,Residential,House,10,1,1,3,Medium,Rent,1
CUST0004274,Customer_4274,28,Female,Southwest,Electricity,Small Business,House,13,0,1,1,Medium-High,Own,0
CUST0004275,Customer_4275,18,Female,Southeast,Electricity,Small Business,House,16,0,0,3,High,Own,0
CUST0004276,Customer_4276,43,Female,Southwest,Water,Residential,Townhouse,25,0,1,3,Medium,Own,1
CUST0004277,Customer_4277,36,Male,Midwest,Water,Residential,Townhouse,41,1,1,5,High,Rent,0
CUST0004278,Customer_4278,30,Male,Northwest,Dual Fuel,Residential,Mobile Home,25,0,0,5,Medium,Rent,0
CUST0004279,Customer_4279,43,Male,Midwest,Electricity,Small Business,Apartment,108,0,0,1,High,Own,1
CUST0004280,Customer_4280,50,Female,West,Gas,Residential,House,3,1,0,5,High,Own,0
CUST0004281,Customer_4281,76,Female,West,Electricity,Residential,House,57,0,0,1,Low,Own,1
CUST0004282,Customer_4282,22,Female,Northeast,Electricity,Residential,Apartment,14,0,1,2,Medium,Rent,0
CUST0004283,Customer_4283,62,Male,Northwest,Electricity,Residential,Mobile Home,17,1,1,1,Medium,Rent,0
CUST0004284,Customer_4284,59,Male,Southeast,Dual Fuel,Residential,House,44,1,1,2,Low,Rent,0
CUST0004285,Customer_4285,33,Male,Midwest,Gas,Prepaid,House,95,1,1,4,Low,Own,1
CUST0004286,Customer_4286,48,Male,Southwest,Dual Fuel,Residential,Condo,45,1,1,4,Low,Own,0
CUST0004287,Customer_4287,38,Female,Northwest,Electricity,Commercial,Condo,53,0,1,4,Medium,Rent,0
CUST0004288,Customer_4288,47,Female,Northeast,Electricity,Residential,House,50,1,1,5,Medium,Rent,0
CUST0004289,Customer_4289,67,Other,Southwest,Electricity,Residential,Townhouse,13,1,0,2,High,Rent,1
CUST0004290,Customer_4290,54,Female,Midwest,Electricity,Residential,House,50,0,1,1,Medium,Own,0
CUST0004291,Customer_4291,52,Female,Northwest,Dual Fuel,Small Business,Mobile Home,55,1,1,3,Medium-High,Own,1
CUST0004292,Customer_4292,38,Female,Midwest,Electricity,Small Business,House,27,0,1,5,Low,Own,1
CUST0004293,Customer_4293,22,Male,Northwest,Electricity,Residential,House,27,0,1,6,Medium-High,Own,1
CUST0004294,Customer_4294,41,Female,Northwest,Electricity,Residential,House,51,1,1,2,High,Own,0
CUST0004295,Customer_4295,63,Female,Midwest,Electricity,Commercial,House,61,0,1,4,Medium,Own,1
CUST0004296,Customer_4296,22,Female,Midwest,Water,Prepaid,Apartment,14,0,0,4,Medium,Rent,1
CUST0004297,Customer_4297,29,Male,Southwest,Gas,Residential,Condo,58,0,0,1,Medium-High,Rent,0
CUST0004298,Customer_4298,46,Male,Northeast,Water,Small Business,Apartment,60,0,0,3,Medium,Own,1
CUST0004299,Customer_4299,30,Male,Midwest,Water,Residential,Condo,9,1,1,2,Medium,Other,0
CUST0004300,Customer_4300,33,Female,West,Electricity,Residential,Apartment,45,1,1,3,Medium,Rent,0
CUST0004301,Customer_4301,38,Male,Northeast,Electricity,Residential,House,7,1,1,5,Medium,Own,0
CUST0004302,Customer_4302,24,Female,West,Water,Residential,Mobile Home,3,1,1,4,Medium-High,Other,0
CUST0004303,Customer_4303,30,Female,Southwest,Water,Commercial,Townhouse,30,1,0,3,High,Own,0
CUST0004304,Customer_4304,55,Male,Midwest,Electricity,Residential,House,86,0,0,4,Medium-High,Own,0
CUST0004305,Customer_4305,25,Female,Northeast,Electricity,Small Business,Apartment,1,0,0,2,Low,Rent,1
CUST0004306,Customer_4306,21,Female,Midwest,Electricity,Commercial,Condo,63,0,0,2,Medium,Own,0
CUST0004307,Customer_4307,35,Male,Northwest,Electricity,Residential,House,25,1,0,2,High,Rent,0
CUST0004308,Customer_4308,55,Female,Midwest,Electricity,Residential,Apartment,71,1,0,4,High,Rent,0
CUST0004309,Customer_4309,42,Male,Northeast,Electricity,Small Business,Apartment,66,1,1,5,Low,Own,0
CUST0004310,Customer_4310,38,Male,Midwest,Gas,Residential,House,74,1,1,3,High,Own,0
CUST0004311,Customer_4311,45,Female,Midwest,Electricity,Residential,House,52,1,0,6,High,Own,1
CUST0004312,Customer_4312,18,Female,Southeast,Electricity,Residential,Townhouse,66,0,1,4,Medium,Own,1
CUST0004313,Customer_4313,52,Other,Southeast,Dual Fuel,Residential,House,6,1,1,3,Medium-High,Own,1
CUST0004314,Customer_4314,50,Female,Northeast,Gas,Commercial,House,13,1,1,3,Medium-High,Own,0
CUST0004315,Customer_4315,38,Female,Northeast,Multi-Utility,Small Business,Condo,9,1,1,4,Medium,Rent,1
CUST0004316,Customer_4316,60,Female,Northwest,Electricity,Residential,Condo,48,0,1,1,Low,Rent,1
CUST0004317,Customer_4317,28,Female,Northwest,Water,Residential,House,6,1,1,2,Medium,Own,1
CUST0004318,Customer_4318,61,Female,Midwest,Electricity,Prepaid,Townhouse,7,1,0,2,High,Rent,1
CUST0004319,Customer_4319,47,Male,West,Gas,Residential,Condo,76,0,0,5,Medium-High,Rent,1
CUST0004320,Customer_4320,39,Female,Northeast,Electricity,Residential,House,44,1,1,5,Medium,Own,0
CUST0004321,Customer_4321,44,Male,Midwest,Electricity,Prepaid,Apartment,74,0,1,2,Medium,Rent,1
CUST0004322,Customer_4322,43,Female,West,Multi-Utility,Prepaid,Condo,5,0,1,5,Medium,Rent,1
CUST0004323,Customer_4323,63,Male,Southeast,Gas,Residential,House,18,1,1,3,Medium,Rent,0
CUST0004324,Customer_4324,28,Female,Northwest,Multi-Utility,Residential,Apartment,11,0,0,3,Medium-High,Own,1
CUST0004325,Customer_4325,33,Male,Northeast,Electricity,Residential,Condo,1,1,1,4,Medium,Own,1
CUST0004326,Customer_4326,60,Male,Midwest,Electricity,Residential,Apartment,12,1,0,3,Low,Own,0
CUST0004327,Customer_4327,36,Female,Southeast,Gas,Small Business,Condo,17,1,0,3,Medium,Own,0
CUST0004328,Customer_4328,58,Male,Southwest,Water,Residential,Apartment,3,1,0,1,Medium-High,Own,1
CUST0004329,Customer_4329,70,Female,Southeast,Gas,Residential,House,30,0,1,1,Medium-High,Own,1
CUST0004330,Customer_4330,38,Male,Midwest,Multi-Utility,Residential,Apartment,17,1,1,3,Medium,Own,1
CUST0004331,Customer_4331,55,Male,Northwest,Electricity,Prepaid,Apartment,1,1,0,1,Medium-High,Rent,0
CUST0004332,Customer_4332,27,Male,West,Water,Residential,Townhouse,43,1,0,4,Medium-High,Rent,1
CUST0004333,Customer_4333,56,Female,Southwest,Electricity,Residential,Condo,47,1,0,3,Medium,Own,1
CUST0004334,Customer_4334,47,Male,Southwest,Electricity,Prepaid,Apartment,64,1,0,3,High,Other,0
CUST0004335,Customer_4335,52,Female,Northwest,Gas,Residential,Mobile Home,23,1,1,4,Medium,Rent,0
CUST0004336,Customer_4336,35,Male,Southwest,Gas,Residential,House,124,1,0,6,High,Own,1
CUST0004337,Customer_4337,20,Male,Northeast,Electricity,Residential,House,88,1,1,2,Medium,Rent,1
CUST0004338,Customer_4338,52,Male,Midwest,Electricity,Residential,House,28,1,1,3,Medium,Rent,0
CUST0004339,Customer_4339,18,Male,Southwest,Gas,Residential,House,21,0,0,4,Medium,Own,0
CUST0004340,Customer_4340,40,Female,Southeast,Gas,Residential,Condo,1,1,1,1,Medium,Own,1
CUST0004341,Customer_4341,59,Female,West,Electricity,Residential,House,44,1,0,2,High,Own,0
CUST0004342,Customer_4342,47,Female,Midwest,Electricity,Residential,House,29,1,0,3,Medium,Own,0
CUST0004343,Customer_4343,74,Male,Northwest,Electricity,Residential,House,99,0,0,3,Medium-High,Other,1
CUST0004344,Customer_4344,60,Male,Southeast,Multi-Utility,Residential,Condo,32,1,0,1,Medium-High,Rent,0
CUST0004345,Customer_4345,35,Male,Northeast,Multi-Utility,Residential,Townhouse,177,1,1,3,Low,Own,1
CUST0004346,Customer_4346,45,Female,Southwest,Gas,Residential,Townhouse,69,0,1,3,High,Rent,0
CUST0004347,Customer_4347,44,Male,Southeast,Multi-Utility,Commercial,House,110,1,1,3,Medium,Own,0
CUST0004348,Customer_4348,21,Female,Midwest,Water,Residential,Apartment,14,1,1,4,High,Own,0
CUST0004349,Customer_4349,30,Male,Southeast,Electricity,Residential,House,5,1,1,4,Medium-High,Own,0
CUST0004350,Customer_4350,36,Male,Northeast,Electricity,Small Business,House,57,0,0,3,Medium-High,Own,0
CUST0004351,Customer_4351,18,Male,West,Dual Fuel,Residential,Townhouse,55,1,1,3,Medium,Own,0
CUST0004352,Customer_4352,45,Male,Southwest,Gas,Small Business,Apartment,8,0,1,4,Medium-High,Rent,1
CUST0004353,Customer_4353,41,Female,Midwest,Dual Fuel,Small Business,House,52,1,0,3,Low,Own,0
CUST0004354,Customer_4354,19,Male,Southwest,Dual Fuel,Small Business,Apartment,31,0,1,5,Medium-High,Rent,0
CUST0004355,Customer_4355,51,Female,Southwest,Gas,Small Business,House,4,1,1,3,Low,Own,1
CUST0004356,Customer_4356,55,Male,Northwest,Electricity,Residential,Apartment,25,0,1,3,Medium,Rent,1
CUST0004357,Customer_4357,48,Female,Southwest,Electricity,Small Business,Apartment,96,1,0,1,Low,Rent,1
CUST0004358,Customer_4358,40,Male,Southeast,Electricity,Residential,House,25,1,0,4,High,Own,0
CUST0004359,Customer_4359,53,Female,Southeast,Electricity,Residential,Mobile Home,55,1,0,3,Medium-High,Rent,1
CUST0004360,Customer_4360,55,Female,West,Gas,Commercial,Apartment,1,0,1,4,Medium-High,Own,1
CUST0004361,Customer_4361,49,Other,Northeast,Electricity,Residential,Townhouse,46,0,1,3,High,Own,1
CUST0004362,Customer_4362,32,Male,Midwest,Electricity,Prepaid,Townhouse,105,1,1,1,Medium-High,Own,1
CUST0004363,Customer_4363,49,Female,Southeast,Gas,Residential,Condo,24,0,1,3,Low,Rent,0
CUST0004364,Customer_4364,62,Male,Southwest,Electricity,Residential,Apartment,14,0,1,1,Medium-High,Own,0
CUST0004365,Customer_4365,36,Male,Northeast,Gas,Residential,House,37,1,0,2,High,Own,1
CUST0004366,Customer_4366,76,Male,Midwest,Gas,Small Business,Condo,89,1,1,2,Medium,Rent,0
CUST0004367,Customer_4367,37,Male,Midwest,Gas,Residential,Apartment,7,0,1,2,Medium-High,Rent,0
CUST0004368,Customer_4368,45,Other,Midwest,Multi-Utility,Residential,House,18,1,1,1,Medium-High,Own,0
CUST0004369,Customer_4369,34,Male,Midwest,Electricity,Residential,Apartment,6,1,0,4,Medium,Rent,1
CUST0004370,Customer_4370,48,Female,West,Electricity,Small Business,Condo,24,0,1,4,High,Other,1
CUST0004371,Customer_4371,18,Female,Midwest,Dual Fuel,Residential,Mobile Home,27,1,0,2,Medium,Own,1
CUST0004372,Customer_4372,36,Female,Northeast,Gas,Commercial,Apartment,103,0,1,3,Low,Own,1
CUST0004373,Customer_4373,28,Female,Southeast,Water,Residential,Apartment,19,0,1,3,High,Own,0
CUST0004374,Customer_4374,47,Male,Northeast,Electricity,Residential,Townhouse,30,0,1,2,Medium-High,Rent,0
CUST0004375,Customer_4375,59,Female,Southwest,Dual Fuel,Residential,House,77,0,1,2,Medium,Own,1
CUST0004376,Customer_4376,54,Male,Northwest,Multi-Utility,Prepaid,House,13,1,1,2,Medium,Own,1
CUST0004377,Customer_4377,18,Female,West,Gas,Residential,House,40,0,0,5,High,Rent,0
CUST0004378,Customer_4378,75,Female,West,Electricity,Residential,Townhouse,50,1,1,4,Medium,Rent,1
CUST0004379,Customer_4379,49,Other,Southwest,Dual Fuel,Small Business,House,14,1,1,3,Medium,Own,0
CUST0004380,Customer_4380,33,Male,Northeast,Water,Residential,House,6,1,1,4,Medium,Rent,1
CUST0004381,Customer_4381,47,Male,Northeast,Water,Small Business,Apartment,25,1,1,3,High,Other,1
CUST0004382,Customer_4382,47,Male,Southwest,Electricity,Residential,Townhouse,15,1,1,1,Medium-High,Rent,1
CUST0004383,Customer_4383,34,Male,Northwest,Water,Residential,Mobile Home,11,0,1,4,Medium-High,Rent,1
CUST0004384,Customer_4384,47,Male,Midwest,Electricity,Residential,Apartment,130,1,1,2,Medium-High,Rent,1
CUST0004385,Customer_4385,35,Female,Midwest,Electricity,Residential,Mobile Home,25,1,0,4,High,Rent,0
CUST0004386,Customer_4386,38,Male,Southeast,Gas,Small Business,House,69,0,0,3,High,Rent,0
CUST0004387,Customer_4387,34,Female,Northeast,Electricity,Small Business,House,7,1,1,4,Medium-High,Rent,1
CUST0004388,Customer_4388,23,Female,Northeast,Water,Residential,Mobile Home,100,1,0,3,Medium-High,Rent,0
CUST0004389,Customer_4389,47,Female,Southwest,Gas,Commercial,Apartment,56,0,1,4,Medium,Own,1
CUST0004390,Customer_4390,53,Male,Southwest,Electricity,Residential,House,59,1,0,1,Medium,Own,1
CUST0004391,Customer_4391,52,Male,Midwest,Water,Residential,Apartment,17,0,1,1,Medium-High,Own,0
CUST0004392,Customer_4392,57,Male,Northeast,Multi-Utility,Small Business,Townhouse,23,0,1,5,Medium-High,Own,0
CUST0004393,Customer_4393,49,Male,Northeast,Electricity,Small Business,Townhouse,32,1,1,4,High,Rent,0
CUST0004394,Customer_4394,37,Female,West,Gas,Residential,Townhouse,56,1,1,4,Low,Rent,0
CUST0004395,Customer_4395,57,Male,Southeast,Electricity,Small Business,Apartment,68,0,0,3,Medium-High,Rent,1
CUST0004396,Customer_4396,24,Female,Southeast,Gas,Residential,Townhouse,2,1,1,3,Medium-High,Rent,1
CUST0004397,Customer_4397,31,Female,Midwest,Electricity,Small Business,Apartment,84,1,1,3,Medium-High,Own,0
CUST0004398,Customer_4398,30,Female,Northwest,Electricity,Commercial,Condo,99,1,1,2,Low,Own,1
CUST0004399,Customer_4399,61,Male,Northeast,Electricity,Small Business,Townhouse,32,0,0,4,Medium-High,Rent,0
CUST0004400,Customer_4400,59,Male,West,Multi-Utility,Residential,Apartment,7,1,1,4,Medium,Own,1
CUST0004401,Customer_4401,52,Female,Northeast,Gas,Small Business,House,61,1,0,5,Medium-High,Rent,0
CUST0004402,Customer_4402,61,Female,Southwest,Gas,Small Business,Apartment,28,1,1,3,Medium-High,Own,1
CUST0004403,Customer_4403,31,Male,Midwest,Electricity,Residential,Condo,61,1,1,3,Medium,Rent,1
CUST0004404,Customer_4404,50,Male,Northwest,Gas,Residential,House,60,1,1,4,Medium-High,Own,0
CUST0004405,Customer_4405,43,Male,Southeast,Electricity,Prepaid,House,3,0,1,4,High,Own,1
CUST0004406,Customer_4406,57,Female,Northeast,Electricity,Residential,House,33,1,0,5,Medium,Own,0
CUST0004407,Customer_4407,43,Male,Northwest,Gas,Residential,House,23,0,0,4,Medium-High,Rent,0
CUST0004408,Customer_4408,39,Female,Midwest,Electricity,Residential,Condo,105,0,1,5,Medium,Own,0
CUST0004409,Customer_4409,53,Male,Southeast,Electricity,Small Business,House,12,0,1,1,Medium-High,Own,1
CUST0004410,Customer_4410,58,Female,Northeast,Gas,Commercial,House,8,1,1,4,Medium,Own,0
CUST0004411,Customer_4411,34,Female,West,Dual Fuel,Small Business,Condo,81,0,1,1,Medium,Rent,0
CUST0004412,Customer_4412,44,Female,Midwest,Electricity,Residential,Townhouse,5,0,1,4,Medium-High,Other,0
CUST0004413,Customer_4413,29,Male,Northeast,Electricity,Small Business,House,41,0,1,3,Medium,Own,0
CUST0004414,Customer_4414,18,Male,Southeast,Electricity,Small Business,House,12,0,1,1,Medium,Rent,0
CUST0004415,Customer_4415,48,Male,Southeast,Multi-Utility,Small Business,Mobile Home,30,1,0,3,High,Own,0
CUST0004416,Customer_4416,54,Female,West,Dual Fuel,Residential,Apartment,34,1,1,1,Medium-High,Rent,0
CUST0004417,Customer_4417,48,Female,Midwest,Gas,Small Business,Mobile Home,19,0,1,1,Medium-High,Own,0
CUST0004418,Customer_4418,18,Female,Midwest,Multi-Utility,Residential,House,132,0,1,2,Medium-High,Rent,0
CUST0004419,Customer_4419,39,Male,Northwest,Gas,Residential,House,5,1,1,3,High,Own,0
CUST0004420,Customer_4420,18,Female,Northeast,Multi-Utility,Residential,House,17,1,1,1,Low,Rent,1
CUST0004421,Customer_4421,65,Male,Northwest,Electricity,Prepaid,House,20,1,0,1,Low,Own,1
CUST0004422,Customer_4422,28,Female,Southeast,Electricity,Residential,Townhouse,35,0,1,2,Medium,Rent,0
CUST0004423,Customer_4423,63,Male,Southeast,Gas,Prepaid,Mobile Home,18,1,1,1,Medium-High,Own,0
CUST0004424,Customer_4424,59,Female,West,Electricity,Residential,Mobile Home,3,1,0,2,Medium,Own,0
CUST0004425,Customer_4425,31,Male,West,Gas,Small Business,Townhouse,106,1,0,3,Medium-High,Rent,1
CUST0004426,Customer_4426,28,Male,Midwest,Electricity,Residential,Townhouse,19,0,1,3,Low,Rent,1
CUST0004427,Customer_4427,50,Female,Northwest,Gas,Residential,Condo,15,0,1,6,Medium-High,Rent,0
CUST0004428,Customer_4428,32,Male,Southeast,Electricity,Small Business,Townhouse,21,1,0,1,Medium-High,Own,1
CUST0004429,Customer_4429,46,Female,Northeast,Electricity,Small Business,House,8,0,1,5,Medium,Rent,1
CUST0004430,Customer_4430,37,Female,Southwest,Dual Fuel,Small Business,Apartment,3,0,1,2,Medium,Rent,1
CUST0004431,Customer_4431,18,Female,Northeast,Dual Fuel,Small Business,Condo,5,1,0,2,Medium-High,Own,1
CUST0004432,Customer_4432,18,Male,West,Multi-Utility,Small Business,Townhouse,6,1,1,2,Medium-High,Rent,1
CUST0004433,Customer_4433,48,Female,Northeast,Water,Commercial,Condo,7,1,1,1,Medium-High,Rent,1
CUST0004434,Customer_4434,36,Female,Southeast,Water,Residential,Townhouse,19,1,0,3,Medium,Rent,1
CUST0004435,Customer_4435,36,Male,Northwest,Gas,Residential,Apartment,35,1,0,4,High,Rent,1
CUST0004436,Customer_4436,55,Female,Midwest,Electricity,Residential,Condo,35,1,0,5,Medium-High,Rent,1
CUST0004437,Customer_4437,62,Male,Northwest,Electricity,Residential,Mobile Home,1,1,0,6,Low,Rent,1
CUST0004438,Customer_4438,40,Male,Southwest,Electricity,Small Business,House,91,1,1,4,Medium,Rent,0
CUST0004439,Customer_4439,39,Male,Midwest,Dual Fuel,Residential,Mobile Home,62,1,1,3,Medium-High,Own,1
CUST0004440,Customer_4440,52,Male,Southwest,Electricity,Residential,Apartment,119,0,1,3,Low,Rent,0
CUST0004441,Customer_4441,24,Male,Southwest,Multi-Utility,Residential,Condo,16,1,1,5,High,Other,0
CUST0004442,Customer_4442,48,Female,Southeast,Gas,Small Business,Townhouse,39,0,1,4,Medium-High,Own,0
CUST0004443,Customer_4443,53,Female,Southeast,Water,Residential,Apartment,6,1,0,2,Low,Rent,1
CUST0004444,Customer_4444,55,Male,West,Electricity,Residential,Apartment,61,0,1,4,High,Rent,0
CUST0004445,Customer_4445,18,Female,West,Electricity,Small Business,Apartment,6,1,1,3,Medium,Rent,1
CUST0004446,Customer_4446,33,Female,Southwest,Multi-Utility,Small Business,House,14,0,1,3,Medium,Rent,0
CUST0004447,Customer_4447,31,Female,Northwest,Electricity,Residential,Apartment,24,1,1,5,Medium-High,Own,1
CUST0004448,Customer_4448,46,Female,West,Electricity,Small Business,House,32,0,1,4,Medium-High,Own,0
CUST0004449,Customer_4449,52,Female,Southeast,Electricity,Residential,Mobile Home,29,1,1,5,Medium,Own,1
CUST0004450,Customer_4450,67,Male,West,Electricity,Commercial,House,3,1,1,5,Medium,Rent,0
CUST0004451,Customer_4451,37,Male,Southwest,Electricity,Residential,Apartment,19,0,0,1,Medium,Own,0
CUST0004452,Customer_4452,37,Male,Midwest,Gas,Prepaid,Mobile Home,92,0,1,1,Medium-High,Other,1
CUST0004453,Customer_4453,62,Female,Northwest,Gas,Prepaid,Mobile Home,74,1,0,2,Medium-High,Own,0
CUST0004454,Customer_4454,49,Male,Northwest,Gas,Small Business,Condo,32,1,1,5,Medium-High,Own,0
CUST0004455,Customer_4455,64,Female,Northeast,Electricity,Residential,Apartment,30,0,1,2,Medium-High,Own,0
CUST0004456,Customer_4456,49,Male,West,Dual Fuel,Residential,House,4,0,0,4,Medium,Rent,1
CUST0004457,Customer_4457,27,Female,Northwest,Water,Residential,Apartment,8,1,1,3,Medium-High,Own,0
CUST0004458,Customer_4458,25,Male,Southeast,Electricity,Commercial,House,10,0,0,4,Medium,Own,1
CUST0004459,Customer_4459,21,Male,Midwest,Electricity,Small Business,Townhouse,24,1,0,2,Low,Own,0
CUST0004460,Customer_4460,54,Male,Southeast,Electricity,Prepaid,House,47,1,1,2,Medium-High,Other,0
CUST0004461,Customer_4461,62,Male,West,Water,Small Business,Condo,22,0,1,2,Low,Other,1
CUST0004462,Customer_4462,72,Male,Southwest,Water,Residential,Apartment,4,1,0,3,Low,Own,0
CUST0004463,Customer_4463,57,Female,Northeast,Dual Fuel,Residential,Apartment,20,1,1,2,Medium,Rent,1
CUST0004464,Customer_4464,62,Male,Northeast,Electricity,Residential,Apartment,6,1,1,4,Low,Rent,1
CUST0004465,Customer_4465,36,Male,Midwest,Gas,Residential,Townhouse,50,1,0,2,Medium,Rent,0
CUST0004466,Customer_4466,27,Female,Northwest,Electricity,Small Business,House,6,1,1,4,Medium,Own,1
CUST0004467,Customer_4467,57,Male,Northwest,Electricity,Commercial,Apartment,23,1,1,5,Low,Own,0
CUST0004468,Customer_4468,51,Female,Northwest,Gas,Small Business,House,42,1,1,3,Medium,Rent,0
CUST0004469,Customer_4469,46,Other,Northeast,Electricity,Commercial,House,9,0,1,2,Low,Own,1
CUST0004470,Customer_4470,50,Male,Southwest,Water,Commercial,Condo,2,0,0,4,Medium,Own,1
CUST0004471,Customer_4471,49,Male,Northwest,Gas,Residential,House,29,1,1,1,Medium-High,Own,1
CUST0004472,Customer_4472,64,Male,Southeast,Dual Fuel,Residential,House,2,1,1,2,Medium,Rent,1
CUST0004473,Customer_4473,64,Female,Northwest,Electricity,Small Business,Townhouse,31,0,0,2,Medium-High,Rent,0
CUST0004474,Customer_4474,53,Female,Southwest,Dual Fuel,Residential,Apartment,50,1,1,2,Low,Own,1
CUST0004475,Customer_4475,57,Female,Midwest,Multi-Utility,Residential,House,14,1,0,3,Low,Rent,0
CUST0004476,Customer_4476,52,Female,Midwest,Dual Fuel,Residential,House,24,0,0,3,Medium,Own,0
CUST0004477,Customer_4477,38,Male,Northeast,Water,Prepaid,House,95,0,0,3,Medium,Rent,1
CUST0004478,Customer_4478,56,Female,Southwest,Dual Fuel,Residential,Apartment,22,0,1,2,Low,Own,1
CUST0004479,Customer_4479,24,Female,Southeast,Gas,Small Business,Condo,204,1,1,3,Medium,Own,0
CUST0004480,Customer_4480,60,Female,Southwest,Electricity,Commercial,Condo,6,1,0,2,Low,Rent,0
CUST0004481,Customer_4481,27,Female,Southeast,Water,Small Business,House,44,0,1,2,Medium-High,Rent,0
CUST0004482,Customer_4482,49,Female,Southeast,Water,Small Business,Condo,38,1,0,2,Medium,Own,1
CUST0004483,Customer_4483,32,Male,Southwest,Multi-Utility,Small Business,Apartment,74,1,0,3,Medium,Own,1
CUST0004484,Customer_4484,53,Male,West,Gas,Residential,Apartment,3,1,0,3,Medium-High,Rent,0
CUST0004485,Customer_4485,44,Female,Southwest,Electricity,Residential,Townhouse,11,0,1,2,Low,Own,1
CUST0004486,Customer_4486,21,Male,Southeast,Water,Prepaid,House,5,1,1,5,Medium,Rent,0
CUST0004487,Customer_4487,51,Female,Northwest,Multi-Utility,Residential,House,97,0,1,2,Medium,Own,1
CUST0004488,Customer_4488,36,Male,Midwest,Electricity,Small Business,Townhouse,20,0,0,4,Medium,Own,0
CUST0004489,Customer_4489,58,Female,Midwest,Electricity,Residential,House,86,0,1,1,Low,Rent,1
CUST0004490,Customer_4490,45,Female,Northeast,Gas,Residential,House,12,0,1,4,High,Rent,0
CUST0004491,Customer_4491,50,Male,Midwest,Electricity,Prepaid,Condo,4,1,1,3,High,Own,0
CUST0004492,Customer_4492,30,Female,West,Electricity,Small Business,Condo,12,1,0,3,Medium,Own,1
CUST0004493,Customer_4493,36,Female,Southeast,Electricity,Residential,Townhouse,32,1,1,2,Medium,Rent,0
CUST0004494,Customer_4494,38,Female,Southwest,Dual Fuel,Prepaid,House,67,0,0,3,Medium,Own,1
CUST0004495,Customer_4495,57,Male,Southwest,Electricity,Small Business,Apartment,17,1,1,4,Medium,Rent,1
CUST0004496,Customer_4496,70,Male,West,Gas,Residential,House,88,1,1,4,Medium-High,Own,1
CUST0004497,Customer_4497,32,Male,Midwest,Water,Small Business,Apartment,10,0,1,2,Medium,Own,0
CUST0004498,Customer_4498,61,Male,Southeast,Multi-Utility,Residential,House,42,0,0,2,Low,Own,1
CUST0004499,Customer_4499,18,Female,Midwest,Multi-Utility,Small Business,Condo,47,1,0,1,Low,Rent,0
CUST0004500,Customer_4500,27,Other,Northeast,Gas,Residential,House,11,0,1,1,High,Own,0
CUST0004501,Customer_4501,30,Female,Midwest,Multi-Utility,Residential,House,1,1,1,1,Low,Rent,0
CUST0004502,Customer_4502,24,Female,Northeast,Electricity,Small Business,Apartment,16,1,1,2,High,Own,0
CUST0004503,Customer_4503,21,Female,Southwest,Water,Commercial,Mobile Home,1,0,0,4,Medium-High,Rent,1
CUST0004504,Customer_4504,51,Male,Southeast,Gas,Small Business,Townhouse,83,1,0,3,Medium,Rent,1
CUST0004505,Customer_4505,41,Female,Northwest,Electricity,Residential,Mobile Home,110,0,1,4,Low,Rent,0
CUST0004506,Customer_4506,50,Male,Northeast,Gas,Commercial,Apartment,47,0,1,4,Medium,Rent,1
CUST0004507,Customer_4507,55,Female,Midwest,Electricity,Small Business,House,46,0,1,3,Medium,Own,0
CUST0004508,Customer_4508,48,Male,Midwest,Dual Fuel,Small Business,House,9,1,1,3,Medium-High,Own,0
CUST0004509,Customer_4509,54,Male,Southwest,Electricity,Residential,Condo,2,0,1,5,Medium-High,Rent,1
CUST0004510,Customer_4510,43,Female,West,Gas,Commercial,House,58,1,1,3,Medium,Rent,1
CUST0004511,Customer_4511,27,Female,Northwest,Electricity,Commercial,House,29,0,0,3,Medium,Own,1
CUST0004512,Customer_4512,60,Female,West,Electricity,Small Business,House,41,0,1,5,Medium-High,Other,0
CUST0004513,Customer_4513,36,Female,Midwest,Multi-Utility,Commercial,Apartment,54,0,1,1,High,Own,0
CUST0004514,Customer_4514,30,Male,West,Water,Residential,House,18,1,1,4,High,Rent,0
CUST0004515,Customer_4515,42,Female,Northwest,Multi-Utility,Commercial,House,5,1,0,1,Medium-High,Own,1
CUST0004516,Customer_4516,31,Male,Northwest,Electricity,Residential,Apartment,57,1,0,4,Low,Rent,1
CUST0004517,Customer_4517,38,Female,Southeast,Electricity,Residential,Apartment,21,0,1,4,Low,Own,1
CUST0004518,Customer_4518,50,Female,West,Gas,Small Business,Apartment,63,0,1,3,Medium,Own,1
CUST0004519,Customer_4519,50,Male,Southeast,Gas,Small Business,Condo,20,1,1,4,Medium-High,Other,0
CUST0004520,Customer_4520,31,Female,Midwest,Electricity,Residential,House,8,0,1,4,Medium,Other,0
CUST0004521,Customer_4521,37,Female,Midwest,Water,Residential,Townhouse,6,0,1,3,Medium-High,Own,0
CUST0004522,Customer_4522,61,Male,Midwest,Electricity,Residential,House,49,0,0,5,Medium-High,Own,0
CUST0004523,Customer_4523,52,Female,Southwest,Electricity,Residential,Apartment,30,1,0,3,Low,Own,0
CUST0004524,Customer_4524,76,Female,West,Electricity,Residential,Apartment,18,1,1,5,High,Own,1
CUST0004525,Customer_4525,62,Female,Northeast,Gas,Residential,Mobile Home,24,0,1,3,Medium,Rent,0
CUST0004526,Customer_4526,62,Male,Northwest,Water,Residential,Apartment,28,1,1,3,Low,Own,1
CUST0004527,Customer_4527,24,Male,Northeast,Gas,Prepaid,House,9,1,1,1,Medium-High,Own,1
CUST0004528,Customer_4528,56,Female,Midwest,Gas,Small Business,Apartment,17,0,1,2,High,Own,1
CUST0004529,Customer_4529,44,Male,West,Electricity,Residential,Apartment,12,0,0,5,Medium-High,Rent,1
CUST0004530,Customer_4530,36,Other,Southeast,Dual Fuel,Prepaid,Apartment,17,1,1,3,Medium-High,Own,1
CUST0004531,Customer_4531,47,Male,Northeast,Multi-Utility,Small Business,House,24,1,0,3,High,Own,0
CUST0004532,Customer_4532,59,Female,Midwest,Water,Residential,Apartment,6,0,0,3,Medium,Rent,1
CUST0004533,Customer_4533,52,Female,Northeast,Electricity,Residential,House,18,1,1,2,Medium-High,Other,0
CUST0004534,Customer_4534,31,Male,Northeast,Gas,Residential,Condo,17,1,1,3,Medium,Rent,0
CUST0004535,Customer_4535,56,Male,Northwest,Gas,Residential,Apartment,12,1,1,2,Medium,Own,0
CUST0004536,Customer_4536,35,Female,Northeast,Multi-Utility,Residential,House,233,0,1,5,Medium-High,Rent,1
CUST0004537,Customer_4537,48,Female,Midwest,Multi-Utility,Residential,Townhouse,2,0,0,3,Medium-High,Other,1
CUST0004538,Customer_4538,40,Male,Northwest,Dual Fuel,Residential,Condo,37,1,1,4,Medium,Rent,1
CUST0004539,Customer_4539,41,Female,Midwest,Electricity,Small Business,House,6,1,0,4,Medium,Own,1
CUST0004540,Customer_4540,56,Male,Southwest,Multi-Utility,Residential,House,65,0,0,2,High,Rent,1
CUST0004541,Customer_4541,29,Male,Southwest,Gas,Small Business,Condo,88,1,0,5,Medium,Rent,0
CUST0004542,Customer_4542,74,Female,Southwest,Dual Fuel,Small Business,Apartment,18,1,0,1,High,Rent,1
CUST0004543,Customer_4543,18,Male,Northeast,Gas,Prepaid,Mobile Home,62,1,1,3,High,Own,1
CUST0004544,Customer_4544,36,Female,West,Electricity,Residential,House,10,0,0,2,Medium-High,Own,1
CUST0004545,Customer_4545,50,Male,Midwest,Gas,Commercial,House,5,1,1,3,Low,Rent,0
CUST0004546,Customer_4546,53,Male,Southwest,Electricity,Commercial,Mobile Home,13,1,1,2,Medium,Own,1
CUST0004547,Customer_4547,43,Male,West,Electricity,Small Business,Mobile Home,15,0,1,4,Medium,Own,1
CUST0004548,Customer_4548,44,Female,Southwest,Dual Fuel,Small Business,House,18,0,1,5,Medium-High,Rent,0
CUST0004549,Customer_4549,51,Female,Southwest,Electricity,Residential,Condo,16,0,1,4,Medium,Own,0
CUST0004550,Customer_4550,41,Female,West,Electricity,Prepaid,House,19,1,1,2,Medium-High,Rent,1
CUST0004551,Customer_4551,65,Male,Southwest,Electricity,Residential,Condo,44,0,1,3,Medium-High,Rent,1
CUST0004552,Customer_4552,57,Male,Northeast,Gas,Small Business,Townhouse,10,1,1,5,Medium,Rent,0
CUST0004553,Customer_4553,58,Female,Northeast,Multi-Utility,Residential,House,1,1,0,2,Medium-High,Own,0
CUST0004554,Customer_4554,30,Male,Northwest,Electricity,Residential,House,24,1,1,1,Medium,Own,0
CUST0004555,Customer_4555,43,Female,Northeast,Electricity,Small Business,House,21,1,1,1,Low,Rent,0
CUST0004556,Customer_4556,40,Male,Southeast,Dual Fuel,Commercial,House,2,1,0,3,Low,Other,1
CUST0004557,Customer_4557,29,Female,Northwest,Dual Fuel,Residential,House,5,0,1,4,Low,Rent,1
CUST0004558,Customer_4558,50,Male,Southwest,Electricity,Prepaid,Townhouse,25,1,1,4,Medium-High,Rent,1
CUST0004559,Customer_4559,36,Female,Southeast,Water,Small Business,House,9,0,1,3,Medium-High,Own,1
CUST0004560,Customer_4560,54,Male,Midwest,Water,Residential,Apartment,75,0,0,4,Medium-High,Own,1
CUST0004561,Customer_4561,28,Male,West,Water,Residential,Townhouse,6,0,1,3,Medium-High,Rent,0
CUST0004562,Customer_4562,70,Male,Midwest,Gas,Small Business,Apartment,1,1,1,3,Medium-High,Own,1
CUST0004563,Customer_4563,31,Male,Southeast,Multi-Utility,Residential,Apartment,21,0,1,2,Medium-High,Rent,0
CUST0004564,Customer_4564,48,Male,Northeast,Electricity,Residential,House,154,1,1,2,Medium-High,Own,0
CUST0004565,Customer_4565,56,Female,Southwest,Electricity,Residential,Apartment,36,1,1,2,Medium,Own,0
CUST0004566,Customer_4566,36,Female,Northwest,Electricity,Residential,House,15,0,0,4,Medium-High,Own,1
CUST0004567,Customer_4567,57,Female,Southwest,Gas,Small Business,Townhouse,1,1,0,4,Medium-High,Own,0
CUST0004568,Customer_4568,26,Female,Northeast,Multi-Utility,Residential,House,23,1,1,2,Low,Rent,1
CUST0004569,Customer_4569,66,Female,Southwest,Gas,Residential,Condo,8,0,1,1,Medium,Own,1
CUST0004570,Customer_4570,45,Male,West,Electricity,Residential,Condo,37,1,0,4,Medium-High,Rent,0
CUST0004571,Customer_4571,36,Male,West,Gas,Residential,Condo,31,1,1,3,Medium-High,Rent,1
CUST0004572,Customer_4572,40,Male,West,Gas,Residential,House,11,0,1,2,Low,Own,0
CUST0004573,Customer_4573,57,Female,Midwest,Multi-Utility,Small Business,House,2,0,1,1,Medium,Own,1
CUST0004574,Customer_4574,36,Male,Northeast,Gas,Small Business,Townhouse,50,1,0,1,Medium,Rent,0
CUST0004575,Customer_4575,33,Male,West,Gas,Residential,House,31,1,0,3,Low,Own,0
CUST0004576,Customer_4576,41,Female,Southeast,Water,Residential,House,66,1,1,2,Medium,Rent,1
CUST0004577,Customer_4577,27,Male,West,Water,Residential,Condo,10,0,1,4,Medium,Own,0
CUST0004578,Customer_4578,72,Female,Northwest,Gas,Residential,Townhouse,38,1,1,6,Medium,Rent,0
CUST0004579,Customer_4579,36,Female,Midwest,Electricity,Small Business,Apartment,4,0,1,2,Medium,Own,1
CUST0004580,Customer_4580,57,Male,Southeast,Dual Fuel,Residential,Condo,12,1,1,2,Medium-High,Own,1
CUST0004581,Customer_4581,48,Male,Northeast,Water,Residential,Apartment,38,1,0,2,Medium,Other,0
CUST0004582,Customer_4582,30,Female,Northeast,Water,Small Business,House,62,1,0,3,Medium-High,Own,1
CUST0004583,Customer_4583,44,Female,Northwest,Multi-Utility,Residential,Condo,13,0,1,4,Medium-High,Own,1
CUST0004584,Customer_4584,56,Male,West,Dual Fuel,Small Business,Townhouse,57,1,1,2,Medium-High,Own,0
CUST0004585,Customer_4585,42,Female,Southeast,Dual Fuel,Residential,Mobile Home,40,0,1,1,Medium,Rent,1
CUST0004586,Customer_4586,62,Female,Northwest,Multi-Utility,Residential,House,15,0,1,4,Medium,Own,0
CUST0004587,Customer_4587,60,Male,Southeast,Electricity,Small Business,Condo,75,1,0,4,High,Rent,0
CUST0004588,Customer_4588,58,Male,West,Gas,Small Business,Apartment,25,1,1,2,Medium-High,Own,0
CUST0004589,Customer_4589,38,Female,West,Gas,Residential,House,37,1,1,1,Medium-High,Own,0
CUST0004590,Customer_4590,28,Male,Southwest,Electricity,Small Business,Condo,24,1,1,3,Low,Rent,1
CUST0004591,Customer_4591,35,Female,Southwest,Dual Fuel,Commercial,House,21,0,1,2,Low,Own,0
CUST0004592,Customer_4592,47,Male,West,Water,Prepaid,Apartment,67,1,0,2,Low,Rent,1
CUST0004593,Customer_4593,53,Female,Midwest,Water,Small Business,House,12,1,0,4,Low,Own,1
CUST0004594,Customer_4594,18,Female,Northwest,Multi-Utility,Commercial,Apartment,1,0,0,2,Low,Rent,0
CUST0004595,Customer_4595,44,Female,Southwest,Electricity,Residential,Apartment,76,1,1,4,Medium,Own,0
CUST0004596,Customer_4596,47,Male,West,Water,Residential,Apartment,62,1,0,4,Medium,Rent,0
CUST0004597,Customer_4597,40,Male,Southeast,Gas,Residential,Apartment,16,1,1,2,Medium-High,Rent,1
CUST0004598,Customer_4598,64,Female,Northwest,Electricity,Residential,House,7,1,1,3,Medium-High,Own,0
CUST0004599,Customer_4599,51,Male,Southwest,Electricity,Residential,Condo,40,0,0,3,Low,Own,0
CUST0004600,Customer_4600,64,Male,Midwest,Dual Fuel,Small Business,Townhouse,2,0,1,2,High,Own,0
CUST0004601,Customer_4601,41,Female,Northwest,Gas,Residential,House,19,0,1,1,Medium-High,Rent,1
CUST0004602,Customer_4602,59,Male,Northwest,Dual Fuel,Small Business,Apartment,3,0,1,3,Low,Rent,1
CUST0004603,Customer_4603,69,Male,Northeast,Gas,Residential,Condo,32,1,1,4,Low,Rent,0
CUST0004604,Customer_4604,64,Male,Southeast,Electricity,Residential,Apartment,1,0,1,3,Low,Own,1
CUST0004605,Customer_4605,28,Female,Midwest,Electricity,Residential,Apartment,35,1,1,1,Medium-High,Other,0
CUST0004606,Customer_4606,41,Female,Midwest,Electricity,Residential,Condo,40,0,0,5,Medium,Own,0
CUST0004607,Customer_4607,39,Male,Midwest,Multi-Utility,Residential,House,24,1,0,4,Low,Rent,0
CUST0004608,Customer_4608,52,Male,Southeast,Electricity,Small Business,Apartment,6,0,0,3,Medium,Own,0
CUST0004609,Customer_4609,55,Male,Midwest,Multi-Utility,Residential,Apartment,3,1,1,3,Medium-High,Own,0
CUST0004610,Customer_4610,32,Female,Northeast,Multi-Utility,Residential,House,13,0,0,2,Medium,Own,1
CUST0004611,Customer_4611,46,Male,Southwest,Multi-Utility,Small Business,Apartment,22,0,1,6,Medium,Own,0
CUST0004612,Customer_4612,18,Female,Southeast,Gas,Residential,Condo,37,1,1,1,Low,Own,1
CUST0004613,Customer_4613,66,Male,Midwest,Multi-Utility,Residential,Townhouse,1,1,1,4,Medium,Own,0
CUST0004614,Customer_4614,37,Other,West,Electricity,Residential,House,44,1,1,3,Medium,Own,1
CUST0004615,Customer_4615,45,Male,Southwest,Electricity,Residential,Mobile Home,44,1,0,5,Medium,Own,1
CUST0004616,Customer_4616,40,Female,Northwest,Electricity,Small Business,Condo,21,1,1,4,Medium,Own,0
CUST0004617,Customer_4617,62,Male,Southeast,Multi-Utility,Commercial,Apartment,15,1,1,3,Low,Own,0
CUST0004618,Customer_4618,18,Male,West,Electricity,Small Business,House,66,1,0,5,Low,Other,0
CUST0004619,Customer_4619,44,Female,Northwest,Gas,Residential,Apartment,55,0,0,5,Medium,Own,0
CUST0004620,Customer_4620,43,Female,West,Electricity,Small Business,Townhouse,147,1,0,1,Low,Own,0
CUST0004621,Customer_4621,38,Male,Midwest,Electricity,Residential,Apartment,16,1,1,2,Medium,Own,1
CUST0004622,Customer_4622,70,Female,Southeast,Electricity,Residential,Condo,85,1,0,4,Low,Rent,0
CUST0004623,Customer_4623,31,Female,Midwest,Dual Fuel,Residential,Apartment,3,1,1,5,Medium,Own,0
CUST0004624,Customer_4624,56,Female,Northwest,Gas,Small Business,Apartment,19,0,1,3,Medium,Own,0
CUST0004625,Customer_4625,50,Male,Northeast,Dual Fuel,Small Business,House,22,1,0,1,High,Rent,1
CUST0004626,Customer_4626,63,Female,West,Water,Small Business,Condo,20,1,1,3,High,Own,1
CUST0004627,Customer_4627,34,Female,Northeast,Multi-Utility,Small Business,Apartment,35,1,0,2,Medium,Own,1
CUST0004628,Customer_4628,34,Male,Northwest,Gas,Residential,House,6,1,0,3,Medium,Own,1
CUST0004629,Customer_4629,61,Female,Midwest,Gas,Residential,Apartment,72,0,0,2,High,Own,1
CUST0004630,Customer_4630,51,Male,Southwest,Gas,Small Business,Townhouse,28,0,1,3,Medium,Own,0
CUST0004631,Customer_4631,21,Male,West,Gas,Small Business,Condo,84,1,1,5,Medium-High,Own,0
CUST0004632,Customer_4632,36,Female,Southwest,Dual Fuel,Small Business,House,1,0,0,3,Medium-High,Rent,1
CUST0004633,Customer_4633,50,Female,Southeast,Gas,Residential,Mobile Home,35,1,0,1,High,Own,0
CUST0004634,Customer_4634,57,Male,West,Dual Fuel,Small Business,House,19,1,1,3,Medium,Own,0
CUST0004635,Customer_4635,34,Male,Northeast,Water,Residential,House,25,0,1,2,Low,Own,1
CUST0004636,Customer_4636,18,Female,Southwest,Electricity,Small Business,House,49,0,0,4,Low,Own,0
CUST0004637,Customer_4637,52,Male,Northwest,Water,Residential,House,9,1,1,3,Medium-High,Own,0
CUST0004638,Customer_4638,26,Female,Southeast,Electricity,Commercial,House,8,0,1,4,Medium,Rent,1
CUST0004639,Customer_4639,18,Female,West,Gas,Residential,Condo,43,0,0,5,Medium,Own,1
CUST0004640,Customer_4640,18,Male,Northwest,Water,Small Business,Condo,26,1,0,2,Medium,Rent,0
CUST0004641,Customer_4641,57,Female,Southeast,Multi-Utility,Small Business,Condo,9,1,0,6,Medium-High,Rent,0
CUST0004642,Customer_4642,46,Female,Northeast,Electricity,Residential,Condo,23,1,1,1,Medium,Own,1
CUST0004643,Customer_4643,41,Male,Northwest,Electricity,Residential,Townhouse,22,1,0,3,Medium-High,Rent,1
CUST0004644,Customer_4644,65,Female,West,Electricity,Small Business,House,42,1,1,1,Medium-High,Rent,1
CUST0004645,Customer_4645,54,Female,Southeast,Electricity,Residential,Condo,1,1,1,2,Medium,Own,1
CUST0004646,Customer_4646,69,Female,Midwest,Dual Fuel,Residential,Apartment,31,1,1,3,Low,Own,1
CUST0004647,Customer_4647,24,Female,West,Dual Fuel,Prepaid,Mobile Home,33,1,0,1,High,Own,0
CUST0004648,Customer_4648,44,Male,West,Water,Small Business,House,49,1,1,1,Low,Own,0
CUST0004649,Customer_4649,20,Male,West,Dual Fuel,Residential,House,79,0,1,2,Medium-High,Rent,0
CUST0004650,Customer_4650,41,Male,West,Electricity,Small Business,Condo,20,1,1,3,Medium-High,Own,0
CUST0004651,Customer_4651,41,Male,Midwest,Electricity,Residential,Condo,15,0,1,1,Medium-High,Rent,1
CUST0004652,Customer_4652,54,Male,Northwest,Electricity,Commercial,House,3,0,1,3,Medium-High,Own,1
CUST0004653,Customer_4653,45,Female,Northwest,Dual Fuel,Small Business,Apartment,14,1,1,3,Medium,Rent,0
CUST0004654,Customer_4654,54,Female,Northwest,Water,Commercial,House,2,0,1,3,Medium-High,Own,0
CUST0004655,Customer_4655,55,Female,Northeast,Water,Residential,Mobile Home,58,0,0,1,Medium,Own,1
CUST0004656,Customer_4656,77,Female,Midwest,Electricity,Small Business,House,59,0,1,3,Medium-High,Own,0
CUST0004657,Customer_4657,40,Female,Midwest,Electricity,Residential,House,19,1,1,3,Low,Rent,1
CUST0004658,Customer_4658,30,Female,Southeast,Multi-Utility,Residential,House,10,1,0,3,High,Own,1
CUST0004659,Customer_4659,48,Female,Southwest,Electricity,Small Business,Apartment,4,1,1,4,High,Own,1
CUST0004660,Customer_4660,32,Male,Northwest,Water,Residential,House,68,1,1,2,Medium-High,Own,0
CUST0004661,Customer_4661,67,Female,Southwest,Electricity,Small Business,Condo,75,1,0,4,Medium,Own,0
CUST0004662,Customer_4662,40,Female,Southeast,Electricity,Commercial,Townhouse,11,1,1,2,Low,Own,1
CUST0004663,Customer_4663,36,Male,Midwest,Water,Residential,House,35,0,0,2,Medium,Own,0
CUST0004664,Customer_4664,37,Female,Southeast,Electricity,Residential,Condo,10,1,1,1,Medium-High,Own,0
CUST0004665,Customer_4665,55,Female,West,Water,Small Business,House,9,0,0,4,Medium-High,Rent,0
CUST0004666,Customer_4666,42,Male,Southeast,Water,Commercial,Apartment,1,0,1,3,Medium,Own,0
CUST0004667,Customer_4667,35,Female,Southeast,Gas,Small Business,House,30,1,0,6,Medium-High,Rent,0
CUST0004668,Customer_4668,69,Male,West,Water,Small Business,House,5,1,0,5,Medium,Rent,1
CUST0004669,Customer_4669,32,Male,Southwest,Gas,Residential,Condo,1,1,0,6,High,Own,0
CUST0004670,Customer_4670,45,Female,West,Electricity,Residential,House,3,0,1,1,Medium,Own,1
CUST0004671,Customer_4671,54,Female,Northeast,Water,Small Business,Townhouse,13,0,0,3,Low,Rent,1
CUST0004672,Customer_4672,20,Female,Southeast,Gas,Residential,Condo,39,0,1,3,Medium-High,Own,1
CUST0004673,Customer_4673,52,Female,Southeast,Electricity,Commercial,Condo,8,1,1,3,High,Own,0
CUST0004674,Customer_4674,29,Male,Southwest,Dual Fuel,Residential,Mobile Home,78,1,1,2,Medium,Rent,1
CUST0004675,Customer_4675,57,Female,Midwest,Gas,Residential,Mobile Home,12,1,1,1,Medium,Other,1
CUST0004676,Customer_4676,30,Female,West,Dual Fuel,Small Business,Apartment,14,1,0,4,Medium-High,Own,0
CUST0004677,Customer_4677,55,Other,Midwest,Dual Fuel,Small Business,Apartment,8,1,0,6,High,Rent,0
CUST0004678,Customer_4678,61,Male,Northeast,Gas,Small Business,House,10,0,0,3,High,Own,1
CUST0004679,Customer_4679,57,Female,West,Gas,Commercial,Condo,2,1,1,2,Medium,Own,0
CUST0004680,Customer_4680,48,Female,Northeast,Gas,Prepaid,Apartment,12,1,1,5,Medium-High,Rent,0
CUST0004681,Customer_4681,41,Female,Northeast,Gas,Commercial,Mobile Home,70,1,0,2,Medium-High,Rent,0
CUST0004682,Customer_4682,36,Female,Northeast,Dual Fuel,Commercial,House,41,0,1,5,Medium,Own,0
CUST0004683,Customer_4683,67,Male,Northwest,Water,Small Business,House,74,1,0,5,Medium,Own,0
CUST0004684,Customer_4684,34,Female,West,Electricity,Small Business,House,3,0,0,3,Medium-High,Rent,0
CUST0004685,Customer_4685,29,Female,West,Gas,Residential,Townhouse,21,1,1,4,Medium,Own,1
CUST0004686,Customer_4686,54,Male,Northwest,Multi-Utility,Residential,House,9,1,0,4,Low,Own,0
CUST0004687,Customer_4687,33,Female,Southwest,Gas,Residential,Apartment,45,0,1,3,Low,Other,0
CUST0004688,Customer_4688,30,Female,Northwest,Water,Residential,Apartment,126,0,1,2,Medium-High,Own,1
CUST0004689,Customer_4689,23,Male,Southeast,Water,Residential,House,60,1,0,4,Medium,Rent,1
CUST0004690,Customer_4690,37,Female,Midwest,Electricity,Residential,Apartment,1,1,1,1,High,Own,0
CUST0004691,Customer_4691,43,Male,Midwest,Electricity,Commercial,Apartment,13,1,1,4,Medium,Own,1
CUST0004692,Customer_4692,48,Male,Northeast,Water,Commercial,House,1,1,0,3,Medium,Own,1
CUST0004693,Customer_4693,59,Female,West,Gas,Residential,Apartment,1,1,1,2,High,Own,1
CUST0004694,Customer_4694,52,Male,West,Gas,Residential,Mobile Home,2,0,0,4,Medium-High,Own,0
CUST0004695,Customer_4695,42,Male,Northeast,Water,Commercial,Mobile Home,11,1,1,3,Medium,Rent,1
CUST0004696,Customer_4696,42,Male,Southeast,Water,Commercial,Apartment,13,1,1,3,High,Rent,1
CUST0004697,Customer_4697,52,Male,Midwest,Electricity,Commercial,Apartment,18,0,1,1,Medium-High,Rent,0
CUST0004698,Customer_4698,64,Female,Northwest,Electricity,Prepaid,House,18,0,1,3,Medium-High,Rent,0
CUST0004699,Customer_4699,46,Female,Southwest,Electricity,Prepaid,Mobile Home,53,0,1,2,High,Own,0
CUST0004700,Customer_4700,37,Female,Southeast,Gas,Residential,House,5,0,0,2,Low,Other,1
CUST0004701,Customer_4701,30,Female,West,Electricity,Residential,Apartment,6,1,1,2,Medium,Own,0
CUST0004702,Customer_4702,23,Male,Northeast,Gas,Small Business,House,35,0,0,1,Medium-High,Own,1
CUST0004703,Customer_4703,54,Female,Midwest,Electricity,Residential,House,30,1,0,3,Medium,Rent,1
CUST0004704,Customer_4704,53,Female,Northeast,Gas,Commercial,House,6,1,1,3,High,Own,1
CUST0004705,Customer_4705,53,Female,West,Electricity,Residential,Condo,68,0,1,3,Low,Own,0
CUST0004706,Customer_4706,43,Female,Northeast,Gas,Small Business,Apartment,14,0,1,3,Medium,Rent,0
CUST0004707,Customer_4707,66,Female,Northwest,Gas,Residential,Apartment,16,1,0,5,Medium,Own,0
CUST0004708,Customer_4708,37,Female,Midwest,Electricity,Residential,House,19,0,1,1,Medium-High,Rent,0
CUST0004709,Customer_4709,59,Male,Northeast,Dual Fuel,Small Business,Townhouse,14,0,1,3,Low,Rent,0
CUST0004710,Customer_4710,44,Female,Midwest,Electricity,Commercial,House,29,0,1,5,Low,Other,0
CUST0004711,Customer_4711,35,Male,Northeast,Water,Residential,House,17,0,1,1,High,Own,0
CUST0004712,Customer_4712,53,Male,Northeast,Multi-Utility,Commercial,Condo,10,0,0,3,High,Own,0
CUST0004713,Customer_4713,51,Male,Midwest,Gas,Commercial,Mobile Home,84,0,1,3,Medium,Rent,1
CUST0004714,Customer_4714,50,Male,Northwest,Dual Fuel,Small Business,House,13,1,1,2,Medium,Own,0
CUST0004715,Customer_4715,46,Male,Northeast,Electricity,Small Business,Apartment,43,0,1,2,Medium,Rent,0
CUST0004716,Customer_4716,44,Male,Northwest,Gas,Small Business,Apartment,15,1,0,4,High,Own,0
CUST0004717,Customer_4717,80,Female,Southeast,Gas,Residential,Townhouse,20,0,0,3,Medium-High,Rent,1
CUST0004718,Customer_4718,62,Female,Southwest,Electricity,Residential,House,9,0,1,2,Medium-High,Rent,1
CUST0004719,Customer_4719,55,Other,Southeast,Gas,Commercial,Apartment,50,1,0,4,High,Rent,0
CUST0004720,Customer_4720,46,Male,Southwest,Electricity,Small Business,House,48,0,0,4,Medium-High,Own,0
CUST0004721,Customer_4721,60,Female,Southeast,Water,Residential,House,1,0,0,2,Medium,Rent,1
CUST0004722,Customer_4722,52,Female,Southwest,Multi-Utility,Small Business,House,2,1,0,3,Medium,Own,0
CUST0004723,Customer_4723,45,Male,Northeast,Electricity,Residential,Mobile Home,92,0,0,4,High,Own,0
CUST0004724,Customer_4724,40,Female,Midwest,Electricity,Residential,House,79,1,0,2,Medium-High,Own,0
CUST0004725,Customer_4725,43,Female,Midwest,Gas,Residential,Mobile Home,25,0,1,3,High,Rent,0
CUST0004726,Customer_4726,18,Male,West,Gas,Residential,House,24,0,0,2,High,Other,0
CUST0004727,Customer_4727,48,Female,Southwest,Water,Residential,Mobile Home,60,0,1,2,Medium,Rent,0
CUST0004728,Customer_4728,37,Female,West,Gas,Residential,Condo,5,1,1,2,Medium,Own,1
CUST0004729,Customer_4729,68,Male,Northwest,Electricity,Small Business,House,38,1,1,5,Medium-High,Rent,0
CUST0004730,Customer_4730,45,Male,Northwest,Water,Residential,Apartment,23,1,0,4,Low,Own,1
CUST0004731,Customer_4731,27,Male,West,Dual Fuel,Residential,House,48,1,1,3,Medium,Rent,0
CUST0004732,Customer_4732,44,Male,Southwest,Gas,Residential,Apartment,1,1,1,3,Low,Rent,1
CUST0004733,Customer_4733,29,Female,Midwest,Gas,Residential,Apartment,32,1,0,1,Medium-High,Own,1
CUST0004734,Customer_4734,52,Female,Southwest,Electricity,Residential,Apartment,29,1,1,3,High,Own,0
CUST0004735,Customer_4735,49,Male,Northwest,Electricity,Residential,Condo,66,1,0,2,Low,Own,0
CUST0004736,Customer_4736,59,Female,Northeast,Electricity,Residential,Townhouse,40,0,1,3,Medium-High,Own,1
CUST0004737,Customer_4737,33,Male,West,Gas,Commercial,House,76,1,1,4,Medium-High,Rent,0
CUST0004738,Customer_4738,45,Male,West,Multi-Utility,Residential,Mobile Home,78,1,1,1,Medium-High,Own,1
CUST0004739,Customer_4739,24,Male,Northwest,Gas,Residential,Mobile Home,18,0,1,3,Medium-High,Own,1
CUST0004740,Customer_4740,55,Female,Southwest,Electricity,Residential,House,5,1,1,3,Medium,Own,1
CUST0004741,Customer_4741,52,Male,West,Electricity,Residential,House,35,1,0,2,Medium,Rent,0
CUST0004742,Customer_4742,52,Male,Midwest,Electricity,Small Business,Apartment,74,0,1,3,Low,Own,0
CUST0004743,Customer_4743,45,Male,West,Gas,Residential,Apartment,2,1,1,3,High,Own,1
CUST0004744,Customer_4744,51,Female,Southwest,Gas,Residential,House,29,1,1,4,Medium,Own,1
CUST0004745,Customer_4745,69,Other,Northwest,Electricity,Residential,House,4,1,1,1,High,Own,1
CUST0004746,Customer_4746,40,Male,Midwest,Gas,Small Business,Condo,1,0,1,3,Medium,Own,1
CUST0004747,Customer_4747,47,Male,Midwest,Electricity,Residential,Condo,40,0,1,6,Medium-High,Other,1
CUST0004748,Customer_4748,28,Female,West,Electricity,Small Business,House,41,0,1,4,Medium-High,Own,0
CUST0004749,Customer_4749,31,Female,Southwest,Electricity,Residential,Townhouse,33,0,0,4,Medium-High,Own,1
CUST0004750,Customer_4750,46,Male,West,Electricity,Residential,Condo,70,1,1,2,Medium,Own,0
CUST0004751,Customer_4751,61,Female,Northeast,Electricity,Small Business,Apartment,3,1,1,1,Medium,Rent,1
CUST0004752,Customer_4752,41,Female,Northwest,Electricity,Small Business,Condo,4,1,1,5,Low,Own,0
CUST0004753,Customer_4753,41,Male,Northeast,Water,Small Business,House,71,0,0,1,Medium-High,Rent,0
CUST0004754,Customer_4754,38,Female,Midwest,Water,Residential,Apartment,25,0,1,6,Medium-High,Rent,1
CUST0004755,Customer_4755,36,Female,West,Gas,Residential,House,11,1,1,1,Low,Rent,1
CUST0004756,Customer_4756,49,Female,Northeast,Dual Fuel,Residential,House,48,1,0,2,Medium,Own,0
CUST0004757,Customer_4757,22,Male,Southeast,Electricity,Small Business,House,80,1,1,2,Medium,Own,1
CUST0004758,Customer_4758,64,Male,Northeast,Dual Fuel,Small Business,House,42,1,1,3,Medium,Rent,0
CUST0004759,Customer_4759,35,Male,West,Electricity,Residential,Condo,56,1,1,4,Medium,Rent,0
CUST0004760,Customer_4760,55,Male,West,Gas,Small Business,Condo,11,0,1,6,High,Rent,1
CUST0004761,Customer_4761,25,Female,Northwest,Gas,Small Business,House,12,1,1,2,Medium-High,Rent,1
CUST0004762,Customer_4762,55,Female,Northeast,Electricity,Residential,House,71,0,1,1,Low,Rent,0
CUST0004763,Customer_4763,55,Female,West,Multi-Utility,Commercial,Townhouse,34,1,1,3,Medium,Rent,1
CUST0004764,Customer_4764,50,Other,West,Electricity,Commercial,House,9,1,1,4,Medium,Rent,1
CUST0004765,Customer_4765,30,Male,Northwest,Electricity,Residential,House,26,1,0,2,Medium,Own,0
CUST0004766,Customer_4766,48,Female,Northwest,Electricity,Commercial,Apartment,41,0,1,2,Medium-High,Own,1
CUST0004767,Customer_4767,27,Female,Northwest,Electricity,Residential,Townhouse,8,1,1,2,Medium,Own,1
CUST0004768,Customer_4768,41,Male,Northwest,Electricity,Small Business,Townhouse,38,0,0,4,Medium,Own,1
CUST0004769,Customer_4769,60,Female,Southeast,Electricity,Commercial,Condo,1,0,0,3,Medium,Own,1
CUST0004770,Customer_4770,56,Male,Midwest,Electricity,Residential,House,13,1,1,4,Medium,Own,0
CUST0004771,Customer_4771,45,Female,West,Dual Fuel,Residential,Condo,40,1,1,2,Medium,Other,0
CUST0004772,Customer_4772,30,Female,Southwest,Electricity,Commercial,House,5,1,0,4,Medium-High,Own,1
CUST0004773,Customer_4773,54,Male,Northwest,Electricity,Residential,House,9,1,1,2,High,Rent,1
CUST0004774,Customer_4774,45,Female,Midwest,Gas,Residential,Apartment,76,0,0,2,Low,Own,0
CUST0004775,Customer_4775,18,Female,Northwest,Multi-Utility,Residential,Condo,40,0,1,3,Medium-High,Rent,1
CUST0004776,Customer_4776,56,Male,Midwest,Electricity,Commercial,House,24,0,0,4,Medium-High,Own,0
CUST0004777,Customer_4777,44,Male,Southwest,Electricity,Commercial,House,8,1,0,2,Medium-High,Own,0
CUST0004778,Customer_4778,63,Male,Northeast,Multi-Utility,Residential,Townhouse,15,0,1,5,Medium-High,Rent,0
CUST0004779,Customer_4779,28,Female,Southeast,Electricity,Commercial,Townhouse,30,1,1,4,High,Other,0
CUST0004780,Customer_4780,18,Female,West,Gas,Residential,Condo,6,1,1,2,Low,Own,1
CUST0004781,Customer_4781,49,Female,Northeast,Electricity,Prepaid,Apartment,23,1,0,4,Medium,Rent,1
CUST0004782,Customer_4782,49,Female,Southwest,Multi-Utility,Small Business,Townhouse,18,1,1,4,Medium-High,Rent,0
CUST0004783,Customer_4783,19,Female,Southeast,Multi-Utility,Residential,Condo,23,0,0,4,Medium-High,Own,0
CUST0004784,Customer_4784,30,Male,Southeast,Dual Fuel,Residential,Apartment,4,1,0,5,Medium,Own,1
CUST0004785,Customer_4785,85,Female,Southeast,Electricity,Residential,House,4,1,0,4,Medium-High,Rent,0
CUST0004786,Customer_4786,40,Male,Southwest,Gas,Residential,House,119,1,0,2,Low,Own,1
CUST0004787,Customer_4787,55,Male,Northwest,Electricity,Small Business,Apartment,139,0,1,4,High,Own,0
CUST0004788,Customer_4788,35,Female,Northwest,Dual Fuel,Residential,House,19,0,0,4,Medium-High,Other,1
CUST0004789,Customer_4789,18,Male,Northwest,Dual Fuel,Prepaid,House,56,1,1,3,Medium,Own,1
CUST0004790,Customer_4790,42,Female,Northeast,Gas,Small Business,Apartment,38,0,1,2,Medium-High,Own,0
CUST0004791,Customer_4791,41,Female,West,Water,Small Business,House,4,1,0,5,Medium,Rent,1
CUST0004792,Customer_4792,39,Male,Southeast,Electricity,Residential,Townhouse,12,0,1,3,Medium,Own,1
CUST0004793,Customer_4793,43,Male,Southeast,Gas,Commercial,House,13,1,0,3,High,Rent,1
CUST0004794,Customer_4794,48,Female,Northeast,Gas,Small Business,Apartment,32,1,1,3,Low,Own,1
CUST0004795,Customer_4795,42,Female,Northwest,Electricity,Commercial,Condo,31,1,1,4,Medium,Rent,0
CUST0004796,Customer_4796,26,Male,Southeast,Electricity,Prepaid,Apartment,92,1,1,2,Medium-High,Own,1
CUST0004797,Customer_4797,52,Male,Southeast,Electricity,Residential,Apartment,56,1,1,4,Medium-High,Own,0
CUST0004798,Customer_4798,18,Female,Southwest,Dual Fuel,Residential,Apartment,69,1,0,1,Low,Own,0
CUST0004799,Customer_4799,18,Female,Midwest,Dual Fuel,Commercial,Townhouse,79,1,0,4,Medium-High,Own,0
CUST0004800,Customer_4800,56,Male,Northeast,Multi-Utility,Commercial,Mobile Home,58,0,1,3,Low,Rent,0
CUST0004801,Customer_4801,52,Male,Northeast,Water,Small Business,Condo,14,0,1,4,Medium-High,Own,0
CUST0004802,Customer_4802,44,Female,Northwest,Gas,Residential,Townhouse,8,0,1,3,Medium,Own,0
CUST0004803,Customer_4803,24,Female,Northeast,Electricity,Small Business,House,30,0,1,1,Medium-High,Own,0
CUST0004804,Customer_4804,34,Other,Northwest,Multi-Utility,Residential,Townhouse,42,1,0,3,Medium-High,Other,0
CUST0004805,Customer_4805,41,Female,Southwest,Gas,Residential,Mobile Home,17,1,0,6,Low,Own,1
CUST0004806,Customer_4806,21,Female,Southwest,Water,Residential,Apartment,67,1,0,4,Low,Own,1
CUST0004807,Customer_4807,33,Male,West,Water,Residential,Townhouse,116,0,1,2,Medium,Rent,0
CUST0004808,Customer_4808,54,Female,Northwest,Dual Fuel,Residential,Apartment,30,0,0,5,High,Rent,0
CUST0004809,Customer_4809,66,Male,Southwest,Electricity,Prepaid,House,21,1,1,4,Medium,Rent,1
CUST0004810,Customer_4810,38,Female,Northwest,Electricity,Commercial,Townhouse,66,1,1,2,High,Own,1
CUST0004811,Customer_4811,56,Male,Northeast,Water,Commercial,Apartment,1,1,0,3,Low,Own,1
CUST0004812,Customer_4812,18,Male,West,Dual Fuel,Commercial,Apartment,4,1,1,3,Low,Own,0
CUST0004813,Customer_4813,54,Female,Midwest,Water,Residential,Condo,67,1,1,1,High,Rent,1
CUST0004814,Customer_4814,32,Female,Southeast,Gas,Commercial,Townhouse,47,1,1,4,Medium-High,Own,0
CUST0004815,Customer_4815,49,Male,Southeast,Electricity,Commercial,Condo,19,1,1,2,Medium-High,Own,1
CUST0004816,Customer_4816,41,Female,West,Water,Commercial,House,79,1,0,3,High,Own,0
CUST0004817,Customer_4817,64,Male,Northwest,Water,Small Business,Apartment,15,0,1,4,High,Rent,1
CUST0004818,Customer_4818,31,Male,Northwest,Gas,Residential,Mobile Home,36,1,1,5,Low,Rent,0
CUST0004819,Customer_4819,54,Female,Northwest,Electricity,Residential,Apartment,36,1,1,1,Low,Own,0
CUST0004820,Customer_4820,40,Male,Midwest,Multi-Utility,Residential,Mobile Home,7,0,1,2,Low,Own,1
CUST0004821,Customer_4821,42,Female,Southeast,Gas,Prepaid,Townhouse,12,0,1,3,Medium-High,Own,0
CUST0004822,Customer_4822,42,Male,West,Water,Residential,Condo,89,1,1,4,Medium,Own,1
CUST0004823,Customer_4823,32,Female,Northwest,Electricity,Commercial,House,7,1,0,5,Medium-High,Rent,1
CUST0004824,Customer_4824,44,Female,Southwest,Electricity,Residential,House,6,1,1,1,High,Rent,0
CUST0004825,Customer_4825,44,Male,Northeast,Dual Fuel,Small Business,Condo,23,0,0,3,Medium-High,Rent,0
CUST0004826,Customer_4826,48,Male,Midwest,Electricity,Residential,Apartment,3,1,1,1,Low,Rent,1
CUST0004827,Customer_4827,46,Female,Northwest,Gas,Residential,Townhouse,81,0,1,4,Medium,Own,1
CUST0004828,Customer_4828,56,Female,Southeast,Gas,Residential,Townhouse,3,1,1,1,Low,Rent,1
CUST0004829,Customer_4829,58,Male,Northeast,Water,Small Business,House,34,1,1,5,Medium,Rent,0
CUST0004830,Customer_4830,29,Female,West,Electricity,Residential,Condo,14,1,0,2,Medium,Own,0
CUST0004831,Customer_4831,58,Male,Northwest,Electricity,Small Business,Apartment,58,0,0,4,Low,Other,0
CUST0004832,Customer_4832,27,Male,Southeast,Multi-Utility,Residential,House,32,0,1,2,Medium-High,Rent,1
CUST0004833,Customer_4833,53,Female,Northeast,Gas,Commercial,Apartment,17,0,0,3,High,Rent,0
CUST0004834,Customer_4834,54,Male,Southwest,Electricity,Residential,Townhouse,148,1,1,3,High,Own,0
CUST0004835,Customer_4835,18,Female,Midwest,Electricity,Small Business,Apartment,2,0,1,2,Medium,Own,1
CUST0004836,Customer_4836,46,Female,West,Multi-Utility,Residential,House,31,0,0,2,Medium-High,Rent,0
CUST0004837,Customer_4837,37,Female,Southeast,Electricity,Small Business,Apartment,164,1,1,1,Medium-High,Own,1
CUST0004838,Customer_4838,33,Female,Southwest,Gas,Residential,House,42,1,1,1,Medium-High,Rent,0
CUST0004839,Customer_4839,65,Female,Midwest,Gas,Small Business,Apartment,48,0,0,2,Medium-High,Rent,0
CUST0004840,Customer_4840,35,Female,Midwest,Dual Fuel,Commercial,House,1,0,0,3,High,Rent,0
CUST0004841,Customer_4841,32,Female,Southwest,Water,Residential,Townhouse,1,1,1,4,Low,Own,1
CUST0004842,Customer_4842,46,Other,Southeast,Gas,Residential,House,1,1,0,4,Medium-High,Own,1
CUST0004843,Customer_4843,55,Female,Midwest,Electricity,Small Business,Apartment,172,1,1,1,Medium-High,Rent,0
CUST0004844,Customer_4844,42,Male,West,Dual Fuel,Small Business,House,139,0,1,2,Medium,Own,1
CUST0004845,Customer_4845,62,Female,Northeast,Gas,Residential,Mobile Home,14,1,1,4,Medium,Rent,0
CUST0004846,Customer_4846,52,Female,West,Multi-Utility,Residential,Apartment,12,1,0,3,Low,Rent,0
CUST0004847,Customer_4847,18,Female,Northwest,Gas,Residential,Townhouse,5,1,1,2,High,Own,1
CUST0004848,Customer_4848,37,Female,Midwest,Water,Residential,Townhouse,14,0,1,2,High,Own,0
CUST0004849,Customer_4849,36,Female,Northeast,Electricity,Residential,Condo,16,0,0,2,Medium-High,Rent,0
CUST0004850,Customer_4850,52,Other,Southwest,Water,Commercial,Townhouse,49,1,0,1,Medium,Own,1
CUST0004851,Customer_4851,18,Male,Northeast,Electricity,Residential,House,72,1,1,4,Medium,Own,0
CUST0004852,Customer_4852,83,Female,Northeast,Electricity,Small Business,Condo,49,1,1,2,Medium-High,Rent,1
CUST0004853,Customer_4853,52,Male,Northeast,Electricity,Commercial,House,37,0,1,5,Low,Rent,0
CUST0004854,Customer_4854,47,Female,Midwest,Electricity,Residential,Townhouse,52,1,1,5,Medium,Rent,1
CUST0004855,Customer_4855,62,Female,Northwest,Electricity,Small Business,Mobile Home,48,0,1,4,High,Own,1
CUST0004856,Customer_4856,80,Male,Northwest,Electricity,Commercial,Mobile Home,23,0,0,2,Medium-High,Rent,0
CUST0004857,Customer_4857,58,Male,Southeast,Dual Fuel,Residential,House,14,1,1,2,Medium-High,Own,0
CUST0004858,Customer_4858,59,Female,Northwest,Electricity,Residential,Apartment,11,0,0,3,Low,Own,0
CUST0004859,Customer_4859,46,Male,Midwest,Water,Prepaid,Apartment,40,0,0,2,Medium,Other,1
CUST0004860,Customer_4860,42,Male,Southeast,Electricity,Prepaid,House,115,1,1,5,Medium-High,Own,1
CUST0004861,Customer_4861,37,Female,Southwest,Gas,Residential,House,31,0,1,1,Low,Own,1
CUST0004862,Customer_4862,32,Male,Southwest,Gas,Residential,Apartment,87,1,1,4,Medium,Rent,1
CUST0004863,Customer_4863,34,Female,Southwest,Multi-Utility,Residential,Mobile Home,1,1,0,3,Medium,Rent,0
CUST0004864,Customer_4864,24,Female,Southwest,Dual Fuel,Residential,Apartment,56,1,1,4,Medium,Other,0
CUST0004865,Customer_4865,43,Male,Southwest,Gas,Residential,Condo,69,1,1,3,Medium,Own,1
CUST0004866,Customer_4866,19,Male,West,Water,Small Business,Apartment,35,1,0,3,Medium,Own,0
CUST0004867,Customer_4867,47,Female,Midwest,Electricity,Commercial,Condo,97,0,0,6,Medium,Own,1
CUST0004868,Customer_4868,44,Female,Southeast,Gas,Residential,Mobile Home,32,1,1,1,Low,Rent,0
CUST0004869,Customer_4869,47,Female,Southwest,Electricity,Commercial,Apartment,9,1,1,1,Low,Own,1
CUST0004870,Customer_4870,37,Female,West,Electricity,Residential,House,8,0,1,2,Medium-High,Own,1
CUST0004871,Customer_4871,85,Female,Northwest,Electricity,Residential,Apartment,29,1,1,3,Medium,Rent,0
CUST0004872,Customer_4872,65,Male,West,Water,Residential,Mobile Home,85,0,1,2,Medium,Rent,1
CUST0004873,Customer_4873,26,Male,West,Gas,Residential,Apartment,2,0,1,1,Medium,Own,1
CUST0004874,Customer_4874,48,Male,Midwest,Water,Residential,Apartment,33,0,0,1,Low,Rent,0
CUST0004875,Customer_4875,35,Male,Southwest,Gas,Commercial,House,52,0,1,4,Medium,Own,0
CUST0004876,Customer_4876,29,Female,West,Electricity,Residential,House,4,1,0,3,Medium,Rent,1
CUST0004877,Customer_4877,24,Female,West,Water,Small Business,Townhouse,4,1,0,4,Medium,Rent,1
CUST0004878,Customer_4878,51,Male,Southwest,Dual Fuel,Residential,House,16,1,1,2,Medium,Own,1
CUST0004879,Customer_4879,34,Female,Midwest,Dual Fuel,Residential,House,11,1,0,4,Low,Own,0
CUST0004880,Customer_4880,59,Male,West,Gas,Small Business,Apartment,7,1,0,3,Low,Own,0
CUST0004881,Customer_4881,59,Male,Southeast,Water,Commercial,Mobile Home,7,1,0,3,Medium,Rent,0
CUST0004882,Customer_4882,65,Female,Northeast,Water,Residential,House,5,1,0,2,Medium,Own,0
CUST0004883,Customer_4883,32,Male,Northwest,Electricity,Small Business,Townhouse,33,0,1,1,High,Rent,0
CUST0004884,Customer_4884,52,Male,Northeast,Electricity,Commercial,House,41,1,1,5,Low,Rent,0
CUST0004885,Customer_4885,54,Male,Northeast,Electricity,Small Business,Townhouse,43,1,1,4,High,Own,1
CUST0004886,Customer_4886,37,Male,Midwest,Electricity,Residential,Mobile Home,27,1,1,2,High,Other,0
CUST0004887,Customer_4887,33,Female,West,Gas,Small Business,House,110,1,0,6,Medium,Rent,0
CUST0004888,Customer_4888,69,Female,Northeast,Multi-Utility,Residential,House,76,1,0,2,Medium-High,Own,0
CUST0004889,Customer_4889,48,Male,Northeast,Gas,Small Business,House,113,1,0,3,High,Own,0
CUST0004890,Customer_4890,54,Male,Northwest,Water,Residential,Townhouse,17,1,1,4,Medium,Own,0
CUST0004891,Customer_4891,32,Female,Southwest,Water,Residential,House,75,1,1,2,Medium,Rent,1
CUST0004892,Customer_4892,26,Female,West,Electricity,Small Business,House,51,0,1,2,Low,Own,0
CUST0004893,Customer_4893,36,Male,West,Electricity,Residential,House,14,0,1,3,Medium-High,Other,0
CUST0004894,Customer_4894,43,Male,Northwest,Gas,Residential,Apartment,4,1,0,3,Low,Own,1
CUST0004895,Customer_4895,29,Female,Southwest,Water,Commercial,House,41,0,0,1,High,Own,0
CUST0004896,Customer_4896,44,Female,West,Multi-Utility,Commercial,Townhouse,5,0,1,1,Medium,Rent,0
CUST0004897,Customer_4897,19,Male,Southeast,Electricity,Residential,Townhouse,12,1,1,5,High,Own,0
CUST0004898,Customer_4898,28,Female,Northwest,Dual Fuel,Residential,Apartment,24,1,0,2,Medium,Rent,1
CUST0004899,Customer_4899,55,Male,Midwest,Electricity,Residential,Condo,41,1,1,1,Medium-High,Own,0
CUST0004900,Customer_4900,54,Female,Southwest,Water,Residential,Condo,93,1,1,4,Medium-High,Other,0
CUST0004901,Customer_4901,39,Female,Northwest,Gas,Prepaid,Condo,32,1,1,2,Medium,Rent,0
CUST0004902,Customer_4902,29,Female,Northeast,Electricity,Small Business,Apartment,40,1,1,2,High,Rent,0
CUST0004903,Customer_4903,29,Male,West,Electricity,Residential,Apartment,13,1,1,6,Medium,Own,1
CUST0004904,Customer_4904,39,Male,Southeast,Electricity,Residential,Condo,41,1,0,5,Low,Own,0
CUST0004905,Customer_4905,54,Male,Southeast,Electricity,Small Business,Condo,20,0,0,1,High,Own,1
CUST0004906,Customer_4906,58,Female,Midwest,Water,Small Business,House,69,1,0,5,Medium,Other,0
CUST0004907,Customer_4907,37,Male,Northwest,Electricity,Small Business,House,17,1,0,5,Medium,Own,0
CUST0004908,Customer_4908,27,Male,Southeast,Gas,Residential,House,22,0,1,3,Medium,Own,0
CUST0004909,Customer_4909,49,Male,Northwest,Electricity,Residential,Apartment,20,1,0,3,Medium-High,Other,0
CUST0004910,Customer_4910,32,Female,West,Water,Residential,Apartment,59,1,1,2,Medium,Own,1
CUST0004911,Customer_4911,37,Male,West,Water,Residential,Apartment,110,0,1,1,Medium-High,Own,1
CUST0004912,Customer_4912,64,Male,Southeast,Water,Residential,Apartment,14,1,1,3,Medium-High,Rent,1
CUST0004913,Customer_4913,57,Male,West,Gas,Commercial,Townhouse,23,0,1,4,Low,Rent,0
CUST0004914,Customer_4914,47,Female,Northwest,Electricity,Residential,House,44,0,1,4,Medium,Own,0
CUST0004915,Customer_4915,25,Female,West,Dual Fuel,Commercial,Apartment,81,1,1,2,Medium-High,Rent,0
CUST0004916,Customer_4916,48,Female,Northeast,Electricity,Residential,Apartment,24,1,1,2,Medium-High,Own,1
CUST0004917,Customer_4917,60,Female,Northwest,Electricity,Residential,Apartment,4,0,0,3,Low,Rent,1
CUST0004918,Customer_4918,39,Female,Southwest,Electricity,Residential,Apartment,16,1,0,3,Medium,Own,0
CUST0004919,Customer_4919,65,Male,West,Water,Residential,Townhouse,28,0,1,1,High,Own,0
CUST0004920,Customer_4920,64,Female,West,Water,Commercial,House,19,0,0,3,High,Rent,0
CUST0004921,Customer_4921,69,Male,Northwest,Water,Residential,Townhouse,7,0,1,4,Medium-High,Own,1
CUST0004922,Customer_4922,49,Male,Midwest,Gas,Residential,Townhouse,1,0,1,2,Low,Own,0
CUST0004923,Customer_4923,53,Female,Southwest,Electricity,Commercial,Condo,41,0,1,2,Medium-High,Own,1
CUST0004924,Customer_4924,66,Male,Southwest,Dual Fuel,Residential,Townhouse,177,1,1,2,Low,Rent,0
CUST0004925,Customer_4925,51,Male,Southwest,Gas,Residential,Condo,90,0,1,5,Medium-High,Own,1
CUST0004926,Customer_4926,37,Male,Southeast,Gas,Residential,Apartment,41,0,0,3,Medium-High,Own,0
CUST0004927,Customer_4927,38,Female,Northeast,Gas,Residential,Mobile Home,66,1,1,3,Medium,Own,0
CUST0004928,Customer_4928,48,Male,Northeast,Electricity,Residential,House,10,0,1,4,Low,Own,1
CUST0004929,Customer_4929,25,Female,Midwest,Electricity,Residential,House,35,1,1,2,Medium-High,Rent,1
CUST0004930,Customer_4930,42,Female,Southwest,Gas,Commercial,House,2,1,1,1,Medium-High,Rent,1
CUST0004931,Customer_4931,61,Female,Southwest,Electricity,Commercial,Condo,44,0,1,4,Medium-High,Rent,0
CUST0004932,Customer_4932,18,Male,West,Electricity,Residential,House,126,1,1,4,Medium-High,Own,0
CUST0004933,Customer_4933,68,Female,Northwest,Dual Fuel,Residential,Mobile Home,70,0,0,2,Low,Rent,0
CUST0004934,Customer_4934,61,Male,Southeast,Gas,Residential,Apartment,27,0,1,1,Medium-High,Own,0
CUST0004935,Customer_4935,38,Male,Southeast,Gas,Small Business,Townhouse,55,0,1,4,Medium-High,Rent,1
CUST0004936,Customer_4936,53,Male,Midwest,Water,Residential,House,103,1,0,4,Medium,Rent,0
CUST0004937,Customer_4937,45,Female,Northeast,Multi-Utility,Commercial,House,8,1,1,1,Medium-High,Own,0
CUST0004938,Customer_4938,63,Male,Southwest,Electricity,Small Business,House,56,1,1,4,Medium-High,Own,0
CUST0004939,Customer_4939,59,Male,Northwest,Dual Fuel,Residential,House,11,1,0,5,Medium-High,Rent,0
CUST0004940,Customer_4940,23,Male,Midwest,Gas,Small Business,Apartment,75,1,1,2,Low,Rent,0
CUST0004941,Customer_4941,53,Male,Southeast,Electricity,Residential,Mobile Home,3,0,0,3,Medium,Own,0
CUST0004942,Customer_4942,41,Female,Southeast,Electricity,Residential,Apartment,7,1,1,4,High,Own,1
CUST0004943,Customer_4943,46,Female,Southeast,Gas,Residential,Condo,45,1,1,2,Medium,Rent,0
CUST0004944,Customer_4944,34,Female,Southwest,Water,Residential,Apartment,6,1,1,4,Low,Own,0
CUST0004945,Customer_4945,71,Male,Southwest,Electricity,Small Business,House,6,0,0,5,High,Own,1
CUST0004946,Customer_4946,60,Male,Southwest,Gas,Small Business,Apartment,29,1,0,4,Low,Own,0
CUST0004947,Customer_4947,33,Other,West,Water,Residential,House,64,0,1,2,Medium,Own,0
CUST0004948,Customer_4948,24,Male,Northeast,Gas,Prepaid,Townhouse,11,1,1,4,Medium,Own,0
CUST0004949,Customer_4949,39,Female,Southeast,Dual Fuel,Residential,Townhouse,66,0,0,3,High,Rent,1
CUST0004950,Customer_4950,51,Male,Southeast,Dual Fuel,Residential,Apartment,59,1,0,2,Medium,Own,1
CUST0004951,Customer_4951,48,Female,West,Gas,Residential,Condo,31,0,1,2,Medium-High,Rent,1
CUST0004952,Customer_4952,63,Male,Southeast,Multi-Utility,Small Business,House,37,1,0,5,Medium-High,Rent,0
CUST0004953,Customer_4953,56,Male,Southeast,Electricity,Prepaid,Condo,1,0,1,3,Low,Own,1
CUST0004954,Customer_4954,59,Female,Southwest,Electricity,Small Business,Townhouse,16,1,1,5,Medium,Other,1
CUST0004955,Customer_4955,49,Female,Southwest,Electricity,Commercial,Townhouse,11,1,1,2,Medium,Rent,0
CUST0004956,Customer_4956,24,Male,Northeast,Gas,Residential,House,5,0,1,4,High,Rent,1
CUST0004957,Customer_4957,42,Female,Southeast,Gas,Residential,House,17,1,0,1,Medium-High,Rent,0
CUST0004958,Customer_4958,60,Female,Midwest,Gas,Residential,Apartment,15,0,1,1,High,Own,1
CUST0004959,Customer_4959,44,Male,Southeast,Electricity,Small Business,Mobile Home,46,1,0,6,Medium,Rent,0
CUST0004960,Customer_4960,52,Male,Southeast,Electricity,Residential,Mobile Home,32,1,1,1,Medium,Rent,0
CUST0004961,Customer_4961,40,Male,Northeast,Dual Fuel,Commercial,Apartment,87,0,1,3,Medium,Rent,1
CUST0004962,Customer_4962,29,Male,Midwest,Dual Fuel,Residential,Townhouse,5,1,1,5,Medium-High,Own,0
CUST0004963,Customer_4963,43,Female,Southeast,Water,Residential,Mobile Home,2,0,0,4,Medium-High,Rent,0
CUST0004964,Customer_4964,49,Male,Northwest,Water,Residential,House,27,0,0,3,Medium-High,Own,0
CUST0004965,Customer_4965,35,Male,Northwest,Gas,Small Business,Townhouse,1,0,1,3,High,Own,1
CUST0004966,Customer_4966,41,Male,Midwest,Electricity,Residential,House,55,0,1,3,Low,Rent,0
CUST0004967,Customer_4967,30,Female,Northwest,Gas,Residential,House,25,1,1,1,Medium-High,Other,0
CUST0004968,Customer_4968,61,Male,Southwest,Water,Residential,House,24,1,0,2,Medium-High,Own,0
CUST0004969,Customer_4969,40,Male,Southwest,Gas,Small Business,Apartment,16,1,1,2,Medium,Own,1
CUST0004970,Customer_4970,66,Male,Midwest,Electricity,Small Business,Townhouse,16,0,1,2,Medium-High,Own,1
CUST0004971,Customer_4971,67,Female,Southeast,Multi-Utility,Small Business,Apartment,20,1,1,2,High,Other,1
CUST0004972,Customer_4972,43,Male,Midwest,Dual Fuel,Residential,House,1,0,1,2,Medium,Rent,1
CUST0004973,Customer_4973,29,Female,Northwest,Electricity,Prepaid,House,3,0,0,2,Low,Rent,1
CUST0004974,Customer_4974,18,Male,Midwest,Gas,Commercial,Apartment,25,1,1,2,Medium,Own,1
CUST0004975,Customer_4975,22,Male,Northwest,Multi-Utility,Residential,Apartment,5,1,0,3,High,Own,1
CUST0004976,Customer_4976,24,Female,Southwest,Electricity,Residential,Apartment,54,1,1,2,Medium-High,Own,1
CUST0004977,Customer_4977,65,Male,Midwest,Gas,Residential,House,11,1,1,4,Medium,Own,0
CUST0004978,Customer_4978,46,Female,West,Gas,Residential,Townhouse,3,0,0,5,Medium-High,Rent,1
CUST0004979,Customer_4979,50,Female,Northwest,Gas,Commercial,Mobile Home,9,0,1,2,Medium,Own,1
CUST0004980,Customer_4980,18,Female,West,Dual Fuel,Small Business,Apartment,15,1,1,1,Medium,Own,1
CUST0004981,Customer_4981,27,Female,Southwest,Electricity,Commercial,Condo,1,1,1,4,Medium,Rent,0
CUST0004982,Customer_4982,58,Male,Southeast,Electricity,Residential,Mobile Home,5,0,0,5,Medium,Own,0
CUST0004983,Customer_4983,49,Male,Northwest,Electricity,Small Business,Condo,14,1,1,1,Low,Own,1
CUST0004984,Customer_4984,42,Female,Southeast,Electricity,Residential,Condo,13,1,1,1,Medium-High,Own,1
CUST0004985,Customer_4985,53,Female,Southwest,Gas,Residential,Condo,58,1,1,2,Medium-High,Rent,0
CUST0004986,Customer_4986,69,Female,Southeast,Water,Small Business,House,66,0,1,4,Medium,Own,0
CUST0004987,Customer_4987,41,Male,Northwest,Electricity,Residential,Apartment,7,1,1,6,Low,Own,1
CUST0004988,Customer_4988,46,Male,Northeast,Gas,Small Business,Townhouse,4,0,1,4,Medium,Rent,1
CUST0004989,Customer_4989,47,Female,Northwest,Water,Small Business,House,36,0,1,3,Low,Rent,1
CUST0004990,Customer_4990,80,Male,Northwest,Electricity,Commercial,Townhouse,58,1,1,4,Low,Own,0
CUST0004991,Customer_4991,18,Male,West,Gas,Residential,Condo,119,1,1,2,High,Own,1
CUST0004992,Customer_4992,55,Male,Northeast,Water,Small Business,Apartment,1,1,1,4,Medium,Rent,1
CUST0004993,Customer_4993,43,Female,Northeast,Gas,Prepaid,Condo,19,0,1,2,Low,Own,0
CUST0004994,Customer_4994,53,Male,Northeast,Electricity,Commercial,Apartment,47,1,1,2,Medium,Rent,0
CUST0004995,Customer_4995,35,Female,Northwest,Gas,Small Business,Townhouse,63,0,1,2,High,Rent,0
CUST0004996,Customer_4996,44,Male,Southwest,Multi-Utility,Small Business,Apartment,2,1,0,4,Medium,Own,1
CUST0004997,Customer_4997,55,Female,Northeast,Gas,Residential,Mobile Home,41,0,1,4,Medium,Own,1
CUST0004998,Customer_4998,85,Female,Midwest,Electricity,Small Business,Apartment,12,0,1,3,Medium,Own,1
CUST0004999,Customer_4999,57,Male,Southeast,Gas,Small Business,Condo,2,0,0,1,Low,Own,0
CUST0005000,Customer_5000,32,Female,Southwest,Electricity,Small Business,Mobile Home,24,0,1,1,High,Own,0
