customer_id,complaint_date,complaint_category,comment,severity,resolution_time_days,escalated,resolved
C00001,2024-04-16,Outage,I feel like loyal customers are not being valued the way they should be.,3,13,0,1
C00001,2024-04-19,Technical,"There was a small discrepancy on my statement, now resolved.",2,14,0,0
C00002,2022-03-06,Meter Reading,I have been trying to get this resolved for two weeks now.,3,9,0,0
C00002,2023-12-18,Meter Reading,Can you confirm my direct debit amount?,1,1,0,1
C00003,2024-06-10,Account Management,"There was a small discrepancy on my statement, now resolved.",2,8,0,1
C00003,2024-01-12,Meter Reading,The rate increase was not communicated clearly and came as a surprise.,3,11,0,1
C00003,2022-09-26,Technical,The email confirmation for my account change took two days to arrive.,2,1,0,1
C00004,2024-01-14,Service Quality,The technician arrived a bit late but did a good job.,2,5,0,0
C00004,2022-05-18,Service Quality,"Everything is fine, just updating my details.",1,3,0,1
C00005,2023-11-25,Service Quality,The technician arrived a bit late but did a good job.,2,1,0,0
C00006,2022-02-26,Account Management,The rate increase was not communicated clearly and came as a surprise.,3,19,0,0
C00006,2023-05-26,Account Management,I want to switch to paperless billing.,1,6,0,1
C00006,2024-12-04,Service Quality,The email confirmation for my account change took two days to arrive.,2,13,0,1
C00006,2023-10-14,Service Quality,I have been trying to get this resolved for two weeks now.,3,3,1,0
C00006,2022-05-22,Account Management,I was on hold for about 20 minutes which felt long.,2,11,0,0
C00007,2024-09-23,Service Quality,I had trouble navigating the new online portal at first.,2,10,0,1
C00007,2024-09-01,Meter Reading,The website was slow when I tried to log in yesterday.,2,14,1,1
C00007,2024-07-17,Outage,Nobody in your company seems to take responsibility for anything.,4,16,0,0
C00007,2024-09-26,Service Quality,Response time was a bit slower than last time I called.,2,8,0,1
C00008,2022-05-03,Service Quality,Could you send me a copy of last month's bill?,1,6,0,1
C00009,2022-05-07,Service Quality,My bill was slightly higher than I expected this month.,2,7,1,0
C00010,2024-08-20,Service Quality,My bill has errors and I have had to call twice about the same issue.,3,5,1,1
C00010,2023-05-04,Account Management,The email confirmation for my account change took two days to arrive.,2,8,0,1
C00011,2024-07-17,Account Management,Just checking when my next meter read is scheduled.,1,8,1,1
C00012,2022-01-09,Technical,Quick question about the new tariff letter I received.,1,6,1,1
C00012,2023-03-27,Meter Reading,I want to switch to paperless billing.,1,9,0,1
C00013,2022-12-16,Meter Reading,I have escalated this complaint twice and it is still not resolved.,4,22,0,0
C00014,2023-03-08,Technical,I have escalated this complaint twice and it is still not resolved.,4,23,1,1
C00014,2023-08-05,Meter Reading,My bill has errors and I have had to call twice about the same issue.,3,8,1,0
C00014,2023-08-07,Technical,My meter reading submission didn't go through on the first try.,2,5,0,0
C00014,2022-02-03,Billing,The technician arrived a bit late but did a good job.,2,12,1,1
C00015,2024-05-07,Technical,I was on hold for about 20 minutes which felt long.,2,9,0,0
C00015,2024-02-27,Billing,My power has been out for two days and nobody has given me an update.,4,16,0,0
C00016,2024-09-24,Outage,The website was slow when I tried to log in yesterday.,2,12,0,0
C00016,2022-03-04,Account Management,"There was a small discrepancy on my statement, now resolved.",2,4,0,1
C00016,2022-02-07,Billing,I have been trying to get this resolved for two weeks now.,3,2,1,0
C00017,2023-10-21,Billing,I waited longer than usual for a callback but it came eventually.,2,12,0,1
C00018,2024-07-16,Technical,"Everything is fine, just updating my details.",1,4,0,1
C00019,2024-04-14,Account Management,Response time was a bit slower than last time I called.,2,5,1,1
C00019,2023-07-15,Outage,I want a formal complaint registered. This has gone on too long.,4,16,1,0
C00020,2023-12-01,Service Quality,The technician arrived a bit late but did a good job.,2,3,0,1
C00020,2024-06-16,Service Quality,Can you confirm my direct debit amount?,1,1,0,0
C00020,2024-08-05,Billing,I have been waiting over a week for someone to call me back.,3,11,0,0
C00020,2022-07-27,Technical,The online chat bot could not help me and I had to call anyway.,3,5,1,0
C00021,2023-11-27,Account Management,"Everything is fine, just updating my details.",1,5,0,1
C00021,2024-09-08,Technical,I am very unhappy with the service. My complaint from last month is still open.,4,9,1,0
C00023,2023-02-02,Technical,The customer service agent I spoke to was not very helpful.,3,15,1,1
C00023,2023-08-09,Outage,Calling to update my billing address.,1,4,0,1
C00023,2024-07-27,Technical,I have been trying to get this resolved for two weeks now.,3,1,0,1
C00023,2024-06-23,Billing,I had trouble navigating the new online portal at first.,2,8,1,1
C00025,2024-03-03,Service Quality,My bill was slightly higher than I expected this month.,2,4,0,1
C00025,2022-10-07,Meter Reading,I was treated rudely on my last call and I want this addressed.,4,22,0,0
C00025,2024-09-20,Service Quality,I would like to check my current balance please.,1,1,0,0
C00026,2022-05-11,Outage,I have escalated this complaint twice and it is still not resolved.,4,24,1,1
C00027,2022-04-09,Meter Reading,I feel like loyal customers are not being valued the way they should be.,3,9,1,1
C00027,2024-06-07,Technical,I want a formal complaint registered. This has gone on too long.,4,2,0,0
C00028,2024-02-17,Outage,"Everything is fine, just updating my details.",1,5,0,1
C00028,2022-06-23,Technical,I have escalated this complaint twice and it is still not resolved.,4,1,1,1
C00028,2022-08-20,Service Quality,This is absolutely disgraceful. I am filing a formal complaint with the regulator.,5,8,1,0
C00028,2024-12-09,Account Management,I waited longer than usual for a callback but it came eventually.,2,3,1,1
C00029,2024-07-18,Account Management,I want a full refund and I am cancelling everything today.,5,26,1,0
C00030,2024-12-03,Account Management,Your company has overcharged me for months and nobody will fix it.,5,17,1,0
C00030,2023-09-21,Billing,The technician did not show up at the agreed time without any notice.,3,7,0,1
C00030,2024-06-22,Service Quality,I am contacting my lawyer. This is negligent and completely unacceptable.,5,11,1,0
C00031,2023-06-08,Account Management,The online chat bot could not help me and I had to call anyway.,3,11,0,1
C00031,2023-05-04,Technical,I am not satisfied with how my previous complaint was handled.,3,19,1,0
C00032,2023-10-28,Account Management,I am going to leave a public review warning everyone about this company.,5,11,1,1
C00033,2024-09-25,Outage,The level of service I am receiving is completely unacceptable.,4,16,0,0
C00033,2024-09-02,Service Quality,I was on hold for about 20 minutes which felt long.,2,9,1,1
C00034,2024-02-23,Outage,I would like to check my current balance please.,1,2,0,1
C00034,2023-12-12,Technical,The website was slow when I tried to log in yesterday.,2,13,1,0
C00034,2023-09-07,Outage,The technician did not show up at the agreed time without any notice.,3,4,0,1
C00035,2022-03-10,Technical,Can you confirm my direct debit amount?,1,8,0,1
C00035,2022-12-23,Service Quality,I am very unhappy with the service. My complaint from last month is still open.,4,1,0,1
C00036,2024-06-27,Technical,Response time was a bit slower than last time I called.,2,12,0,1
C00036,2024-10-05,Service Quality,I want a full refund and I am cancelling everything today.,5,18,1,1
C00036,2024-03-05,Service Quality,My account was charged incorrectly and I am still waiting for a credit.,3,8,0,1
C00037,2024-06-06,Account Management,I would like to know my current contract end date.,1,9,1,1
C00037,2022-02-27,Billing,My meter reading submission didn't go through on the first try.,2,4,1,1
C00039,2024-02-25,Account Management,Your company has overcharged me for months and nobody will fix it.,5,4,0,0
C00039,2024-08-20,Account Management,I am contacting my lawyer. This is negligent and completely unacceptable.,5,21,0,0
C00039,2024-02-01,Billing,I want to switch to paperless billing.,1,9,1,1
C00040,2024-07-08,Outage,I would like to check my current balance please.,1,4,0,1
C00041,2024-08-01,Technical,I have escalated this complaint twice and it is still not resolved.,4,8,0,1
C00041,2024-01-20,Account Management,I need to change my contact phone number on the account.,1,6,0,1
C00041,2023-12-26,Account Management,I feel like loyal customers are not being valued the way they should be.,3,17,0,0
C00041,2024-06-06,Account Management,I had trouble navigating the new online portal at first.,2,7,0,1
C00042,2023-09-26,Account Management,This is the third billing error in a row. I am losing patience.,4,18,0,1
C00043,2024-05-28,Service Quality,Just checking when my next meter read is scheduled.,1,5,0,1
C00043,2024-05-15,Technical,I would like to know my current contract end date.,1,1,0,1
C00044,2022-01-15,Technical,The technician arrived a bit late but did a good job.,2,11,1,1
C00044,2023-07-26,Technical,I want a formal complaint registered. This has gone on too long.,4,3,0,0
C00044,2022-12-24,Account Management,Quick question about the new tariff letter I received.,1,6,0,1
C00045,2024-12-15,Service Quality,The online chat bot could not help me and I had to call anyway.,3,18,0,1
C00045,2024-03-04,Account Management,I need to change my contact phone number on the account.,1,4,0,1
C00045,2024-11-06,Outage,Nobody in your company seems to take responsibility for anything.,4,8,0,1
C00045,2024-12-05,Account Management,I feel like loyal customers are not being valued the way they should be.,3,9,0,1
C00046,2023-10-14,Technical,The technician arrived a bit late but did a good job.,2,3,0,0
C00046,2024-01-20,Billing,My meter reading submission didn't go through on the first try.,2,6,0,1
C00046,2024-08-21,Outage,Nobody in your company seems to take responsibility for anything.,4,5,1,1
C00047,2024-06-16,Account Management,The worst customer experience I have ever had in my life.,5,6,1,0
C00047,2024-03-28,Billing,Can you confirm my direct debit amount?,1,2,0,1
C00048,2023-03-22,Billing,I would like to know my current contract end date.,1,9,0,1
C00048,2024-12-21,Meter Reading,Calling to update my billing address.,1,1,0,1
C00049,2023-01-09,Technical,I feel like loyal customers are not being valued the way they should be.,3,4,0,0
C00050,2023-06-27,Meter Reading,The online chat bot could not help me and I had to call anyway.,3,8,1,1
C00051,2024-03-25,Technical,The technician did not show up at the agreed time without any notice.,3,8,0,0
C00051,2023-07-25,Meter Reading,My account was charged incorrectly and I am still waiting for a credit.,3,18,0,1
C00051,2024-05-28,Billing,I have been trying to get this resolved for two weeks now.,3,13,1,0
C00051,2022-06-21,Account Management,I am not satisfied with how my previous complaint was handled.,3,13,1,0
C00052,2023-02-18,Outage,I would like to know my current contract end date.,1,5,0,1
C00052,2022-04-19,Meter Reading,The website was slow when I tried to log in yesterday.,2,2,0,1
C00052,2023-02-07,Billing,I want a full refund and I am cancelling everything today.,5,27,1,0
C00054,2024-01-19,Technical,Quick question about the new tariff letter I received.,1,7,0,1
C00054,2023-05-19,Outage,I was on hold for about 20 minutes which felt long.,2,13,1,1
C00055,2023-11-20,Meter Reading,I want a formal complaint registered. This has gone on too long.,4,5,1,0
C00055,2022-12-01,Meter Reading,I have been waiting over a week for someone to call me back.,3,5,0,1
C00055,2023-12-09,Account Management,I have been trying to get this resolved for two weeks now.,3,6,1,1
C00056,2024-10-13,Account Management,Just checking when my next meter read is scheduled.,1,3,1,1
C00056,2024-08-14,Outage,My bill was slightly higher than I expected this month.,2,12,0,1
C00056,2024-08-06,Billing,Your company has overcharged me for months and nobody will fix it.,5,26,0,0
C00056,2024-04-22,Meter Reading,I am switching providers immediately. I cannot tolerate this incompetence.,5,17,1,1
C00056,2024-06-05,Billing,My bill has errors and I have had to call twice about the same issue.,3,11,1,0
C00056,2024-10-18,Service Quality,Response time was a bit slower than last time I called.,2,6,0,1
C00056,2024-08-28,Meter Reading,I would like to check my current balance please.,1,1,1,1
C00056,2024-04-28,Billing,I have been waiting over a week for someone to call me back.,3,8,0,0
C00057,2024-06-14,Billing,The email confirmation for my account change took two days to arrive.,2,1,0,1
C00058,2024-02-04,Outage,The rate increase was not communicated clearly and came as a surprise.,3,8,1,1
C00061,2024-10-06,Technical,I took a day off work for the technician and nobody came.,4,2,0,0
C00061,2023-02-17,Service Quality,Response time was a bit slower than last time I called.,2,8,1,1
C00061,2023-05-24,Outage,I need to change my contact phone number on the account.,1,2,0,0
C00061,2023-08-19,Outage,Response time was a bit slower than last time I called.,2,4,0,1
C00061,2023-12-19,Account Management,My bill has errors and I have had to call twice about the same issue.,3,1,1,0
C00063,2024-06-17,Technical,I was on hold for about 20 minutes which felt long.,2,13,1,1
C00063,2022-10-06,Billing,I am considering switching providers if this is not fixed immediately.,4,6,0,0
C00063,2023-11-01,Meter Reading,I took a day off work for the technician and nobody came.,4,21,1,1
C00063,2024-03-06,Meter Reading,Response time was a bit slower than last time I called.,2,2,0,1
C00064,2023-02-11,Account Management,The technician did not show up at the agreed time without any notice.,3,9,1,0
C00064,2022-04-18,Billing,My power has been out for two days and nobody has given me an update.,4,5,1,0
C00065,2024-12-05,Service Quality,I have been waiting over a week for someone to call me back.,3,5,0,0
C00065,2024-06-07,Account Management,The email confirmation for my account change took two days to arrive.,2,8,0,0
C00065,2022-05-15,Outage,The worst customer experience I have ever had in my life.,5,6,0,0
C00066,2024-10-06,Outage,I was on hold for about 20 minutes which felt long.,2,10,0,1
C00066,2024-04-02,Technical,The technician arrived a bit late but did a good job.,2,2,0,1
C00067,2024-07-10,Service Quality,The email confirmation for my account change took two days to arrive.,2,14,0,1
C00067,2022-08-02,Service Quality,The technician did not show up at the agreed time without any notice.,3,4,1,0
C00069,2024-07-05,Account Management,I want to switch to paperless billing.,1,5,0,1
C00069,2024-01-27,Billing,The website was slow when I tried to log in yesterday.,2,10,0,0
C00069,2024-05-19,Meter Reading,Response time was a bit slower than last time I called.,2,2,0,1
C00070,2022-02-10,Technical,My bill was slightly higher than I expected this month.,2,9,1,1
C00070,2024-03-22,Billing,I want to switch to paperless billing.,1,9,0,0
C00070,2023-04-08,Meter Reading,This is the third billing error in a row. I am losing patience.,4,16,1,0
C00071,2023-12-07,Outage,I have been waiting over a week for someone to call me back.,3,13,0,1
C00073,2023-10-11,Account Management,I was treated rudely on my last call and I want this addressed.,4,11,1,0
C00074,2024-12-17,Technical,I am very unhappy with the service. My complaint from last month is still open.,4,2,1,1
C00074,2024-12-08,Outage,I have been waiting over a week for someone to call me back.,3,11,0,1
C00076,2024-05-06,Technical,I have been trying to get this resolved for two weeks now.,3,9,0,0
C00077,2024-11-28,Technical,Nobody in your company seems to take responsibility for anything.,4,3,1,0
C00077,2022-02-28,Technical,Calling to update my billing address.,1,6,0,1
C00077,2024-04-23,Service Quality,I was on hold for about 20 minutes which felt long.,2,13,0,1
C00079,2022-02-01,Account Management,I am not satisfied with how my previous complaint was handled.,3,5,0,0
C00079,2022-12-21,Service Quality,I would like to know my current contract end date.,1,3,0,1
C00080,2024-05-27,Meter Reading,My meter reading submission didn't go through on the first try.,2,1,0,1
C00081,2023-09-15,Technical,"There was a small discrepancy on my statement, now resolved.",2,4,0,1
C00081,2023-03-15,Technical,Your company has overcharged me for months and nobody will fix it.,5,28,1,0
C00081,2024-07-23,Technical,"Everything is fine, just updating my details.",1,9,0,1
C00081,2023-07-18,Service Quality,Response time was a bit slower than last time I called.,2,7,0,0
C00081,2024-02-06,Billing,The rate increase was not communicated clearly and came as a surprise.,3,4,1,1
C00081,2023-08-09,Meter Reading,I feel like loyal customers are not being valued the way they should be.,3,18,1,0
C00082,2022-04-18,Account Management,Could you send me a copy of last month's bill?,1,9,0,1
C00082,2024-04-18,Meter Reading,The customer service agent I spoke to was not very helpful.,3,19,0,0
C00082,2023-12-05,Billing,I have been trying to get this resolved for two weeks now.,3,11,1,0
C00082,2022-06-07,Account Management,I am considering switching providers if this is not fixed immediately.,4,11,0,1
C00082,2024-01-04,Meter Reading,I need to change my contact phone number on the account.,1,5,0,1
C00083,2023-11-03,Account Management,"There was a small discrepancy on my statement, now resolved.",2,11,0,1
C00083,2024-02-11,Outage,Response time was a bit slower than last time I called.,2,1,0,1
C00084,2024-12-18,Service Quality,I have been without power for five days and your team does not care at all.,5,12,1,0
C00085,2022-07-25,Technical,The customer service agent I spoke to was not very helpful.,3,1,0,0
C00085,2023-11-28,Outage,The worst customer experience I have ever had in my life.,5,9,1,1
C00085,2024-02-05,Technical,I am not satisfied with how my previous complaint was handled.,3,16,1,1
C00085,2024-12-05,Account Management,Just checking when my next meter read is scheduled.,1,2,1,1
C00086,2024-07-07,Outage,I waited longer than usual for a callback but it came eventually.,2,2,1,1
C00086,2023-07-07,Meter Reading,Calling to update my billing address.,1,6,0,1
C00088,2024-07-14,Outage,The customer service agent I spoke to was not very helpful.,3,8,1,0
C00088,2023-05-28,Meter Reading,The worst customer experience I have ever had in my life.,5,25,1,1
C00089,2024-08-15,Outage,The technician did not show up at the agreed time without any notice.,3,3,1,0
C00089,2022-03-28,Service Quality,The technician arrived a bit late but did a good job.,2,2,0,0
C00090,2023-08-22,Service Quality,My power has been out for two days and nobody has given me an update.,4,10,0,1
C00090,2023-05-27,Outage,This is the third billing error in a row. I am losing patience.,4,10,0,0
C00091,2023-10-05,Billing,My account was charged incorrectly and I am still waiting for a credit.,3,14,0,0
C00091,2022-10-03,Account Management,I feel like loyal customers are not being valued the way they should be.,3,11,0,1
C00091,2023-10-06,Billing,The technician arrived a bit late but did a good job.,2,6,0,0
C00091,2024-05-09,Outage,I had trouble navigating the new online portal at first.,2,14,0,1
C00092,2023-04-17,Meter Reading,My meter reading submission didn't go through on the first try.,2,13,0,0
C00092,2023-07-24,Billing,I have been waiting over a week for someone to call me back.,3,5,0,1
C00092,2022-07-21,Meter Reading,I want to switch to paperless billing.,1,3,0,1
C00094,2024-04-18,Technical,I feel like loyal customers are not being valued the way they should be.,3,13,0,0
C00094,2023-08-05,Technical,The email confirmation for my account change took two days to arrive.,2,11,0,1
C00094,2024-01-16,Service Quality,My account was charged incorrectly and I am still waiting for a credit.,3,7,1,0
C00094,2024-01-18,Technical,I have been waiting over a week for someone to call me back.,3,9,1,1
C00095,2023-10-28,Account Management,I am not satisfied with how my previous complaint was handled.,3,16,0,0
C00096,2022-02-03,Account Management,This is absolutely disgraceful. I am filing a formal complaint with the regulator.,5,2,0,0
C00096,2023-01-01,Technical,I have been trying to get this resolved for two weeks now.,3,7,1,0
C00096,2022-05-21,Account Management,My meter reading submission didn't go through on the first try.,2,12,1,1
C00097,2023-07-21,Outage,I want to switch to paperless billing.,1,1,0,1
C00097,2022-04-07,Meter Reading,I want to switch to paperless billing.,1,4,0,1
C00097,2023-07-06,Service Quality,My account was charged incorrectly and I am still waiting for a credit.,3,14,0,1
C00097,2023-03-25,Outage,The customer service agent I spoke to was not very helpful.,3,6,0,1
C00098,2023-05-24,Account Management,I was on hold for about 20 minutes which felt long.,2,5,1,1
C00098,2023-06-26,Service Quality,Can you confirm my direct debit amount?,1,4,0,1
C00099,2024-03-20,Service Quality,Just checking when my next meter read is scheduled.,1,1,0,1
C00099,2023-01-16,Outage,"Everything is fine, just updating my details.",1,5,0,1
C00100,2024-03-05,Billing,I want a full refund and I am cancelling everything today.,5,19,0,0
C00100,2024-06-16,Service Quality,I have been trying to get this resolved for two weeks now.,3,16,0,1
C00100,2023-12-02,Service Quality,The technician arrived a bit late but did a good job.,2,8,0,1
C00101,2022-05-03,Outage,"There was a small discrepancy on my statement, now resolved.",2,3,0,1
C00101,2023-07-10,Meter Reading,I want to cancel my account. I have had enough of this terrible service.,5,9,0,1
C00101,2023-09-28,Account Management,I am switching providers immediately. I cannot tolerate this incompetence.,5,13,0,0
C00102,2023-01-17,Billing,The technician did not show up at the agreed time without any notice.,3,18,0,0
C00102,2022-06-10,Meter Reading,I had trouble navigating the new online portal at first.,2,7,0,1
C00102,2023-07-20,Meter Reading,The online chat bot could not help me and I had to call anyway.,3,9,0,0
C00105,2022-12-26,Service Quality,"Three technicians, three no-shows. I have lost my patience entirely.",5,6,1,0
C00105,2024-03-11,Technical,I took a day off work for the technician and nobody came.,4,20,0,0
C00106,2023-08-24,Technical,I am contacting my lawyer. This is negligent and completely unacceptable.,5,11,1,0
C00107,2024-04-13,Meter Reading,The level of service I am receiving is completely unacceptable.,4,8,0,1
C00107,2022-10-28,Outage,I want to switch to paperless billing.,1,5,0,1
C00107,2022-04-20,Account Management,Nobody in your company seems to take responsibility for anything.,4,4,0,1
C00108,2022-04-01,Service Quality,I am contacting my lawyer. This is negligent and completely unacceptable.,5,4,0,1
C00108,2024-08-08,Account Management,I have been trying to get this resolved for two weeks now.,3,14,0,1
C00109,2022-12-07,Outage,The email confirmation for my account change took two days to arrive.,2,5,0,1
C00111,2022-10-20,Account Management,I waited longer than usual for a callback but it came eventually.,2,4,0,1
C00111,2023-12-11,Technical,"There was a small discrepancy on my statement, now resolved.",2,5,0,1
C00111,2022-02-11,Account Management,The technician did not show up at the agreed time without any notice.,3,1,0,0
C00111,2023-08-20,Outage,I feel like loyal customers are not being valued the way they should be.,3,15,1,1
C00111,2024-02-16,Meter Reading,I have been without power for five days and your team does not care at all.,5,11,1,0
C00111,2022-05-08,Meter Reading,I am very unhappy with the service. My complaint from last month is still open.,4,24,0,0
C00111,2024-10-09,Billing,I want to cancel my account. I have had enough of this terrible service.,5,5,0,0
C00111,2023-03-02,Billing,I am very unhappy with the service. My complaint from last month is still open.,4,4,0,0
C00111,2024-05-05,Technical,The customer service agent I spoke to was not very helpful.,3,18,0,1
C00111,2023-04-17,Billing,The technician arrived a bit late but did a good job.,2,8,0,1
C00112,2024-07-10,Billing,The technician did not show up at the agreed time without any notice.,3,19,0,1
C00112,2024-09-10,Meter Reading,The technician arrived a bit late but did a good job.,2,4,0,1
C00112,2024-01-03,Service Quality,The email confirmation for my account change took two days to arrive.,2,11,0,1
C00112,2023-05-27,Meter Reading,I have been waiting over a week for someone to call me back.,3,6,1,1
C00112,2022-01-08,Outage,The online chat bot could not help me and I had to call anyway.,3,6,1,1
C00112,2024-06-26,Billing,I want a full refund and I am cancelling everything today.,5,14,1,1
C00113,2023-07-14,Meter Reading,My bill was slightly higher than I expected this month.,2,4,0,0
C00113,2022-07-01,Outage,I was on hold for about 20 minutes which felt long.,2,8,0,1
C00113,2024-04-12,Billing,I have been waiting over a week for someone to call me back.,3,3,1,1
C00113,2024-01-17,Account Management,I feel like loyal customers are not being valued the way they should be.,3,16,0,0
C00114,2023-06-17,Meter Reading,I have escalated this complaint twice and it is still not resolved.,4,16,0,0
C00114,2023-01-05,Billing,Your company has overcharged me for months and nobody will fix it.,5,11,1,0
C00114,2022-02-11,Account Management,I feel like loyal customers are not being valued the way they should be.,3,17,0,1
C00115,2023-10-22,Technical,Response time was a bit slower than last time I called.,2,14,0,1
C00115,2022-02-14,Billing,My bill has errors and I have had to call twice about the same issue.,3,19,0,0
C00115,2024-08-11,Technical,I feel like loyal customers are not being valued the way they should be.,3,18,0,0
C00116,2023-11-16,Technical,I am not satisfied with how my previous complaint was handled.,3,6,0,1
C00116,2023-09-24,Meter Reading,I was treated rudely on my last call and I want this addressed.,4,2,0,1
C00116,2024-04-10,Service Quality,The rate increase was not communicated clearly and came as a surprise.,3,11,1,0
C00116,2024-02-23,Outage,I had trouble navigating the new online portal at first.,2,5,0,0
C00116,2022-07-06,Service Quality,My bill has errors and I have had to call twice about the same issue.,3,5,0,0
C00117,2024-01-27,Outage,I need to change my contact phone number on the account.,1,2,0,0
C00117,2024-12-08,Technical,I was treated rudely on my last call and I want this addressed.,4,6,0,1
C00117,2024-08-25,Service Quality,The technician arrived a bit late but did a good job.,2,2,0,0
C00117,2024-04-24,Account Management,I would like to check my current balance please.,1,7,0,1
C00117,2024-01-21,Billing,I want to cancel my account. I have had enough of this terrible service.,5,23,1,0
C00117,2024-08-07,Outage,The level of service I am receiving is completely unacceptable.,4,8,1,0
C00117,2024-06-16,Meter Reading,The level of service I am receiving is completely unacceptable.,4,12,1,1
C00118,2023-03-20,Billing,Quick question about the new tariff letter I received.,1,9,1,1
C00118,2024-01-02,Account Management,I have been waiting over a week for someone to call me back.,3,7,0,1
C00119,2022-06-20,Billing,I took a day off work for the technician and nobody came.,4,11,0,1
C00119,2023-03-21,Outage,I want a formal complaint registered. This has gone on too long.,4,10,0,0
C00119,2024-11-10,Meter Reading,My account was charged incorrectly and I am still waiting for a credit.,3,2,0,0
C00120,2023-08-19,Meter Reading,My bill has errors and I have had to call twice about the same issue.,3,12,0,1
C00120,2024-09-28,Technical,My bill was slightly higher than I expected this month.,2,6,1,0
C00120,2024-05-06,Account Management,I want to switch to paperless billing.,1,5,0,1
C00120,2024-11-12,Outage,I was treated rudely on my last call and I want this addressed.,4,9,1,0
C00120,2023-02-04,Billing,I have escalated this complaint twice and it is still not resolved.,4,11,1,1
C00121,2024-12-23,Account Management,This is absolutely disgraceful. I am filing a formal complaint with the regulator.,5,17,1,1
C00121,2024-10-06,Meter Reading,I had trouble navigating the new online portal at first.,2,6,1,1
C00121,2023-09-28,Account Management,I am going to leave a public review warning everyone about this company.,5,14,1,0
C00122,2024-03-22,Technical,My bill was slightly higher than I expected this month.,2,9,0,1
C00122,2022-01-18,Billing,Can you confirm my direct debit amount?,1,9,0,1
C00122,2023-10-28,Meter Reading,I want to switch to paperless billing.,1,1,1,1
C00122,2023-06-05,Account Management,I waited longer than usual for a callback but it came eventually.,2,5,0,1
C00123,2024-11-08,Billing,I need to change my contact phone number on the account.,1,4,0,0
C00124,2023-12-04,Technical,Your company has overcharged me for months and nobody will fix it.,5,1,0,1
C00124,2024-12-11,Technical,My meter reading submission didn't go through on the first try.,2,2,1,1
C00125,2024-03-15,Outage,My meter reading submission didn't go through on the first try.,2,9,0,1
C00125,2024-06-27,Service Quality,I was on hold for about 20 minutes which felt long.,2,7,0,0
C00125,2022-01-10,Account Management,Response time was a bit slower than last time I called.,2,8,0,1
C00125,2022-01-19,Account Management,The technician did not show up at the agreed time without any notice.,3,13,0,1
C00125,2022-09-28,Meter Reading,The website was slow when I tried to log in yesterday.,2,10,0,0
C00125,2023-09-08,Billing,My account was charged incorrectly and I am still waiting for a credit.,3,5,1,1
C00126,2024-09-02,Outage,The website was slow when I tried to log in yesterday.,2,2,0,1
C00126,2022-02-28,Billing,I want to switch to paperless billing.,1,4,1,1
C00126,2023-03-06,Meter Reading,I am considering switching providers if this is not fixed immediately.,4,15,0,1
C00126,2022-03-23,Meter Reading,The online chat bot could not help me and I had to call anyway.,3,18,0,0
C00129,2023-01-28,Service Quality,The customer service agent I spoke to was not very helpful.,3,9,0,0
C00129,2022-09-08,Account Management,Calling to update my billing address.,1,7,0,1
C00130,2023-09-17,Outage,Just checking when my next meter read is scheduled.,1,2,0,1
C00131,2023-04-04,Technical,I have been trying to get this resolved for two weeks now.,3,14,0,1
C00131,2022-08-28,Meter Reading,My account was charged incorrectly and I am still waiting for a credit.,3,6,0,0
C00131,2023-02-19,Outage,Response time was a bit slower than last time I called.,2,10,0,1
C00131,2022-01-15,Account Management,I waited longer than usual for a callback but it came eventually.,2,3,0,1
C00133,2024-03-24,Account Management,My meter reading submission didn't go through on the first try.,2,2,0,1
C00133,2024-03-12,Billing,Response time was a bit slower than last time I called.,2,6,0,1
C00133,2024-01-20,Service Quality,My meter reading submission didn't go through on the first try.,2,12,1,0
C00133,2024-08-07,Account Management,My power has been out for two days and nobody has given me an update.,4,11,0,1
C00134,2024-06-26,Billing,This is absolutely disgraceful. I am filing a formal complaint with the regulator.,5,29,1,0
C00135,2024-12-04,Technical,The rate increase was not communicated clearly and came as a surprise.,3,17,0,0
C00135,2024-08-11,Account Management,The customer service agent I spoke to was not very helpful.,3,13,0,0
C00135,2024-04-17,Account Management,Could you send me a copy of last month's bill?,1,1,0,1
C00136,2024-04-27,Service Quality,Response time was a bit slower than last time I called.,2,3,1,1
C00136,2023-12-23,Billing,My account was charged incorrectly and I am still waiting for a credit.,3,18,0,0
C00136,2022-11-05,Billing,This is the third billing error in a row. I am losing patience.,4,19,0,0
C00136,2024-02-13,Outage,The rate increase was not communicated clearly and came as a surprise.,3,2,0,1
C00136,2022-10-16,Service Quality,"There was a small discrepancy on my statement, now resolved.",2,1,1,1
C00136,2023-02-19,Technical,My bill has errors and I have had to call twice about the same issue.,3,12,1,0
C00137,2022-12-03,Technical,My bill has errors and I have had to call twice about the same issue.,3,6,1,1
C00137,2024-06-04,Outage,Response time was a bit slower than last time I called.,2,14,1,1
C00137,2022-04-24,Meter Reading,I feel like loyal customers are not being valued the way they should be.,3,5,1,1
C00137,2023-10-14,Outage,I was on hold for about 20 minutes which felt long.,2,11,0,1
C00137,2024-06-19,Billing,My bill has errors and I have had to call twice about the same issue.,3,6,1,0
C00138,2024-12-21,Service Quality,The website was slow when I tried to log in yesterday.,2,13,0,0
C00138,2024-11-21,Billing,Nobody in your company seems to take responsibility for anything.,4,24,0,0
C00138,2024-09-28,Meter Reading,My meter reading submission didn't go through on the first try.,2,12,0,0
C00138,2024-04-13,Outage,Can you confirm my direct debit amount?,1,9,0,1
C00138,2024-07-12,Service Quality,Calling to update my billing address.,1,8,0,1
C00139,2024-08-22,Outage,"Three technicians, three no-shows. I have lost my patience entirely.",5,4,0,0
C00139,2024-10-02,Account Management,My bill has errors and I have had to call twice about the same issue.,3,13,0,1
C00140,2024-06-25,Technical,I feel like loyal customers are not being valued the way they should be.,3,3,0,1
C00140,2022-03-05,Meter Reading,The online chat bot could not help me and I had to call anyway.,3,9,0,0
C00141,2024-01-04,Account Management,Could you send me a copy of last month's bill?,1,8,0,1
C00141,2024-07-19,Technical,"Three technicians, three no-shows. I have lost my patience entirely.",5,24,1,0
C00141,2024-08-14,Service Quality,I waited longer than usual for a callback but it came eventually.,2,3,0,1
C00141,2024-02-13,Service Quality,Just checking when my next meter read is scheduled.,1,1,0,1
C00141,2022-04-03,Technical,Quick question about the new tariff letter I received.,1,6,0,1
C00142,2022-06-21,Technical,My bill has errors and I have had to call twice about the same issue.,3,11,0,0
C00142,2023-02-22,Service Quality,Response time was a bit slower than last time I called.,2,13,0,1
C00143,2022-03-06,Service Quality,The customer service agent I spoke to was not very helpful.,3,6,1,0
C00143,2022-02-19,Billing,I want a formal complaint registered. This has gone on too long.,4,17,0,0
C00144,2023-06-15,Service Quality,Can you confirm my direct debit amount?,1,5,1,1
C00145,2023-12-21,Account Management,I want to switch to paperless billing.,1,6,0,1
C00145,2024-03-21,Meter Reading,Quick question about the new tariff letter I received.,1,8,0,0
C00145,2023-06-04,Technical,The online chat bot could not help me and I had to call anyway.,3,18,1,0
C00146,2022-10-15,Billing,I have been trying to get this resolved for two weeks now.,3,2,0,1
C00146,2023-11-22,Service Quality,I waited longer than usual for a callback but it came eventually.,2,3,0,1
C00146,2023-05-14,Outage,I have been waiting over a week for someone to call me back.,3,15,0,0
C00146,2024-08-11,Meter Reading,I am contacting my lawyer. This is negligent and completely unacceptable.,5,5,0,1
C00147,2024-07-11,Service Quality,Response time was a bit slower than last time I called.,2,2,0,1
C00147,2024-12-14,Service Quality,The email confirmation for my account change took two days to arrive.,2,4,0,1
C00147,2024-09-13,Account Management,I need to change my contact phone number on the account.,1,9,0,1
C00147,2024-04-22,Technical,My meter reading submission didn't go through on the first try.,2,7,0,1
C00147,2024-07-24,Service Quality,I had trouble navigating the new online portal at first.,2,12,0,1
C00148,2024-06-12,Account Management,My meter reading submission didn't go through on the first try.,2,9,0,0
C00148,2022-11-13,Outage,My power has been out for two days and nobody has given me an update.,4,14,0,0
C00149,2024-09-18,Technical,I am considering switching providers if this is not fixed immediately.,4,10,0,1
C00149,2022-07-08,Service Quality,I need to change my contact phone number on the account.,1,3,0,1
C00150,2024-08-01,Account Management,Your company has overcharged me for months and nobody will fix it.,5,1,1,0
C00152,2022-03-14,Meter Reading,Quick question about the new tariff letter I received.,1,4,0,1
C00152,2023-01-26,Service Quality,My power has been out for two days and nobody has given me an update.,4,10,0,1
C00152,2024-06-26,Service Quality,Response time was a bit slower than last time I called.,2,2,0,0
C00152,2023-02-02,Service Quality,Response time was a bit slower than last time I called.,2,14,0,1
C00154,2023-12-07,Meter Reading,I would like to check my current balance please.,1,9,0,1
C00154,2022-10-08,Meter Reading,I want to switch to paperless billing.,1,8,0,1
C00155,2022-03-09,Technical,I was on hold for about 20 minutes which felt long.,2,5,0,1
C00155,2023-09-01,Billing,"Everything is fine, just updating my details.",1,6,0,1
C00155,2022-05-25,Account Management,I have been trying to get this resolved for two weeks now.,3,11,1,1
C00156,2024-02-03,Outage,My power has been out for two days and nobody has given me an update.,4,14,1,0
C00156,2022-06-24,Account Management,I have escalated this complaint twice and it is still not resolved.,4,7,0,0
C00156,2024-05-24,Outage,The website was slow when I tried to log in yesterday.,2,10,0,1
C00156,2024-11-02,Technical,The email confirmation for my account change took two days to arrive.,2,2,0,1
C00156,2024-11-11,Technical,The rate increase was not communicated clearly and came as a surprise.,3,5,0,1
C00157,2024-02-18,Account Management,I had trouble navigating the new online portal at first.,2,7,0,1
C00157,2023-02-07,Account Management,I waited longer than usual for a callback but it came eventually.,2,10,1,1
C00157,2023-03-11,Outage,The level of service I am receiving is completely unacceptable.,4,22,0,0
C00158,2023-08-12,Outage,My bill has errors and I have had to call twice about the same issue.,3,11,0,0
C00159,2024-01-15,Outage,I was treated rudely on my last call and I want this addressed.,4,13,1,0
C00161,2022-02-13,Outage,I am going to leave a public review warning everyone about this company.,5,8,0,1
C00161,2023-03-22,Meter Reading,"Everything is fine, just updating my details.",1,1,0,1
C00162,2024-06-25,Meter Reading,The customer service agent I spoke to was not very helpful.,3,15,0,1
C00162,2024-07-28,Service Quality,My bill was slightly higher than I expected this month.,2,13,1,1
C00163,2022-08-13,Meter Reading,Nobody in your company seems to take responsibility for anything.,4,12,0,0
C00163,2023-09-16,Billing,This is the third billing error in a row. I am losing patience.,4,21,1,0
C00163,2022-04-27,Account Management,My power has been out for two days and nobody has given me an update.,4,11,0,1
C00164,2024-07-10,Technical,I am considering switching providers if this is not fixed immediately.,4,13,0,1
C00164,2024-12-09,Billing,I was treated rudely on my last call and I want this addressed.,4,24,0,0
C00164,2024-08-23,Account Management,I was treated rudely on my last call and I want this addressed.,4,3,1,1
C00164,2022-08-13,Service Quality,The customer service agent I spoke to was not very helpful.,3,6,1,1
C00164,2022-03-23,Billing,Response time was a bit slower than last time I called.,2,7,1,1
C00165,2022-04-19,Billing,My bill was slightly higher than I expected this month.,2,14,0,0
C00165,2023-03-19,Technical,I have escalated this complaint twice and it is still not resolved.,4,17,0,1
C00165,2024-12-07,Account Management,I feel like loyal customers are not being valued the way they should be.,3,14,0,1
C00165,2024-08-11,Meter Reading,Nobody in your company seems to take responsibility for anything.,4,18,1,0
C00166,2024-09-10,Account Management,The online chat bot could not help me and I had to call anyway.,3,9,0,0
C00166,2022-12-15,Technical,The online chat bot could not help me and I had to call anyway.,3,4,0,0
C00166,2022-05-23,Service Quality,I have been trying to get this resolved for two weeks now.,3,3,0,0
C00167,2024-08-15,Outage,Response time was a bit slower than last time I called.,2,12,0,1
C00168,2024-11-18,Account Management,My meter reading submission didn't go through on the first try.,2,13,1,0
C00168,2023-10-18,Technical,I feel like loyal customers are not being valued the way they should be.,3,13,0,1
C00168,2024-05-22,Billing,Can you confirm my direct debit amount?,1,9,0,1
C00169,2024-02-18,Billing,I want a formal complaint registered. This has gone on too long.,4,11,1,0
C00169,2022-12-20,Outage,I had trouble navigating the new online portal at first.,2,3,0,1
C00170,2024-08-08,Billing,My bill has errors and I have had to call twice about the same issue.,3,3,1,1
C00170,2024-10-06,Service Quality,I waited longer than usual for a callback but it came eventually.,2,7,0,0
C00170,2024-01-25,Service Quality,I had trouble navigating the new online portal at first.,2,8,0,0
C00170,2024-04-12,Technical,Quick question about the new tariff letter I received.,1,5,0,1
C00171,2023-09-06,Outage,Nobody in your company seems to take responsibility for anything.,4,12,0,0
C00171,2024-06-23,Outage,Can you confirm my direct debit amount?,1,7,0,1
C00172,2024-07-18,Outage,The website was slow when I tried to log in yesterday.,2,9,0,1
C00172,2024-03-03,Service Quality,Quick question about the new tariff letter I received.,1,9,0,1
C00172,2024-12-16,Service Quality,This is absolutely disgraceful. I am filing a formal complaint with the regulator.,5,15,0,0
C00173,2022-02-25,Account Management,My bill was slightly higher than I expected this month.,2,1,0,1
C00173,2023-03-07,Billing,My bill has errors and I have had to call twice about the same issue.,3,5,0,1
C00173,2024-05-21,Account Management,My account was charged incorrectly and I am still waiting for a credit.,3,4,1,0
C00173,2022-11-27,Account Management,The website was slow when I tried to log in yesterday.,2,10,0,1
C00173,2024-06-05,Account Management,Could you send me a copy of last month's bill?,1,3,0,1
C00174,2024-01-09,Meter Reading,My power has been out for two days and nobody has given me an update.,4,20,1,1
C00174,2022-10-25,Meter Reading,I waited longer than usual for a callback but it came eventually.,2,5,0,1
C00174,2024-02-28,Service Quality,Could you send me a copy of last month's bill?,1,9,0,1
C00174,2022-09-09,Outage,I feel like loyal customers are not being valued the way they should be.,3,8,0,1
C00175,2024-09-09,Technical,I have been trying to get this resolved for two weeks now.,3,13,1,0
C00175,2023-01-18,Account Management,Response time was a bit slower than last time I called.,2,4,0,0
C00177,2022-09-27,Technical,The technician did not show up at the agreed time without any notice.,3,10,1,1
C00177,2024-04-14,Outage,The level of service I am receiving is completely unacceptable.,4,4,0,0
C00179,2023-11-02,Account Management,I am very unhappy with the service. My complaint from last month is still open.,4,13,1,0
C00179,2022-02-07,Technical,I was treated rudely on my last call and I want this addressed.,4,24,1,0
C00179,2022-02-06,Meter Reading,Quick question about the new tariff letter I received.,1,7,0,1
C00179,2022-03-08,Outage,The customer service agent I spoke to was not very helpful.,3,2,1,1
C00179,2023-03-14,Account Management,I want to cancel my account. I have had enough of this terrible service.,5,9,1,1
C00180,2023-10-02,Technical,I want to switch to paperless billing.,1,1,1,1
C00181,2022-10-23,Account Management,I have escalated this complaint twice and it is still not resolved.,4,2,0,0
C00181,2022-02-14,Meter Reading,This is absolutely disgraceful. I am filing a formal complaint with the regulator.,5,4,0,1
C00181,2022-09-26,Meter Reading,I would like to check my current balance please.,1,9,0,1
C00182,2024-12-11,Service Quality,Could you send me a copy of last month's bill?,1,1,0,1
C00182,2024-03-18,Technical,"There was a small discrepancy on my statement, now resolved.",2,2,0,1
C00182,2024-04-09,Billing,The email confirmation for my account change took two days to arrive.,2,10,0,1
C00183,2024-02-26,Account Management,The rate increase was not communicated clearly and came as a surprise.,3,12,1,1
C00183,2022-12-25,Meter Reading,I have been trying to get this resolved for two weeks now.,3,14,1,1
C00183,2022-04-13,Meter Reading,"There was a small discrepancy on my statement, now resolved.",2,5,1,1
C00183,2024-03-27,Meter Reading,The customer service agent I spoke to was not very helpful.,3,17,1,1
C00184,2022-02-28,Meter Reading,Response time was a bit slower than last time I called.,2,1,0,1
C00184,2024-06-20,Service Quality,This is absolutely disgraceful. I am filing a formal complaint with the regulator.,5,16,1,0
C00184,2024-09-03,Outage,Can you confirm my direct debit amount?,1,3,0,0
C00185,2022-11-22,Technical,My meter reading submission didn't go through on the first try.,2,2,0,1
C00186,2023-01-24,Meter Reading,I had trouble navigating the new online portal at first.,2,7,0,0
C00186,2022-12-19,Billing,My meter reading submission didn't go through on the first try.,2,14,0,1
C00186,2024-04-07,Service Quality,I waited longer than usual for a callback but it came eventually.,2,1,0,1
C00186,2024-03-10,Technical,This is the third billing error in a row. I am losing patience.,4,22,1,0
C00186,2024-04-02,Billing,The rate increase was not communicated clearly and came as a surprise.,3,5,1,1
C00187,2023-04-06,Service Quality,I waited longer than usual for a callback but it came eventually.,2,12,0,1
C00187,2023-11-16,Meter Reading,Could you send me a copy of last month's bill?,1,4,0,1
C00187,2024-12-19,Outage,I need to change my contact phone number on the account.,1,3,0,1
C00188,2024-04-04,Technical,I would like to know my current contract end date.,1,7,0,1
C00188,2024-01-14,Outage,The online chat bot could not help me and I had to call anyway.,3,1,1,1
C00189,2022-12-21,Technical,The level of service I am receiving is completely unacceptable.,4,13,0,0
C00189,2024-07-14,Account Management,The email confirmation for my account change took two days to arrive.,2,12,0,1
C00189,2024-09-13,Account Management,I feel like loyal customers are not being valued the way they should be.,3,19,1,0
C00190,2024-04-16,Meter Reading,I waited longer than usual for a callback but it came eventually.,2,4,0,1
C00190,2022-12-20,Outage,I took a day off work for the technician and nobody came.,4,16,1,1
C00191,2024-01-06,Technical,The rate increase was not communicated clearly and came as a surprise.,3,15,0,0
C00191,2024-02-06,Service Quality,Could you send me a copy of last month's bill?,1,8,0,1
C00192,2023-07-04,Meter Reading,I have been trying to get this resolved for two weeks now.,3,4,0,1
C00193,2024-08-28,Service Quality,My bill was slightly higher than I expected this month.,2,5,1,1
C00195,2023-09-21,Outage,I have been waiting over a week for someone to call me back.,3,3,0,0
C00196,2024-04-27,Technical,I waited longer than usual for a callback but it came eventually.,2,1,1,1
C00196,2024-10-12,Meter Reading,Response time was a bit slower than last time I called.,2,14,0,1
C00196,2024-12-03,Account Management,I feel like loyal customers are not being valued the way they should be.,3,18,1,1
C00196,2024-02-14,Outage,I have been trying to get this resolved for two weeks now.,3,14,0,1
C00196,2024-07-22,Outage,I have been trying to get this resolved for two weeks now.,3,6,0,1
C00198,2023-05-15,Outage,I have been trying to get this resolved for two weeks now.,3,1,0,1
C00198,2024-11-27,Billing,I waited longer than usual for a callback but it came eventually.,2,2,0,0
C00199,2023-06-15,Billing,I would like to know my current contract end date.,1,6,0,0
C00199,2024-05-16,Service Quality,The technician arrived a bit late but did a good job.,2,11,0,0
C00200,2022-05-17,Service Quality,My bill was slightly higher than I expected this month.,2,14,0,1
C00200,2022-08-02,Meter Reading,My power has been out for two days and nobody has given me an update.,4,17,1,1
C00200,2023-09-23,Technical,I have escalated this complaint twice and it is still not resolved.,4,13,0,0
C00201,2024-08-22,Meter Reading,Quick question about the new tariff letter I received.,1,8,0,0
C00201,2024-01-17,Meter Reading,I have been trying to get this resolved for two weeks now.,3,5,1,0
C00202,2022-01-18,Billing,I was on hold for about 20 minutes which felt long.,2,2,0,1
C00204,2023-04-14,Billing,I was treated rudely on my last call and I want this addressed.,4,18,0,1
C00205,2023-05-08,Meter Reading,Just checking when my next meter read is scheduled.,1,5,0,1
C00206,2023-12-07,Meter Reading,My account was charged incorrectly and I am still waiting for a credit.,3,17,0,1
C00206,2023-09-01,Account Management,I have been waiting over a week for someone to call me back.,3,3,1,1
C00207,2023-04-09,Meter Reading,The email confirmation for my account change took two days to arrive.,2,3,0,0
C00207,2023-10-18,Outage,I am not satisfied with how my previous complaint was handled.,3,13,1,1
C00207,2023-05-04,Account Management,My bill has errors and I have had to call twice about the same issue.,3,11,1,0
C00208,2023-06-10,Service Quality,The technician arrived a bit late but did a good job.,2,7,0,1
C00208,2023-04-22,Outage,Calling to update my billing address.,1,8,0,1
C00208,2022-08-24,Service Quality,The rate increase was not communicated clearly and came as a surprise.,3,4,1,0
C00208,2024-03-22,Outage,The website was slow when I tried to log in yesterday.,2,8,1,1
C00209,2024-11-10,Technical,This is the third billing error in a row. I am losing patience.,4,8,0,0
C00209,2023-03-05,Account Management,My power has been out for two days and nobody has given me an update.,4,7,1,0
C00209,2022-11-21,Account Management,I would like to know my current contract end date.,1,4,0,1
C00209,2022-03-04,Account Management,My account was charged incorrectly and I am still waiting for a credit.,3,1,0,1
C00209,2024-03-28,Account Management,My meter reading submission didn't go through on the first try.,2,13,0,1
C00209,2022-09-25,Technical,I need to change my contact phone number on the account.,1,1,0,1
C00210,2022-10-09,Technical,The online chat bot could not help me and I had to call anyway.,3,7,1,0
C00210,2023-01-28,Technical,My power has been out for two days and nobody has given me an update.,4,10,0,1
C00211,2022-12-17,Meter Reading,I want to cancel my account. I have had enough of this terrible service.,5,19,1,0
C00212,2022-06-01,Meter Reading,I am considering switching providers if this is not fixed immediately.,4,2,0,0
C00213,2022-04-12,Meter Reading,I had trouble navigating the new online portal at first.,2,3,0,0
C00213,2022-12-23,Technical,I feel like loyal customers are not being valued the way they should be.,3,19,1,0
C00213,2023-08-16,Account Management,"There was a small discrepancy on my statement, now resolved.",2,1,0,1
C00214,2023-05-10,Service Quality,Just checking when my next meter read is scheduled.,1,3,0,1
C00214,2023-08-14,Service Quality,I would like to know my current contract end date.,1,2,0,1
C00214,2022-10-08,Account Management,I was on hold for about 20 minutes which felt long.,2,4,0,1
C00215,2022-12-14,Technical,The website was slow when I tried to log in yesterday.,2,7,0,1
C00215,2022-10-04,Billing,The customer service agent I spoke to was not very helpful.,3,18,0,1
C00215,2022-02-17,Account Management,I had trouble navigating the new online portal at first.,2,4,0,1
C00216,2023-09-01,Account Management,The technician did not show up at the agreed time without any notice.,3,4,0,1
C00217,2024-09-03,Technical,I waited longer than usual for a callback but it came eventually.,2,2,0,1
C00217,2024-04-13,Account Management,I have been without power for five days and your team does not care at all.,5,1,0,0
C00217,2024-10-03,Technical,I am contacting my lawyer. This is negligent and completely unacceptable.,5,20,0,0
C00217,2024-01-18,Outage,I need to change my contact phone number on the account.,1,1,0,1
C00217,2024-10-13,Meter Reading,I waited longer than usual for a callback but it came eventually.,2,7,0,1
C00217,2024-02-22,Account Management,I had trouble navigating the new online portal at first.,2,7,1,0
C00217,2024-05-13,Outage,Response time was a bit slower than last time I called.,2,9,0,1
C00218,2023-08-02,Billing,I want a formal complaint registered. This has gone on too long.,4,15,1,0
C00218,2023-12-04,Outage,My bill has errors and I have had to call twice about the same issue.,3,1,1,0
C00218,2024-02-17,Account Management,I feel like loyal customers are not being valued the way they should be.,3,14,0,1
C00219,2022-05-27,Account Management,Just checking when my next meter read is scheduled.,1,9,0,0
C00220,2024-11-04,Outage,My account was charged incorrectly and I am still waiting for a credit.,3,5,0,1
C00220,2023-06-15,Service Quality,I want a full refund and I am cancelling everything today.,5,12,0,1
C00220,2023-12-24,Billing,My meter reading submission didn't go through on the first try.,2,1,0,1
C00220,2023-11-27,Account Management,My bill has errors and I have had to call twice about the same issue.,3,2,0,0
C00220,2022-06-25,Account Management,I have been trying to get this resolved for two weeks now.,3,19,0,1
C00221,2023-08-28,Billing,I am contacting my lawyer. This is negligent and completely unacceptable.,5,9,1,0
C00221,2024-03-14,Outage,I feel like loyal customers are not being valued the way they should be.,3,7,0,0
C00221,2023-04-22,Outage,I want to switch to paperless billing.,1,2,0,1
C00221,2023-07-02,Outage,I am switching providers immediately. I cannot tolerate this incompetence.,5,25,0,1
C00222,2024-01-10,Service Quality,I had trouble navigating the new online portal at first.,2,3,0,0
C00222,2024-01-13,Service Quality,I had trouble navigating the new online portal at first.,2,12,1,0
C00222,2023-11-03,Meter Reading,"Everything is fine, just updating my details.",1,7,0,1
C00223,2022-12-07,Meter Reading,The technician did not show up at the agreed time without any notice.,3,16,0,1
C00223,2022-09-08,Service Quality,Quick question about the new tariff letter I received.,1,3,0,1
C00224,2022-01-23,Billing,I have been waiting over a week for someone to call me back.,3,3,1,1
C00224,2024-03-20,Account Management,The website was slow when I tried to log in yesterday.,2,4,0,1
C00225,2024-10-10,Billing,I have been trying to get this resolved for two weeks now.,3,11,1,1
C00225,2024-10-12,Technical,My bill has errors and I have had to call twice about the same issue.,3,11,0,1
C00225,2023-04-06,Outage,The email confirmation for my account change took two days to arrive.,2,8,1,1
C00226,2023-01-22,Outage,I have been waiting over a week for someone to call me back.,3,14,0,0
C00226,2024-02-20,Account Management,I want to switch to paperless billing.,1,9,0,1
C00228,2023-02-11,Account Management,I waited longer than usual for a callback but it came eventually.,2,4,1,0
C00228,2022-05-09,Technical,The rate increase was not communicated clearly and came as a surprise.,3,12,0,0
C00229,2022-12-23,Billing,I had trouble navigating the new online portal at first.,2,11,1,1
C00229,2022-05-12,Service Quality,"There was a small discrepancy on my statement, now resolved.",2,12,0,1
C00230,2024-12-21,Service Quality,I would like to check my current balance please.,1,4,0,1
C00230,2023-12-16,Billing,The technician did not show up at the agreed time without any notice.,3,4,0,0
C00230,2024-06-05,Account Management,The level of service I am receiving is completely unacceptable.,4,24,0,0
C00231,2022-03-09,Account Management,I had trouble navigating the new online portal at first.,2,13,0,0
C00232,2024-04-06,Outage,I am switching providers immediately. I cannot tolerate this incompetence.,5,9,1,1
C00233,2024-08-12,Account Management,The website was slow when I tried to log in yesterday.,2,12,0,1
C00233,2024-10-25,Billing,This is absolutely disgraceful. I am filing a formal complaint with the regulator.,5,15,0,0
C00233,2024-06-11,Outage,I am not satisfied with how my previous complaint was handled.,3,9,1,0
C00233,2024-10-10,Technical,The website was slow when I tried to log in yesterday.,2,4,0,1
C00233,2024-03-13,Technical,I would like to know my current contract end date.,1,3,1,1
C00234,2024-08-02,Account Management,I feel like loyal customers are not being valued the way they should be.,3,6,1,1
C00235,2023-01-09,Billing,I have been trying to get this resolved for two weeks now.,3,3,1,1
C00235,2024-06-27,Account Management,My bill was slightly higher than I expected this month.,2,13,0,1
C00235,2023-04-28,Billing,"There was a small discrepancy on my statement, now resolved.",2,8,0,1
C00235,2023-06-18,Account Management,The customer service agent I spoke to was not very helpful.,3,1,0,1
C00236,2022-03-15,Outage,The technician did not show up at the agreed time without any notice.,3,13,0,0
C00237,2022-03-23,Technical,The website was slow when I tried to log in yesterday.,2,12,1,0
C00237,2024-03-18,Billing,Response time was a bit slower than last time I called.,2,12,0,1
C00238,2024-08-12,Billing,I would like to check my current balance please.,1,7,0,1
C00238,2024-04-27,Service Quality,My account was charged incorrectly and I am still waiting for a credit.,3,6,0,1
C00238,2022-11-21,Technical,The rate increase was not communicated clearly and came as a surprise.,3,15,0,1
C00238,2024-08-04,Technical,Response time was a bit slower than last time I called.,2,9,1,1
C00239,2022-08-08,Billing,I waited longer than usual for a callback but it came eventually.,2,2,0,1
C00240,2024-05-17,Meter Reading,I feel like loyal customers are not being valued the way they should be.,3,10,1,1
C00240,2022-10-03,Meter Reading,I am very unhappy with the service. My complaint from last month is still open.,4,24,1,0
C00240,2022-02-20,Outage,I waited longer than usual for a callback but it came eventually.,2,13,1,0
C00240,2022-01-21,Account Management,My account was charged incorrectly and I am still waiting for a credit.,3,11,1,0
C00241,2023-10-27,Account Management,I want to switch to paperless billing.,1,6,1,1
C00242,2023-09-17,Outage,Could you send me a copy of last month's bill?,1,6,0,1
C00243,2024-07-21,Account Management,My meter reading submission didn't go through on the first try.,2,9,1,1
C00243,2024-09-18,Technical,I have been trying to get this resolved for two weeks now.,3,8,0,0
C00245,2023-10-13,Billing,I would like to check my current balance please.,1,8,0,1
C00245,2023-08-15,Billing,The technician did not show up at the agreed time without any notice.,3,7,0,1
C00246,2024-03-17,Account Management,I am going to leave a public review warning everyone about this company.,5,19,1,0
C00246,2024-06-14,Service Quality,"Three technicians, three no-shows. I have lost my patience entirely.",5,13,1,0
C00246,2024-11-16,Service Quality,I need to change my contact phone number on the account.,1,7,0,1
C00246,2024-05-15,Technical,Could you send me a copy of last month's bill?,1,8,0,1
C00246,2024-03-22,Account Management,Just checking when my next meter read is scheduled.,1,9,0,1
C00247,2023-02-15,Technical,I would like to check my current balance please.,1,7,1,1
C00248,2023-12-28,Meter Reading,Nobody in your company seems to take responsibility for anything.,4,20,0,1
C00249,2024-12-02,Account Management,I was treated rudely on my last call and I want this addressed.,4,7,0,0
C00250,2024-02-02,Service Quality,I would like to know my current contract end date.,1,1,0,1
C00250,2024-06-21,Account Management,I want to cancel my account. I have had enough of this terrible service.,5,24,0,0
C00251,2023-04-28,Technical,The rate increase was not communicated clearly and came as a surprise.,3,14,1,1
C00251,2023-12-07,Meter Reading,I was on hold for about 20 minutes which felt long.,2,10,0,1
C00251,2023-06-03,Technical,I was on hold for about 20 minutes which felt long.,2,4,1,1
C00252,2023-12-19,Service Quality,The level of service I am receiving is completely unacceptable.,4,10,0,1
C00252,2022-10-07,Technical,I have been waiting over a week for someone to call me back.,3,14,0,1
C00252,2024-06-03,Outage,The email confirmation for my account change took two days to arrive.,2,10,0,1
C00252,2024-04-23,Technical,My bill has errors and I have had to call twice about the same issue.,3,12,1,1
C00252,2022-04-24,Account Management,I want a full refund and I am cancelling everything today.,5,18,0,0
C00252,2024-07-18,Billing,I was treated rudely on my last call and I want this addressed.,4,3,0,1
C00252,2023-01-07,Billing,I was on hold for about 20 minutes which felt long.,2,10,1,1
C00253,2023-09-15,Service Quality,My account was charged incorrectly and I am still waiting for a credit.,3,9,1,0
C00253,2023-12-16,Outage,I took a day off work for the technician and nobody came.,4,10,1,0
C00253,2023-04-18,Outage,My meter reading submission didn't go through on the first try.,2,3,0,1
C00254,2022-11-28,Meter Reading,"There was a small discrepancy on my statement, now resolved.",2,1,0,1
C00254,2023-04-10,Outage,The technician did not show up at the agreed time without any notice.,3,13,0,1
C00255,2024-03-18,Billing,I would like to check my current balance please.,1,1,0,1
C00255,2024-11-02,Billing,The online chat bot could not help me and I had to call anyway.,3,8,0,0
C00255,2024-06-09,Service Quality,I want to cancel my account. I have had enough of this terrible service.,5,14,1,1
C00256,2024-04-17,Billing,My power has been out for two days and nobody has given me an update.,4,14,0,0
C00256,2024-02-04,Outage,My bill was slightly higher than I expected this month.,2,5,0,1
C00256,2023-08-14,Service Quality,I feel like loyal customers are not being valued the way they should be.,3,15,0,1
C00257,2023-06-24,Outage,The worst customer experience I have ever had in my life.,5,14,0,0
C00257,2024-02-03,Account Management,I need to change my contact phone number on the account.,1,7,0,1
C00258,2024-06-10,Billing,The level of service I am receiving is completely unacceptable.,4,1,1,0
C00258,2023-11-05,Meter Reading,I feel like loyal customers are not being valued the way they should be.,3,18,0,1
C00259,2024-02-12,Technical,The online chat bot could not help me and I had to call anyway.,3,5,0,1
C00260,2024-10-21,Billing,I had trouble navigating the new online portal at first.,2,4,1,1
C00260,2023-11-24,Billing,I have escalated this complaint twice and it is still not resolved.,4,22,1,1
C00262,2023-03-06,Technical,I was on hold for about 20 minutes which felt long.,2,3,0,0
C00262,2023-06-01,Meter Reading,The technician did not show up at the agreed time without any notice.,3,19,0,0
C00262,2024-07-25,Outage,"There was a small discrepancy on my statement, now resolved.",2,11,0,0
C00262,2023-12-16,Account Management,I am going to leave a public review warning everyone about this company.,5,7,0,0
C00263,2023-04-06,Service Quality,My bill has errors and I have had to call twice about the same issue.,3,10,0,1
C00263,2023-11-20,Account Management,The level of service I am receiving is completely unacceptable.,4,18,0,1
C00265,2022-04-17,Billing,The technician arrived a bit late but did a good job.,2,3,0,1
C00265,2024-08-16,Billing,The technician arrived a bit late but did a good job.,2,3,0,1
C00265,2023-11-13,Billing,The customer service agent I spoke to was not very helpful.,3,12,0,0
C00266,2022-02-21,Meter Reading,I have been trying to get this resolved for two weeks now.,3,4,0,1
C00268,2024-02-24,Billing,I was treated rudely on my last call and I want this addressed.,4,2,0,1
C00269,2023-11-11,Account Management,Your company has overcharged me for months and nobody will fix it.,5,12,1,0
C00269,2022-03-10,Billing,The technician did not show up at the agreed time without any notice.,3,18,1,1
C00270,2023-02-20,Account Management,I have been waiting over a week for someone to call me back.,3,10,0,0
C00271,2023-01-28,Account Management,Could you send me a copy of last month's bill?,1,2,0,1
C00272,2024-06-05,Technical,I have been waiting over a week for someone to call me back.,3,10,0,0
C00272,2024-01-07,Service Quality,I want a formal complaint registered. This has gone on too long.,4,23,1,1
C00272,2024-05-01,Meter Reading,"Everything is fine, just updating my details.",1,5,0,0
C00272,2024-09-02,Technical,I have escalated this complaint twice and it is still not resolved.,4,8,0,1
C00272,2024-09-20,Technical,I am considering switching providers if this is not fixed immediately.,4,24,0,0
C00273,2024-05-24,Account Management,The rate increase was not communicated clearly and came as a surprise.,3,19,0,1
C00274,2024-03-27,Billing,I would like to check my current balance please.,1,1,1,1
C00274,2023-01-10,Outage,"There was a small discrepancy on my statement, now resolved.",2,9,1,0
C00275,2023-02-22,Meter Reading,I have escalated this complaint twice and it is still not resolved.,4,8,0,0
C00275,2023-05-01,Service Quality,My bill has errors and I have had to call twice about the same issue.,3,10,0,0
C00276,2024-08-04,Account Management,I would like to know my current contract end date.,1,3,1,1
C00276,2022-05-05,Outage,My bill has errors and I have had to call twice about the same issue.,3,12,0,0
C00276,2023-02-19,Meter Reading,The email confirmation for my account change took two days to arrive.,2,4,0,1
C00277,2022-04-23,Billing,I am considering switching providers if this is not fixed immediately.,4,17,0,1
C00277,2023-07-06,Meter Reading,I have been trying to get this resolved for two weeks now.,3,1,1,0
C00277,2022-04-07,Service Quality,The technician did not show up at the agreed time without any notice.,3,15,0,1
C00278,2023-03-27,Service Quality,The technician did not show up at the agreed time without any notice.,3,14,0,1
C00278,2023-04-26,Meter Reading,This is absolutely disgraceful. I am filing a formal complaint with the regulator.,5,28,1,0
C00279,2024-05-25,Technical,My bill has errors and I have had to call twice about the same issue.,3,1,0,0
C00279,2024-10-21,Billing,The worst customer experience I have ever had in my life.,5,24,1,0
C00279,2024-02-21,Billing,Calling to update my billing address.,1,1,0,1
C00279,2024-10-22,Billing,The technician arrived a bit late but did a good job.,2,13,1,1
C00280,2024-06-10,Service Quality,Quick question about the new tariff letter I received.,1,9,0,1
C00280,2024-05-05,Technical,Response time was a bit slower than last time I called.,2,5,0,1
C00281,2023-02-11,Billing,Could you send me a copy of last month's bill?,1,2,0,1
C00281,2024-09-23,Account Management,I was on hold for about 20 minutes which felt long.,2,4,0,1
C00281,2022-08-23,Technical,Response time was a bit slower than last time I called.,2,7,0,1
C00282,2022-12-20,Technical,My account was charged incorrectly and I am still waiting for a credit.,3,12,0,1
C00283,2023-05-16,Account Management,The customer service agent I spoke to was not very helpful.,3,14,1,0
C00283,2022-06-17,Service Quality,Can you confirm my direct debit amount?,1,7,0,1
C00283,2023-11-24,Meter Reading,My bill has errors and I have had to call twice about the same issue.,3,18,1,1
C00283,2024-10-26,Billing,I am considering switching providers if this is not fixed immediately.,4,14,0,1
C00283,2023-07-05,Account Management,The worst customer experience I have ever had in my life.,5,28,1,0
C00283,2024-05-14,Technical,I want to cancel my account. I have had enough of this terrible service.,5,16,0,0
C00283,2023-10-02,Meter Reading,My power has been out for two days and nobody has given me an update.,4,15,0,1
C00284,2023-01-01,Outage,Calling to update my billing address.,1,5,0,1
C00284,2023-01-13,Outage,My bill has errors and I have had to call twice about the same issue.,3,12,1,0
C00285,2023-09-13,Service Quality,I had trouble navigating the new online portal at first.,2,14,0,1
C00285,2022-04-18,Billing,"There was a small discrepancy on my statement, now resolved.",2,13,0,1
C00285,2022-01-27,Outage,"Everything is fine, just updating my details.",1,6,0,1
C00286,2022-12-20,Service Quality,I am very unhappy with the service. My complaint from last month is still open.,4,18,0,1
C00286,2022-07-01,Service Quality,My power has been out for two days and nobody has given me an update.,4,14,1,0
C00286,2022-07-04,Service Quality,I was treated rudely on my last call and I want this addressed.,4,8,0,1
C00286,2023-02-12,Technical,I was treated rudely on my last call and I want this addressed.,4,23,0,0
C00286,2023-10-09,Service Quality,The email confirmation for my account change took two days to arrive.,2,2,0,1
C00287,2023-08-16,Outage,I would like to know my current contract end date.,1,1,0,1
C00287,2024-01-07,Account Management,I want to switch to paperless billing.,1,8,0,1
C00287,2023-08-25,Technical,Nobody in your company seems to take responsibility for anything.,4,6,1,0
C00290,2022-09-19,Billing,The technician did not show up at the agreed time without any notice.,3,13,1,0
C00290,2024-12-19,Billing,Response time was a bit slower than last time I called.,2,8,0,1
C00292,2024-06-15,Meter Reading,The technician arrived a bit late but did a good job.,2,5,1,1
C00293,2024-04-11,Account Management,Can you confirm my direct debit amount?,1,9,0,1
C00293,2022-09-28,Service Quality,My bill was slightly higher than I expected this month.,2,6,1,0
C00294,2024-04-06,Account Management,Calling to update my billing address.,1,9,0,0
C00294,2022-03-13,Account Management,Response time was a bit slower than last time I called.,2,10,0,1
C00295,2024-02-05,Billing,I had trouble navigating the new online portal at first.,2,5,1,1
C00295,2022-12-28,Meter Reading,I am not satisfied with how my previous complaint was handled.,3,11,0,0
C00295,2024-10-26,Outage,I am switching providers immediately. I cannot tolerate this incompetence.,5,14,1,1
C00295,2023-07-17,Billing,Quick question about the new tariff letter I received.,1,1,0,1
C00296,2022-08-27,Account Management,I took a day off work for the technician and nobody came.,4,9,0,1
C00296,2024-02-06,Billing,I have escalated this complaint twice and it is still not resolved.,4,1,0,1
C00296,2022-06-18,Technical,I am very unhappy with the service. My complaint from last month is still open.,4,13,0,0
C00297,2022-09-20,Outage,I was on hold for about 20 minutes which felt long.,2,7,0,1
C00298,2022-06-28,Outage,"There was a small discrepancy on my statement, now resolved.",2,14,1,1
C00298,2024-12-02,Meter Reading,This is the third billing error in a row. I am losing patience.,4,16,1,0
C00298,2022-03-06,Meter Reading,My bill has errors and I have had to call twice about the same issue.,3,16,0,0
C00298,2023-03-04,Account Management,Could you send me a copy of last month's bill?,1,5,1,1
C00299,2024-11-01,Billing,Response time was a bit slower than last time I called.,2,12,0,1
C00299,2023-02-17,Meter Reading,I am going to leave a public review warning everyone about this company.,5,15,0,1
C00299,2023-05-06,Outage,Calling to update my billing address.,1,8,0,0
C00300,2024-10-15,Technical,Could you send me a copy of last month's bill?,1,1,0,1
C00300,2024-07-11,Service Quality,I have escalated this complaint twice and it is still not resolved.,4,1,0,0
C00300,2024-10-20,Outage,My account was charged incorrectly and I am still waiting for a credit.,3,8,1,1
C00300,2024-02-17,Service Quality,Can you confirm my direct debit amount?,1,2,0,1
C00301,2022-02-27,Service Quality,I have been trying to get this resolved for two weeks now.,3,9,0,1
C00301,2023-12-23,Billing,I want to switch to paperless billing.,1,4,1,1
C00304,2023-12-08,Technical,My power has been out for two days and nobody has given me an update.,4,2,1,1
C00304,2024-07-24,Billing,The online chat bot could not help me and I had to call anyway.,3,5,1,1
C00305,2023-03-25,Billing,I have been without power for five days and your team does not care at all.,5,25,1,0
C00305,2024-05-05,Outage,I waited longer than usual for a callback but it came eventually.,2,10,0,1
C00306,2024-12-23,Service Quality,The email confirmation for my account change took two days to arrive.,2,14,0,1
C00306,2024-08-12,Billing,The level of service I am receiving is completely unacceptable.,4,9,1,0
C00307,2024-06-26,Service Quality,I was on hold for about 20 minutes which felt long.,2,3,0,1
C00307,2022-10-09,Outage,I am not satisfied with how my previous complaint was handled.,3,3,1,0
C00307,2024-03-19,Outage,The rate increase was not communicated clearly and came as a surprise.,3,5,0,0
C00308,2023-06-17,Billing,The rate increase was not communicated clearly and came as a surprise.,3,17,0,1
C00308,2022-11-08,Technical,My bill has errors and I have had to call twice about the same issue.,3,11,0,1
C00309,2024-03-17,Account Management,Your company has overcharged me for months and nobody will fix it.,5,16,0,0
C00309,2024-12-20,Billing,I am going to leave a public review warning everyone about this company.,5,23,1,0
C00310,2024-11-08,Service Quality,I am switching providers immediately. I cannot tolerate this incompetence.,5,24,1,0
C00311,2023-02-02,Billing,Could you send me a copy of last month's bill?,1,1,0,1
C00311,2023-04-07,Service Quality,I am not satisfied with how my previous complaint was handled.,3,1,0,0
C00311,2023-05-11,Meter Reading,I need to change my contact phone number on the account.,1,6,0,1
C00312,2024-10-21,Account Management,I am very unhappy with the service. My complaint from last month is still open.,4,2,0,1
C00312,2022-08-05,Service Quality,The rate increase was not communicated clearly and came as a surprise.,3,3,1,1
C00312,2024-10-11,Billing,The technician did not show up at the agreed time without any notice.,3,5,0,1
C00312,2022-12-01,Outage,Response time was a bit slower than last time I called.,2,13,0,0
C00312,2024-07-16,Account Management,I feel like loyal customers are not being valued the way they should be.,3,16,1,0
C00313,2023-03-15,Technical,The worst customer experience I have ever had in my life.,5,11,1,1
C00314,2023-01-26,Outage,This is the third billing error in a row. I am losing patience.,4,23,0,1
C00314,2024-04-06,Technical,This is the third billing error in a row. I am losing patience.,4,14,1,0
C00315,2022-07-15,Billing,This is the third billing error in a row. I am losing patience.,4,18,0,0
C00315,2024-01-24,Technical,I want to cancel my account. I have had enough of this terrible service.,5,20,1,0
C00317,2024-05-12,Technical,I waited longer than usual for a callback but it came eventually.,2,12,0,1
C00317,2024-05-25,Service Quality,The customer service agent I spoke to was not very helpful.,3,8,0,0
C00318,2024-03-07,Meter Reading,My bill has errors and I have had to call twice about the same issue.,3,2,0,1
C00318,2022-10-09,Service Quality,The online chat bot could not help me and I had to call anyway.,3,18,1,0
C00318,2022-09-18,Billing,I would like to check my current balance please.,1,1,1,1
C00319,2024-11-10,Technical,My bill has errors and I have had to call twice about the same issue.,3,10,0,1
C00319,2024-03-17,Technical,I have been trying to get this resolved for two weeks now.,3,5,0,1
C00320,2024-02-14,Service Quality,The website was slow when I tried to log in yesterday.,2,3,0,0
C00320,2023-08-27,Billing,The website was slow when I tried to log in yesterday.,2,7,0,1
C00321,2022-11-01,Billing,Quick question about the new tariff letter I received.,1,1,1,0
C00322,2023-12-18,Meter Reading,The technician did not show up at the agreed time without any notice.,3,3,0,1
C00323,2023-04-08,Account Management,I need to change my contact phone number on the account.,1,3,0,1
C00323,2023-08-13,Outage,I need to change my contact phone number on the account.,1,1,0,1
C00324,2023-05-25,Outage,Calling to update my billing address.,1,1,0,0
C00324,2022-12-01,Technical,The customer service agent I spoke to was not very helpful.,3,15,1,1
C00324,2024-10-16,Technical,My account was charged incorrectly and I am still waiting for a credit.,3,15,0,1
C00324,2024-04-11,Service Quality,I took a day off work for the technician and nobody came.,4,7,0,1
C00324,2024-04-24,Outage,I had trouble navigating the new online portal at first.,2,8,1,0
C00324,2024-05-16,Billing,I have been without power for five days and your team does not care at all.,5,24,0,0
C00325,2023-06-05,Meter Reading,I would like to know my current contract end date.,1,5,0,1
C00325,2023-03-04,Technical,I would like to know my current contract end date.,1,4,0,1
C00326,2024-05-06,Outage,The rate increase was not communicated clearly and came as a surprise.,3,4,0,0
C00326,2022-01-01,Meter Reading,I need to change my contact phone number on the account.,1,5,0,1
C00326,2023-12-21,Billing,I have been trying to get this resolved for two weeks now.,3,5,1,1
C00327,2022-11-05,Service Quality,This is the third billing error in a row. I am losing patience.,4,8,0,0
C00327,2023-09-28,Technical,I need to change my contact phone number on the account.,1,1,0,1
C00327,2024-03-17,Technical,The customer service agent I spoke to was not very helpful.,3,16,1,1
C00327,2022-06-03,Technical,Nobody in your company seems to take responsibility for anything.,4,21,1,0
C00327,2024-01-09,Billing,Nobody in your company seems to take responsibility for anything.,4,23,0,0
C00327,2022-12-21,Account Management,The customer service agent I spoke to was not very helpful.,3,13,1,1
C00328,2024-02-06,Outage,"There was a small discrepancy on my statement, now resolved.",2,1,0,1
C00328,2024-03-18,Outage,"Everything is fine, just updating my details.",1,8,0,1
C00329,2024-05-17,Meter Reading,I am considering switching providers if this is not fixed immediately.,4,5,0,0
C00330,2024-12-24,Service Quality,"Everything is fine, just updating my details.",1,9,0,1
C00331,2024-08-18,Service Quality,I need to change my contact phone number on the account.,1,7,0,1
C00332,2024-02-01,Billing,I waited longer than usual for a callback but it came eventually.,2,10,0,1
C00332,2022-10-21,Meter Reading,I am contacting my lawyer. This is negligent and completely unacceptable.,5,10,1,1
C00332,2022-05-08,Billing,I am not satisfied with how my previous complaint was handled.,3,19,0,1
C00333,2023-03-22,Billing,The rate increase was not communicated clearly and came as a surprise.,3,12,0,1
C00334,2023-10-21,Meter Reading,I have been trying to get this resolved for two weeks now.,3,13,0,1
C00334,2023-12-02,Meter Reading,My account was charged incorrectly and I am still waiting for a credit.,3,11,0,0
C00336,2022-05-21,Technical,I am not satisfied with how my previous complaint was handled.,3,13,1,1
C00336,2023-06-08,Technical,My bill has errors and I have had to call twice about the same issue.,3,9,0,1
C00337,2023-08-10,Service Quality,The technician arrived a bit late but did a good job.,2,13,0,1
C00337,2022-09-03,Account Management,I feel like loyal customers are not being valued the way they should be.,3,4,0,1
C00337,2023-02-18,Technical,I am very unhappy with the service. My complaint from last month is still open.,4,16,1,0
C00338,2023-04-14,Outage,I would like to know my current contract end date.,1,8,0,1
C00339,2023-09-19,Technical,I am contacting my lawyer. This is negligent and completely unacceptable.,5,8,0,0
C00339,2024-02-22,Technical,The technician did not show up at the agreed time without any notice.,3,19,1,1
C00339,2022-11-27,Service Quality,The online chat bot could not help me and I had to call anyway.,3,2,1,1
C00340,2024-03-22,Meter Reading,"There was a small discrepancy on my statement, now resolved.",2,8,0,1
C00341,2023-06-04,Account Management,My bill was slightly higher than I expected this month.,2,12,1,1
C00343,2022-07-18,Meter Reading,My account was charged incorrectly and I am still waiting for a credit.,3,2,1,0
C00343,2023-09-04,Technical,The online chat bot could not help me and I had to call anyway.,3,2,0,1
C00344,2023-10-24,Technical,The online chat bot could not help me and I had to call anyway.,3,1,0,0
C00344,2024-01-28,Meter Reading,Quick question about the new tariff letter I received.,1,1,0,1
C00345,2024-07-16,Technical,Just checking when my next meter read is scheduled.,1,8,0,1
C00347,2024-10-27,Billing,I have been trying to get this resolved for two weeks now.,3,17,0,1
C00347,2024-04-05,Billing,I would like to check my current balance please.,1,6,0,1
C00348,2022-08-12,Meter Reading,I am not satisfied with how my previous complaint was handled.,3,3,0,1
C00350,2024-10-27,Billing,The technician arrived a bit late but did a good job.,2,8,0,0
C00350,2023-08-19,Outage,I was on hold for about 20 minutes which felt long.,2,6,1,1
C00351,2022-03-28,Service Quality,I have been waiting over a week for someone to call me back.,3,9,0,1
C00351,2022-01-25,Technical,The online chat bot could not help me and I had to call anyway.,3,7,1,1
C00351,2022-09-05,Service Quality,The technician did not show up at the agreed time without any notice.,3,1,0,1
C00351,2023-12-23,Service Quality,Could you send me a copy of last month's bill?,1,1,0,1
C00351,2022-02-06,Billing,Calling to update my billing address.,1,3,0,1
C00352,2024-02-19,Meter Reading,Could you send me a copy of last month's bill?,1,6,0,1
C00352,2024-12-13,Billing,I waited longer than usual for a callback but it came eventually.,2,11,1,1
C00352,2024-06-13,Service Quality,I feel like loyal customers are not being valued the way they should be.,3,9,0,0
C00353,2024-07-06,Service Quality,This is the third billing error in a row. I am losing patience.,4,10,0,0
C00353,2023-08-03,Meter Reading,Response time was a bit slower than last time I called.,2,13,0,0
C00354,2023-01-04,Service Quality,This is the third billing error in a row. I am losing patience.,4,11,1,1
C00355,2024-10-26,Service Quality,I have escalated this complaint twice and it is still not resolved.,4,24,0,0
C00355,2022-05-15,Technical,I waited longer than usual for a callback but it came eventually.,2,14,1,0
C00355,2024-12-25,Account Management,Response time was a bit slower than last time I called.,2,8,0,0
C00356,2024-01-27,Account Management,The email confirmation for my account change took two days to arrive.,2,7,0,1
C00356,2024-03-07,Technical,"There was a small discrepancy on my statement, now resolved.",2,10,0,1
C00356,2023-01-01,Account Management,The worst customer experience I have ever had in my life.,5,28,1,0
C00356,2024-02-16,Service Quality,I would like to know my current contract end date.,1,8,0,0
C00356,2024-09-18,Account Management,The technician arrived a bit late but did a good job.,2,10,0,1
C00357,2024-12-05,Technical,My meter reading submission didn't go through on the first try.,2,3,0,1
C00357,2024-11-28,Service Quality,Response time was a bit slower than last time I called.,2,4,0,1
C00357,2024-12-17,Technical,Just checking when my next meter read is scheduled.,1,3,0,1
C00357,2023-07-27,Account Management,Could you send me a copy of last month's bill?,1,4,0,1
C00357,2023-08-23,Account Management,I have been waiting over a week for someone to call me back.,3,6,0,1
C00358,2023-04-15,Outage,The online chat bot could not help me and I had to call anyway.,3,5,1,1
C00359,2024-06-24,Billing,My meter reading submission didn't go through on the first try.,2,3,0,1
C00359,2024-04-17,Meter Reading,Could you send me a copy of last month's bill?,1,5,0,1
C00359,2024-04-11,Meter Reading,My account was charged incorrectly and I am still waiting for a credit.,3,3,0,0
C00361,2024-12-24,Account Management,I am not satisfied with how my previous complaint was handled.,3,3,1,0
C00361,2022-08-14,Billing,My meter reading submission didn't go through on the first try.,2,8,0,0
C00361,2023-04-07,Technical,The email confirmation for my account change took two days to arrive.,2,1,0,1
C00362,2022-03-07,Account Management,"There was a small discrepancy on my statement, now resolved.",2,6,0,1
C00362,2022-01-05,Technical,The website was slow when I tried to log in yesterday.,2,9,0,1
C00362,2022-07-01,Service Quality,My account was charged incorrectly and I am still waiting for a credit.,3,19,1,0
C00363,2023-12-21,Account Management,Could you send me a copy of last month's bill?,1,4,0,1
C00363,2024-12-15,Account Management,The website was slow when I tried to log in yesterday.,2,7,0,1
C00364,2022-03-18,Outage,"There was a small discrepancy on my statement, now resolved.",2,3,0,1
C00364,2022-03-01,Service Quality,Calling to update my billing address.,1,7,0,0
C00365,2023-09-26,Technical,I want to switch to paperless billing.,1,2,0,1
C00365,2024-02-03,Service Quality,The website was slow when I tried to log in yesterday.,2,10,0,1
C00365,2024-07-10,Billing,Your company has overcharged me for months and nobody will fix it.,5,18,1,0
C00366,2022-08-24,Billing,My bill was slightly higher than I expected this month.,2,8,0,0
C00367,2024-06-27,Outage,Response time was a bit slower than last time I called.,2,11,0,1
C00368,2024-08-22,Technical,The customer service agent I spoke to was not very helpful.,3,11,0,0
C00368,2022-07-26,Outage,I need to change my contact phone number on the account.,1,4,0,1
C00368,2022-01-14,Service Quality,The customer service agent I spoke to was not very helpful.,3,2,0,1
C00369,2024-06-05,Outage,I was on hold for about 20 minutes which felt long.,2,10,0,0
C00369,2024-01-18,Outage,The website was slow when I tried to log in yesterday.,2,14,0,0
C00369,2024-01-01,Account Management,I was treated rudely on my last call and I want this addressed.,4,3,1,1
C00369,2024-05-19,Technical,The technician arrived a bit late but did a good job.,2,14,0,1
C00370,2022-02-10,Billing,Quick question about the new tariff letter I received.,1,3,0,1
C00370,2022-10-22,Service Quality,I have been waiting over a week for someone to call me back.,3,11,1,0
C00370,2024-04-19,Service Quality,Calling to update my billing address.,1,1,0,0
C00371,2022-04-16,Billing,I have escalated this complaint twice and it is still not resolved.,4,21,1,0
C00371,2023-10-08,Service Quality,The website was slow when I tried to log in yesterday.,2,3,1,0
C00371,2023-09-28,Outage,I took a day off work for the technician and nobody came.,4,10,0,0
C00371,2023-12-26,Account Management,I took a day off work for the technician and nobody came.,4,11,1,0
C00371,2024-11-08,Meter Reading,This is the third billing error in a row. I am losing patience.,4,8,0,1
C00372,2024-03-03,Service Quality,The website was slow when I tried to log in yesterday.,2,13,0,1
C00372,2024-07-04,Meter Reading,The online chat bot could not help me and I had to call anyway.,3,7,0,0
C00373,2022-01-13,Account Management,Quick question about the new tariff letter I received.,1,3,1,1
C00373,2022-05-12,Outage,Calling to update my billing address.,1,5,1,1
C00373,2022-06-06,Meter Reading,The technician did not show up at the agreed time without any notice.,3,12,0,0
C00373,2023-01-05,Technical,The customer service agent I spoke to was not very helpful.,3,11,0,0
C00373,2022-06-07,Billing,I have been waiting over a week for someone to call me back.,3,14,0,1
C00373,2023-08-18,Technical,I am contacting my lawyer. This is negligent and completely unacceptable.,5,10,1,1
C00374,2022-06-04,Outage,I am switching providers immediately. I cannot tolerate this incompetence.,5,16,0,1
C00374,2023-08-27,Account Management,"Everything is fine, just updating my details.",1,5,0,1
C00375,2023-07-25,Service Quality,"Everything is fine, just updating my details.",1,8,0,1
C00375,2022-11-12,Service Quality,I have escalated this complaint twice and it is still not resolved.,4,21,0,1
C00376,2023-08-27,Billing,I am not satisfied with how my previous complaint was handled.,3,18,0,1
C00376,2023-06-13,Outage,My bill was slightly higher than I expected this month.,2,3,0,1
C00377,2022-08-20,Meter Reading,I am going to leave a public review warning everyone about this company.,5,23,0,0
C00378,2023-11-22,Technical,The email confirmation for my account change took two days to arrive.,2,11,0,1
C00379,2024-02-16,Service Quality,My bill was slightly higher than I expected this month.,2,11,0,1
C00380,2023-04-04,Outage,Calling to update my billing address.,1,9,0,1
C00380,2022-05-27,Service Quality,The website was slow when I tried to log in yesterday.,2,8,0,0
C00380,2024-07-08,Outage,The online chat bot could not help me and I had to call anyway.,3,5,1,1
C00381,2024-07-01,Billing,I am not satisfied with how my previous complaint was handled.,3,2,0,1
C00382,2023-07-07,Technical,My bill was slightly higher than I expected this month.,2,4,0,1
C00382,2023-03-11,Account Management,Could you send me a copy of last month's bill?,1,1,0,0
C00383,2024-01-16,Billing,The rate increase was not communicated clearly and came as a surprise.,3,6,0,0
C00383,2024-11-09,Billing,The email confirmation for my account change took two days to arrive.,2,12,0,0
C00384,2022-04-03,Outage,Just checking when my next meter read is scheduled.,1,8,0,1
C00385,2024-06-23,Outage,Quick question about the new tariff letter I received.,1,7,0,1
C00385,2024-12-23,Billing,I have escalated this complaint twice and it is still not resolved.,4,15,0,0
C00385,2024-10-13,Outage,I was on hold for about 20 minutes which felt long.,2,13,1,1
C00385,2024-04-27,Service Quality,I took a day off work for the technician and nobody came.,4,24,0,1
C00385,2024-07-11,Service Quality,The level of service I am receiving is completely unacceptable.,4,13,0,1
C00385,2024-12-27,Outage,The technician did not show up at the agreed time without any notice.,3,19,0,0
C00385,2024-02-12,Service Quality,My bill was slightly higher than I expected this month.,2,2,0,1
C00388,2024-09-01,Outage,I want a formal complaint registered. This has gone on too long.,4,24,1,1
C00389,2024-08-07,Technical,Just checking when my next meter read is scheduled.,1,6,0,1
C00389,2024-06-11,Meter Reading,I have escalated this complaint twice and it is still not resolved.,4,7,0,0
C00389,2024-08-26,Technical,My bill was slightly higher than I expected this month.,2,11,0,0
C00390,2024-02-10,Billing,The website was slow when I tried to log in yesterday.,2,11,1,1
C00390,2023-06-19,Meter Reading,I am considering switching providers if this is not fixed immediately.,4,14,0,0
C00391,2023-08-06,Meter Reading,Response time was a bit slower than last time I called.,2,12,1,1
C00391,2022-01-09,Meter Reading,My power has been out for two days and nobody has given me an update.,4,18,0,0
C00392,2024-07-14,Outage,I have been waiting over a week for someone to call me back.,3,2,1,0
C00393,2023-08-21,Outage,Nobody in your company seems to take responsibility for anything.,4,7,0,0
C00393,2022-03-03,Account Management,I was on hold for about 20 minutes which felt long.,2,4,0,1
C00393,2024-06-09,Meter Reading,I want a full refund and I am cancelling everything today.,5,27,1,0
C00394,2022-07-11,Outage,The technician arrived a bit late but did a good job.,2,6,1,1
C00394,2022-12-01,Billing,I have escalated this complaint twice and it is still not resolved.,4,9,0,0
C00395,2022-04-08,Account Management,The level of service I am receiving is completely unacceptable.,4,20,1,0
C00395,2022-08-04,Meter Reading,My bill was slightly higher than I expected this month.,2,14,0,1
C00396,2024-12-08,Meter Reading,The online chat bot could not help me and I had to call anyway.,3,15,1,1
C00396,2024-06-20,Account Management,My meter reading submission didn't go through on the first try.,2,10,0,1
C00396,2024-01-25,Technical,I would like to know my current contract end date.,1,8,0,1
C00397,2024-04-03,Outage,My bill has errors and I have had to call twice about the same issue.,3,12,0,1
C00397,2024-04-28,Technical,Could you send me a copy of last month's bill?,1,3,0,1
C00397,2024-09-28,Technical,The technician arrived a bit late but did a good job.,2,2,0,1
C00398,2023-09-20,Billing,The technician did not show up at the agreed time without any notice.,3,16,1,0
C00399,2024-07-19,Billing,Response time was a bit slower than last time I called.,2,4,0,0
C00399,2022-03-23,Technical,Response time was a bit slower than last time I called.,2,7,1,1
C00400,2023-02-06,Meter Reading,The technician did not show up at the agreed time without any notice.,3,3,1,0
C00401,2023-12-18,Service Quality,I had trouble navigating the new online portal at first.,2,6,0,1
C00401,2022-06-27,Billing,I would like to check my current balance please.,1,4,0,1
C00402,2023-04-18,Meter Reading,Response time was a bit slower than last time I called.,2,13,0,1
C00402,2024-02-12,Meter Reading,Response time was a bit slower than last time I called.,2,14,0,0
C00404,2023-06-02,Service Quality,I am considering switching providers if this is not fixed immediately.,4,6,1,0
C00404,2022-05-26,Outage,"Everything is fine, just updating my details.",1,1,0,1
C00404,2023-08-18,Account Management,Calling to update my billing address.,1,5,0,1
C00404,2024-04-10,Meter Reading,I would like to know my current contract end date.,1,9,1,1
C00405,2023-05-03,Outage,The worst customer experience I have ever had in my life.,5,20,1,0
C00407,2022-11-28,Outage,My bill has errors and I have had to call twice about the same issue.,3,13,0,0
C00407,2022-02-02,Technical,Could you send me a copy of last month's bill?,1,6,0,1
C00407,2023-10-01,Meter Reading,My meter reading submission didn't go through on the first try.,2,14,1,1
C00407,2024-05-06,Billing,The online chat bot could not help me and I had to call anyway.,3,2,1,1
C00408,2023-05-13,Meter Reading,This is the third billing error in a row. I am losing patience.,4,4,0,1
C00408,2023-04-09,Service Quality,The website was slow when I tried to log in yesterday.,2,5,0,1
C00408,2024-10-08,Service Quality,Nobody in your company seems to take responsibility for anything.,4,3,1,0
C00408,2023-12-01,Service Quality,The customer service agent I spoke to was not very helpful.,3,17,0,1
C00408,2024-05-15,Account Management,The customer service agent I spoke to was not very helpful.,3,11,1,0
C00408,2024-11-19,Meter Reading,I have been trying to get this resolved for two weeks now.,3,9,0,1
C00409,2024-11-17,Outage,My meter reading submission didn't go through on the first try.,2,4,0,1
C00410,2024-04-11,Technical,I have been waiting over a week for someone to call me back.,3,7,0,1
C00411,2024-10-12,Outage,The rate increase was not communicated clearly and came as a surprise.,3,6,0,0
C00411,2023-07-07,Meter Reading,I have been without power for five days and your team does not care at all.,5,3,0,0
C00412,2022-09-04,Account Management,My meter reading submission didn't go through on the first try.,2,3,0,1
C00412,2024-01-18,Billing,The customer service agent I spoke to was not very helpful.,3,6,0,1
C00412,2024-07-25,Service Quality,I need to change my contact phone number on the account.,1,2,0,0
C00412,2022-09-19,Billing,The technician arrived a bit late but did a good job.,2,12,1,1
C00413,2022-01-18,Service Quality,I have been trying to get this resolved for two weeks now.,3,2,0,1
C00415,2024-08-11,Billing,My account was charged incorrectly and I am still waiting for a credit.,3,12,0,0
C00415,2024-09-21,Service Quality,"There was a small discrepancy on my statement, now resolved.",2,4,0,1
C00415,2024-08-28,Service Quality,I had trouble navigating the new online portal at first.,2,12,1,1
C00415,2024-12-22,Account Management,The email confirmation for my account change took two days to arrive.,2,9,0,1
C00415,2024-07-19,Technical,My bill has errors and I have had to call twice about the same issue.,3,1,0,0
C00416,2023-10-06,Service Quality,I have been without power for five days and your team does not care at all.,5,15,1,1
C00417,2024-01-12,Service Quality,Quick question about the new tariff letter I received.,1,3,1,1
C00417,2023-01-08,Account Management,I had trouble navigating the new online portal at first.,2,5,0,1
C00418,2024-04-07,Meter Reading,I need to change my contact phone number on the account.,1,1,0,0
C00419,2023-12-25,Technical,This is the third billing error in a row. I am losing patience.,4,5,0,0
C00419,2024-07-22,Technical,I have been trying to get this resolved for two weeks now.,3,12,0,0
C00421,2022-05-04,Account Management,The level of service I am receiving is completely unacceptable.,4,8,1,0
C00421,2023-10-25,Meter Reading,The email confirmation for my account change took two days to arrive.,2,5,1,1
C00421,2024-11-20,Billing,My account was charged incorrectly and I am still waiting for a credit.,3,5,0,1
C00422,2024-08-11,Technical,"Everything is fine, just updating my details.",1,8,0,1
C00422,2024-03-01,Service Quality,The website was slow when I tried to log in yesterday.,2,6,0,1
C00422,2022-11-17,Outage,Nobody in your company seems to take responsibility for anything.,4,17,0,1
C00422,2024-07-04,Meter Reading,I took a day off work for the technician and nobody came.,4,15,1,1
C00424,2024-07-25,Billing,My meter reading submission didn't go through on the first try.,2,9,0,1
C00424,2023-12-22,Technical,The technician did not show up at the agreed time without any notice.,3,18,1,0
C00424,2022-08-28,Billing,I am not satisfied with how my previous complaint was handled.,3,1,1,0
C00425,2022-01-03,Billing,I am not satisfied with how my previous complaint was handled.,3,18,0,1
C00426,2022-06-15,Billing,The email confirmation for my account change took two days to arrive.,2,11,0,1
C00427,2022-12-13,Account Management,"There was a small discrepancy on my statement, now resolved.",2,7,0,1
C00427,2022-03-12,Service Quality,I want to switch to paperless billing.,1,3,0,1
C00427,2024-01-24,Outage,I am considering switching providers if this is not fixed immediately.,4,22,0,0
C00428,2023-10-12,Outage,"Everything is fine, just updating my details.",1,5,0,0
C00428,2023-09-28,Account Management,This is the third billing error in a row. I am losing patience.,4,20,1,0
C00428,2024-02-05,Technical,I have been waiting over a week for someone to call me back.,3,5,0,0
C00429,2024-05-02,Outage,"There was a small discrepancy on my statement, now resolved.",2,13,0,1
C00429,2024-12-25,Outage,I was treated rudely on my last call and I want this addressed.,4,7,1,0
C00430,2023-12-04,Outage,I waited longer than usual for a callback but it came eventually.,2,7,0,0
C00430,2023-04-14,Meter Reading,I would like to know my current contract end date.,1,1,0,1
C00430,2023-09-01,Service Quality,"There was a small discrepancy on my statement, now resolved.",2,4,0,1
C00431,2024-06-14,Service Quality,I took a day off work for the technician and nobody came.,4,8,0,0
C00431,2024-08-07,Service Quality,The website was slow when I tried to log in yesterday.,2,9,1,1
C00433,2023-03-20,Outage,My bill was slightly higher than I expected this month.,2,6,0,0
C00434,2023-11-03,Technical,I have been waiting over a week for someone to call me back.,3,2,1,0
C00435,2024-03-16,Technical,My meter reading submission didn't go through on the first try.,2,7,0,1
C00435,2024-07-26,Account Management,I want to switch to paperless billing.,1,1,0,1
C00435,2023-10-20,Account Management,I want to switch to paperless billing.,1,8,0,1
C00435,2023-11-25,Service Quality,My power has been out for two days and nobody has given me an update.,4,19,1,0
C00435,2024-04-10,Meter Reading,I need to change my contact phone number on the account.,1,7,0,1
C00436,2024-09-28,Account Management,I have been waiting over a week for someone to call me back.,3,13,0,1
C00436,2024-07-03,Outage,I am very unhappy with the service. My complaint from last month is still open.,4,11,0,0
C00437,2024-09-26,Account Management,The technician did not show up at the agreed time without any notice.,3,4,1,1
C00438,2024-11-07,Meter Reading,I waited longer than usual for a callback but it came eventually.,2,6,0,0
C00440,2024-06-18,Technical,I have been waiting over a week for someone to call me back.,3,19,0,0
C00441,2024-02-08,Meter Reading,Your company has overcharged me for months and nobody will fix it.,5,17,0,0
C00441,2022-05-12,Account Management,The rate increase was not communicated clearly and came as a surprise.,3,3,1,1
C00441,2024-07-04,Outage,The rate increase was not communicated clearly and came as a surprise.,3,1,0,1
C00441,2024-05-01,Service Quality,I need to change my contact phone number on the account.,1,1,0,1
C00442,2023-10-15,Service Quality,I have been trying to get this resolved for two weeks now.,3,12,1,0
C00442,2024-11-11,Outage,I am not satisfied with how my previous complaint was handled.,3,2,0,1
C00442,2024-08-10,Account Management,The rate increase was not communicated clearly and came as a surprise.,3,8,0,0
C00443,2023-01-24,Meter Reading,Nobody in your company seems to take responsibility for anything.,4,17,1,0
C00444,2024-10-04,Meter Reading,I need to change my contact phone number on the account.,1,2,0,0
C00445,2024-12-23,Billing,My bill has errors and I have had to call twice about the same issue.,3,15,1,1
C00446,2024-10-04,Account Management,"Everything is fine, just updating my details.",1,1,0,1
C00446,2022-10-01,Meter Reading,I am considering switching providers if this is not fixed immediately.,4,9,0,0
C00447,2024-05-23,Meter Reading,I was treated rudely on my last call and I want this addressed.,4,19,1,0
C00448,2023-03-05,Service Quality,I had trouble navigating the new online portal at first.,2,2,0,1
C00449,2024-01-16,Outage,My bill has errors and I have had to call twice about the same issue.,3,11,0,1
C00449,2024-10-18,Service Quality,The website was slow when I tried to log in yesterday.,2,10,1,1
C00449,2022-07-23,Account Management,The rate increase was not communicated clearly and came as a surprise.,3,4,0,0
C00449,2023-02-07,Service Quality,Can you confirm my direct debit amount?,1,5,0,1
C00450,2023-06-14,Account Management,I have escalated this complaint twice and it is still not resolved.,4,3,1,0
C00450,2022-06-01,Technical,Just checking when my next meter read is scheduled.,1,6,1,1
C00451,2024-08-22,Meter Reading,Could you send me a copy of last month's bill?,1,1,0,1
C00452,2024-01-17,Billing,The technician arrived a bit late but did a good job.,2,12,0,1
C00452,2023-10-15,Outage,I am going to leave a public review warning everyone about this company.,5,29,1,0
C00453,2023-08-13,Account Management,My account was charged incorrectly and I am still waiting for a credit.,3,18,1,0
C00454,2024-03-25,Account Management,I waited longer than usual for a callback but it came eventually.,2,9,1,1
C00454,2024-11-17,Account Management,My bill was slightly higher than I expected this month.,2,8,0,1
C00455,2023-10-28,Service Quality,Quick question about the new tariff letter I received.,1,5,0,1
C00456,2023-04-16,Outage,The rate increase was not communicated clearly and came as a surprise.,3,14,0,1
C00456,2023-07-02,Outage,Response time was a bit slower than last time I called.,2,11,0,0
C00456,2022-02-23,Meter Reading,My bill was slightly higher than I expected this month.,2,4,0,1
C00456,2023-07-03,Technical,The online chat bot could not help me and I had to call anyway.,3,12,1,1
C00457,2024-05-16,Account Management,I am considering switching providers if this is not fixed immediately.,4,8,0,0
C00457,2023-07-28,Account Management,I am not satisfied with how my previous complaint was handled.,3,14,0,0
C00458,2022-05-22,Account Management,I was on hold for about 20 minutes which felt long.,2,7,0,1
C00458,2024-11-12,Account Management,The email confirmation for my account change took two days to arrive.,2,9,0,1
C00458,2022-06-28,Meter Reading,My account was charged incorrectly and I am still waiting for a credit.,3,7,0,1
C00458,2024-03-02,Technical,The rate increase was not communicated clearly and came as a surprise.,3,17,1,0
C00459,2023-08-03,Technical,I was on hold for about 20 minutes which felt long.,2,7,1,1
C00459,2022-07-13,Billing,Just checking when my next meter read is scheduled.,1,6,1,1
C00460,2024-02-12,Technical,The email confirmation for my account change took two days to arrive.,2,12,0,1
C00461,2023-03-08,Account Management,The rate increase was not communicated clearly and came as a surprise.,3,2,1,1
C00463,2022-05-18,Technical,I was on hold for about 20 minutes which felt long.,2,14,0,1
C00463,2022-10-14,Account Management,My account was charged incorrectly and I am still waiting for a credit.,3,16,0,1
C00464,2024-04-02,Technical,My bill has errors and I have had to call twice about the same issue.,3,17,0,0
C00465,2024-09-18,Technical,"There was a small discrepancy on my statement, now resolved.",2,12,0,1
C00465,2024-10-28,Outage,Your company has overcharged me for months and nobody will fix it.,5,16,0,0
C00465,2024-11-08,Service Quality,My account was charged incorrectly and I am still waiting for a credit.,3,3,0,0
C00465,2024-11-04,Meter Reading,Just checking when my next meter read is scheduled.,1,1,0,1
C00465,2024-03-21,Outage,I have escalated this complaint twice and it is still not resolved.,4,12,0,0
C00466,2024-10-22,Outage,This is the third billing error in a row. I am losing patience.,4,23,1,0
C00467,2023-05-28,Account Management,My bill was slightly higher than I expected this month.,2,4,0,0
C00467,2023-12-15,Meter Reading,I was treated rudely on my last call and I want this addressed.,4,1,0,0
C00468,2022-02-15,Billing,The online chat bot could not help me and I had to call anyway.,3,12,0,1
C00468,2022-03-01,Technical,The email confirmation for my account change took two days to arrive.,2,3,0,1
C00468,2022-02-07,Billing,Nobody in your company seems to take responsibility for anything.,4,18,1,0
C00468,2022-05-26,Meter Reading,"Three technicians, three no-shows. I have lost my patience entirely.",5,2,1,0
C00469,2024-06-17,Outage,Just checking when my next meter read is scheduled.,1,3,0,1
C00469,2024-12-21,Technical,Calling to update my billing address.,1,6,0,1
C00469,2023-03-01,Technical,I took a day off work for the technician and nobody came.,4,24,0,0
C00470,2022-08-22,Outage,My account was charged incorrectly and I am still waiting for a credit.,3,2,0,0
C00470,2023-11-21,Outage,The online chat bot could not help me and I had to call anyway.,3,2,1,1
C00472,2024-06-15,Service Quality,I waited longer than usual for a callback but it came eventually.,2,8,1,1
C00472,2023-11-19,Billing,I have been without power for five days and your team does not care at all.,5,26,1,0
C00473,2023-11-01,Service Quality,I want a full refund and I am cancelling everything today.,5,10,0,0
C00476,2023-03-16,Service Quality,Could you send me a copy of last month's bill?,1,6,1,1
C00477,2022-05-14,Billing,My bill was slightly higher than I expected this month.,2,7,1,0
C00477,2022-06-17,Service Quality,The email confirmation for my account change took two days to arrive.,2,12,1,1
C00477,2024-02-16,Technical,I want to switch to paperless billing.,1,7,0,1
C00478,2024-09-28,Technical,My meter reading submission didn't go through on the first try.,2,5,1,1
C00478,2024-01-13,Billing,I want a formal complaint registered. This has gone on too long.,4,3,0,0
C00478,2024-08-19,Meter Reading,Could you send me a copy of last month's bill?,1,7,0,1
C00478,2024-02-11,Account Management,Response time was a bit slower than last time I called.,2,5,0,1
C00478,2024-01-06,Outage,"Three technicians, three no-shows. I have lost my patience entirely.",5,5,1,0
C00478,2024-02-21,Outage,"Three technicians, three no-shows. I have lost my patience entirely.",5,7,0,0
C00478,2024-10-27,Billing,Response time was a bit slower than last time I called.,2,6,0,1
C00479,2024-06-14,Meter Reading,My bill was slightly higher than I expected this month.,2,14,0,1
C00479,2023-03-19,Account Management,I want to switch to paperless billing.,1,8,0,1
C00479,2024-01-10,Billing,My account was charged incorrectly and I am still waiting for a credit.,3,1,1,0
C00481,2023-11-24,Meter Reading,Can you confirm my direct debit amount?,1,3,0,1
C00481,2023-10-05,Billing,I am not satisfied with how my previous complaint was handled.,3,17,0,0
C00481,2022-12-18,Account Management,My bill was slightly higher than I expected this month.,2,10,0,1
C00481,2024-06-21,Technical,My power has been out for two days and nobody has given me an update.,4,16,1,0
C00481,2022-06-20,Service Quality,Can you confirm my direct debit amount?,1,7,0,1
C00482,2024-09-17,Billing,I waited longer than usual for a callback but it came eventually.,2,5,0,1
C00482,2022-08-02,Meter Reading,I need to change my contact phone number on the account.,1,4,0,1
C00483,2023-11-18,Service Quality,I was treated rudely on my last call and I want this addressed.,4,23,1,0
C00483,2023-04-17,Billing,Could you send me a copy of last month's bill?,1,8,0,1
C00483,2024-11-10,Service Quality,My bill was slightly higher than I expected this month.,2,10,0,1
C00484,2022-12-08,Outage,I have escalated this complaint twice and it is still not resolved.,4,21,0,1
C00484,2022-11-10,Meter Reading,Nobody in your company seems to take responsibility for anything.,4,9,0,1
C00484,2023-03-26,Service Quality,I feel like loyal customers are not being valued the way they should be.,3,15,0,1
C00484,2023-02-13,Account Management,I need to change my contact phone number on the account.,1,1,0,1
C00485,2023-01-18,Service Quality,I have been without power for five days and your team does not care at all.,5,17,0,0
C00486,2024-02-24,Service Quality,I want a full refund and I am cancelling everything today.,5,22,0,0
C00486,2022-12-12,Technical,The technician arrived a bit late but did a good job.,2,12,1,1
C00486,2023-05-06,Billing,"Three technicians, three no-shows. I have lost my patience entirely.",5,8,0,0
C00487,2024-07-01,Technical,The technician arrived a bit late but did a good job.,2,11,0,1
C00488,2022-11-04,Technical,I have been without power for five days and your team does not care at all.,5,8,0,0
C00488,2022-06-09,Meter Reading,I have been waiting over a week for someone to call me back.,3,13,1,0
C00489,2024-11-19,Technical,The worst customer experience I have ever had in my life.,5,24,1,1
C00490,2024-07-24,Service Quality,My bill has errors and I have had to call twice about the same issue.,3,5,0,0
C00490,2024-04-25,Outage,I have been waiting over a week for someone to call me back.,3,13,1,0
C00491,2022-06-24,Meter Reading,Just checking when my next meter read is scheduled.,1,4,0,0
C00491,2022-10-10,Billing,I am going to leave a public review warning everyone about this company.,5,6,1,0
C00491,2024-09-13,Billing,I would like to know my current contract end date.,1,7,0,1
C00492,2023-09-06,Account Management,I would like to check my current balance please.,1,3,0,1
C00492,2023-08-16,Billing,I have been waiting over a week for someone to call me back.,3,14,1,0
C00492,2024-01-07,Outage,My bill has errors and I have had to call twice about the same issue.,3,10,1,0
C00492,2023-01-27,Outage,Quick question about the new tariff letter I received.,1,6,0,1
C00492,2022-10-18,Meter Reading,This is the third billing error in a row. I am losing patience.,4,22,1,1
C00492,2024-12-13,Outage,I had trouble navigating the new online portal at first.,2,1,1,1
C00493,2022-04-02,Technical,The technician did not show up at the agreed time without any notice.,3,4,0,1
C00493,2023-04-10,Service Quality,My bill was slightly higher than I expected this month.,2,4,1,1
C00493,2023-06-10,Account Management,I need to change my contact phone number on the account.,1,6,0,1
C00493,2022-07-26,Account Management,This is absolutely disgraceful. I am filing a formal complaint with the regulator.,5,2,1,1
C00493,2024-06-24,Service Quality,I was on hold for about 20 minutes which felt long.,2,12,1,1
C00493,2022-01-20,Meter Reading,I am going to leave a public review warning everyone about this company.,5,13,0,0
C00493,2023-03-26,Outage,I have been without power for five days and your team does not care at all.,5,17,0,1
C00494,2024-05-07,Meter Reading,The website was slow when I tried to log in yesterday.,2,3,0,0
C00494,2023-10-10,Billing,The online chat bot could not help me and I had to call anyway.,3,5,0,0
C00497,2024-06-07,Billing,I have escalated this complaint twice and it is still not resolved.,4,3,0,0
C00497,2024-11-06,Outage,This is the third billing error in a row. I am losing patience.,4,4,0,0
C00498,2023-01-19,Meter Reading,The technician arrived a bit late but did a good job.,2,6,1,1
C00499,2024-11-05,Service Quality,The technician arrived a bit late but did a good job.,2,10,0,1
C00499,2024-05-11,Technical,I feel like loyal customers are not being valued the way they should be.,3,10,0,1
C00499,2022-06-14,Account Management,"There was a small discrepancy on my statement, now resolved.",2,2,0,1
C00500,2022-04-14,Service Quality,The customer service agent I spoke to was not very helpful.,3,4,1,1
C00500,2022-08-13,Billing,I waited longer than usual for a callback but it came eventually.,2,13,0,1
C00501,2024-03-27,Outage,"Everything is fine, just updating my details.",1,6,0,1
C00503,2024-09-09,Account Management,The technician arrived a bit late but did a good job.,2,6,0,0
C00503,2022-01-16,Service Quality,I want a formal complaint registered. This has gone on too long.,4,13,1,0
C00504,2024-08-27,Billing,I am not satisfied with how my previous complaint was handled.,3,2,1,1
C00504,2024-05-13,Account Management,I am very unhappy with the service. My complaint from last month is still open.,4,18,1,0
C00505,2023-11-06,Billing,I would like to check my current balance please.,1,1,0,1
C00506,2023-03-26,Account Management,I was treated rudely on my last call and I want this addressed.,4,24,1,1
C00507,2023-04-14,Technical,I have been trying to get this resolved for two weeks now.,3,11,0,1
C00507,2022-12-26,Meter Reading,My bill has errors and I have had to call twice about the same issue.,3,19,0,0
C00508,2023-03-02,Account Management,This is the third billing error in a row. I am losing patience.,4,9,1,1
C00509,2024-03-05,Service Quality,My bill has errors and I have had to call twice about the same issue.,3,13,1,0
C00509,2024-04-02,Outage,The technician arrived a bit late but did a good job.,2,13,0,1
C00510,2023-05-21,Service Quality,I have escalated this complaint twice and it is still not resolved.,4,17,1,0
C00510,2023-01-17,Billing,I want a formal complaint registered. This has gone on too long.,4,8,1,1
C00510,2022-04-13,Technical,My bill has errors and I have had to call twice about the same issue.,3,10,1,1
C00511,2022-04-12,Service Quality,I am very unhappy with the service. My complaint from last month is still open.,4,8,0,1
C00512,2024-12-28,Account Management,"There was a small discrepancy on my statement, now resolved.",2,2,1,1
C00512,2024-03-12,Outage,I am considering switching providers if this is not fixed immediately.,4,2,1,0
C00512,2024-08-26,Billing,The website was slow when I tried to log in yesterday.,2,9,0,1
C00514,2022-05-20,Billing,I have been waiting over a week for someone to call me back.,3,13,1,1
C00515,2024-05-13,Account Management,The technician did not show up at the agreed time without any notice.,3,19,1,1
C00516,2024-12-10,Service Quality,I took a day off work for the technician and nobody came.,4,19,1,0
C00516,2024-12-28,Outage,"There was a small discrepancy on my statement, now resolved.",2,3,0,1
C00516,2023-12-09,Service Quality,My meter reading submission didn't go through on the first try.,2,9,0,0
C00517,2024-12-22,Service Quality,This is absolutely disgraceful. I am filing a formal complaint with the regulator.,5,14,0,0
C00517,2023-09-18,Technical,I am considering switching providers if this is not fixed immediately.,4,9,0,0
C00518,2024-09-26,Outage,I would like to check my current balance please.,1,6,0,1
C00518,2024-11-17,Outage,Response time was a bit slower than last time I called.,2,10,1,1
C00518,2024-04-06,Outage,I have escalated this complaint twice and it is still not resolved.,4,24,0,0
C00519,2022-04-18,Outage,The email confirmation for my account change took two days to arrive.,2,12,1,0
C00519,2024-04-01,Billing,Could you send me a copy of last month's bill?,1,7,0,1
C00519,2024-10-19,Account Management,The technician did not show up at the agreed time without any notice.,3,17,1,1
C00519,2022-12-24,Technical,My bill was slightly higher than I expected this month.,2,9,1,1
C00520,2023-09-27,Outage,I would like to check my current balance please.,1,3,0,1
C00520,2023-12-06,Outage,My meter reading submission didn't go through on the first try.,2,7,0,0
C00520,2023-09-07,Account Management,I am going to leave a public review warning everyone about this company.,5,29,1,1
C00520,2024-04-27,Technical,I want a formal complaint registered. This has gone on too long.,4,2,1,0
C00522,2024-03-18,Outage,I was treated rudely on my last call and I want this addressed.,4,5,0,0
C00523,2024-02-04,Meter Reading,I am contacting my lawyer. This is negligent and completely unacceptable.,5,3,0,0
C00523,2024-01-10,Account Management,I have been waiting over a week for someone to call me back.,3,9,0,1
C00524,2022-09-02,Outage,I waited longer than usual for a callback but it came eventually.,2,8,1,1
C00524,2023-02-14,Billing,The email confirmation for my account change took two days to arrive.,2,5,0,0
C00524,2024-05-06,Outage,"Three technicians, three no-shows. I have lost my patience entirely.",5,16,0,0
C00526,2024-12-20,Billing,My bill was slightly higher than I expected this month.,2,7,0,1
C00526,2022-03-22,Account Management,I had trouble navigating the new online portal at first.,2,7,0,0
C00526,2024-12-20,Billing,Can you confirm my direct debit amount?,1,7,0,1
C00526,2022-07-15,Account Management,I was on hold for about 20 minutes which felt long.,2,10,1,1
C00527,2024-07-25,Account Management,The online chat bot could not help me and I had to call anyway.,3,3,1,0
C00527,2022-01-04,Technical,I was treated rudely on my last call and I want this addressed.,4,6,0,0
C00527,2024-10-17,Meter Reading,My account was charged incorrectly and I am still waiting for a credit.,3,1,0,1
C00527,2022-03-02,Account Management,I was on hold for about 20 minutes which felt long.,2,4,0,1
C00527,2023-03-01,Billing,My meter reading submission didn't go through on the first try.,2,11,0,1
C00528,2023-05-24,Account Management,Response time was a bit slower than last time I called.,2,14,0,1
C00529,2024-12-20,Outage,My power has been out for two days and nobody has given me an update.,4,3,1,1
C00530,2022-08-13,Account Management,My account was charged incorrectly and I am still waiting for a credit.,3,13,0,1
C00531,2022-12-04,Technical,Response time was a bit slower than last time I called.,2,9,0,1
C00531,2024-09-04,Meter Reading,I was on hold for about 20 minutes which felt long.,2,13,0,0
C00532,2023-07-28,Billing,Calling to update my billing address.,1,6,0,1
C00532,2024-09-01,Meter Reading,The technician did not show up at the agreed time without any notice.,3,3,0,0
C00532,2024-07-19,Outage,Quick question about the new tariff letter I received.,1,4,0,1
C00533,2024-08-05,Billing,I waited longer than usual for a callback but it came eventually.,2,7,0,1
C00534,2023-02-20,Service Quality,Quick question about the new tariff letter I received.,1,8,1,1
C00534,2022-12-05,Service Quality,The technician arrived a bit late but did a good job.,2,12,0,1
C00535,2024-02-24,Billing,The rate increase was not communicated clearly and came as a surprise.,3,7,1,1
C00535,2024-11-28,Technical,I was on hold for about 20 minutes which felt long.,2,4,1,1
C00535,2023-12-14,Account Management,I was on hold for about 20 minutes which felt long.,2,1,0,1
C00536,2024-04-20,Outage,The level of service I am receiving is completely unacceptable.,4,21,1,1
C00536,2024-05-05,Billing,The technician arrived a bit late but did a good job.,2,13,0,1
C00537,2023-05-02,Outage,I have been trying to get this resolved for two weeks now.,3,3,0,1
C00537,2022-03-08,Outage,I would like to know my current contract end date.,1,6,0,1
C00537,2024-11-17,Outage,My bill has errors and I have had to call twice about the same issue.,3,13,1,1
C00538,2024-11-21,Service Quality,Quick question about the new tariff letter I received.,1,9,0,1
C00539,2022-09-24,Outage,This is absolutely disgraceful. I am filing a formal complaint with the regulator.,5,8,1,0
C00539,2022-05-10,Billing,I have been waiting over a week for someone to call me back.,3,2,0,1
C00540,2024-10-12,Outage,Response time was a bit slower than last time I called.,2,5,0,1
C00540,2024-08-20,Meter Reading,Calling to update my billing address.,1,1,0,1
C00541,2024-05-21,Billing,The worst customer experience I have ever had in my life.,5,7,0,0
C00541,2022-04-04,Meter Reading,I would like to check my current balance please.,1,8,0,0
C00541,2022-01-14,Account Management,I was treated rudely on my last call and I want this addressed.,4,20,1,0
C00542,2024-07-28,Meter Reading,The rate increase was not communicated clearly and came as a surprise.,3,7,0,1
C00542,2024-01-25,Technical,I was on hold for about 20 minutes which felt long.,2,11,1,0
C00542,2024-07-18,Service Quality,I have been trying to get this resolved for two weeks now.,3,4,0,0
C00542,2024-10-01,Billing,My account was charged incorrectly and I am still waiting for a credit.,3,5,0,0
C00543,2022-09-24,Outage,My power has been out for two days and nobody has given me an update.,4,20,1,0
C00543,2023-10-04,Meter Reading,I am considering switching providers if this is not fixed immediately.,4,6,0,1
C00543,2024-11-18,Meter Reading,I was treated rudely on my last call and I want this addressed.,4,6,0,0
C00543,2023-10-23,Account Management,The email confirmation for my account change took two days to arrive.,2,1,0,0
C00543,2022-09-02,Account Management,Can you confirm my direct debit amount?,1,2,1,1
C00543,2023-11-14,Billing,The email confirmation for my account change took two days to arrive.,2,9,0,1
C00543,2024-05-04,Account Management,This is absolutely disgraceful. I am filing a formal complaint with the regulator.,5,19,1,1
C00544,2024-04-24,Billing,I am switching providers immediately. I cannot tolerate this incompetence.,5,9,0,1
C00544,2023-02-03,Service Quality,My account was charged incorrectly and I am still waiting for a credit.,3,8,0,1
C00545,2024-03-10,Meter Reading,Just checking when my next meter read is scheduled.,1,2,0,1
C00545,2024-01-16,Service Quality,"Everything is fine, just updating my details.",1,1,1,1
C00546,2024-10-28,Billing,My bill has errors and I have had to call twice about the same issue.,3,15,1,0
C00547,2023-04-25,Outage,Could you send me a copy of last month's bill?,1,8,1,1
C00547,2023-09-19,Account Management,I have been without power for five days and your team does not care at all.,5,27,1,0
C00547,2024-03-28,Billing,"Three technicians, three no-shows. I have lost my patience entirely.",5,15,0,0
C00548,2023-05-15,Meter Reading,Just checking when my next meter read is scheduled.,1,3,0,1
C00549,2022-06-26,Technical,The technician arrived a bit late but did a good job.,2,14,0,0
C00549,2023-10-11,Outage,This is the third billing error in a row. I am losing patience.,4,22,1,0
C00549,2024-04-10,Outage,I want to switch to paperless billing.,1,8,0,1
C00549,2022-08-21,Account Management,I am not satisfied with how my previous complaint was handled.,3,3,0,1
C00550,2024-12-07,Billing,I am considering switching providers if this is not fixed immediately.,4,2,0,0
C00550,2024-05-26,Billing,I need to change my contact phone number on the account.,1,3,0,1
C00550,2023-12-04,Billing,I would like to know my current contract end date.,1,1,1,1
C00551,2023-04-18,Outage,The email confirmation for my account change took two days to arrive.,2,4,0,1
C00552,2024-02-05,Meter Reading,I am going to leave a public review warning everyone about this company.,5,24,1,0
C00553,2022-06-16,Outage,I took a day off work for the technician and nobody came.,4,6,0,0
C00553,2023-06-21,Meter Reading,I have been waiting over a week for someone to call me back.,3,12,1,0
C00554,2024-10-10,Meter Reading,My bill was slightly higher than I expected this month.,2,14,0,1
C00555,2023-03-06,Meter Reading,"Three technicians, three no-shows. I have lost my patience entirely.",5,5,1,0
C00555,2024-11-20,Meter Reading,Quick question about the new tariff letter I received.,1,6,0,1
C00555,2022-01-07,Account Management,The technician did not show up at the agreed time without any notice.,3,12,0,1
C00556,2023-04-02,Technical,The online chat bot could not help me and I had to call anyway.,3,3,0,0
C00556,2023-03-24,Billing,The technician did not show up at the agreed time without any notice.,3,18,0,0
C00557,2024-11-20,Account Management,Response time was a bit slower than last time I called.,2,12,0,1
C00557,2024-05-13,Meter Reading,The online chat bot could not help me and I had to call anyway.,3,8,0,0
C00557,2024-07-22,Meter Reading,I am considering switching providers if this is not fixed immediately.,4,1,0,0
C00557,2024-11-08,Outage,Response time was a bit slower than last time I called.,2,3,1,1
C00558,2022-11-07,Account Management,My meter reading submission didn't go through on the first try.,2,6,1,1
C00558,2023-07-16,Service Quality,My power has been out for two days and nobody has given me an update.,4,19,0,0
C00559,2022-12-24,Service Quality,The customer service agent I spoke to was not very helpful.,3,14,0,1
C00560,2024-09-24,Outage,Your company has overcharged me for months and nobody will fix it.,5,2,0,0
C00560,2023-10-01,Technical,I waited longer than usual for a callback but it came eventually.,2,6,1,1
C00560,2022-07-12,Meter Reading,"Three technicians, three no-shows. I have lost my patience entirely.",5,28,1,0
C00560,2022-04-04,Service Quality,I feel like loyal customers are not being valued the way they should be.,3,4,0,0
C00560,2023-04-22,Service Quality,Nobody in your company seems to take responsibility for anything.,4,21,0,1
C00563,2023-03-25,Account Management,I feel like loyal customers are not being valued the way they should be.,3,19,0,1
C00563,2023-04-06,Technical,I am not satisfied with how my previous complaint was handled.,3,1,1,0
C00563,2022-12-25,Meter Reading,I am switching providers immediately. I cannot tolerate this incompetence.,5,5,0,0
C00564,2024-01-15,Account Management,I had trouble navigating the new online portal at first.,2,3,0,0
C00565,2022-06-11,Account Management,"There was a small discrepancy on my statement, now resolved.",2,6,0,1
C00565,2023-01-02,Account Management,I waited longer than usual for a callback but it came eventually.,2,8,0,1
C00566,2023-09-15,Meter Reading,The technician did not show up at the agreed time without any notice.,3,8,0,1
C00566,2024-07-27,Account Management,"Everything is fine, just updating my details.",1,9,0,1
C00567,2024-12-06,Account Management,My account was charged incorrectly and I am still waiting for a credit.,3,4,0,1
C00568,2024-12-07,Service Quality,My bill has errors and I have had to call twice about the same issue.,3,16,0,0
C00568,2022-05-14,Outage,"Everything is fine, just updating my details.",1,5,0,1
C00568,2022-05-12,Meter Reading,My meter reading submission didn't go through on the first try.,2,1,0,1
C00569,2024-02-25,Account Management,I need to change my contact phone number on the account.,1,2,0,1
C00572,2022-07-14,Service Quality,I feel like loyal customers are not being valued the way they should be.,3,12,0,1
C00573,2022-11-26,Billing,The customer service agent I spoke to was not very helpful.,3,18,0,1
C00573,2022-01-24,Billing,I feel like loyal customers are not being valued the way they should be.,3,10,0,1
C00574,2024-03-27,Outage,My bill was slightly higher than I expected this month.,2,14,1,1
C00574,2024-08-01,Billing,I took a day off work for the technician and nobody came.,4,6,0,1
C00574,2024-12-03,Technical,I have been waiting over a week for someone to call me back.,3,12,0,1
C00575,2024-03-07,Technical,I have escalated this complaint twice and it is still not resolved.,4,4,1,0
C00575,2024-03-28,Account Management,Just checking when my next meter read is scheduled.,1,1,0,1
C00575,2024-01-08,Technical,The rate increase was not communicated clearly and came as a surprise.,3,6,0,0
C00575,2024-09-06,Account Management,I have been waiting over a week for someone to call me back.,3,16,0,1
C00575,2024-07-05,Technical,I had trouble navigating the new online portal at first.,2,12,0,1
C00576,2024-06-28,Billing,I feel like loyal customers are not being valued the way they should be.,3,10,1,1
C00576,2022-12-21,Outage,I am contacting my lawyer. This is negligent and completely unacceptable.,5,8,0,0
C00577,2023-09-12,Meter Reading,This is absolutely disgraceful. I am filing a formal complaint with the regulator.,5,10,1,0
C00577,2022-08-02,Technical,I feel like loyal customers are not being valued the way they should be.,3,18,0,1
C00578,2024-08-25,Outage,I was on hold for about 20 minutes which felt long.,2,11,0,1
C00578,2023-11-09,Meter Reading,I am switching providers immediately. I cannot tolerate this incompetence.,5,16,1,1
C00579,2023-12-25,Account Management,I had trouble navigating the new online portal at first.,2,10,0,1
C00580,2024-12-11,Outage,I am very unhappy with the service. My complaint from last month is still open.,4,24,0,1
C00580,2023-09-22,Outage,The level of service I am receiving is completely unacceptable.,4,16,1,0
C00582,2023-01-09,Meter Reading,"There was a small discrepancy on my statement, now resolved.",2,11,0,1
C00582,2023-12-04,Billing,I have been waiting over a week for someone to call me back.,3,11,0,1
C00582,2022-10-19,Technical,I have escalated this complaint twice and it is still not resolved.,4,12,1,0
C00583,2023-02-26,Outage,The online chat bot could not help me and I had to call anyway.,3,6,0,1
C00583,2024-09-27,Account Management,I am switching providers immediately. I cannot tolerate this incompetence.,5,5,1,1
C00583,2024-08-25,Meter Reading,My account was charged incorrectly and I am still waiting for a credit.,3,15,0,1
C00583,2024-03-12,Account Management,I was on hold for about 20 minutes which felt long.,2,9,0,1
C00584,2024-07-24,Technical,I was treated rudely on my last call and I want this addressed.,4,3,1,0
C00584,2024-01-03,Service Quality,I want to switch to paperless billing.,1,4,1,1
C00585,2024-07-04,Technical,The email confirmation for my account change took two days to arrive.,2,4,0,1
C00585,2022-04-14,Technical,The website was slow when I tried to log in yesterday.,2,14,0,1
C00585,2024-07-07,Account Management,I have been without power for five days and your team does not care at all.,5,10,1,0
C00585,2022-09-12,Billing,I feel like loyal customers are not being valued the way they should be.,3,17,1,1
C00585,2023-12-27,Billing,The customer service agent I spoke to was not very helpful.,3,4,1,1
C00586,2024-01-22,Service Quality,"Three technicians, three no-shows. I have lost my patience entirely.",5,27,0,0
C00587,2023-12-14,Service Quality,I feel like loyal customers are not being valued the way they should be.,3,4,0,0
C00587,2024-09-03,Technical,I took a day off work for the technician and nobody came.,4,17,0,1
C00587,2022-10-15,Service Quality,The online chat bot could not help me and I had to call anyway.,3,12,1,0
C00588,2023-09-20,Service Quality,Calling to update my billing address.,1,4,0,1
C00588,2024-06-20,Account Management,I have been trying to get this resolved for two weeks now.,3,16,0,0
C00589,2024-02-28,Billing,The technician did not show up at the agreed time without any notice.,3,2,0,0
C00589,2023-08-27,Service Quality,I waited longer than usual for a callback but it came eventually.,2,5,0,1
C00590,2022-04-12,Billing,My meter reading submission didn't go through on the first try.,2,10,1,1
C00591,2022-01-04,Account Management,I would like to know my current contract end date.,1,8,0,1
C00592,2024-05-20,Outage,The rate increase was not communicated clearly and came as a surprise.,3,6,1,1
C00592,2022-06-25,Meter Reading,I am going to leave a public review warning everyone about this company.,5,27,0,1
C00593,2023-04-28,Billing,My account was charged incorrectly and I am still waiting for a credit.,3,6,1,1
C00594,2023-06-27,Meter Reading,I am considering switching providers if this is not fixed immediately.,4,9,0,0
C00594,2023-07-24,Technical,I am not satisfied with how my previous complaint was handled.,3,12,1,1
C00594,2024-10-18,Billing,I feel like loyal customers are not being valued the way they should be.,3,2,1,1
C00595,2022-05-04,Technical,I feel like loyal customers are not being valued the way they should be.,3,17,0,0
C00595,2023-05-15,Meter Reading,The level of service I am receiving is completely unacceptable.,4,9,1,1
C00597,2023-10-12,Outage,I feel like loyal customers are not being valued the way they should be.,3,12,0,1
C00597,2023-08-28,Service Quality,This is the third billing error in a row. I am losing patience.,4,22,0,0
C00597,2023-10-23,Technical,I am switching providers immediately. I cannot tolerate this incompetence.,5,5,0,1
C00597,2023-07-23,Service Quality,I am contacting my lawyer. This is negligent and completely unacceptable.,5,18,0,0
C00598,2024-01-26,Service Quality,I am contacting my lawyer. This is negligent and completely unacceptable.,5,16,0,0
C00598,2024-05-15,Meter Reading,My power has been out for two days and nobody has given me an update.,4,7,1,0
C00599,2024-08-03,Outage,I feel like loyal customers are not being valued the way they should be.,3,17,1,0
C00600,2022-05-17,Account Management,The worst customer experience I have ever had in my life.,5,18,1,0
C00600,2023-06-14,Billing,I am very unhappy with the service. My complaint from last month is still open.,4,24,1,0
C00601,2024-07-24,Outage,My account was charged incorrectly and I am still waiting for a credit.,3,16,0,1
C00601,2024-10-26,Account Management,The technician arrived a bit late but did a good job.,2,2,0,1
C00601,2022-10-14,Meter Reading,The online chat bot could not help me and I had to call anyway.,3,8,0,0
C00601,2023-10-18,Billing,The technician arrived a bit late but did a good job.,2,4,0,0
C00602,2023-08-10,Outage,I am contacting my lawyer. This is negligent and completely unacceptable.,5,22,0,0
C00603,2022-04-06,Outage,The website was slow when I tried to log in yesterday.,2,13,0,0
C00603,2024-09-15,Meter Reading,The rate increase was not communicated clearly and came as a surprise.,3,6,0,1
C00604,2023-10-10,Billing,I have escalated this complaint twice and it is still not resolved.,4,13,0,0
C00604,2023-08-05,Service Quality,Nobody in your company seems to take responsibility for anything.,4,2,0,1
C00605,2024-10-08,Meter Reading,I was on hold for about 20 minutes which felt long.,2,11,0,1
C00605,2022-03-12,Outage,The email confirmation for my account change took two days to arrive.,2,11,0,1
C00606,2023-09-02,Service Quality,My bill was slightly higher than I expected this month.,2,8,0,1
C00606,2022-07-25,Service Quality,I am switching providers immediately. I cannot tolerate this incompetence.,5,3,1,0
C00606,2022-03-24,Billing,I feel like loyal customers are not being valued the way they should be.,3,7,1,1
C00607,2022-02-20,Technical,This is the third billing error in a row. I am losing patience.,4,16,0,1
C00608,2023-04-10,Meter Reading,I feel like loyal customers are not being valued the way they should be.,3,7,0,0
C00609,2022-12-01,Account Management,I want to cancel my account. I have had enough of this terrible service.,5,26,1,0
C00609,2024-12-08,Technical,My bill has errors and I have had to call twice about the same issue.,3,11,0,1
C00609,2022-06-12,Account Management,My power has been out for two days and nobody has given me an update.,4,11,0,1
C00610,2022-04-21,Billing,"Three technicians, three no-shows. I have lost my patience entirely.",5,6,1,0
C00610,2023-07-06,Meter Reading,I am not satisfied with how my previous complaint was handled.,3,2,1,0
C00611,2022-07-13,Account Management,The level of service I am receiving is completely unacceptable.,4,6,1,1
C00611,2022-07-18,Account Management,This is absolutely disgraceful. I am filing a formal complaint with the regulator.,5,14,0,0
C00613,2022-02-05,Billing,The technician did not show up at the agreed time without any notice.,3,9,0,1
C00613,2022-12-11,Account Management,Quick question about the new tariff letter I received.,1,9,0,1
C00614,2024-01-18,Billing,Can you confirm my direct debit amount?,1,9,0,1
C00614,2023-07-17,Billing,This is absolutely disgraceful. I am filing a formal complaint with the regulator.,5,15,0,1
C00615,2022-02-27,Technical,My bill was slightly higher than I expected this month.,2,3,0,1
C00615,2022-10-07,Meter Reading,I had trouble navigating the new online portal at first.,2,3,1,0
C00615,2022-11-16,Meter Reading,The website was slow when I tried to log in yesterday.,2,8,0,1
C00616,2023-10-19,Service Quality,My power has been out for two days and nobody has given me an update.,4,2,0,1
C00616,2023-11-03,Outage,The customer service agent I spoke to was not very helpful.,3,2,1,0
C00616,2023-04-15,Account Management,I have been trying to get this resolved for two weeks now.,3,9,0,0
C00617,2022-02-05,Outage,The level of service I am receiving is completely unacceptable.,4,12,0,0
C00617,2023-07-03,Billing,I am considering switching providers if this is not fixed immediately.,4,1,0,0
C00618,2024-01-07,Account Management,The customer service agent I spoke to was not very helpful.,3,5,1,1
C00618,2023-10-03,Meter Reading,My bill has errors and I have had to call twice about the same issue.,3,12,1,0
C00620,2024-07-08,Account Management,I want to cancel my account. I have had enough of this terrible service.,5,12,0,1
C00622,2023-06-28,Billing,My meter reading submission didn't go through on the first try.,2,4,0,1
C00623,2024-08-02,Billing,My meter reading submission didn't go through on the first try.,2,8,0,1
C00624,2022-07-16,Service Quality,The website was slow when I tried to log in yesterday.,2,3,0,1
C00624,2022-01-12,Billing,I was on hold for about 20 minutes which felt long.,2,12,0,1
C00624,2023-05-12,Account Management,Just checking when my next meter read is scheduled.,1,9,0,1
C00624,2022-10-20,Meter Reading,Just checking when my next meter read is scheduled.,1,1,0,1
C00625,2022-05-07,Service Quality,This is absolutely disgraceful. I am filing a formal complaint with the regulator.,5,10,0,0
C00625,2024-10-20,Outage,Quick question about the new tariff letter I received.,1,8,0,1
C00626,2023-07-08,Account Management,The level of service I am receiving is completely unacceptable.,4,14,1,0
C00626,2024-01-12,Outage,I have been waiting over a week for someone to call me back.,3,6,0,1
C00627,2024-05-07,Meter Reading,The technician did not show up at the agreed time without any notice.,3,2,1,1
C00627,2023-10-05,Technical,I am switching providers immediately. I cannot tolerate this incompetence.,5,16,0,1
C00627,2024-11-20,Meter Reading,"Three technicians, three no-shows. I have lost my patience entirely.",5,9,1,0
C00629,2024-08-09,Account Management,Your company has overcharged me for months and nobody will fix it.,5,26,0,0
C00629,2022-10-23,Service Quality,I waited longer than usual for a callback but it came eventually.,2,3,0,1
C00629,2023-12-21,Billing,"There was a small discrepancy on my statement, now resolved.",2,8,0,1
C00629,2023-06-16,Meter Reading,Nobody in your company seems to take responsibility for anything.,4,23,0,0
C00630,2022-06-28,Billing,I took a day off work for the technician and nobody came.,4,20,0,0
C00630,2024-02-21,Billing,I want to cancel my account. I have had enough of this terrible service.,5,18,1,1
C00631,2023-02-06,Meter Reading,I would like to know my current contract end date.,1,6,0,1
C00631,2024-08-06,Meter Reading,I need to change my contact phone number on the account.,1,1,0,1
C00632,2024-07-18,Billing,I was on hold for about 20 minutes which felt long.,2,9,0,1
C00632,2024-12-02,Technical,Just checking when my next meter read is scheduled.,1,8,0,1
C00633,2024-10-14,Technical,Can you confirm my direct debit amount?,1,2,0,1
C00633,2022-10-13,Account Management,The level of service I am receiving is completely unacceptable.,4,18,1,1
C00633,2022-01-28,Technical,"Everything is fine, just updating my details.",1,2,0,1
C00633,2022-07-28,Technical,I took a day off work for the technician and nobody came.,4,8,1,0
C00634,2022-05-27,Meter Reading,I want to switch to paperless billing.,1,5,0,0
C00635,2024-12-09,Technical,The rate increase was not communicated clearly and came as a surprise.,3,9,0,1
C00635,2023-04-21,Technical,My bill has errors and I have had to call twice about the same issue.,3,19,1,0
C00635,2023-02-12,Billing,I would like to know my current contract end date.,1,6,0,0
C00635,2023-05-08,Outage,Nobody in your company seems to take responsibility for anything.,4,18,1,1
C00635,2024-06-04,Billing,I feel like loyal customers are not being valued the way they should be.,3,16,1,1
C00636,2023-02-04,Account Management,I have escalated this complaint twice and it is still not resolved.,4,1,0,0
C00637,2022-12-18,Service Quality,I would like to check my current balance please.,1,6,0,1
C00637,2023-02-22,Technical,My bill has errors and I have had to call twice about the same issue.,3,16,0,0
C00638,2022-11-01,Outage,I would like to know my current contract end date.,1,1,0,1
C00638,2023-03-27,Service Quality,"There was a small discrepancy on my statement, now resolved.",2,2,0,0
C00638,2023-12-19,Account Management,Could you send me a copy of last month's bill?,1,6,0,1
C00639,2024-07-13,Billing,I am not satisfied with how my previous complaint was handled.,3,2,0,0
C00639,2024-12-15,Meter Reading,Your company has overcharged me for months and nobody will fix it.,5,6,1,0
C00639,2022-05-22,Technical,I would like to check my current balance please.,1,9,0,1
C00640,2023-05-04,Outage,"There was a small discrepancy on my statement, now resolved.",2,11,0,0
C00641,2024-07-01,Service Quality,I have been trying to get this resolved for two weeks now.,3,2,0,0
C00642,2024-11-24,Account Management,I was treated rudely on my last call and I want this addressed.,4,22,1,0
C00642,2022-08-25,Account Management,I had trouble navigating the new online portal at first.,2,14,0,0
C00642,2024-12-24,Technical,I was treated rudely on my last call and I want this addressed.,4,11,0,0
C00643,2024-05-09,Meter Reading,My meter reading submission didn't go through on the first try.,2,4,0,1
C00645,2024-12-18,Service Quality,Can you confirm my direct debit amount?,1,1,0,1
C00645,2022-09-07,Technical,Response time was a bit slower than last time I called.,2,8,0,1
C00647,2022-08-16,Service Quality,Calling to update my billing address.,1,9,1,1
C00648,2024-08-26,Technical,The technician arrived a bit late but did a good job.,2,4,0,1
C00649,2022-04-05,Service Quality,The level of service I am receiving is completely unacceptable.,4,17,1,0
C00649,2022-06-04,Technical,My account was charged incorrectly and I am still waiting for a credit.,3,10,0,1
C00649,2023-05-13,Outage,I am contacting my lawyer. This is negligent and completely unacceptable.,5,24,1,1
C00651,2023-08-17,Outage,I have been trying to get this resolved for two weeks now.,3,10,0,1
C00651,2022-05-02,Service Quality,My account was charged incorrectly and I am still waiting for a credit.,3,8,0,1
C00651,2023-08-19,Meter Reading,The email confirmation for my account change took two days to arrive.,2,13,0,0
C00651,2024-03-09,Technical,The website was slow when I tried to log in yesterday.,2,14,0,1
C00652,2024-08-21,Billing,My meter reading submission didn't go through on the first try.,2,8,1,1
C00653,2022-06-27,Technical,Your company has overcharged me for months and nobody will fix it.,5,10,0,0
C00653,2023-02-14,Technical,I feel like loyal customers are not being valued the way they should be.,3,17,1,1
C00654,2023-07-20,Account Management,Just checking when my next meter read is scheduled.,1,8,0,0
C00654,2023-02-15,Account Management,The website was slow when I tried to log in yesterday.,2,11,0,1
C00655,2022-06-28,Billing,The website was slow when I tried to log in yesterday.,2,7,0,0
C00656,2023-10-12,Account Management,"Everything is fine, just updating my details.",1,2,0,1
C00656,2023-03-20,Meter Reading,I want to cancel my account. I have had enough of this terrible service.,5,14,0,0
C00657,2022-02-04,Outage,My meter reading submission didn't go through on the first try.,2,3,0,1
C00657,2023-02-09,Technical,I was treated rudely on my last call and I want this addressed.,4,8,0,1
C00657,2024-11-15,Meter Reading,My bill was slightly higher than I expected this month.,2,7,0,1
C00658,2024-06-13,Meter Reading,The rate increase was not communicated clearly and came as a surprise.,3,3,0,0
C00658,2022-06-12,Outage,I was on hold for about 20 minutes which felt long.,2,11,1,1
C00658,2022-03-14,Service Quality,I took a day off work for the technician and nobody came.,4,4,0,0
C00658,2023-10-27,Technical,The customer service agent I spoke to was not very helpful.,3,5,0,1
C00658,2022-10-15,Account Management,I was treated rudely on my last call and I want this addressed.,4,19,0,1
C00659,2024-09-08,Technical,The rate increase was not communicated clearly and came as a surprise.,3,10,0,1
C00659,2024-11-08,Meter Reading,I want a full refund and I am cancelling everything today.,5,9,1,1
C00660,2023-02-21,Billing,Nobody in your company seems to take responsibility for anything.,4,23,0,1
C00660,2022-01-16,Service Quality,"Three technicians, three no-shows. I have lost my patience entirely.",5,2,1,0
C00660,2022-10-09,Billing,I feel like loyal customers are not being valued the way they should be.,3,16,0,1
C00660,2022-11-16,Meter Reading,I am not satisfied with how my previous complaint was handled.,3,12,0,1
C00660,2022-06-11,Meter Reading,The technician did not show up at the agreed time without any notice.,3,1,0,0
C00661,2023-05-21,Outage,Could you send me a copy of last month's bill?,1,5,0,1
C00661,2024-05-17,Technical,I have been without power for five days and your team does not care at all.,5,10,0,0
C00661,2023-01-16,Meter Reading,My meter reading submission didn't go through on the first try.,2,6,0,1
C00662,2022-11-24,Account Management,The technician did not show up at the agreed time without any notice.,3,9,0,0
C00662,2022-07-13,Service Quality,The email confirmation for my account change took two days to arrive.,2,3,0,0
C00662,2023-02-14,Technical,I am very unhappy with the service. My complaint from last month is still open.,4,12,0,1
C00663,2024-05-05,Technical,I have been trying to get this resolved for two weeks now.,3,16,0,0
C00663,2024-06-28,Service Quality,The website was slow when I tried to log in yesterday.,2,5,0,1
C00664,2023-11-03,Technical,I am considering switching providers if this is not fixed immediately.,4,14,0,0
C00664,2024-01-12,Account Management,I am very unhappy with the service. My complaint from last month is still open.,4,5,1,0
C00666,2023-09-05,Meter Reading,I want to switch to paperless billing.,1,5,1,1
C00668,2024-08-25,Outage,My account was charged incorrectly and I am still waiting for a credit.,3,9,0,0
C00668,2023-09-22,Outage,I have been trying to get this resolved for two weeks now.,3,19,0,1
C00668,2023-03-11,Billing,I have been waiting over a week for someone to call me back.,3,15,1,1
C00669,2022-02-02,Billing,"There was a small discrepancy on my statement, now resolved.",2,4,0,0
C00669,2023-05-25,Account Management,The worst customer experience I have ever had in my life.,5,13,0,0
C00669,2023-10-22,Account Management,The rate increase was not communicated clearly and came as a surprise.,3,4,1,0
C00670,2023-09-15,Meter Reading,I have escalated this complaint twice and it is still not resolved.,4,8,1,0
C00670,2023-05-01,Meter Reading,I feel like loyal customers are not being valued the way they should be.,3,3,0,0
C00670,2023-11-26,Outage,I took a day off work for the technician and nobody came.,4,18,1,1
C00671,2023-12-06,Service Quality,The level of service I am receiving is completely unacceptable.,4,15,0,1
C00671,2022-10-11,Account Management,My meter reading submission didn't go through on the first try.,2,11,0,0
C00673,2024-08-26,Meter Reading,The website was slow when I tried to log in yesterday.,2,2,1,1
C00673,2023-11-04,Outage,The rate increase was not communicated clearly and came as a surprise.,3,1,0,1
C00675,2022-10-19,Meter Reading,I am switching providers immediately. I cannot tolerate this incompetence.,5,4,1,1
C00675,2024-03-28,Service Quality,The customer service agent I spoke to was not very helpful.,3,18,1,1
C00676,2024-10-17,Outage,My account was charged incorrectly and I am still waiting for a credit.,3,10,1,1
C00676,2022-08-14,Meter Reading,Quick question about the new tariff letter I received.,1,1,1,1
C00677,2023-07-05,Meter Reading,Calling to update my billing address.,1,5,0,0
C00678,2024-07-17,Outage,Could you send me a copy of last month's bill?,1,4,0,1
C00678,2024-12-17,Technical,Could you send me a copy of last month's bill?,1,6,0,1
C00678,2024-12-18,Meter Reading,I would like to check my current balance please.,1,3,0,1
C00678,2024-06-02,Technical,I had trouble navigating the new online portal at first.,2,12,0,1
C00679,2022-01-25,Technical,I took a day off work for the technician and nobody came.,4,4,0,1
C00680,2023-01-08,Service Quality,I waited longer than usual for a callback but it came eventually.,2,1,0,0
C00683,2023-01-20,Account Management,I would like to know my current contract end date.,1,2,1,1
C00684,2024-05-03,Account Management,My bill has errors and I have had to call twice about the same issue.,3,19,0,1
C00684,2022-09-27,Outage,I want to switch to paperless billing.,1,3,0,1
C00685,2024-07-09,Account Management,My account was charged incorrectly and I am still waiting for a credit.,3,18,1,1
C00685,2023-01-11,Outage,The website was slow when I tried to log in yesterday.,2,1,0,1
C00685,2023-03-04,Outage,I want a full refund and I am cancelling everything today.,5,2,0,0
C00686,2022-06-21,Meter Reading,My power has been out for two days and nobody has given me an update.,4,9,1,1
C00686,2022-05-07,Account Management,I took a day off work for the technician and nobody came.,4,15,0,0
C00686,2023-01-11,Billing,Response time was a bit slower than last time I called.,2,5,1,0
C00686,2024-10-03,Billing,The technician arrived a bit late but did a good job.,2,5,0,0
C00687,2022-10-25,Meter Reading,I have been without power for five days and your team does not care at all.,5,10,1,0
C00688,2024-06-13,Technical,My meter reading submission didn't go through on the first try.,2,10,1,0
C00688,2023-05-10,Account Management,I took a day off work for the technician and nobody came.,4,22,1,1
C00689,2022-10-02,Billing,Nobody in your company seems to take responsibility for anything.,4,3,0,0
C00689,2024-06-10,Technical,I would like to know my current contract end date.,1,7,0,1
C00689,2024-10-03,Technical,My bill was slightly higher than I expected this month.,2,7,1,1
C00690,2024-11-20,Technical,Your company has overcharged me for months and nobody will fix it.,5,19,0,1
C00690,2024-10-27,Outage,The worst customer experience I have ever had in my life.,5,3,0,1
C00690,2023-06-11,Meter Reading,I would like to know my current contract end date.,1,5,0,1
C00690,2023-03-13,Account Management,Calling to update my billing address.,1,7,0,1
C00690,2024-07-19,Billing,Your company has overcharged me for months and nobody will fix it.,5,14,0,0
C00691,2024-04-13,Outage,The technician arrived a bit late but did a good job.,2,13,1,1
C00692,2023-12-13,Outage,I would like to know my current contract end date.,1,6,0,1
C00692,2022-11-19,Technical,I have been trying to get this resolved for two weeks now.,3,3,1,1
C00692,2024-10-25,Outage,The technician arrived a bit late but did a good job.,2,14,0,1
C00693,2024-01-28,Technical,I was treated rudely on my last call and I want this addressed.,4,1,1,1
C00693,2024-08-01,Technical,I would like to know my current contract end date.,1,3,0,1
C00693,2024-08-02,Account Management,The online chat bot could not help me and I had to call anyway.,3,3,1,1
C00693,2022-08-02,Service Quality,The worst customer experience I have ever had in my life.,5,28,1,0
C00697,2022-09-01,Account Management,The technician did not show up at the agreed time without any notice.,3,18,0,1
C00697,2024-06-26,Outage,I am contacting my lawyer. This is negligent and completely unacceptable.,5,6,1,1
C00698,2024-11-01,Meter Reading,I would like to know my current contract end date.,1,3,1,1
C00698,2023-10-20,Technical,I would like to check my current balance please.,1,6,1,1
C00699,2024-03-20,Outage,I need to change my contact phone number on the account.,1,9,0,1
C00701,2024-03-19,Billing,I took a day off work for the technician and nobody came.,4,19,1,0
C00702,2024-05-02,Technical,My bill was slightly higher than I expected this month.,2,3,0,1
C00702,2022-06-01,Meter Reading,I was on hold for about 20 minutes which felt long.,2,13,0,1
C00703,2023-08-04,Technical,Response time was a bit slower than last time I called.,2,1,0,1
C00703,2024-08-23,Billing,My meter reading submission didn't go through on the first try.,2,10,0,1
C00703,2023-06-20,Outage,I waited longer than usual for a callback but it came eventually.,2,12,1,1
C00703,2023-10-19,Meter Reading,The online chat bot could not help me and I had to call anyway.,3,18,0,0
C00703,2024-02-03,Meter Reading,I am very unhappy with the service. My complaint from last month is still open.,4,20,0,1
C00704,2024-06-07,Billing,I was on hold for about 20 minutes which felt long.,2,12,0,1
C00704,2023-12-10,Outage,The website was slow when I tried to log in yesterday.,2,13,1,1
C00704,2023-11-26,Meter Reading,I took a day off work for the technician and nobody came.,4,3,1,0
C00704,2024-03-22,Billing,I feel like loyal customers are not being valued the way they should be.,3,18,0,1
C00704,2024-11-21,Meter Reading,I need to change my contact phone number on the account.,1,3,1,0
C00704,2024-10-24,Service Quality,I need to change my contact phone number on the account.,1,1,0,1
C00705,2024-04-14,Account Management,My bill was slightly higher than I expected this month.,2,8,0,1
C00706,2022-06-27,Outage,The worst customer experience I have ever had in my life.,5,7,0,0
C00706,2024-10-24,Outage,I am not satisfied with how my previous complaint was handled.,3,9,0,1
C00707,2024-12-06,Service Quality,The level of service I am receiving is completely unacceptable.,4,4,1,0
C00707,2024-02-19,Account Management,I was treated rudely on my last call and I want this addressed.,4,21,0,0
C00707,2024-07-10,Billing,My meter reading submission didn't go through on the first try.,2,1,0,1
C00707,2024-10-13,Technical,Response time was a bit slower than last time I called.,2,6,0,1
C00708,2022-04-26,Outage,I have escalated this complaint twice and it is still not resolved.,4,21,1,0
C00708,2023-08-10,Billing,My power has been out for two days and nobody has given me an update.,4,14,0,1
C00709,2023-01-25,Meter Reading,I had trouble navigating the new online portal at first.,2,11,0,1
C00709,2024-03-12,Outage,I was on hold for about 20 minutes which felt long.,2,2,0,1
C00709,2024-11-04,Technical,Just checking when my next meter read is scheduled.,1,4,0,0
C00710,2023-09-18,Account Management,I have been waiting over a week for someone to call me back.,3,13,0,0
C00710,2022-07-27,Meter Reading,My bill was slightly higher than I expected this month.,2,7,0,1
C00712,2023-10-05,Billing,Nobody in your company seems to take responsibility for anything.,4,7,1,0
C00712,2022-03-17,Billing,I feel like loyal customers are not being valued the way they should be.,3,19,1,0
C00713,2023-03-22,Account Management,The customer service agent I spoke to was not very helpful.,3,3,0,0
C00714,2022-01-25,Account Management,The technician arrived a bit late but did a good job.,2,6,0,0
C00714,2024-04-02,Outage,"There was a small discrepancy on my statement, now resolved.",2,14,0,0
C00715,2022-12-24,Billing,"There was a small discrepancy on my statement, now resolved.",2,2,1,1
C00716,2023-04-08,Outage,I took a day off work for the technician and nobody came.,4,13,0,0
C00716,2023-01-02,Service Quality,My meter reading submission didn't go through on the first try.,2,13,1,1
C00716,2023-12-07,Meter Reading,I have escalated this complaint twice and it is still not resolved.,4,18,0,0
C00716,2022-11-07,Meter Reading,Response time was a bit slower than last time I called.,2,11,0,1
C00717,2024-11-08,Meter Reading,"There was a small discrepancy on my statement, now resolved.",2,1,1,0
C00719,2024-04-16,Account Management,I have escalated this complaint twice and it is still not resolved.,4,20,0,1
C00719,2024-12-20,Technical,I need to change my contact phone number on the account.,1,3,0,1
C00719,2023-08-14,Meter Reading,The customer service agent I spoke to was not very helpful.,3,10,0,1
C00719,2022-09-18,Outage,Nobody in your company seems to take responsibility for anything.,4,6,1,0
C00719,2022-04-22,Service Quality,I waited longer than usual for a callback but it came eventually.,2,9,1,1
C00720,2022-01-13,Meter Reading,Nobody in your company seems to take responsibility for anything.,4,24,0,0
C00721,2024-07-22,Service Quality,The email confirmation for my account change took two days to arrive.,2,4,1,0
C00721,2023-11-13,Meter Reading,The rate increase was not communicated clearly and came as a surprise.,3,16,0,0
C00721,2024-12-07,Account Management,I am contacting my lawyer. This is negligent and completely unacceptable.,5,20,1,0
C00722,2024-10-22,Account Management,I need to change my contact phone number on the account.,1,6,0,1
C00722,2024-08-06,Account Management,The technician did not show up at the agreed time without any notice.,3,15,0,0
C00722,2024-03-23,Account Management,This is the third billing error in a row. I am losing patience.,4,19,0,0
C00723,2022-06-17,Outage,My power has been out for two days and nobody has given me an update.,4,5,0,1
C00723,2024-01-02,Billing,I waited longer than usual for a callback but it came eventually.,2,12,0,0
C00724,2023-06-27,Meter Reading,My power has been out for two days and nobody has given me an update.,4,12,1,1
C00724,2024-03-13,Service Quality,Response time was a bit slower than last time I called.,2,7,0,0
C00724,2024-11-07,Meter Reading,"Everything is fine, just updating my details.",1,3,0,1
C00724,2024-08-04,Technical,I want to cancel my account. I have had enough of this terrible service.,5,27,1,0
C00725,2024-05-25,Account Management,The level of service I am receiving is completely unacceptable.,4,8,1,0
C00725,2023-06-24,Billing,I want to cancel my account. I have had enough of this terrible service.,5,13,0,1
C00725,2024-03-14,Outage,The technician did not show up at the agreed time without any notice.,3,5,0,1
C00727,2023-09-22,Outage,I would like to know my current contract end date.,1,4,0,1
C00727,2024-12-16,Billing,My bill has errors and I have had to call twice about the same issue.,3,11,0,0
C00728,2024-06-24,Technical,I had trouble navigating the new online portal at first.,2,11,0,1
C00728,2024-08-13,Billing,I am considering switching providers if this is not fixed immediately.,4,21,0,0
C00730,2024-06-12,Billing,I would like to know my current contract end date.,1,9,1,1
C00730,2023-11-23,Outage,Response time was a bit slower than last time I called.,2,12,0,1
C00731,2023-02-11,Account Management,The online chat bot could not help me and I had to call anyway.,3,8,1,1
C00732,2024-12-05,Service Quality,The worst customer experience I have ever had in my life.,5,8,0,1
C00732,2023-07-24,Billing,I was treated rudely on my last call and I want this addressed.,4,17,1,0
C00732,2023-12-23,Account Management,The technician did not show up at the agreed time without any notice.,3,7,1,1
C00732,2023-09-02,Outage,I have been trying to get this resolved for two weeks now.,3,19,0,0
C00732,2023-10-17,Technical,I am very unhappy with the service. My complaint from last month is still open.,4,24,0,0
C00733,2024-10-10,Service Quality,"Everything is fine, just updating my details.",1,6,0,1
C00734,2022-06-13,Billing,I am not satisfied with how my previous complaint was handled.,3,11,1,1
C00734,2022-11-20,Meter Reading,I am going to leave a public review warning everyone about this company.,5,1,1,0
C00734,2023-10-15,Account Management,I feel like loyal customers are not being valued the way they should be.,3,11,1,0
C00734,2024-02-12,Meter Reading,I want to switch to paperless billing.,1,4,0,0
C00735,2024-07-02,Account Management,The technician did not show up at the agreed time without any notice.,3,17,0,1
C00736,2022-08-17,Service Quality,I want to cancel my account. I have had enough of this terrible service.,5,20,1,0
C00737,2024-02-14,Account Management,I am not satisfied with how my previous complaint was handled.,3,5,0,0
C00737,2022-08-07,Technical,I want to cancel my account. I have had enough of this terrible service.,5,13,1,1
C00738,2022-12-17,Service Quality,This is the third billing error in a row. I am losing patience.,4,12,1,1
C00739,2023-02-26,Service Quality,I need to change my contact phone number on the account.,1,9,0,1
C00740,2022-04-20,Outage,The customer service agent I spoke to was not very helpful.,3,9,0,1
C00740,2023-03-11,Technical,My meter reading submission didn't go through on the first try.,2,4,0,1
C00740,2022-02-26,Billing,Nobody in your company seems to take responsibility for anything.,4,7,0,1
C00741,2022-11-09,Billing,This is the third billing error in a row. I am losing patience.,4,1,0,0
C00741,2023-12-11,Service Quality,"Everything is fine, just updating my details.",1,9,0,1
C00741,2022-02-06,Meter Reading,I feel like loyal customers are not being valued the way they should be.,3,13,0,1
C00743,2023-03-21,Service Quality,"There was a small discrepancy on my statement, now resolved.",2,8,0,1
C00744,2022-06-21,Technical,I had trouble navigating the new online portal at first.,2,8,1,1
C00744,2022-10-10,Technical,My meter reading submission didn't go through on the first try.,2,12,0,1
C00744,2022-04-25,Outage,I want a full refund and I am cancelling everything today.,5,15,1,0
C00745,2023-09-26,Billing,I was treated rudely on my last call and I want this addressed.,4,16,0,0
C00746,2024-03-19,Technical,I had trouble navigating the new online portal at first.,2,3,0,1
C00747,2023-10-01,Meter Reading,The customer service agent I spoke to was not very helpful.,3,13,0,1
C00747,2023-06-27,Meter Reading,This is the third billing error in a row. I am losing patience.,4,22,0,1
C00748,2022-03-19,Meter Reading,I would like to check my current balance please.,1,7,0,1
C00748,2022-12-19,Service Quality,The rate increase was not communicated clearly and came as a surprise.,3,16,0,0
C00749,2023-04-11,Meter Reading,The website was slow when I tried to log in yesterday.,2,10,0,1
C00749,2023-03-27,Meter Reading,Just checking when my next meter read is scheduled.,1,6,0,1
C00750,2023-09-19,Service Quality,My meter reading submission didn't go through on the first try.,2,8,0,1
C00750,2023-07-23,Outage,I want a formal complaint registered. This has gone on too long.,4,5,0,0
C00751,2023-12-27,Outage,I would like to know my current contract end date.,1,1,0,1
C00751,2023-09-06,Service Quality,The technician arrived a bit late but did a good job.,2,10,1,1
C00753,2024-05-08,Account Management,I have been trying to get this resolved for two weeks now.,3,10,0,1
C00753,2024-02-04,Meter Reading,Quick question about the new tariff letter I received.,1,3,1,1
C00753,2024-06-14,Outage,My bill was slightly higher than I expected this month.,2,2,1,0
C00754,2024-02-09,Service Quality,The website was slow when I tried to log in yesterday.,2,8,0,1
C00754,2024-03-27,Outage,My bill has errors and I have had to call twice about the same issue.,3,18,1,0
C00755,2024-05-15,Account Management,My power has been out for two days and nobody has given me an update.,4,3,0,0
C00755,2022-01-26,Service Quality,I am not satisfied with how my previous complaint was handled.,3,2,0,1
C00756,2024-01-24,Service Quality,Response time was a bit slower than last time I called.,2,11,1,1
C00756,2023-09-15,Meter Reading,"Everything is fine, just updating my details.",1,1,0,1
C00756,2024-11-23,Account Management,My bill was slightly higher than I expected this month.,2,6,0,1
C00757,2024-01-11,Technical,I had trouble navigating the new online portal at first.,2,12,0,1
C00757,2023-07-09,Billing,Just checking when my next meter read is scheduled.,1,4,0,1
C00757,2024-05-24,Account Management,I need to change my contact phone number on the account.,1,5,0,1
C00757,2023-03-25,Billing,Can you confirm my direct debit amount?,1,6,0,1
C00757,2023-09-09,Technical,"Everything is fine, just updating my details.",1,4,1,0
C00757,2024-01-02,Service Quality,I have been trying to get this resolved for two weeks now.,3,15,0,0
C00758,2022-01-17,Technical,My account was charged incorrectly and I am still waiting for a credit.,3,4,1,0
C00759,2023-11-16,Service Quality,I was treated rudely on my last call and I want this addressed.,4,19,1,0
C00760,2024-05-18,Account Management,Could you send me a copy of last month's bill?,1,1,0,1
C00761,2023-06-13,Outage,My power has been out for two days and nobody has given me an update.,4,17,0,1
C00761,2023-10-04,Technical,I am not satisfied with how my previous complaint was handled.,3,4,0,1
C00762,2023-04-06,Service Quality,The technician arrived a bit late but did a good job.,2,7,0,1
C00762,2024-07-03,Technical,My power has been out for two days and nobody has given me an update.,4,24,1,1
C00762,2024-06-20,Technical,I am switching providers immediately. I cannot tolerate this incompetence.,5,3,0,1
C00763,2023-10-16,Service Quality,I was treated rudely on my last call and I want this addressed.,4,6,1,1
C00763,2022-11-13,Billing,I waited longer than usual for a callback but it came eventually.,2,6,0,0
C00763,2023-02-19,Billing,My bill has errors and I have had to call twice about the same issue.,3,8,0,1
C00764,2023-01-08,Meter Reading,I have been trying to get this resolved for two weeks now.,3,17,0,1
C00764,2022-05-21,Meter Reading,I am very unhappy with the service. My complaint from last month is still open.,4,16,0,1
C00764,2023-06-12,Outage,I want to cancel my account. I have had enough of this terrible service.,5,5,0,0
C00764,2024-01-25,Meter Reading,My account was charged incorrectly and I am still waiting for a credit.,3,4,0,1
C00765,2023-05-14,Outage,My account was charged incorrectly and I am still waiting for a credit.,3,2,0,1
C00765,2024-08-27,Service Quality,I was treated rudely on my last call and I want this addressed.,4,4,0,1
C00765,2023-10-09,Technical,Quick question about the new tariff letter I received.,1,4,0,1
C00765,2022-01-27,Service Quality,I feel like loyal customers are not being valued the way they should be.,3,3,1,1
C00766,2023-11-22,Technical,Response time was a bit slower than last time I called.,2,1,1,0
C00766,2024-05-22,Technical,My meter reading submission didn't go through on the first try.,2,2,1,0
C00767,2022-04-15,Meter Reading,My bill was slightly higher than I expected this month.,2,2,0,1
C00767,2023-07-09,Outage,The customer service agent I spoke to was not very helpful.,3,16,0,0
C00768,2023-08-10,Billing,"Everything is fine, just updating my details.",1,4,1,1
C00769,2023-06-15,Service Quality,I was on hold for about 20 minutes which felt long.,2,7,0,1
C00769,2023-10-09,Account Management,"Three technicians, three no-shows. I have lost my patience entirely.",5,7,1,0
C00771,2022-05-05,Outage,I waited longer than usual for a callback but it came eventually.,2,13,0,1
C00772,2022-09-05,Account Management,The website was slow when I tried to log in yesterday.,2,9,0,1
C00773,2024-02-18,Outage,I was on hold for about 20 minutes which felt long.,2,5,0,0
C00773,2024-09-14,Account Management,"There was a small discrepancy on my statement, now resolved.",2,11,0,0
C00773,2024-05-27,Billing,Calling to update my billing address.,1,3,0,1
C00773,2024-06-25,Outage,The technician arrived a bit late but did a good job.,2,12,0,1
C00773,2024-08-23,Billing,I would like to know my current contract end date.,1,3,0,1
C00774,2022-01-17,Service Quality,My account was charged incorrectly and I am still waiting for a credit.,3,17,1,1
C00775,2023-05-24,Service Quality,The online chat bot could not help me and I had to call anyway.,3,4,0,1
C00775,2024-08-04,Meter Reading,I waited longer than usual for a callback but it came eventually.,2,10,0,0
C00775,2024-01-07,Technical,Your company has overcharged me for months and nobody will fix it.,5,19,1,0
C00775,2024-01-05,Outage,I had trouble navigating the new online portal at first.,2,11,0,0
C00776,2022-06-18,Service Quality,I would like to know my current contract end date.,1,8,0,1
C00776,2022-02-08,Technical,I am contacting my lawyer. This is negligent and completely unacceptable.,5,13,1,0
C00776,2023-09-24,Outage,I want a full refund and I am cancelling everything today.,5,8,0,0
C00777,2023-05-25,Outage,I am not satisfied with how my previous complaint was handled.,3,5,1,0
C00777,2022-02-12,Service Quality,I am considering switching providers if this is not fixed immediately.,4,12,1,0
C00778,2024-07-27,Service Quality,I need to change my contact phone number on the account.,1,9,0,1
C00780,2024-02-16,Technical,I want a formal complaint registered. This has gone on too long.,4,1,0,0
C00780,2024-03-05,Technical,My meter reading submission didn't go through on the first try.,2,4,0,0
C00780,2024-10-10,Account Management,I would like to know my current contract end date.,1,6,0,1
C00780,2024-05-22,Billing,I am not satisfied with how my previous complaint was handled.,3,7,0,1
C00781,2024-07-03,Technical,Your company has overcharged me for months and nobody will fix it.,5,6,1,0
C00781,2023-07-28,Outage,"Everything is fine, just updating my details.",1,2,0,1
C00782,2022-07-14,Technical,The customer service agent I spoke to was not very helpful.,3,2,1,0
C00783,2024-02-17,Account Management,I waited longer than usual for a callback but it came eventually.,2,1,0,1
C00783,2024-03-05,Outage,I waited longer than usual for a callback but it came eventually.,2,3,0,0
C00784,2023-02-02,Technical,I have been waiting over a week for someone to call me back.,3,15,1,1
C00784,2024-03-21,Outage,The level of service I am receiving is completely unacceptable.,4,13,0,0
C00784,2024-05-27,Account Management,The technician did not show up at the agreed time without any notice.,3,9,1,0
C00786,2022-05-02,Meter Reading,"Everything is fine, just updating my details.",1,4,0,1
C00787,2024-09-17,Outage,I am contacting my lawyer. This is negligent and completely unacceptable.,5,21,0,0
C00787,2024-01-02,Service Quality,Your company has overcharged me for months and nobody will fix it.,5,25,1,0
C00787,2024-06-02,Meter Reading,"Everything is fine, just updating my details.",1,5,0,1
C00787,2024-05-09,Outage,I have been waiting over a week for someone to call me back.,3,11,0,1
C00788,2022-07-10,Account Management,I would like to check my current balance please.,1,6,0,1
C00788,2024-10-22,Billing,I waited longer than usual for a callback but it came eventually.,2,10,0,1
C00788,2023-02-18,Service Quality,I want to switch to paperless billing.,1,6,0,1
C00789,2022-09-11,Account Management,The email confirmation for my account change took two days to arrive.,2,10,0,1
C00790,2024-10-05,Outage,My bill has errors and I have had to call twice about the same issue.,3,16,0,1
C00790,2024-05-21,Service Quality,Can you confirm my direct debit amount?,1,2,0,1
C00790,2024-07-18,Service Quality,Can you confirm my direct debit amount?,1,7,1,1
C00790,2024-01-13,Meter Reading,I was on hold for about 20 minutes which felt long.,2,14,1,1
C00790,2024-12-07,Service Quality,Just checking when my next meter read is scheduled.,1,5,0,1
C00791,2023-07-27,Outage,Calling to update my billing address.,1,5,0,1
C00792,2022-06-23,Service Quality,I would like to check my current balance please.,1,3,0,1
C00792,2022-01-06,Technical,The online chat bot could not help me and I had to call anyway.,3,12,0,1
C00793,2022-11-04,Meter Reading,My meter reading submission didn't go through on the first try.,2,12,0,1
C00794,2024-11-09,Technical,I was on hold for about 20 minutes which felt long.,2,5,0,1
C00794,2022-12-03,Service Quality,The rate increase was not communicated clearly and came as a surprise.,3,15,1,1
C00796,2024-02-04,Account Management,"There was a small discrepancy on my statement, now resolved.",2,13,0,0
C00797,2022-07-04,Outage,I feel like loyal customers are not being valued the way they should be.,3,17,1,0
C00797,2023-12-18,Billing,I want a formal complaint registered. This has gone on too long.,4,3,1,1
C00799,2023-07-01,Meter Reading,Response time was a bit slower than last time I called.,2,2,0,1
C00800,2024-11-06,Outage,I had trouble navigating the new online portal at first.,2,1,0,0
C00800,2023-01-21,Technical,I waited longer than usual for a callback but it came eventually.,2,10,1,1
C00800,2024-08-07,Outage,Can you confirm my direct debit amount?,1,4,0,1
C00801,2024-04-11,Meter Reading,I am going to leave a public review warning everyone about this company.,5,17,1,0
C00802,2024-08-01,Billing,The customer service agent I spoke to was not very helpful.,3,2,0,0
C00802,2024-09-23,Technical,This is the third billing error in a row. I am losing patience.,4,1,0,0
C00802,2024-09-20,Technical,I am considering switching providers if this is not fixed immediately.,4,5,0,0
C00802,2022-08-04,Service Quality,My account was charged incorrectly and I am still waiting for a credit.,3,10,1,1
C00803,2022-11-11,Account Management,Just checking when my next meter read is scheduled.,1,2,0,1
C00803,2024-06-14,Meter Reading,Just checking when my next meter read is scheduled.,1,4,0,1
C00803,2022-01-22,Service Quality,I need to change my contact phone number on the account.,1,7,0,0
C00803,2023-06-03,Service Quality,I have been trying to get this resolved for two weeks now.,3,5,1,0
C00804,2023-02-01,Meter Reading,I would like to know my current contract end date.,1,5,0,1
C00805,2023-02-19,Outage,I have been trying to get this resolved for two weeks now.,3,11,1,1
C00807,2022-04-19,Technical,I waited longer than usual for a callback but it came eventually.,2,1,0,1
C00807,2024-03-12,Technical,I have been waiting over a week for someone to call me back.,3,5,1,0
C00807,2022-12-07,Account Management,The technician arrived a bit late but did a good job.,2,6,0,0
C00808,2024-05-15,Account Management,The rate increase was not communicated clearly and came as a surprise.,3,10,1,1
C00808,2024-10-10,Technical,The website was slow when I tried to log in yesterday.,2,12,0,1
C00808,2023-09-06,Outage,Could you send me a copy of last month's bill?,1,6,0,1
C00808,2023-12-17,Billing,The website was slow when I tried to log in yesterday.,2,7,0,1
C00808,2023-12-01,Outage,This is the third billing error in a row. I am losing patience.,4,23,1,0
C00808,2023-10-05,Billing,I feel like loyal customers are not being valued the way they should be.,3,12,0,1
C00809,2023-05-02,Outage,I have been waiting over a week for someone to call me back.,3,10,0,0
C00810,2023-10-01,Billing,The worst customer experience I have ever had in my life.,5,23,0,0
C00810,2023-08-09,Service Quality,My bill has errors and I have had to call twice about the same issue.,3,10,0,0
C00810,2022-01-15,Technical,My meter reading submission didn't go through on the first try.,2,1,1,1
C00811,2024-07-22,Account Management,The website was slow when I tried to log in yesterday.,2,10,0,1
C00811,2024-01-10,Service Quality,The customer service agent I spoke to was not very helpful.,3,8,1,0
C00811,2024-09-16,Technical,I am switching providers immediately. I cannot tolerate this incompetence.,5,13,0,0
C00812,2024-08-15,Outage,The rate increase was not communicated clearly and came as a surprise.,3,11,0,0
C00813,2023-10-20,Technical,The technician did not show up at the agreed time without any notice.,3,7,1,1
C00814,2024-12-25,Technical,Nobody in your company seems to take responsibility for anything.,4,6,1,0
C00814,2022-04-20,Billing,Calling to update my billing address.,1,3,0,0
C00815,2024-08-28,Service Quality,My account was charged incorrectly and I am still waiting for a credit.,3,10,0,1
C00815,2024-03-04,Outage,The email confirmation for my account change took two days to arrive.,2,1,1,1
C00816,2024-01-03,Service Quality,I feel like loyal customers are not being valued the way they should be.,3,16,0,1
C00817,2024-02-03,Outage,I feel like loyal customers are not being valued the way they should be.,3,3,0,1
C00817,2024-03-13,Account Management,I waited longer than usual for a callback but it came eventually.,2,2,0,0
C00817,2024-12-16,Technical,I was on hold for about 20 minutes which felt long.,2,13,0,0
C00819,2024-08-24,Meter Reading,My meter reading submission didn't go through on the first try.,2,12,0,1
C00819,2022-10-06,Account Management,The email confirmation for my account change took two days to arrive.,2,7,0,1
C00821,2024-08-16,Outage,I would like to know my current contract end date.,1,7,1,1
C00822,2023-08-16,Account Management,I was on hold for about 20 minutes which felt long.,2,3,0,1
C00822,2023-10-05,Service Quality,The worst customer experience I have ever had in my life.,5,15,1,1
C00823,2024-07-11,Outage,"There was a small discrepancy on my statement, now resolved.",2,1,0,1
C00824,2024-05-11,Technical,"Everything is fine, just updating my details.",1,2,0,1
C00825,2024-01-10,Outage,This is absolutely disgraceful. I am filing a formal complaint with the regulator.,5,10,1,0
C00825,2023-04-27,Service Quality,The rate increase was not communicated clearly and came as a surprise.,3,7,1,0
C00826,2024-03-13,Service Quality,"Three technicians, three no-shows. I have lost my patience entirely.",5,16,0,0
C00826,2024-06-26,Service Quality,I waited longer than usual for a callback but it came eventually.,2,4,1,1
C00826,2024-03-12,Billing,Calling to update my billing address.,1,3,0,1
C00826,2024-10-08,Technical,Nobody in your company seems to take responsibility for anything.,4,22,0,1
C00827,2023-06-20,Service Quality,My account was charged incorrectly and I am still waiting for a credit.,3,10,1,1
C00827,2023-06-09,Meter Reading,Quick question about the new tariff letter I received.,1,3,0,1
C00828,2023-01-17,Account Management,My bill was slightly higher than I expected this month.,2,1,0,0
C00829,2022-10-06,Outage,The email confirmation for my account change took two days to arrive.,2,6,0,1
C00829,2024-11-18,Billing,I had trouble navigating the new online portal at first.,2,14,0,0
C00829,2024-02-09,Service Quality,The customer service agent I spoke to was not very helpful.,3,16,0,1
C00829,2024-08-27,Technical,My meter reading submission didn't go through on the first try.,2,2,0,1
C00829,2024-03-09,Meter Reading,I have been waiting over a week for someone to call me back.,3,7,1,1
C00830,2024-08-06,Technical,"There was a small discrepancy on my statement, now resolved.",2,7,1,1
C00830,2024-03-22,Meter Reading,Response time was a bit slower than last time I called.,2,11,0,0
C00830,2024-04-28,Outage,The level of service I am receiving is completely unacceptable.,4,19,1,0
C00830,2024-03-19,Technical,I am switching providers immediately. I cannot tolerate this incompetence.,5,13,0,0
C00831,2023-10-11,Outage,Response time was a bit slower than last time I called.,2,14,0,1
C00832,2022-11-12,Service Quality,I am not satisfied with how my previous complaint was handled.,3,10,0,0
C00833,2023-04-25,Outage,The website was slow when I tried to log in yesterday.,2,7,0,1
C00833,2022-01-28,Meter Reading,The technician arrived a bit late but did a good job.,2,11,0,0
C00833,2023-09-20,Account Management,The online chat bot could not help me and I had to call anyway.,3,5,1,1
C00834,2023-07-22,Service Quality,Just checking when my next meter read is scheduled.,1,1,0,0
C00835,2024-10-16,Service Quality,"Everything is fine, just updating my details.",1,3,0,1
C00835,2024-08-12,Technical,The customer service agent I spoke to was not very helpful.,3,12,0,1
C00835,2024-07-01,Technical,This is absolutely disgraceful. I am filing a formal complaint with the regulator.,5,7,1,0
C00836,2024-08-17,Service Quality,Could you send me a copy of last month's bill?,1,8,0,1
C00836,2022-10-07,Account Management,This is absolutely disgraceful. I am filing a formal complaint with the regulator.,5,14,0,0
C00837,2023-10-15,Meter Reading,I want a full refund and I am cancelling everything today.,5,7,1,0
C00837,2022-03-12,Service Quality,The email confirmation for my account change took two days to arrive.,2,5,0,1
C00837,2023-11-19,Outage,My meter reading submission didn't go through on the first try.,2,3,0,1
C00837,2022-12-24,Service Quality,My power has been out for two days and nobody has given me an update.,4,7,0,1
C00837,2022-03-25,Technical,I have been waiting over a week for someone to call me back.,3,4,0,0
C00838,2022-05-01,Meter Reading,I have been waiting over a week for someone to call me back.,3,5,1,1
C00838,2024-07-13,Technical,I have been waiting over a week for someone to call me back.,3,7,0,1
C00839,2024-11-07,Service Quality,I would like to check my current balance please.,1,4,0,1
C00839,2024-03-11,Technical,I had trouble navigating the new online portal at first.,2,6,0,1
C00839,2024-03-09,Account Management,Quick question about the new tariff letter I received.,1,9,0,1
C00840,2022-04-07,Technical,I want to cancel my account. I have had enough of this terrible service.,5,2,1,1
C00843,2022-08-21,Technical,My bill has errors and I have had to call twice about the same issue.,3,9,1,1
C00843,2022-08-17,Outage,I have been waiting over a week for someone to call me back.,3,18,1,1
C00844,2024-09-18,Service Quality,My power has been out for two days and nobody has given me an update.,4,15,1,0
C00845,2024-01-22,Service Quality,Response time was a bit slower than last time I called.,2,4,0,1
C00845,2024-11-21,Service Quality,Quick question about the new tariff letter I received.,1,3,1,1
C00845,2024-09-25,Account Management,I have been trying to get this resolved for two weeks now.,3,13,1,0
C00845,2024-04-14,Service Quality,My bill was slightly higher than I expected this month.,2,7,0,0
C00845,2024-04-16,Technical,My bill has errors and I have had to call twice about the same issue.,3,7,0,0
C00846,2024-01-22,Service Quality,I have been waiting over a week for someone to call me back.,3,17,1,1
C00847,2023-05-06,Billing,The level of service I am receiving is completely unacceptable.,4,20,1,0
C00848,2024-01-09,Outage,I was on hold for about 20 minutes which felt long.,2,12,0,0
C00849,2024-04-25,Technical,I waited longer than usual for a callback but it came eventually.,2,12,1,0
C00851,2022-07-28,Outage,I have escalated this complaint twice and it is still not resolved.,4,24,1,0
C00851,2022-08-09,Billing,I am very unhappy with the service. My complaint from last month is still open.,4,9,1,1
C00852,2022-04-24,Outage,I am not satisfied with how my previous complaint was handled.,3,14,1,1
C00853,2022-11-08,Technical,I have been trying to get this resolved for two weeks now.,3,5,1,0
C00854,2022-11-21,Technical,My bill was slightly higher than I expected this month.,2,13,0,1
C00856,2024-12-05,Account Management,I have been trying to get this resolved for two weeks now.,3,8,1,1
C00856,2022-10-17,Meter Reading,My bill has errors and I have had to call twice about the same issue.,3,16,0,0
C00857,2022-12-04,Outage,I want to switch to paperless billing.,1,8,0,1
C00857,2022-06-12,Account Management,The level of service I am receiving is completely unacceptable.,4,5,1,1
C00858,2024-06-03,Service Quality,Just checking when my next meter read is scheduled.,1,7,0,1
C00858,2024-02-23,Account Management,Could you send me a copy of last month's bill?,1,1,0,1
C00858,2024-11-20,Account Management,My bill was slightly higher than I expected this month.,2,4,1,1
C00859,2022-08-16,Meter Reading,I was on hold for about 20 minutes which felt long.,2,5,0,1
C00859,2024-09-02,Service Quality,My bill has errors and I have had to call twice about the same issue.,3,1,0,0
C00860,2023-07-09,Account Management,I have been trying to get this resolved for two weeks now.,3,11,1,1
C00860,2024-12-06,Technical,I had trouble navigating the new online portal at first.,2,10,0,1
C00861,2024-08-06,Billing,"There was a small discrepancy on my statement, now resolved.",2,10,1,1
C00861,2023-07-15,Billing,My power has been out for two days and nobody has given me an update.,4,13,0,1
C00862,2024-11-12,Account Management,I am not satisfied with how my previous complaint was handled.,3,14,0,1
C00864,2022-08-15,Service Quality,"Three technicians, three no-shows. I have lost my patience entirely.",5,7,1,0
C00864,2022-02-18,Technical,I have been waiting over a week for someone to call me back.,3,9,0,1
C00864,2023-09-23,Meter Reading,The rate increase was not communicated clearly and came as a surprise.,3,9,0,0
C00865,2024-03-13,Outage,The website was slow when I tried to log in yesterday.,2,14,0,1
C00866,2023-02-14,Billing,My power has been out for two days and nobody has given me an update.,4,10,1,0
C00867,2023-03-04,Meter Reading,I have been waiting over a week for someone to call me back.,3,5,0,0
C00868,2024-04-11,Account Management,The email confirmation for my account change took two days to arrive.,2,11,1,1
C00869,2022-10-18,Technical,The online chat bot could not help me and I had to call anyway.,3,5,0,0
C00869,2023-07-06,Billing,My account was charged incorrectly and I am still waiting for a credit.,3,2,1,1
C00869,2022-02-02,Technical,I want to switch to paperless billing.,1,7,0,1
C00869,2024-12-05,Billing,The email confirmation for my account change took two days to arrive.,2,12,0,1
C00869,2024-02-18,Service Quality,I would like to know my current contract end date.,1,9,0,1
C00870,2024-08-13,Billing,I want to cancel my account. I have had enough of this terrible service.,5,17,0,1
C00870,2024-05-22,Account Management,My account was charged incorrectly and I am still waiting for a credit.,3,17,0,1
C00870,2024-04-28,Account Management,I waited longer than usual for a callback but it came eventually.,2,12,0,1
C00871,2022-05-23,Billing,Nobody in your company seems to take responsibility for anything.,4,4,1,0
C00871,2024-12-20,Outage,Could you send me a copy of last month's bill?,1,9,0,1
C00872,2022-11-06,Service Quality,The technician arrived a bit late but did a good job.,2,11,0,1
C00872,2023-09-15,Account Management,"Everything is fine, just updating my details.",1,4,0,1
C00874,2024-05-04,Outage,"There was a small discrepancy on my statement, now resolved.",2,6,0,1
C00874,2023-04-13,Billing,The technician arrived a bit late but did a good job.,2,13,1,1
C00875,2022-10-01,Service Quality,I need to change my contact phone number on the account.,1,7,0,1
C00877,2022-02-18,Service Quality,I waited longer than usual for a callback but it came eventually.,2,4,1,0
C00877,2022-08-15,Outage,My bill was slightly higher than I expected this month.,2,10,0,1
C00878,2024-07-12,Meter Reading,I have been trying to get this resolved for two weeks now.,3,13,1,0
C00878,2024-09-12,Meter Reading,Your company has overcharged me for months and nobody will fix it.,5,28,0,0
C00878,2023-04-03,Technical,Quick question about the new tariff letter I received.,1,6,1,0
C00878,2024-04-05,Technical,The online chat bot could not help me and I had to call anyway.,3,19,1,1
C00878,2022-12-26,Service Quality,I feel like loyal customers are not being valued the way they should be.,3,5,0,1
C00878,2022-05-09,Account Management,I am considering switching providers if this is not fixed immediately.,4,1,0,0
C00879,2022-11-20,Service Quality,I want a formal complaint registered. This has gone on too long.,4,15,0,0
C00880,2023-10-02,Meter Reading,My meter reading submission didn't go through on the first try.,2,3,1,1
C00881,2024-08-08,Billing,I took a day off work for the technician and nobody came.,4,12,0,0
C00881,2024-07-09,Technical,I feel like loyal customers are not being valued the way they should be.,3,11,0,0
C00881,2024-04-03,Service Quality,I want a full refund and I am cancelling everything today.,5,1,1,1
C00882,2023-02-14,Meter Reading,Your company has overcharged me for months and nobody will fix it.,5,11,1,0
C00882,2024-03-14,Outage,"There was a small discrepancy on my statement, now resolved.",2,7,0,0
C00883,2023-05-18,Account Management,I have been waiting over a week for someone to call me back.,3,4,0,0
C00883,2024-06-12,Outage,Nobody in your company seems to take responsibility for anything.,4,22,1,0
C00884,2024-11-05,Billing,I have been without power for five days and your team does not care at all.,5,21,0,0
C00884,2024-10-17,Service Quality,My meter reading submission didn't go through on the first try.,2,2,0,0
C00884,2024-11-12,Technical,My meter reading submission didn't go through on the first try.,2,7,0,1
C00884,2024-08-27,Account Management,"There was a small discrepancy on my statement, now resolved.",2,8,0,0
C00885,2024-06-16,Account Management,My bill has errors and I have had to call twice about the same issue.,3,5,1,1
C00885,2023-04-12,Outage,I feel like loyal customers are not being valued the way they should be.,3,9,0,1
C00886,2022-12-25,Meter Reading,I want to switch to paperless billing.,1,7,0,1
C00887,2024-04-07,Meter Reading,I want a full refund and I am cancelling everything today.,5,25,1,0
C00888,2023-08-18,Meter Reading,The technician did not show up at the agreed time without any notice.,3,8,0,1
C00888,2024-07-03,Service Quality,Just checking when my next meter read is scheduled.,1,9,0,1
C00888,2023-09-19,Account Management,Response time was a bit slower than last time I called.,2,2,0,1
C00889,2024-01-15,Billing,My account was charged incorrectly and I am still waiting for a credit.,3,13,0,1
C00889,2024-07-16,Meter Reading,The website was slow when I tried to log in yesterday.,2,1,0,1
C00890,2023-11-04,Billing,The website was slow when I tried to log in yesterday.,2,5,1,1
C00890,2023-07-05,Technical,I waited longer than usual for a callback but it came eventually.,2,10,0,1
C00890,2024-12-28,Technical,Calling to update my billing address.,1,7,0,1
C00890,2024-08-11,Outage,The website was slow when I tried to log in yesterday.,2,2,0,1
C00890,2023-10-04,Billing,The technician arrived a bit late but did a good job.,2,10,1,1
C00890,2023-07-01,Meter Reading,Calling to update my billing address.,1,1,0,1
C00891,2024-09-09,Account Management,Response time was a bit slower than last time I called.,2,7,0,0
C00891,2024-10-27,Meter Reading,I want a formal complaint registered. This has gone on too long.,4,19,1,0
C00891,2023-09-28,Account Management,I would like to know my current contract end date.,1,2,0,1
C00891,2023-04-18,Service Quality,I was treated rudely on my last call and I want this addressed.,4,13,1,0
C00891,2024-07-10,Service Quality,I am very unhappy with the service. My complaint from last month is still open.,4,24,0,1
C00892,2023-05-15,Meter Reading,I am not satisfied with how my previous complaint was handled.,3,6,1,1
C00892,2022-09-27,Billing,I would like to check my current balance please.,1,8,0,1
C00893,2022-03-17,Account Management,I want to switch to paperless billing.,1,9,0,1
C00894,2022-03-21,Billing,I want a formal complaint registered. This has gone on too long.,4,15,1,0
C00894,2023-11-05,Account Management,The email confirmation for my account change took two days to arrive.,2,7,1,1
C00894,2022-06-08,Service Quality,I want to cancel my account. I have had enough of this terrible service.,5,2,0,1
C00894,2022-12-02,Account Management,I was on hold for about 20 minutes which felt long.,2,12,1,0
C00895,2023-08-25,Service Quality,I need to change my contact phone number on the account.,1,1,0,0
C00895,2023-11-16,Meter Reading,I have been waiting over a week for someone to call me back.,3,9,0,0
C00896,2024-10-06,Meter Reading,I had trouble navigating the new online portal at first.,2,14,0,1
C00896,2022-05-24,Account Management,I am very unhappy with the service. My complaint from last month is still open.,4,11,0,1
C00898,2024-02-18,Service Quality,My bill has errors and I have had to call twice about the same issue.,3,11,1,1
C00898,2024-12-02,Technical,My bill has errors and I have had to call twice about the same issue.,3,16,1,0
C00898,2024-03-22,Billing,I feel like loyal customers are not being valued the way they should be.,3,3,0,1
C00898,2024-08-04,Account Management,My bill has errors and I have had to call twice about the same issue.,3,2,0,1
C00899,2024-11-24,Meter Reading,I want to switch to paperless billing.,1,5,0,1
C00899,2024-01-15,Technical,I need to change my contact phone number on the account.,1,4,0,0
C00899,2024-01-25,Meter Reading,I want to switch to paperless billing.,1,2,0,1
C00900,2023-08-26,Meter Reading,I am switching providers immediately. I cannot tolerate this incompetence.,5,2,0,1
C00900,2023-10-01,Meter Reading,The technician did not show up at the agreed time without any notice.,3,5,1,0
C00901,2024-06-28,Outage,I feel like loyal customers are not being valued the way they should be.,3,7,0,0
C00902,2024-09-23,Account Management,I would like to check my current balance please.,1,4,0,1
C00902,2024-03-06,Service Quality,I would like to know my current contract end date.,1,4,0,1
C00902,2024-03-06,Account Management,The email confirmation for my account change took two days to arrive.,2,13,1,0
C00902,2024-06-14,Billing,Response time was a bit slower than last time I called.,2,14,0,1
C00902,2024-09-17,Technical,I waited longer than usual for a callback but it came eventually.,2,2,0,0
C00903,2024-04-11,Outage,The worst customer experience I have ever had in my life.,5,8,1,1
C00904,2023-09-21,Service Quality,Nobody in your company seems to take responsibility for anything.,4,4,1,1
C00904,2022-06-20,Meter Reading,I took a day off work for the technician and nobody came.,4,1,0,1
C00905,2023-03-06,Outage,I was treated rudely on my last call and I want this addressed.,4,7,1,0
C00905,2024-12-27,Service Quality,My account was charged incorrectly and I am still waiting for a credit.,3,16,1,1
C00905,2022-03-16,Service Quality,I feel like loyal customers are not being valued the way they should be.,3,16,0,0
C00906,2023-03-23,Outage,My account was charged incorrectly and I am still waiting for a credit.,3,13,1,1
C00906,2023-06-10,Account Management,Response time was a bit slower than last time I called.,2,4,0,0
C00906,2024-11-14,Meter Reading,I am considering switching providers if this is not fixed immediately.,4,24,1,0
C00907,2022-01-11,Meter Reading,I am not satisfied with how my previous complaint was handled.,3,5,0,1
C00907,2022-04-14,Technical,I feel like loyal customers are not being valued the way they should be.,3,4,0,0
C00907,2024-09-15,Meter Reading,I need to change my contact phone number on the account.,1,6,0,1
C00907,2024-02-22,Service Quality,Just checking when my next meter read is scheduled.,1,3,1,1
C00907,2023-01-25,Outage,The email confirmation for my account change took two days to arrive.,2,12,0,1
C00908,2023-05-01,Billing,The customer service agent I spoke to was not very helpful.,3,11,0,1
C00908,2023-02-03,Service Quality,Calling to update my billing address.,1,1,1,1
C00908,2024-01-06,Billing,The online chat bot could not help me and I had to call anyway.,3,17,1,1
C00909,2022-09-22,Technical,Nobody in your company seems to take responsibility for anything.,4,3,0,0
C00909,2024-07-22,Billing,The rate increase was not communicated clearly and came as a surprise.,3,15,0,0
C00911,2022-02-08,Technical,Just checking when my next meter read is scheduled.,1,3,0,0
C00912,2023-01-22,Service Quality,I want to switch to paperless billing.,1,3,0,1
C00912,2023-09-17,Account Management,My bill was slightly higher than I expected this month.,2,3,0,1
C00912,2023-04-10,Meter Reading,Just checking when my next meter read is scheduled.,1,7,0,1
C00912,2023-05-23,Meter Reading,I was on hold for about 20 minutes which felt long.,2,7,0,1
C00913,2022-07-23,Meter Reading,The online chat bot could not help me and I had to call anyway.,3,18,0,1
C00914,2023-09-28,Billing,Could you send me a copy of last month's bill?,1,6,1,0
C00914,2022-05-07,Outage,Calling to update my billing address.,1,4,0,1
C00914,2023-12-12,Technical,Can you confirm my direct debit amount?,1,5,0,0
C00914,2022-02-23,Service Quality,I waited longer than usual for a callback but it came eventually.,2,12,0,1
C00915,2024-08-09,Meter Reading,I am considering switching providers if this is not fixed immediately.,4,21,1,1
C00915,2022-12-17,Technical,I want to switch to paperless billing.,1,7,0,1
C00915,2022-07-13,Service Quality,I have escalated this complaint twice and it is still not resolved.,4,12,1,0
C00916,2024-06-03,Meter Reading,This is the third billing error in a row. I am losing patience.,4,21,1,0
C00916,2023-03-24,Meter Reading,The customer service agent I spoke to was not very helpful.,3,2,0,0
C00918,2022-02-14,Account Management,The technician arrived a bit late but did a good job.,2,1,1,0
C00919,2024-04-10,Account Management,I would like to check my current balance please.,1,4,1,0
C00919,2024-12-19,Outage,Can you confirm my direct debit amount?,1,8,1,1
C00919,2023-05-18,Outage,Could you send me a copy of last month's bill?,1,1,0,1
C00919,2023-04-12,Billing,I am going to leave a public review warning everyone about this company.,5,6,1,1
C00920,2023-11-13,Account Management,The online chat bot could not help me and I had to call anyway.,3,3,0,1
C00921,2023-10-06,Billing,The rate increase was not communicated clearly and came as a surprise.,3,10,0,0
C00922,2024-03-21,Outage,The online chat bot could not help me and I had to call anyway.,3,3,1,1
C00922,2022-04-19,Billing,My bill has errors and I have had to call twice about the same issue.,3,15,0,1
C00923,2023-11-14,Service Quality,"There was a small discrepancy on my statement, now resolved.",2,12,0,1
C00923,2023-04-25,Outage,Response time was a bit slower than last time I called.,2,14,0,0
C00924,2023-03-07,Technical,The website was slow when I tried to log in yesterday.,2,8,0,1
C00924,2023-10-18,Billing,I was treated rudely on my last call and I want this addressed.,4,4,0,0
C00925,2024-12-28,Billing,The customer service agent I spoke to was not very helpful.,3,3,0,1
C00926,2023-07-12,Meter Reading,I had trouble navigating the new online portal at first.,2,5,0,0
C00926,2024-12-25,Service Quality,My bill was slightly higher than I expected this month.,2,9,1,1
C00926,2024-04-27,Meter Reading,I was on hold for about 20 minutes which felt long.,2,5,1,1
C00926,2024-01-19,Service Quality,Could you send me a copy of last month's bill?,1,7,0,1
C00926,2023-02-03,Account Management,Nobody in your company seems to take responsibility for anything.,4,20,0,0
C00926,2022-05-16,Technical,The technician arrived a bit late but did a good job.,2,13,0,1
C00927,2023-08-22,Account Management,I have been waiting over a week for someone to call me back.,3,6,0,1
C00929,2022-11-13,Outage,Response time was a bit slower than last time I called.,2,8,1,1
C00929,2024-03-27,Meter Reading,I would like to know my current contract end date.,1,8,0,0
C00932,2023-02-16,Billing,Nobody in your company seems to take responsibility for anything.,4,4,1,1
C00932,2022-02-18,Outage,I am not satisfied with how my previous complaint was handled.,3,17,0,0
C00932,2024-02-08,Outage,I have escalated this complaint twice and it is still not resolved.,4,10,0,0
C00933,2024-08-17,Technical,Could you send me a copy of last month's bill?,1,9,1,1
C00935,2023-05-18,Billing,"There was a small discrepancy on my statement, now resolved.",2,4,0,0
C00935,2024-06-15,Meter Reading,I want a formal complaint registered. This has gone on too long.,4,17,1,0
C00936,2024-11-11,Meter Reading,Calling to update my billing address.,1,6,0,0
C00936,2022-10-19,Service Quality,I need to change my contact phone number on the account.,1,6,0,1
C00936,2023-12-12,Outage,This is absolutely disgraceful. I am filing a formal complaint with the regulator.,5,23,1,0
C00937,2024-09-01,Outage,"Everything is fine, just updating my details.",1,7,1,1
C00937,2024-12-14,Technical,Could you send me a copy of last month's bill?,1,4,1,1
C00938,2024-09-26,Meter Reading,I want a formal complaint registered. This has gone on too long.,4,10,1,1
C00938,2024-07-09,Outage,My power has been out for two days and nobody has given me an update.,4,20,0,0
C00938,2023-07-02,Account Management,Response time was a bit slower than last time I called.,2,14,1,1
C00938,2023-08-05,Technical,I was treated rudely on my last call and I want this addressed.,4,17,1,0
C00938,2023-07-23,Meter Reading,I was on hold for about 20 minutes which felt long.,2,14,0,0
C00938,2024-08-11,Technical,"Everything is fine, just updating my details.",1,2,1,1
C00939,2023-09-08,Billing,I want to switch to paperless billing.,1,6,0,1
C00940,2022-03-17,Outage,The rate increase was not communicated clearly and came as a surprise.,3,15,0,1
C00940,2022-09-10,Account Management,Can you confirm my direct debit amount?,1,9,0,0
C00940,2024-08-27,Billing,I was treated rudely on my last call and I want this addressed.,4,2,0,1
C00940,2024-12-10,Account Management,My bill has errors and I have had to call twice about the same issue.,3,3,0,1
C00941,2024-10-19,Outage,"Three technicians, three no-shows. I have lost my patience entirely.",5,13,0,0
C00941,2024-01-18,Service Quality,Can you confirm my direct debit amount?,1,3,0,1
C00942,2023-06-21,Service Quality,I want to switch to paperless billing.,1,2,0,1
C00942,2024-02-08,Meter Reading,"There was a small discrepancy on my statement, now resolved.",2,14,0,1
C00942,2022-06-16,Service Quality,My bill was slightly higher than I expected this month.,2,11,1,1
C00943,2024-06-11,Service Quality,Could you send me a copy of last month's bill?,1,6,0,1
C00943,2024-12-05,Outage,I am going to leave a public review warning everyone about this company.,5,10,1,1
C00943,2023-06-06,Technical,I would like to know my current contract end date.,1,5,1,1
C00943,2023-09-16,Billing,I want a formal complaint registered. This has gone on too long.,4,15,0,0
C00943,2024-07-14,Technical,I want to switch to paperless billing.,1,7,0,1
C00944,2024-08-10,Technical,I am considering switching providers if this is not fixed immediately.,4,10,1,0
C00944,2023-12-17,Billing,This is the third billing error in a row. I am losing patience.,4,10,0,0
C00944,2024-11-24,Technical,I want to cancel my account. I have had enough of this terrible service.,5,13,0,0
C00945,2024-07-17,Technical,The online chat bot could not help me and I had to call anyway.,3,14,1,0
C00945,2023-05-07,Billing,Just checking when my next meter read is scheduled.,1,4,0,1
C00946,2023-09-03,Account Management,"There was a small discrepancy on my statement, now resolved.",2,1,0,1
C00947,2024-03-13,Service Quality,I would like to check my current balance please.,1,9,0,1
C00948,2024-04-10,Outage,I have been trying to get this resolved for two weeks now.,3,12,0,1
C00951,2023-02-24,Service Quality,Calling to update my billing address.,1,5,0,1
C00952,2023-12-27,Account Management,I am switching providers immediately. I cannot tolerate this incompetence.,5,17,1,1
C00952,2023-06-27,Technical,I was on hold for about 20 minutes which felt long.,2,10,0,0
C00952,2024-04-24,Meter Reading,The technician arrived a bit late but did a good job.,2,3,0,1
C00954,2023-01-07,Service Quality,"Everything is fine, just updating my details.",1,2,1,1
C00955,2024-09-03,Outage,I was on hold for about 20 minutes which felt long.,2,3,0,0
C00956,2024-07-19,Account Management,I would like to know my current contract end date.,1,9,1,0
C00957,2023-10-12,Account Management,Could you send me a copy of last month's bill?,1,8,0,0
C00957,2022-04-04,Outage,I am very unhappy with the service. My complaint from last month is still open.,4,10,0,0
C00957,2023-04-06,Account Management,My meter reading submission didn't go through on the first try.,2,3,0,0
C00957,2024-07-10,Billing,"Everything is fine, just updating my details.",1,2,0,1
C00959,2024-01-07,Technical,I had trouble navigating the new online portal at first.,2,1,1,1
C00959,2024-04-19,Service Quality,My bill was slightly higher than I expected this month.,2,11,0,1
C00960,2023-05-07,Account Management,I want to switch to paperless billing.,1,5,1,1
C00960,2024-03-28,Service Quality,I would like to know my current contract end date.,1,7,0,1
C00960,2024-09-09,Outage,Calling to update my billing address.,1,6,0,1
C00963,2024-07-03,Billing,My bill was slightly higher than I expected this month.,2,10,0,1
C00964,2024-11-13,Account Management,The level of service I am receiving is completely unacceptable.,4,1,1,1
C00964,2024-12-24,Account Management,Just checking when my next meter read is scheduled.,1,4,0,1
C00965,2023-12-17,Billing,My account was charged incorrectly and I am still waiting for a credit.,3,17,1,1
C00966,2022-06-28,Service Quality,I am very unhappy with the service. My complaint from last month is still open.,4,1,0,0
C00966,2023-09-22,Technical,I need to change my contact phone number on the account.,1,2,0,0
C00967,2024-05-01,Meter Reading,The level of service I am receiving is completely unacceptable.,4,21,0,1
C00968,2022-04-11,Service Quality,My bill has errors and I have had to call twice about the same issue.,3,15,0,0
C00968,2023-09-09,Meter Reading,I have been trying to get this resolved for two weeks now.,3,19,1,1
C00968,2024-05-05,Billing,I was on hold for about 20 minutes which felt long.,2,4,0,1
C00968,2022-11-17,Technical,Could you send me a copy of last month's bill?,1,8,0,1
C00968,2024-07-12,Outage,Nobody in your company seems to take responsibility for anything.,4,10,0,0
C00970,2024-03-19,Account Management,I feel like loyal customers are not being valued the way they should be.,3,10,0,0
C00970,2024-10-17,Billing,My bill was slightly higher than I expected this month.,2,9,0,1
C00970,2024-05-22,Meter Reading,The technician arrived a bit late but did a good job.,2,12,0,1
C00972,2023-12-24,Service Quality,I have escalated this complaint twice and it is still not resolved.,4,4,1,0
C00973,2024-07-27,Outage,I have been trying to get this resolved for two weeks now.,3,3,1,0
C00973,2022-06-17,Billing,I waited longer than usual for a callback but it came eventually.,2,6,0,0
C00973,2023-08-13,Account Management,"There was a small discrepancy on my statement, now resolved.",2,5,0,1
C00973,2022-05-13,Service Quality,"There was a small discrepancy on my statement, now resolved.",2,9,0,0
C00974,2022-04-21,Technical,I have escalated this complaint twice and it is still not resolved.,4,12,1,1
C00974,2024-07-22,Service Quality,Nobody in your company seems to take responsibility for anything.,4,14,0,0
C00974,2024-04-01,Account Management,My bill was slightly higher than I expected this month.,2,7,1,0
C00975,2024-04-10,Outage,I had trouble navigating the new online portal at first.,2,9,0,1
C00975,2024-06-24,Meter Reading,I have been waiting over a week for someone to call me back.,3,9,1,0
C00975,2024-05-08,Technical,The rate increase was not communicated clearly and came as a surprise.,3,3,0,0
C00976,2023-10-14,Service Quality,Could you send me a copy of last month's bill?,1,3,0,0
C00976,2024-01-04,Account Management,The customer service agent I spoke to was not very helpful.,3,15,1,1
C00976,2022-01-26,Billing,I waited longer than usual for a callback but it came eventually.,2,12,0,0
C00976,2024-12-18,Meter Reading,I need to change my contact phone number on the account.,1,5,0,1
C00976,2024-08-27,Account Management,My meter reading submission didn't go through on the first try.,2,9,0,0
C00978,2024-10-24,Outage,The technician arrived a bit late but did a good job.,2,12,0,0
C00978,2022-12-23,Meter Reading,The technician arrived a bit late but did a good job.,2,13,0,1
C00979,2024-06-25,Outage,The technician did not show up at the agreed time without any notice.,3,10,0,0
C00980,2023-09-26,Meter Reading,Just checking when my next meter read is scheduled.,1,8,0,1
C00980,2022-11-22,Outage,Can you confirm my direct debit amount?,1,8,0,1
C00981,2022-04-09,Technical,Nobody in your company seems to take responsibility for anything.,4,12,0,1
C00982,2023-11-01,Account Management,My power has been out for two days and nobody has given me an update.,4,20,0,0
C00982,2023-06-06,Meter Reading,Could you send me a copy of last month's bill?,1,9,0,1
C00982,2023-05-20,Account Management,I was on hold for about 20 minutes which felt long.,2,3,0,1
C00982,2024-08-04,Technical,The technician arrived a bit late but did a good job.,2,5,0,0
C00982,2022-01-28,Account Management,Just checking when my next meter read is scheduled.,1,4,0,0
C00982,2022-09-19,Technical,I feel like loyal customers are not being valued the way they should be.,3,1,1,1
C00983,2022-09-09,Technical,Response time was a bit slower than last time I called.,2,4,0,0
C00983,2022-12-28,Technical,I was treated rudely on my last call and I want this addressed.,4,5,1,1
C00984,2024-12-15,Billing,My account was charged incorrectly and I am still waiting for a credit.,3,2,0,1
C00984,2024-12-20,Meter Reading,"Everything is fine, just updating my details.",1,5,0,1
C00985,2023-07-17,Technical,This is absolutely disgraceful. I am filing a formal complaint with the regulator.,5,27,0,0
C00985,2022-03-12,Technical,I am contacting my lawyer. This is negligent and completely unacceptable.,5,9,1,1
C00986,2023-03-02,Service Quality,I have been waiting over a week for someone to call me back.,3,13,0,0
C00986,2023-04-15,Outage,The level of service I am receiving is completely unacceptable.,4,4,0,1
C00987,2022-01-10,Outage,Your company has overcharged me for months and nobody will fix it.,5,14,0,0
C00987,2023-11-04,Technical,Your company has overcharged me for months and nobody will fix it.,5,23,1,0
C00987,2023-10-04,Billing,I am not satisfied with how my previous complaint was handled.,3,8,0,1
C00988,2023-12-19,Technical,I have been without power for five days and your team does not care at all.,5,13,0,0
C00989,2024-02-17,Meter Reading,I have been waiting over a week for someone to call me back.,3,19,1,0
C00990,2023-06-03,Service Quality,The online chat bot could not help me and I had to call anyway.,3,18,1,1
C00990,2022-02-08,Meter Reading,I would like to know my current contract end date.,1,8,0,1
C00990,2023-03-18,Technical,My meter reading submission didn't go through on the first try.,2,4,0,0
C00990,2022-09-08,Technical,The online chat bot could not help me and I had to call anyway.,3,6,1,1
C00991,2022-08-09,Account Management,The technician arrived a bit late but did a good job.,2,8,0,0
C00991,2022-10-02,Service Quality,My bill was slightly higher than I expected this month.,2,9,0,1
C00993,2023-01-08,Account Management,My bill has errors and I have had to call twice about the same issue.,3,5,0,0
C00993,2024-04-15,Technical,I want a full refund and I am cancelling everything today.,5,16,1,1
C00993,2023-02-28,Meter Reading,"Everything is fine, just updating my details.",1,8,0,0
C00994,2023-01-10,Account Management,I want a full refund and I am cancelling everything today.,5,9,1,0
C00994,2022-11-15,Technical,I am considering switching providers if this is not fixed immediately.,4,8,0,1
C00994,2023-07-06,Outage,I need to change my contact phone number on the account.,1,7,0,1
C00994,2022-01-18,Technical,The email confirmation for my account change took two days to arrive.,2,10,0,1
C00994,2023-11-23,Technical,Could you send me a copy of last month's bill?,1,4,0,1
C00995,2023-05-10,Billing,I am switching providers immediately. I cannot tolerate this incompetence.,5,29,1,0
C00995,2024-08-01,Billing,Response time was a bit slower than last time I called.,2,4,1,1
C00996,2024-05-01,Outage,The rate increase was not communicated clearly and came as a surprise.,3,19,0,1
C00997,2024-09-10,Account Management,The technician arrived a bit late but did a good job.,2,12,1,1
C00997,2022-12-26,Technical,I am switching providers immediately. I cannot tolerate this incompetence.,5,7,1,1
C00997,2022-12-17,Technical,The website was slow when I tried to log in yesterday.,2,12,0,1
C00998,2024-06-22,Meter Reading,I have been trying to get this resolved for two weeks now.,3,6,1,1
C00998,2023-11-11,Account Management,The email confirmation for my account change took two days to arrive.,2,10,0,1
C00999,2022-10-07,Outage,"There was a small discrepancy on my statement, now resolved.",2,4,1,1
C01000,2024-01-09,Outage,I am not satisfied with how my previous complaint was handled.,3,13,0,1
C01000,2023-03-14,Billing,Response time was a bit slower than last time I called.,2,1,1,1
C01000,2024-05-06,Account Management,My meter reading submission didn't go through on the first try.,2,11,0,1
