customer_id,customer_name,age,gender,region,account_start_date,account_tenure_months,service_type,contract_type,dwelling_type,has_autopay,paperless_billing,family_size,income_bracket,home_ownership,churned
CUST0000001,Customer_1,55,Male,West,2023-03-03,22,Electricity,Residential,Townhouse,1,1,2,High,Own,0
CUST0000002,Customer_2,45,Male,Southwest,2024-02-01,11,Gas,Residential,Townhouse,1,1,1,Medium,Own,0
CUST0000003,Customer_3,57,Male,Gulf Coast,2015-04-02,117,Electricity+Gas,Commercial,Single Family,0,0,4,Medium,Own,0
CUST0000004,Customer_4,70,Male,Gulf Coast,2022-06-02,31,Electricity+Water,Commercial,Single Family,1,0,1,Medium,Rent,1
CUST0000005,Customer_5,44,Male,Northeast,2022-07-02,30,Electricity+Gas,Small Business,Condo,1,1,1,High,Rent,0
CUST0000006,Customer_6,44,Female,Northeast,2024-02-01,11,Electricity,Residential,Apartment,0,1,1,Medium,Own,1
CUST0000007,Customer_7,71,Female,Southeast,2022-09-01,28,Electricity,Small Business,Single Family,1,0,1,Medium-High,Own,0
CUST0000008,Customer_8,59,Female,Midwest,2014-10-01,123,Electricity+Water,Residential,Single Family,0,1,3,Medium,Own,1
CUST0000009,Customer_9,40,Male,Midwest,2022-10-02,27,Gas,Residential,Townhouse,1,0,3,Medium,Own,0
CUST0000010,Customer_10,56,Male,Northeast,2009-12-01,181,Electricity,Residential,Townhouse,1,0,3,Medium-Low,Rent,1
CUST0000011,Customer_11,41,Male,Northeast,2010-06-01,175,Water,Residential,Mobile Home,1,1,2,High,Rent,1
CUST0000012,Customer_12,41,Other,Northeast,2024-04-02,9,Electricity+Water,Residential,Apartment,1,1,1,Medium,Own,0
CUST0000013,Customer_13,51,Female,Gulf Coast,2024-02-01,11,Electricity+Gas,Small Business,Single Family,1,1,3,Low,Own,0
CUST0000014,Customer_14,19,Female,Gulf Coast,2015-01-31,119,Electricity,Residential,Townhouse,0,1,1,Low,Own,0
CUST0000015,Customer_15,22,Male,Northeast,2022-08-02,29,Gas,Small Business,Single Family,0,1,1,Medium,Own,0
CUST0000016,Customer_16,39,Female,Southeast,2024-12-01,1,Water,Residential,Single Family,1,0,2,Low,Own,0
CUST0000017,Customer_17,32,Male,Northeast,2023-06-02,19,Electricity+Water,Residential,Single Family,1,0,4,Medium-High,Own,0
CUST0000018,Customer_18,52,Female,Gulf Coast,2020-07-02,54,Electricity+Water,Residential,Single Family,1,0,1,Medium-Low,Own,0
CUST0000019,Customer_19,34,Female,Gulf Coast,2016-12-31,96,Electricity+Gas,Small Business,Condo,1,1,2,Medium,Lease,0
CUST0000020,Customer_20,26,Other,Southeast,2024-05-02,8,Water,Small Business,Apartment,0,1,1,Medium-Low,Rent,0
CUST0000021,Customer_21,69,Female,Southeast,2024-06-01,7,Electricity,Residential,Single Family,1,0,2,Medium-Low,Rent,1
CUST0000022,Customer_22,44,Male,Southeast,2012-04-01,153,Electricity,Residential,Apartment,1,1,3,Medium,Rent,0
CUST0000023,Customer_23,49,Female,Midwest,2018-01-31,83,Gas,Small Business,Apartment,0,1,5,Medium,Own,1
CUST0000024,Customer_24,26,Female,West,2020-08-01,53,Electricity+Water,Residential,Condo,1,1,2,Medium-Low,Own,1
CUST0000025,Customer_25,39,Male,Midwest,2017-10-01,87,Electricity,Residential,Condo,0,1,4,Medium-Low,Own,0
CUST0000026,Customer_26,49,Male,Gulf Coast,2022-04-02,33,Electricity,Residential,Single Family,1,0,5,Medium-Low,Rent,1
CUST0000027,Customer_27,30,Male,Northeast,2017-12-01,85,Electricity+Water,Residential,Condo,1,1,2,Medium-High,Rent,1
CUST0000028,Customer_28,53,Male,West,2022-10-02,27,Electricity,Residential,Single Family,0,0,3,Medium,Own,1
CUST0000029,Customer_29,38,Male,Southeast,2023-09-01,16,Electricity,Residential,Single Family,1,1,2,Medium,Own,0
CUST0000030,Customer_30,43,Female,Southeast,2018-07-02,78,Electricity+Gas,Residential,Single Family,1,1,4,High,Rent,0
CUST0000031,Customer_31,38,Male,West,2022-05-02,32,Electricity+Gas,Residential,Single Family,0,1,4,Medium-High,Own,0
CUST0000032,Customer_32,75,Male,Gulf Coast,2005-01-30,239,Gas,Residential,Condo,0,0,2,High,Rent,1
CUST0000033,Customer_33,47,Female,West,2022-12-01,25,Electricity+Water,Commercial,Townhouse,0,1,2,Medium,Own,0
CUST0000034,Customer_34,32,Female,West,2012-05-02,152,Electricity,Residential,Townhouse,1,1,6,Low,Own,0
CUST0000035,Customer_35,60,Female,West,2011-07-02,162,Electricity+Water,Residential,Mobile Home,1,1,1,Medium,Rent,0
CUST0000036,Customer_36,29,Male,Southeast,2023-09-01,16,Water,Residential,Single Family,1,1,1,Medium-Low,Own,0
CUST0000037,Customer_37,51,Female,West,2016-12-31,96,Gas,Residential,Single Family,0,0,5,Medium-Low,Own,0
CUST0000038,Customer_38,18,Female,West,2022-03-03,34,Water,Residential,Apartment,1,0,3,Medium,Lease,0
CUST0000039,Customer_39,28,Male,Midwest,2012-08-01,149,Electricity,Residential,Condo,0,1,1,Medium-Low,Own,0
CUST0000040,Customer_40,50,Male,Midwest,2022-01-31,35,Electricity,Commercial,Mobile Home,1,1,1,Low,Own,1
CUST0000041,Customer_41,59,Female,West,2018-04-02,81,Electricity+Water,Small Business,Single Family,1,0,2,Medium-Low,Own,0
CUST0000042,Customer_42,50,Female,West,2021-12-01,37,Electricity,Commercial,Condo,0,1,2,Medium-High,Own,1
CUST0000043,Customer_43,46,Other,Southeast,2023-10-02,15,Electricity,Residential,Condo,0,1,2,Low,Own,0
CUST0000044,Customer_44,43,Female,West,2023-12-02,13,Gas,Residential,Single Family,1,1,2,Low,Own,0
CUST0000045,Customer_45,25,Female,West,2022-04-02,33,Electricity,Residential,Apartment,0,0,2,Medium-High,Own,0
CUST0000046,Customer_46,37,Female,Southeast,2018-01-01,84,Electricity+Water,Small Business,Single Family,0,1,4,Medium-Low,Own,1
CUST0000047,Customer_47,41,Male,West,2020-06-01,55,Electricity+Water,Residential,Apartment,0,1,2,High,Rent,1
CUST0000048,Customer_48,63,Male,Southeast,2019-03-03,70,Gas,Small Business,Condo,0,1,1,Medium-Low,Own,0
CUST0000049,Customer_49,53,Male,Northeast,2023-06-02,19,Gas,Residential,Townhouse,1,1,1,Medium-High,Rent,1
CUST0000050,Customer_50,21,Female,Southwest,2021-10-01,39,Electricity+Gas,Residential,Apartment,1,0,2,Medium-Low,Own,0
CUST0000051,Customer_51,52,Female,Gulf Coast,2024-11-01,2,Electricity,Residential,Condo,1,1,2,Low,Own,0
CUST0000052,Customer_52,42,Female,Northeast,2016-07-02,102,Electricity,Residential,Single Family,0,1,3,Medium-High,Own,1
CUST0000053,Customer_53,37,Male,West,2002-01-30,275,Electricity,Residential,Single Family,0,1,2,High,Rent,0
CUST0000054,Customer_54,57,Female,Midwest,2022-06-02,31,Gas,Residential,Single Family,1,1,1,Medium-High,Own,0
CUST0000055,Customer_55,63,Male,Gulf Coast,2024-12-01,1,Electricity+Gas,Residential,Townhouse,1,1,5,Medium-High,Own,1
CUST0000056,Customer_56,61,Male,West,2024-02-01,11,Electricity+Water,Small Business,Condo,0,0,3,Low,Own,1
CUST0000057,Customer_57,35,Female,Gulf Coast,2019-10-02,63,Electricity+Gas,Residential,Apartment,1,0,3,Medium-High,Rent,1
CUST0000058,Customer_58,43,Female,West,2020-05-02,56,Electricity+Gas,Residential,Mobile Home,1,1,4,Medium,Lease,0
CUST0000059,Customer_59,52,Other,West,2017-04-02,93,Electricity,Residential,Townhouse,0,1,4,Medium,Own,0
CUST0000060,Customer_60,62,Male,Northeast,2023-08-02,17,Electricity+Water,Commercial,Apartment,1,0,3,Medium,Rent,1
CUST0000061,Customer_61,40,Female,Southeast,2017-11-01,86,Electricity+Water,Residential,Apartment,1,0,2,Medium-Low,Own,1
CUST0000062,Customer_62,45,Male,Southeast,2019-04-02,69,Electricity+Water,Commercial,Condo,0,1,4,Medium,Lease,1
CUST0000063,Customer_63,31,Male,West,2023-01-31,23,Electricity,Residential,Single Family,0,1,1,Medium-Low,Rent,0
CUST0000064,Customer_64,30,Female,Northeast,2021-01-31,47,Electricity+Gas,Commercial,Single Family,0,0,1,Medium,Own,0
CUST0000065,Customer_65,60,Female,Southeast,2024-04-02,9,Electricity+Gas,Residential,Single Family,1,1,1,Low,Own,1
CUST0000066,Customer_66,68,Female,Gulf Coast,2022-01-01,36,Electricity,Residential,Condo,1,1,3,Medium,Own,0
CUST0000067,Customer_67,46,Male,West,2014-06-02,127,Electricity+Water,Small Business,Mobile Home,0,1,4,Medium-Low,Rent,0
CUST0000068,Customer_68,63,Female,Gulf Coast,2022-05-02,32,Electricity,Commercial,Single Family,1,1,6,Medium-Low,Own,0
CUST0000069,Customer_69,53,Male,Northeast,2015-12-02,109,Electricity,Small Business,Mobile Home,0,1,3,Low,Rent,1
CUST0000070,Customer_70,38,Female,Southeast,2020-08-01,53,Gas,Residential,Apartment,1,1,2,Low,Rent,0
CUST0000071,Customer_71,53,Male,Southeast,2024-01-01,12,Electricity,Residential,Apartment,1,0,3,Medium-Low,Own,1
CUST0000072,Customer_72,71,Male,Northeast,2020-09-01,52,Electricity+Water,Residential,Condo,1,0,5,Medium-Low,Rent,0
CUST0000073,Customer_73,47,Female,Southeast,2021-07-02,42,Gas,Residential,Apartment,0,0,2,Medium-Low,Lease,0
CUST0000074,Customer_74,71,Female,Southeast,2022-07-02,30,Gas,Residential,Apartment,0,0,1,Low,Own,1
CUST0000075,Customer_75,18,Male,Northeast,2024-06-01,7,Electricity+Gas,Residential,Single Family,1,1,3,High,Rent,0
CUST0000076,Customer_76,60,Male,Southwest,2022-05-02,32,Electricity,Residential,Single Family,1,1,2,Low,Own,0
CUST0000077,Customer_77,49,Female,Southeast,2024-09-01,4,Water,Small Business,Apartment,1,0,2,Medium-High,Own,1
CUST0000078,Customer_78,43,Male,Northeast,2024-07-02,6,Water,Residential,Single Family,1,1,5,Medium,Lease,1
CUST0000079,Customer_79,49,Male,West,2022-05-02,32,Gas,Residential,Townhouse,1,1,3,Medium,Rent,0
CUST0000080,Customer_80,18,Male,West,2023-04-02,21,Electricity+Water,Residential,Apartment,1,1,3,Low,Rent,1
CUST0000081,Customer_81,44,Male,West,2012-01-31,155,Electricity+Gas,Residential,Apartment,1,1,1,Medium-Low,Own,0
CUST0000082,Customer_82,53,Female,Midwest,2022-09-01,28,Electricity+Gas,Residential,Townhouse,0,1,2,Medium-High,Own,0
CUST0000083,Customer_83,70,Female,Gulf Coast,2017-12-01,85,Electricity+Water,Residential,Mobile Home,1,0,1,Medium,Own,1
CUST0000084,Customer_84,40,Female,Gulf Coast,2021-04-02,45,Electricity+Gas,Commercial,Single Family,0,1,6,Medium,Rent,1
CUST0000085,Customer_85,35,Other,Southwest,2018-12-01,73,Gas,Residential,Apartment,1,1,3,Medium,Rent,0
CUST0000086,Customer_86,40,Male,Midwest,2023-07-03,18,Electricity,Residential,Condo,1,0,2,Medium,Own,1
CUST0000087,Customer_87,61,Male,Northeast,2010-11-01,170,Electricity+Gas,Residential,Single Family,0,0,1,Medium-High,Own,1
CUST0000088,Customer_88,52,Male,West,2021-04-02,45,Electricity+Water,Residential,Single Family,1,0,2,Medium-High,Rent,1
CUST0000089,Customer_89,40,Male,Southwest,2016-03-02,106,Gas,Residential,Apartment,0,0,3,Medium-Low,Lease,0
CUST0000090,Customer_90,55,Male,Gulf Coast,2022-10-02,27,Electricity,Residential,Apartment,1,1,5,Medium-High,Own,1
CUST0000091,Customer_91,49,Female,Southwest,2024-07-02,6,Electricity+Gas,Residential,Single Family,1,1,1,Medium,Rent,1
CUST0000092,Customer_92,62,Female,Gulf Coast,2019-06-02,67,Electricity+Gas,Small Business,Apartment,0,0,1,Medium,Rent,0
CUST0000093,Customer_93,37,Male,Gulf Coast,2024-12-01,1,Electricity,Small Business,Apartment,1,1,1,Medium-High,Own,0
CUST0000094,Customer_94,43,Female,Gulf Coast,2021-11-01,38,Electricity+Water,Residential,Apartment,1,0,5,Medium,Own,0
CUST0000095,Customer_95,42,Female,Southeast,2024-01-01,12,Electricity+Water,Small Business,Townhouse,1,1,1,Medium-High,Rent,1
CUST0000096,Customer_96,26,Female,Northeast,2020-02-01,59,Electricity+Gas,Residential,Townhouse,1,0,3,Medium,Rent,0
CUST0000097,Customer_97,52,Female,West,2005-08-01,233,Electricity,Residential,Apartment,1,0,1,Medium,Rent,0
CUST0000098,Customer_98,51,Female,West,2021-12-01,37,Electricity+Gas,Residential,Apartment,0,0,5,Medium-High,Own,1
CUST0000099,Customer_99,48,Female,Southeast,2016-07-02,102,Electricity,Residential,Townhouse,1,1,5,Low,Own,0
CUST0000100,Customer_100,44,Female,West,2021-07-02,42,Electricity+Gas,Residential,Apartment,0,0,1,Medium,Own,1
CUST0000101,Customer_101,26,Female,Southwest,2021-08-01,41,Electricity,Small Business,Condo,1,1,3,Low,Own,1
CUST0000102,Customer_102,41,Male,Northeast,2011-10-02,159,Electricity+Gas,Small Business,Apartment,0,0,2,Medium-Low,Own,1
CUST0000103,Customer_103,42,Male,Midwest,2013-12-31,132,Electricity,Commercial,Apartment,0,1,3,Medium,Own,0
CUST0000104,Customer_104,35,Female,Gulf Coast,2017-05-02,92,Water,Residential,Single Family,0,1,3,Medium-Low,Rent,1
CUST0000105,Customer_105,45,Male,Midwest,2023-04-02,21,Water,Residential,Condo,1,0,5,Medium-Low,Own,0
CUST0000106,Customer_106,54,Male,West,2021-01-31,47,Electricity+Water,Residential,Apartment,1,1,1,High,Own,1
CUST0000107,Customer_107,76,Female,Northeast,2023-10-02,15,Electricity,Commercial,Townhouse,1,1,2,Medium-Low,Rent,0
CUST0000108,Customer_108,50,Male,West,2022-01-31,35,Electricity,Small Business,Apartment,1,0,1,Medium,Rent,0
CUST0000109,Customer_109,51,Female,Gulf Coast,2021-10-01,39,Gas,Small Business,Single Family,1,0,5,Medium,Own,0
CUST0000110,Customer_110,46,Female,Midwest,2016-03-02,106,Electricity,Residential,Apartment,0,1,5,Low,Lease,0
CUST0000111,Customer_111,19,Other,Southeast,2013-10-01,135,Electricity,Residential,Single Family,1,0,2,Medium,Own,0
CUST0000112,Customer_112,47,Female,Southwest,2022-05-02,32,Electricity+Gas,Residential,Single Family,1,0,5,Medium,Own,0
CUST0000113,Customer_113,48,Male,Gulf Coast,2024-12-01,1,Electricity+Gas,Small Business,Single Family,0,1,1,Medium-Low,Own,1
CUST0000114,Customer_114,84,Female,Northeast,2015-03-03,118,Electricity,Small Business,Single Family,1,1,3,Low,Rent,1
CUST0000115,Customer_115,45,Female,Midwest,2024-02-01,11,Gas,Residential,Single Family,1,0,4,Medium-Low,Rent,0
CUST0000116,Customer_116,52,Other,Northeast,2020-03-02,58,Electricity+Gas,Residential,Townhouse,0,1,6,Medium-High,Rent,0
CUST0000117,Customer_117,47,Male,Midwest,2024-12-01,1,Electricity,Small Business,Townhouse,1,1,3,Medium-Low,Own,0
CUST0000118,Customer_118,30,Male,Midwest,2022-07-02,30,Electricity+Water,Residential,Single Family,0,0,3,Medium-Low,Rent,0
CUST0000119,Customer_119,65,Female,Gulf Coast,2003-10-01,255,Electricity,Commercial,Apartment,0,1,2,Medium-Low,Own,0
CUST0000120,Customer_120,59,Male,Midwest,2024-07-02,6,Electricity,Residential,Apartment,1,0,4,Medium-High,Rent,1
CUST0000121,Customer_121,59,Female,Southwest,2022-04-02,33,Electricity,Residential,Single Family,1,1,1,Medium,Own,1
CUST0000122,Customer_122,34,Male,Gulf Coast,2023-03-03,22,Electricity,Small Business,Single Family,0,0,3,Medium-High,Own,0
CUST0000123,Customer_123,69,Male,Southeast,2013-04-01,141,Electricity+Water,Residential,Single Family,0,0,2,High,Lease,1
CUST0000124,Customer_124,26,Male,West,2014-11-01,122,Electricity,Residential,Condo,1,1,7,High,Own,0
CUST0000125,Customer_125,56,Male,West,2023-09-01,16,Electricity+Gas,Commercial,Condo,0,1,3,Medium,Own,0
CUST0000126,Customer_126,80,Female,Southeast,2024-08-01,5,Gas,Commercial,Apartment,1,1,2,Medium,Own,1
CUST0000127,Customer_127,33,Female,Northeast,2020-02-01,59,Electricity+Gas,Residential,Townhouse,0,1,3,Medium-High,Rent,1
CUST0000128,Customer_128,39,Male,Midwest,2023-01-01,24,Electricity+Water,Residential,Apartment,1,1,4,Medium-Low,Own,1
CUST0000129,Customer_129,49,Female,Southeast,2019-07-02,66,Water,Residential,Single Family,1,1,3,Low,Own,0
CUST0000130,Customer_130,40,Male,Southeast,2024-12-01,1,Electricity,Residential,Condo,1,1,1,Medium-Low,Own,1
CUST0000131,Customer_131,24,Female,Gulf Coast,2024-05-02,8,Water,Commercial,Single Family,1,1,1,Medium-High,Own,0
CUST0000132,Customer_132,49,Male,Midwest,2019-04-02,69,Gas,Residential,Townhouse,1,1,8,Low,Lease,0
CUST0000133,Customer_133,32,Female,Gulf Coast,2023-11-01,14,Gas,Residential,Apartment,1,1,1,Medium-High,Lease,0
CUST0000134,Customer_134,55,Female,Southeast,2015-05-02,116,Electricity+Gas,Commercial,Townhouse,1,1,5,Medium-High,Lease,0
CUST0000135,Customer_135,34,Female,Gulf Coast,2024-10-01,3,Electricity+Water,Residential,Apartment,1,1,1,Low,Own,1
CUST0000136,Customer_136,71,Female,West,2023-11-01,14,Electricity,Small Business,Townhouse,0,1,3,Low,Rent,1
CUST0000137,Customer_137,36,Female,West,1994-12-31,360,Water,Residential,Single Family,0,1,1,Medium-Low,Rent,1
CUST0000138,Customer_138,43,Other,Southeast,2022-03-03,34,Electricity,Commercial,Single Family,1,0,1,Medium-Low,Own,1
CUST0000139,Customer_139,60,Female,Midwest,2019-01-01,72,Gas,Small Business,Condo,1,0,1,Medium,Rent,0
CUST0000140,Customer_140,29,Female,Southwest,2024-01-01,12,Electricity+Water,Commercial,Townhouse,1,1,1,Medium,Rent,0
CUST0000141,Customer_141,51,Female,West,2020-05-02,56,Electricity+Gas,Commercial,Condo,0,1,1,Medium-High,Own,0
CUST0000142,Customer_142,67,Male,West,2018-08-02,77,Electricity,Residential,Apartment,1,1,3,Low,Lease,1
CUST0000143,Customer_143,23,Female,Northeast,2023-03-03,22,Electricity+Gas,Residential,Apartment,1,1,2,Medium,Rent,0
CUST0000144,Customer_144,50,Male,Gulf Coast,2016-04-01,105,Water,Residential,Apartment,1,1,8,Medium,Rent,1
CUST0000145,Customer_145,51,Female,Gulf Coast,2020-06-01,55,Electricity+Gas,Small Business,Single Family,0,0,2,Medium-High,Rent,1
CUST0000146,Customer_146,59,Female,Southwest,2022-08-02,29,Electricity,Residential,Townhouse,1,1,5,Medium-Low,Own,0
CUST0000147,Customer_147,29,Female,Southeast,2020-12-31,48,Gas,Commercial,Condo,0,0,3,Medium,Rent,0
CUST0000148,Customer_148,28,Male,West,2020-10-01,51,Electricity+Water,Residential,Condo,1,1,2,Low,Rent,1
CUST0000149,Customer_149,55,Male,Midwest,2024-03-02,10,Electricity+Gas,Commercial,Apartment,1,1,3,Low,Own,1
CUST0000150,Customer_150,52,Female,West,2022-07-02,30,Electricity+Gas,Residential,Apartment,0,1,3,Medium-Low,Own,0
CUST0000151,Customer_151,51,Female,West,2022-12-01,25,Water,Residential,Condo,1,1,3,Medium,Rent,0
CUST0000152,Customer_152,53,Male,Northeast,2022-07-02,30,Electricity,Residential,Townhouse,1,0,2,Low,Rent,0
CUST0000153,Customer_153,37,Male,Southwest,2017-12-01,85,Electricity+Gas,Residential,Condo,0,0,5,Medium-High,Lease,1
CUST0000154,Customer_154,51,Female,Midwest,2021-10-01,39,Gas,Residential,Townhouse,1,1,3,High,Own,1
CUST0000155,Customer_155,52,Female,Gulf Coast,2010-12-01,169,Electricity,Residential,Condo,0,1,2,Medium,Own,1
CUST0000156,Customer_156,37,Male,Southeast,2023-05-03,20,Electricity,Residential,Single Family,1,1,3,Low,Rent,1
CUST0000157,Customer_157,75,Male,Southeast,2022-05-02,32,Water,Small Business,Townhouse,0,0,4,Medium-High,Rent,1
CUST0000158,Customer_158,55,Male,Gulf Coast,2017-05-02,92,Electricity,Residential,Single Family,0,1,4,Medium-Low,Rent,1
CUST0000159,Customer_159,30,Other,Northeast,2021-01-31,47,Electricity,Residential,Townhouse,1,1,1,Medium-High,Own,0
CUST0000160,Customer_160,57,Male,West,2021-01-31,47,Electricity,Commercial,Apartment,1,0,1,Medium,Rent,0
CUST0000161,Customer_161,33,Male,Southeast,2024-10-01,3,Electricity,Small Business,Single Family,0,1,4,Low,Own,1
CUST0000162,Customer_162,59,Male,Southwest,2022-07-02,30,Gas,Residential,Apartment,1,0,2,Medium-Low,Rent,1
CUST0000163,Customer_163,65,Male,Southwest,2023-07-03,18,Water,Small Business,Single Family,1,1,4,Medium,Own,0
CUST0000164,Customer_164,35,Female,Midwest,1994-12-31,360,Electricity,Commercial,Single Family,1,1,3,Medium-High,Own,1
CUST0000165,Customer_165,62,Male,Gulf Coast,2023-03-03,22,Electricity,Commercial,Single Family,1,1,1,Low,Rent,0
CUST0000166,Customer_166,54,Male,Northeast,2014-04-02,129,Electricity+Gas,Small Business,Apartment,1,0,3,Medium-Low,Own,0
CUST0000167,Customer_167,60,Male,Southeast,2019-06-02,67,Electricity+Gas,Residential,Single Family,0,1,1,Low,Own,1
CUST0000168,Customer_168,76,Male,Midwest,2022-12-01,25,Electricity+Gas,Residential,Single Family,0,0,1,Medium,Own,0
CUST0000169,Customer_169,44,Male,Southwest,2021-01-31,47,Electricity,Small Business,Single Family,0,1,1,Medium,Own,1
CUST0000170,Customer_170,36,Female,Midwest,2015-11-01,110,Water,Small Business,Single Family,1,0,3,High,Own,0
CUST0000171,Customer_171,34,Female,Northeast,2014-05-02,128,Gas,Residential,Single Family,0,0,2,Medium-High,Own,1
CUST0000172,Customer_172,35,Female,Gulf Coast,2024-03-02,10,Electricity+Gas,Residential,Apartment,1,1,3,Medium-High,Own,1
CUST0000173,Customer_173,46,Female,Midwest,2023-01-01,24,Electricity,Residential,Apartment,0,1,2,Medium-Low,Own,1
CUST0000174,Customer_174,53,Female,Southeast,2023-01-01,24,Electricity,Residential,Mobile Home,1,1,4,Medium-Low,Own,1
CUST0000175,Customer_175,52,Male,Midwest,2024-11-01,2,Water,Residential,Single Family,1,0,4,Medium,Own,1
CUST0000176,Customer_176,60,Female,Southeast,2020-07-02,54,Electricity,Residential,Condo,0,1,5,Low,Own,0
CUST0000177,Customer_177,48,Female,Northeast,2015-06-02,115,Electricity,Commercial,Single Family,0,1,4,Medium-High,Own,1
CUST0000178,Customer_178,69,Female,Northeast,2022-09-01,28,Electricity+Gas,Residential,Single Family,1,0,3,Medium-High,Rent,1
CUST0000179,Customer_179,44,Female,Northeast,2018-05-02,80,Electricity+Gas,Commercial,Single Family,1,1,2,Low,Rent,0
CUST0000180,Customer_180,88,Male,Southeast,2020-02-01,59,Electricity+Gas,Residential,Single Family,1,1,4,Medium-High,Rent,1
CUST0000181,Customer_181,57,Female,Midwest,2022-09-01,28,Electricity+Gas,Residential,Apartment,0,1,1,Low,Own,0
CUST0000182,Customer_182,35,Female,Southwest,2024-04-02,9,Electricity+Gas,Residential,Townhouse,1,1,2,Low,Own,0
CUST0000183,Customer_183,31,Other,Southwest,2018-11-01,74,Gas,Residential,Condo,1,1,1,Low,Own,0
CUST0000184,Customer_184,55,Male,Northeast,2015-06-02,115,Electricity+Water,Residential,Mobile Home,0,1,2,Medium,Rent,1
CUST0000185,Customer_185,44,Male,Gulf Coast,2019-04-02,69,Electricity+Gas,Small Business,Townhouse,1,1,2,Medium-High,Own,0
CUST0000186,Customer_186,58,Male,West,2024-12-01,1,Electricity+Gas,Small Business,Apartment,1,0,2,Medium-Low,Rent,0
CUST0000187,Customer_187,55,Female,Gulf Coast,2023-11-01,14,Electricity,Commercial,Apartment,0,1,6,Medium-High,Rent,0
CUST0000188,Customer_188,46,Male,Southeast,2024-09-01,4,Electricity+Water,Residential,Condo,1,1,6,Medium-Low,Lease,1
CUST0000189,Customer_189,35,Male,Southwest,2020-10-31,50,Electricity,Residential,Townhouse,1,0,3,High,Lease,1
CUST0000190,Customer_190,25,Other,Northeast,2018-01-01,84,Electricity+Gas,Residential,Single Family,0,1,3,Medium-High,Rent,1
CUST0000191,Customer_191,41,Male,West,2024-06-01,7,Gas,Residential,Townhouse,1,1,1,Medium-High,Own,0
CUST0000192,Customer_192,60,Female,Northeast,2015-12-02,109,Electricity+Gas,Residential,Apartment,0,1,5,Medium,Lease,0
CUST0000193,Customer_193,51,Male,Southeast,2020-12-31,48,Gas,Residential,Apartment,1,1,2,Medium-Low,Rent,1
CUST0000194,Customer_194,29,Female,Midwest,2019-03-03,70,Electricity+Gas,Commercial,Condo,1,1,3,Low,Rent,0
CUST0000195,Customer_195,50,Female,Southwest,2007-04-02,213,Electricity,Residential,Townhouse,1,1,2,Medium,Own,0
CUST0000196,Customer_196,53,Female,Southwest,2024-08-01,5,Gas,Small Business,Mobile Home,0,0,2,Medium,Own,0
CUST0000197,Customer_197,34,Female,Northeast,2013-07-02,138,Water,Residential,Condo,0,1,1,Medium,Rent,0
CUST0000198,Customer_198,50,Male,Midwest,2024-05-02,8,Electricity,Residential,Single Family,1,0,4,Medium-Low,Own,0
CUST0000199,Customer_199,48,Male,Gulf Coast,2022-08-02,29,Electricity,Small Business,Single Family,1,1,1,Medium,Own,0
CUST0000200,Customer_200,30,Male,Gulf Coast,2015-07-02,114,Gas,Residential,Single Family,1,0,1,Medium,Own,0
CUST0000201,Customer_201,53,Female,Southwest,2013-03-02,142,Electricity+Water,Residential,Condo,1,0,1,Medium-Low,Own,0
CUST0000202,Customer_202,56,Female,Southwest,2021-07-02,42,Electricity,Residential,Single Family,1,1,3,Medium-High,Own,0
CUST0000203,Customer_203,64,Male,Northeast,2020-07-02,54,Electricity,Residential,Townhouse,1,1,3,Medium,Own,1
CUST0000204,Customer_204,63,Female,Southeast,2018-12-01,73,Electricity+Gas,Residential,Apartment,1,1,6,Medium-Low,Own,1
CUST0000205,Customer_205,27,Male,Southeast,2016-01-31,107,Electricity,Residential,Townhouse,0,1,3,Medium-Low,Own,1
CUST0000206,Customer_206,33,Female,Midwest,2024-06-01,7,Gas,Residential,Single Family,0,1,1,Medium-Low,Own,1
CUST0000207,Customer_207,55,Other,West,2016-10-01,99,Water,Small Business,Single Family,1,1,4,Medium-Low,Lease,0
CUST0000208,Customer_208,55,Male,Midwest,2021-10-01,39,Electricity,Residential,Single Family,0,1,2,Medium,Own,0
CUST0000209,Customer_209,55,Female,Northeast,2022-01-31,35,Electricity+Gas,Residential,Apartment,0,0,4,High,Rent,1
CUST0000210,Customer_210,90,Male,Midwest,2022-04-02,33,Electricity+Gas,Residential,Single Family,0,1,1,Medium-High,Own,0
CUST0000211,Customer_211,56,Female,Northeast,2021-07-02,42,Electricity+Water,Small Business,Condo,0,1,5,Medium-Low,Own,1
CUST0000212,Customer_212,65,Female,West,2010-07-02,174,Electricity+Water,Residential,Single Family,0,1,1,Medium-High,Own,1
CUST0000213,Customer_213,62,Male,Northeast,2021-01-31,47,Gas,Residential,Townhouse,0,0,4,High,Lease,0
CUST0000214,Customer_214,57,Male,Midwest,2009-10-01,183,Electricity+Gas,Residential,Mobile Home,0,1,7,Medium-Low,Own,1
CUST0000215,Customer_215,43,Male,West,2024-02-01,11,Electricity+Gas,Commercial,Apartment,0,1,3,High,Own,0
CUST0000216,Customer_216,59,Female,Southeast,2018-08-02,77,Electricity,Residential,Single Family,0,0,2,High,Rent,1
CUST0000217,Customer_217,36,Female,Northeast,2016-08-31,100,Electricity,Residential,Condo,0,0,2,Medium-High,Rent,1
CUST0000218,Customer_218,44,Male,Southwest,2019-05-03,68,Electricity+Water,Residential,Single Family,1,0,3,Medium-Low,Rent,1
CUST0000219,Customer_219,40,Female,Northeast,2020-05-02,56,Gas,Residential,Single Family,0,1,4,Medium,Own,0
CUST0000220,Customer_220,49,Female,Southwest,2020-12-01,49,Electricity,Residential,Single Family,1,1,4,Medium-Low,Rent,0
CUST0000221,Customer_221,82,Male,West,2015-03-03,118,Water,Commercial,Single Family,0,0,8,High,Lease,0
CUST0000222,Customer_222,19,Male,Southeast,2016-06-01,103,Electricity+Gas,Residential,Apartment,0,1,2,Low,Rent,1
CUST0000223,Customer_223,58,Female,Midwest,2024-06-01,7,Electricity,Residential,Apartment,1,1,1,Medium-High,Own,0
CUST0000224,Customer_224,23,Female,Gulf Coast,2015-08-02,113,Electricity,Residential,Apartment,1,1,4,Low,Own,1
CUST0000225,Customer_225,40,Male,Midwest,2022-05-02,32,Electricity,Small Business,Single Family,0,1,4,Low,Own,1
CUST0000226,Customer_226,64,Male,Gulf Coast,2023-08-02,17,Electricity+Water,Residential,Apartment,0,1,8,High,Rent,0
CUST0000227,Customer_227,48,Male,Northeast,2014-11-01,122,Electricity+Water,Residential,Single Family,0,1,2,Medium-High,Own,1
CUST0000228,Customer_228,31,Female,West,2022-04-02,33,Electricity,Commercial,Single Family,1,1,1,Medium-Low,Own,0
CUST0000229,Customer_229,37,Male,Southwest,2016-10-01,99,Water,Residential,Single Family,0,0,3,High,Own,1
CUST0000230,Customer_230,58,Male,Gulf Coast,2023-07-03,18,Gas,Residential,Apartment,0,0,4,Medium-High,Own,0
CUST0000231,Customer_231,37,Female,Northeast,2024-12-01,1,Electricity+Gas,Residential,Apartment,1,1,1,High,Own,0
CUST0000232,Customer_232,51,Female,Southeast,2021-08-01,41,Electricity,Commercial,Single Family,0,0,2,Medium,Own,1
CUST0000233,Customer_233,48,Male,Northeast,2024-07-02,6,Electricity+Gas,Small Business,Mobile Home,0,1,1,High,Lease,1
CUST0000234,Customer_234,38,Male,Gulf Coast,2018-01-01,84,Electricity,Small Business,Single Family,0,1,3,Medium-High,Rent,1
CUST0000235,Customer_235,80,Female,Midwest,2023-06-02,19,Electricity,Residential,Townhouse,0,0,1,High,Own,0
CUST0000236,Customer_236,57,Male,Gulf Coast,2022-01-31,35,Electricity,Residential,Single Family,0,1,1,Medium-Low,Own,0
CUST0000237,Customer_237,18,Male,Southeast,2024-08-01,5,Electricity,Residential,Townhouse,1,1,4,Medium,Own,0
CUST0000238,Customer_238,50,Female,Northeast,2023-05-03,20,Electricity+Water,Residential,Apartment,1,0,1,Medium-High,Rent,0
CUST0000239,Customer_239,38,Male,Southeast,2017-06-01,91,Electricity+Water,Residential,Apartment,0,0,5,Medium,Own,1
CUST0000240,Customer_240,60,Female,Southwest,2024-04-02,9,Water,Commercial,Single Family,0,1,1,Medium-High,Lease,1
CUST0000241,Customer_241,36,Female,West,2019-11-01,62,Electricity,Residential,Apartment,1,1,2,High,Rent,0
CUST0000242,Customer_242,46,Male,Southeast,2012-08-01,149,Gas,Residential,Townhouse,1,1,3,Medium-High,Lease,0
CUST0000243,Customer_243,55,Male,Gulf Coast,2019-05-03,68,Gas,Residential,Townhouse,1,1,4,Medium-Low,Own,1
CUST0000244,Customer_244,60,Female,Southeast,2016-10-01,99,Gas,Small Business,Single Family,1,1,3,Low,Rent,1
CUST0000245,Customer_245,29,Female,West,2024-07-02,6,Electricity,Residential,Single Family,0,0,6,Medium-Low,Own,1
CUST0000246,Customer_246,42,Female,West,2023-08-02,17,Electricity+Gas,Residential,Single Family,0,1,3,Medium,Own,0
CUST0000247,Customer_247,40,Female,Southeast,2013-11-01,134,Electricity,Residential,Single Family,1,0,2,Low,Rent,0
CUST0000248,Customer_248,38,Male,Northeast,2018-10-01,75,Water,Commercial,Single Family,0,1,2,Medium-Low,Own,1
CUST0000249,Customer_249,74,Female,Southeast,2019-12-02,61,Electricity+Gas,Commercial,Single Family,1,1,4,Medium-Low,Own,1
CUST0000250,Customer_250,54,Male,Northeast,2019-08-02,65,Gas,Residential,Townhouse,1,1,2,Medium-High,Own,0
CUST0000251,Customer_251,29,Male,Gulf Coast,2022-05-02,32,Electricity+Gas,Residential,Apartment,0,1,1,Low,Own,1
CUST0000252,Customer_252,61,Male,Gulf Coast,2024-11-01,2,Electricity,Residential,Townhouse,0,1,6,Low,Rent,1
CUST0000253,Customer_253,79,Male,West,2017-05-02,92,Electricity,Residential,Townhouse,0,1,2,Medium,Rent,0
CUST0000254,Customer_254,63,Female,West,2019-05-03,68,Electricity,Small Business,Apartment,1,0,2,Medium-Low,Rent,0
CUST0000255,Customer_255,25,Male,Southeast,2021-11-01,38,Water,Residential,Apartment,1,1,3,Medium-Low,Lease,1
CUST0000256,Customer_256,40,Male,Northeast,2013-07-02,138,Electricity,Residential,Mobile Home,1,1,2,Medium-Low,Own,0
CUST0000257,Customer_257,67,Male,West,2023-01-01,24,Electricity+Gas,Residential,Apartment,0,1,2,Medium,Own,0
CUST0000258,Customer_258,37,Female,Southwest,2023-05-03,20,Electricity,Residential,Apartment,0,0,2,Low,Own,0
CUST0000259,Customer_259,54,Female,West,2014-10-01,123,Electricity,Small Business,Condo,1,1,3,High,Own,1
CUST0000260,Customer_260,59,Male,West,2017-01-31,95,Electricity,Residential,Single Family,1,0,3,Low,Rent,1
CUST0000261,Customer_261,34,Male,Midwest,2021-06-02,43,Electricity+Gas,Small Business,Townhouse,1,1,4,High,Rent,1
CUST0000262,Customer_262,47,Male,Northeast,2024-05-02,8,Electricity+Gas,Residential,Single Family,1,1,5,Medium-High,Own,0
CUST0000263,Customer_263,18,Female,West,2023-11-01,14,Electricity+Gas,Residential,Condo,0,1,1,Medium-High,Rent,0
CUST0000264,Customer_264,32,Female,Midwest,2019-09-01,64,Electricity,Commercial,Townhouse,0,1,1,Medium-Low,Rent,1
CUST0000265,Customer_265,44,Female,West,2022-08-02,29,Electricity,Residential,Apartment,0,0,1,Medium,Own,0
CUST0000266,Customer_266,29,Female,Midwest,2016-01-01,108,Electricity+Gas,Commercial,Townhouse,1,1,2,Medium-High,Own,0
CUST0000267,Customer_267,72,Male,Southeast,2010-01-31,179,Electricity,Small Business,Townhouse,1,1,3,Medium,Rent,1
CUST0000268,Customer_268,26,Female,Northeast,2016-10-31,98,Electricity,Commercial,Apartment,1,1,4,Medium,Own,0
CUST0000269,Customer_269,41,Female,West,2022-09-01,28,Electricity,Residential,Condo,1,0,3,Medium-Low,Lease,0
CUST0000270,Customer_270,49,Male,Southwest,2017-04-02,93,Electricity+Gas,Residential,Apartment,0,0,1,Medium,Own,1
CUST0000271,Customer_271,69,Male,Midwest,2022-12-01,25,Electricity+Gas,Small Business,Condo,1,0,3,Medium-Low,Own,1
CUST0000272,Customer_272,26,Female,Midwest,2024-03-02,10,Electricity,Small Business,Apartment,0,1,4,High,Rent,1
CUST0000273,Customer_273,65,Female,Midwest,2024-11-01,2,Electricity+Gas,Residential,Apartment,0,1,3,Medium,Own,1
CUST0000274,Customer_274,48,Male,Southeast,2022-08-02,29,Electricity+Gas,Residential,Single Family,1,1,1,Low,Rent,0
CUST0000275,Customer_275,33,Female,Southeast,2013-05-02,140,Gas,Commercial,Single Family,1,1,1,Medium,Rent,0
CUST0000276,Customer_276,54,Female,Southeast,2023-09-01,16,Electricity,Residential,Condo,1,1,4,Medium,Lease,1
CUST0000277,Customer_277,50,Male,Southeast,2023-12-02,13,Electricity+Gas,Residential,Apartment,1,0,4,Low,Rent,1
CUST0000278,Customer_278,38,Male,Midwest,2007-07-02,210,Electricity+Gas,Residential,Apartment,1,1,3,Medium,Own,0
CUST0000279,Customer_279,49,Male,Northeast,2024-12-01,1,Electricity,Residential,Apartment,1,1,2,Medium-Low,Own,1
CUST0000280,Customer_280,42,Female,Southeast,2017-05-02,92,Electricity+Gas,Residential,Single Family,1,1,3,Medium,Own,0
CUST0000281,Customer_281,49,Male,Southeast,2023-01-31,23,Gas,Small Business,Apartment,0,1,2,Medium,Lease,0
CUST0000282,Customer_282,57,Male,Southeast,2024-11-01,2,Water,Small Business,Single Family,0,1,5,Medium-Low,Own,1
CUST0000283,Customer_283,71,Female,Gulf Coast,2012-08-01,149,Electricity,Commercial,Condo,1,1,1,Medium-Low,Rent,1
CUST0000284,Customer_284,29,Female,Northeast,2024-04-02,9,Electricity,Residential,Apartment,1,1,1,Medium-High,Own,1
CUST0000285,Customer_285,79,Male,Southwest,2020-12-31,48,Electricity+Gas,Residential,Condo,0,1,3,Medium-Low,Own,0
CUST0000286,Customer_286,18,Male,Northeast,2023-06-02,19,Gas,Residential,Townhouse,0,0,3,Medium,Own,0
CUST0000287,Customer_287,45,Female,West,2024-09-01,4,Gas,Residential,Single Family,1,1,3,Medium-High,Rent,1
CUST0000288,Customer_288,56,Female,Gulf Coast,2024-10-01,3,Electricity+Gas,Residential,Condo,1,1,4,Medium-Low,Own,1
CUST0000289,Customer_289,52,Female,Midwest,2024-06-01,7,Electricity+Gas,Residential,Single Family,1,1,6,Low,Own,1
CUST0000290,Customer_290,38,Male,West,2024-09-01,4,Electricity+Gas,Residential,Apartment,1,1,3,Medium-High,Own,0
CUST0000291,Customer_291,44,Female,Southeast,2017-12-01,85,Electricity,Residential,Single Family,1,0,1,Medium,Rent,1
CUST0000292,Customer_292,40,Female,Northeast,2021-10-01,39,Electricity+Gas,Residential,Apartment,0,1,4,Medium-High,Own,0
CUST0000293,Customer_293,39,Female,Southeast,2022-12-01,25,Gas,Commercial,Single Family,0,1,1,Medium-Low,Own,0
CUST0000294,Customer_294,60,Female,Southeast,2022-05-02,32,Electricity,Small Business,Townhouse,0,1,2,Medium-High,Own,0
CUST0000295,Customer_295,53,Male,Southeast,2011-11-01,158,Electricity,Small Business,Mobile Home,1,1,1,Low,Rent,0
CUST0000296,Customer_296,37,Male,Southeast,2012-12-31,144,Electricity,Small Business,Townhouse,0,0,4,Medium-High,Own,0
CUST0000297,Customer_297,61,Female,Midwest,2018-10-01,75,Gas,Residential,Single Family,1,1,2,Medium-High,Lease,0
CUST0000298,Customer_298,52,Female,West,2014-04-02,129,Electricity,Small Business,Apartment,1,1,2,Medium,Own,0
CUST0000299,Customer_299,60,Female,Southeast,2023-01-31,23,Electricity+Water,Small Business,Condo,0,1,1,Medium,Rent,1
CUST0000300,Customer_300,57,Male,Northeast,2022-09-01,28,Electricity+Water,Residential,Single Family,1,1,5,Medium-Low,Rent,0
CUST0000301,Customer_301,35,Female,Midwest,2020-04-01,57,Water,Commercial,Single Family,0,0,1,Medium-Low,Own,1
CUST0000302,Customer_302,39,Female,Midwest,2020-03-02,58,Electricity+Gas,Residential,Single Family,0,1,3,Medium,Own,0
CUST0000303,Customer_303,59,Male,Northeast,2021-10-01,39,Water,Residential,Apartment,0,1,4,Medium,Rent,1
CUST0000304,Customer_304,57,Male,Northeast,2022-07-02,30,Electricity,Residential,Townhouse,0,1,1,High,Own,0
CUST0000305,Customer_305,47,Female,Midwest,2003-09-01,256,Electricity+Gas,Small Business,Townhouse,1,1,1,Medium-High,Own,0
CUST0000306,Customer_306,49,Female,Southeast,2016-06-01,103,Gas,Residential,Apartment,1,1,3,Medium,Own,1
CUST0000307,Customer_307,67,Female,Gulf Coast,2022-03-03,34,Electricity,Residential,Townhouse,1,0,1,Medium-High,Own,0
CUST0000308,Customer_308,39,Female,Northeast,2018-08-02,77,Electricity,Residential,Apartment,1,1,3,Low,Rent,0
CUST0000309,Customer_309,56,Male,Northeast,2023-07-03,18,Electricity+Gas,Residential,Apartment,1,0,1,Medium,Own,0
CUST0000310,Customer_310,44,Male,Midwest,2024-07-02,6,Electricity,Commercial,Single Family,1,1,1,Medium,Own,0
CUST0000311,Customer_311,44,Female,Gulf Coast,2022-11-01,26,Electricity+Gas,Small Business,Single Family,1,1,2,High,Rent,0
CUST0000312,Customer_312,64,Female,Southwest,2022-07-02,30,Electricity+Water,Small Business,Single Family,0,1,3,Medium-Low,Rent,0
CUST0000313,Customer_313,60,Female,Southeast,2024-12-01,1,Electricity,Residential,Condo,1,0,4,Low,Own,0
CUST0000314,Customer_314,60,Female,Northeast,2016-08-01,101,Gas,Residential,Townhouse,1,1,2,Low,Lease,0
CUST0000315,Customer_315,67,Male,Midwest,2022-11-01,26,Electricity+Gas,Residential,Single Family,0,1,3,Medium,Own,0
CUST0000316,Customer_316,48,Female,Southeast,2020-09-01,52,Electricity,Residential,Single Family,1,0,3,Medium-Low,Rent,0
CUST0000317,Customer_317,58,Male,Southwest,2024-09-01,4,Electricity+Water,Residential,Townhouse,1,1,3,Medium-High,Own,1
CUST0000318,Customer_318,43,Male,Southwest,2024-02-01,11,Electricity+Water,Residential,Apartment,1,1,3,Medium,Own,0
CUST0000319,Customer_319,52,Male,Southeast,2013-12-31,132,Electricity,Residential,Single Family,0,1,1,Medium-Low,Rent,0
CUST0000320,Customer_320,46,Male,Northeast,2020-05-02,56,Electricity,Residential,Single Family,0,0,2,Medium-High,Rent,1
CUST0000321,Customer_321,49,Male,West,2009-12-31,180,Electricity+Water,Residential,Single Family,0,1,3,Medium,Lease,1
CUST0000322,Customer_322,56,Male,Southwest,1994-12-31,360,Electricity+Water,Residential,Apartment,0,0,2,Medium-High,Rent,0
CUST0000323,Customer_323,35,Male,West,2022-10-02,27,Gas,Small Business,Single Family,0,1,4,Medium-High,Own,0
CUST0000324,Customer_324,79,Male,Southeast,2023-04-02,21,Electricity,Residential,Townhouse,0,1,2,Medium-High,Rent,0
CUST0000325,Customer_325,32,Female,Southwest,2015-04-02,117,Electricity+Gas,Small Business,Mobile Home,0,1,1,Medium-High,Own,1
CUST0000326,Customer_326,29,Male,Northeast,1994-12-31,360,Electricity,Small Business,Single Family,0,1,6,Medium-High,Own,0
CUST0000327,Customer_327,65,Male,Southeast,2020-02-01,59,Electricity+Water,Commercial,Single Family,1,0,4,Medium,Own,1
CUST0000328,Customer_328,59,Female,Southwest,2017-01-31,95,Water,Residential,Single Family,0,1,6,High,Rent,0
CUST0000329,Customer_329,57,Female,West,2017-06-01,91,Electricity+Gas,Residential,Apartment,1,0,4,Low,Own,0
CUST0000330,Customer_330,57,Female,Southeast,2022-11-01,26,Electricity,Residential,Townhouse,1,0,5,High,Rent,0
CUST0000331,Customer_331,47,Male,West,2020-10-01,51,Electricity+Gas,Commercial,Single Family,1,1,6,Low,Own,1
CUST0000332,Customer_332,34,Female,West,2016-01-31,107,Electricity,Small Business,Single Family,0,1,1,Medium-Low,Rent,1
CUST0000333,Customer_333,49,Male,Southeast,2019-04-02,69,Electricity,Residential,Townhouse,0,0,3,Medium-High,Rent,0
CUST0000334,Customer_334,37,Male,Gulf Coast,2024-12-01,1,Electricity+Gas,Residential,Townhouse,1,1,1,Medium,Own,0
CUST0000335,Customer_335,62,Male,Midwest,2023-01-01,24,Gas,Residential,Single Family,1,1,5,Medium,Rent,0
CUST0000336,Customer_336,45,Female,Southwest,2024-04-02,9,Water,Residential,Single Family,1,0,8,Medium-Low,Own,0
CUST0000337,Customer_337,35,Male,Midwest,2023-10-02,15,Electricity+Water,Small Business,Apartment,0,1,2,Medium-Low,Rent,1
CUST0000338,Customer_338,43,Male,Midwest,2013-04-01,141,Gas,Residential,Single Family,0,1,1,Low,Rent,1
CUST0000339,Customer_339,54,Male,West,2024-11-01,2,Gas,Residential,Single Family,0,1,1,Medium-Low,Lease,1
CUST0000340,Customer_340,39,Female,Southeast,2023-11-01,14,Gas,Residential,Townhouse,0,0,3,Medium,Own,1
CUST0000341,Customer_341,35,Female,Northeast,2023-03-03,22,Electricity,Residential,Single Family,0,1,2,Medium-High,Own,0
CUST0000342,Customer_342,51,Male,Gulf Coast,2020-04-01,57,Electricity+Gas,Residential,Condo,0,0,4,Medium-High,Own,0
CUST0000343,Customer_343,51,Female,West,2021-04-02,45,Electricity+Gas,Residential,Townhouse,0,1,2,Medium-Low,Rent,1
CUST0000344,Customer_344,40,Female,Southeast,2023-11-01,14,Electricity+Water,Residential,Single Family,1,1,3,High,Rent,0
CUST0000345,Customer_345,40,Female,Southeast,2024-03-02,10,Electricity+Gas,Small Business,Apartment,1,0,4,Medium-Low,Own,0
CUST0000346,Customer_346,51,Male,West,2023-09-01,16,Electricity,Residential,Apartment,0,0,1,Low,Own,0
CUST0000347,Customer_347,26,Female,Northeast,2021-08-01,41,Electricity,Residential,Single Family,1,0,1,High,Rent,0
CUST0000348,Customer_348,26,Male,Midwest,2023-07-03,18,Gas,Commercial,Single Family,1,1,3,Medium,Own,0
CUST0000349,Customer_349,37,Female,Northeast,2010-05-02,176,Electricity,Residential,Apartment,0,1,3,High,Own,1
CUST0000350,Customer_350,44,Male,Southwest,2021-12-01,37,Gas,Residential,Townhouse,0,1,4,Medium-Low,Own,0
CUST0000351,Customer_351,52,Male,Northeast,2024-10-01,3,Electricity,Residential,Apartment,0,1,1,Medium-High,Rent,1
CUST0000352,Customer_352,70,Male,Southwest,2018-07-02,78,Electricity+Water,Residential,Single Family,1,1,6,Low,Own,0
CUST0000353,Customer_353,60,Female,West,2023-01-31,23,Electricity,Residential,Mobile Home,0,1,5,Medium-High,Rent,0
CUST0000354,Customer_354,45,Male,Midwest,2019-10-02,63,Electricity+Gas,Residential,Townhouse,0,1,2,Medium-Low,Lease,1
CUST0000355,Customer_355,47,Female,Northeast,2023-06-02,19,Electricity,Residential,Apartment,0,1,2,Low,Own,0
CUST0000356,Customer_356,32,Male,Northeast,2020-10-31,50,Gas,Small Business,Apartment,1,0,2,Low,Rent,0
CUST0000357,Customer_357,47,Female,Southeast,2017-09-01,88,Electricity,Residential,Single Family,0,0,3,Medium,Lease,0
CUST0000358,Customer_358,43,Female,Midwest,2011-12-01,157,Gas,Commercial,Mobile Home,1,0,3,Medium-Low,Own,0
CUST0000359,Customer_359,52,Female,Southwest,2023-07-03,18,Gas,Small Business,Single Family,0,0,3,High,Lease,0
CUST0000360,Customer_360,35,Female,Northeast,2023-01-01,24,Electricity+Gas,Small Business,Townhouse,0,1,1,Medium-High,Own,1
CUST0000361,Customer_361,55,Female,West,2021-12-01,37,Electricity+Gas,Small Business,Apartment,0,0,1,Medium-High,Own,1
CUST0000362,Customer_362,70,Male,West,2011-12-01,157,Electricity+Gas,Residential,Condo,0,1,6,Medium-High,Rent,1
CUST0000363,Customer_363,46,Female,Midwest,2013-07-02,138,Water,Residential,Townhouse,1,0,3,Medium-High,Own,0
CUST0000364,Customer_364,54,Male,Southeast,2024-08-01,5,Electricity+Water,Commercial,Apartment,0,1,1,Medium-High,Rent,1
CUST0000365,Customer_365,58,Female,West,2024-05-02,8,Electricity+Gas,Residential,Mobile Home,0,1,2,High,Own,0
CUST0000366,Customer_366,41,Female,West,2021-08-01,41,Electricity,Residential,Condo,0,1,3,High,Rent,1
CUST0000367,Customer_367,51,Male,Gulf Coast,2024-07-02,6,Electricity+Water,Residential,Single Family,0,0,3,Medium-Low,Own,1
CUST0000368,Customer_368,48,Male,Southeast,2022-12-01,25,Electricity+Water,Residential,Single Family,0,0,2,Medium-Low,Own,1
CUST0000369,Customer_369,49,Male,Gulf Coast,2024-04-02,9,Electricity+Gas,Residential,Townhouse,0,1,4,Medium,Rent,0
CUST0000370,Customer_370,36,Female,Northeast,2020-01-01,60,Electricity+Gas,Residential,Mobile Home,0,0,1,Low,Own,1
CUST0000371,Customer_371,48,Female,Midwest,2010-01-31,179,Electricity,Small Business,Apartment,0,1,2,Medium-Low,Rent,1
CUST0000372,Customer_372,55,Female,Midwest,1996-06-01,343,Water,Residential,Single Family,1,1,1,Medium-High,Lease,0
CUST0000373,Customer_373,69,Female,Midwest,2022-09-01,28,Electricity+Water,Small Business,Apartment,1,0,4,Medium,Own,0
CUST0000374,Customer_374,62,Female,Southwest,2020-07-02,54,Electricity+Gas,Residential,Single Family,0,1,5,Medium,Rent,0
CUST0000375,Customer_375,80,Male,Northeast,2015-05-02,116,Electricity+Gas,Residential,Apartment,1,0,2,High,Own,0
CUST0000376,Customer_376,36,Male,Gulf Coast,2024-06-01,7,Electricity,Residential,Single Family,1,0,4,Medium,Lease,0
CUST0000377,Customer_377,61,Female,Southwest,2019-03-03,70,Gas,Small Business,Apartment,1,0,2,Medium,Lease,0
CUST0000378,Customer_378,50,Female,Gulf Coast,2022-06-02,31,Electricity+Gas,Commercial,Mobile Home,1,1,3,Medium-Low,Rent,1
CUST0000379,Customer_379,80,Female,Northeast,2023-12-02,13,Electricity,Residential,Apartment,1,1,4,Medium-Low,Own,0
CUST0000380,Customer_380,35,Male,Southwest,2022-07-02,30,Electricity+Gas,Residential,Single Family,1,1,4,Medium-Low,Rent,0
CUST0000381,Customer_381,35,Male,Midwest,2024-09-01,4,Water,Small Business,Apartment,0,1,4,Low,Lease,1
CUST0000382,Customer_382,39,Male,Midwest,2019-01-31,71,Electricity,Residential,Single Family,0,0,2,Medium-Low,Own,0
CUST0000383,Customer_383,18,Male,West,2023-08-02,17,Electricity,Residential,Townhouse,0,0,1,Medium-High,Own,0
CUST0000384,Customer_384,40,Male,Southeast,2023-03-03,22,Water,Residential,Apartment,1,1,3,Medium-High,Own,0
CUST0000385,Customer_385,36,Female,Southeast,2024-06-01,7,Electricity,Commercial,Townhouse,1,1,2,Medium,Rent,0
CUST0000386,Customer_386,50,Male,West,2015-01-31,119,Gas,Residential,Condo,0,0,2,High,Own,1
CUST0000387,Customer_387,53,Female,Midwest,2021-09-01,40,Electricity+Gas,Residential,Single Family,0,1,2,Medium-Low,Rent,0
CUST0000388,Customer_388,76,Male,Southeast,2020-10-31,50,Water,Residential,Mobile Home,1,1,3,Medium,Own,0
CUST0000389,Customer_389,62,Female,Midwest,2020-10-31,50,Electricity+Water,Small Business,Single Family,0,1,3,Low,Rent,1
CUST0000390,Customer_390,39,Male,Midwest,2022-06-02,31,Electricity+Gas,Residential,Apartment,1,1,2,Medium-High,Own,0
CUST0000391,Customer_391,34,Male,West,2024-01-01,12,Gas,Small Business,Single Family,1,1,1,Medium,Lease,1
CUST0000392,Customer_392,55,Male,Northeast,2018-03-02,82,Water,Small Business,Single Family,0,0,5,Medium-Low,Own,1
CUST0000393,Customer_393,28,Other,Southwest,2024-05-02,8,Electricity+Gas,Residential,Apartment,0,0,4,Medium-Low,Own,1
CUST0000394,Customer_394,75,Female,Southwest,2024-07-02,6,Electricity+Gas,Residential,Single Family,1,0,2,Medium-High,Own,0
CUST0000395,Customer_395,65,Male,West,2018-11-01,74,Gas,Commercial,Single Family,0,0,2,Low,Own,0
CUST0000396,Customer_396,40,Male,Gulf Coast,2023-11-01,14,Gas,Residential,Single Family,1,1,1,High,Rent,0
CUST0000397,Customer_397,22,Female,Midwest,2023-04-02,21,Gas,Residential,Apartment,1,1,1,Medium-Low,Rent,1
CUST0000398,Customer_398,68,Male,Southeast,2021-11-01,38,Gas,Commercial,Single Family,1,1,1,Medium-Low,Rent,0
CUST0000399,Customer_399,46,Male,Northeast,2022-01-31,35,Electricity,Commercial,Apartment,1,0,5,Medium-Low,Lease,0
CUST0000400,Customer_400,66,Female,Southeast,2018-12-01,73,Electricity+Water,Residential,Apartment,0,1,3,Medium,Own,0
CUST0000401,Customer_401,24,Female,Northeast,2020-03-02,58,Electricity,Residential,Apartment,1,0,3,Medium,Lease,0
CUST0000402,Customer_402,39,Male,West,2019-11-01,62,Electricity,Residential,Single Family,0,0,3,Medium,Own,1
CUST0000403,Customer_403,48,Male,West,2018-10-01,75,Gas,Commercial,Apartment,1,1,1,Medium,Rent,0
CUST0000404,Customer_404,48,Female,Midwest,2023-05-03,20,Electricity+Gas,Small Business,Apartment,0,1,2,Medium,Own,0
CUST0000405,Customer_405,41,Male,Southeast,2023-01-31,23,Electricity+Water,Residential,Apartment,1,1,2,Medium-Low,Own,0
CUST0000406,Customer_406,57,Male,Northeast,2022-03-03,34,Water,Small Business,Townhouse,1,1,3,Medium-Low,Own,0
CUST0000407,Customer_407,31,Female,Gulf Coast,2023-03-03,22,Water,Small Business,Single Family,1,1,3,Medium,Rent,1
CUST0000408,Customer_408,45,Female,Gulf Coast,2004-01-31,251,Electricity+Water,Residential,Townhouse,0,1,1,Medium,Rent,1
CUST0000409,Customer_409,49,Male,Southeast,2016-08-31,100,Electricity+Water,Residential,Single Family,0,0,1,Low,Own,1
CUST0000410,Customer_410,55,Other,Southwest,2024-03-02,10,Electricity,Residential,Single Family,1,1,2,Medium-High,Rent,1
CUST0000411,Customer_411,58,Female,Southeast,2024-12-01,1,Gas,Small Business,Single Family,1,1,1,Medium,Rent,1
CUST0000412,Customer_412,31,Male,Southeast,2024-11-01,2,Gas,Residential,Condo,1,1,2,Medium-Low,Own,1
CUST0000413,Customer_413,24,Other,Northeast,2023-09-01,16,Gas,Small Business,Apartment,1,0,1,Medium,Rent,1
CUST0000414,Customer_414,67,Male,Southwest,2024-06-01,7,Electricity+Gas,Residential,Mobile Home,1,1,4,High,Own,1
CUST0000415,Customer_415,52,Male,Northeast,2021-04-02,45,Gas,Residential,Mobile Home,0,1,4,Low,Rent,1
CUST0000416,Customer_416,36,Female,Northeast,2015-04-02,117,Electricity+Gas,Residential,Mobile Home,1,1,3,Medium-High,Own,0
CUST0000417,Customer_417,71,Male,Northeast,2018-05-02,80,Gas,Small Business,Single Family,0,1,3,Medium,Own,0
CUST0000418,Customer_418,49,Male,Southeast,2023-11-01,14,Electricity,Residential,Apartment,0,1,5,Medium,Rent,0
CUST0000419,Customer_419,65,Male,Southwest,2022-07-02,30,Gas,Residential,Apartment,1,1,1,Medium,Own,0
CUST0000420,Customer_420,49,Male,Southeast,2021-07-02,42,Water,Residential,Apartment,1,0,2,Medium,Rent,0
CUST0000421,Customer_421,78,Female,Gulf Coast,2016-10-01,99,Electricity+Gas,Small Business,Single Family,1,1,1,Medium-Low,Rent,1
CUST0000422,Customer_422,74,Female,Southeast,2015-12-02,109,Electricity+Water,Residential,Single Family,1,1,2,High,Rent,0
CUST0000423,Customer_423,44,Other,Southeast,2012-12-31,144,Water,Residential,Townhouse,1,0,1,Medium-High,Rent,0
CUST0000424,Customer_424,62,Male,Southeast,2021-07-02,42,Gas,Residential,Mobile Home,1,1,5,Medium,Rent,0
CUST0000425,Customer_425,57,Male,Southeast,2019-01-31,71,Electricity,Residential,Apartment,1,1,2,Medium,Own,0
CUST0000426,Customer_426,68,Male,Northeast,2024-06-01,7,Electricity+Gas,Residential,Single Family,0,1,3,Medium,Own,1
CUST0000427,Customer_427,33,Male,Southeast,2020-12-01,49,Electricity+Gas,Small Business,Mobile Home,1,1,2,Medium-High,Rent,0
CUST0000428,Customer_428,58,Male,Gulf Coast,2023-08-02,17,Gas,Residential,Single Family,1,1,4,Low,Rent,1
CUST0000429,Customer_429,63,Female,West,2022-04-02,33,Electricity,Small Business,Condo,1,0,3,Medium-High,Own,0
CUST0000430,Customer_430,21,Female,Gulf Coast,2020-01-01,60,Electricity+Gas,Residential,Condo,1,1,2,Low,Rent,1
CUST0000431,Customer_431,30,Other,Northeast,2023-08-02,17,Electricity,Residential,Apartment,1,1,1,Medium,Own,0
CUST0000432,Customer_432,18,Male,Midwest,2024-10-01,3,Electricity+Water,Residential,Townhouse,0,1,2,Medium-Low,Own,1
CUST0000433,Customer_433,43,Female,Southeast,2024-12-01,1,Electricity+Gas,Residential,Townhouse,0,0,3,Medium,Own,1
CUST0000434,Customer_434,58,Male,West,2024-12-01,1,Electricity,Small Business,Apartment,0,1,2,Low,Rent,0
CUST0000435,Customer_435,70,Male,Gulf Coast,2024-12-01,1,Electricity,Commercial,Single Family,1,0,1,Medium,Own,1
CUST0000436,Customer_436,49,Female,West,2024-06-01,7,Electricity+Gas,Residential,Townhouse,0,1,2,Medium-High,Rent,0
CUST0000437,Customer_437,72,Female,Northeast,2023-09-01,16,Electricity+Gas,Residential,Single Family,1,1,1,Medium,Lease,0
CUST0000438,Customer_438,27,Male,Southeast,2023-10-02,15,Electricity+Gas,Commercial,Townhouse,0,1,3,Low,Lease,0
CUST0000439,Customer_439,22,Male,Northeast,2003-06-02,259,Electricity+Gas,Residential,Apartment,0,0,5,Low,Own,0
CUST0000440,Customer_440,47,Male,Northeast,2023-04-02,21,Electricity+Gas,Residential,Single Family,1,0,1,Medium,Lease,0
CUST0000441,Customer_441,53,Female,Northeast,2024-05-02,8,Gas,Residential,Condo,1,0,4,Low,Rent,1
CUST0000442,Customer_442,47,Male,Southeast,2021-01-31,47,Electricity+Water,Residential,Apartment,0,1,3,Low,Rent,1
CUST0000443,Customer_443,18,Other,Southeast,2015-04-02,117,Gas,Small Business,Apartment,1,1,5,Medium,Lease,0
CUST0000444,Customer_444,46,Male,Midwest,2019-05-03,68,Electricity,Small Business,Single Family,1,1,2,Medium-Low,Rent,0
CUST0000445,Customer_445,28,Male,Midwest,2023-04-02,21,Electricity,Residential,Apartment,1,1,3,Medium-Low,Own,0
CUST0000446,Customer_446,58,Female,West,2020-12-01,49,Electricity,Small Business,Single Family,1,0,2,Medium,Own,0
CUST0000447,Customer_447,53,Female,Northeast,2018-10-01,75,Gas,Residential,Single Family,0,1,3,Medium-Low,Rent,0
CUST0000448,Customer_448,33,Male,Northeast,2018-07-02,78,Electricity+Gas,Commercial,Single Family,0,0,1,Medium-Low,Lease,1
CUST0000449,Customer_449,40,Female,Southwest,2019-08-02,65,Electricity,Residential,Single Family,1,1,2,Medium,Rent,0
CUST0000450,Customer_450,32,Female,Southwest,2014-11-01,122,Electricity+Water,Residential,Apartment,0,1,3,Medium-Low,Rent,0
CUST0000451,Customer_451,47,Female,Northeast,2014-11-01,122,Electricity+Gas,Commercial,Apartment,1,0,3,Low,Own,1
CUST0000452,Customer_452,62,Female,Gulf Coast,2020-10-01,51,Electricity,Small Business,Apartment,0,0,1,Medium,Own,0
CUST0000453,Customer_453,33,Female,Southeast,2022-04-02,33,Electricity,Small Business,Apartment,0,1,1,Medium,Own,0
CUST0000454,Customer_454,55,Female,Southeast,2019-12-02,61,Gas,Residential,Condo,0,0,2,Medium-Low,Own,0
CUST0000455,Customer_455,40,Female,Midwest,2016-07-02,102,Electricity,Small Business,Single Family,1,1,2,Medium,Rent,1
CUST0000456,Customer_456,36,Male,Southeast,2024-12-01,1,Electricity,Residential,Apartment,0,1,2,High,Rent,1
CUST0000457,Customer_457,46,Male,Southwest,2000-11-30,289,Electricity,Small Business,Condo,0,1,3,High,Own,1
CUST0000458,Customer_458,32,Male,Southeast,2024-01-01,12,Gas,Commercial,Single Family,1,0,3,Medium,Rent,0
CUST0000459,Customer_459,39,Male,Southeast,2021-11-01,38,Electricity,Residential,Apartment,1,0,2,Low,Rent,0
CUST0000460,Customer_460,30,Male,Gulf Coast,2014-10-01,123,Electricity,Residential,Apartment,0,1,6,Medium,Own,1
CUST0000461,Customer_461,77,Other,Southeast,2023-10-02,15,Electricity+Water,Small Business,Single Family,1,0,4,Low,Rent,0
CUST0000462,Customer_462,48,Male,West,2021-11-01,38,Electricity,Residential,Single Family,1,1,3,Medium,Rent,0
CUST0000463,Customer_463,37,Male,Southeast,2024-05-02,8,Electricity+Gas,Residential,Townhouse,1,1,4,High,Rent,0
CUST0000464,Customer_464,51,Female,Midwest,2022-07-02,30,Electricity,Residential,Apartment,1,1,4,Medium,Own,0
CUST0000465,Customer_465,46,Male,Southeast,2024-02-01,11,Electricity,Residential,Single Family,1,1,1,Medium,Own,1
CUST0000466,Customer_466,44,Male,West,2022-10-02,27,Electricity+Gas,Residential,Townhouse,1,1,4,Medium-Low,Own,0
CUST0000467,Customer_467,57,Male,West,2022-09-01,28,Electricity,Residential,Townhouse,1,0,6,Low,Lease,0
CUST0000468,Customer_468,59,Male,Northeast,2000-01-31,299,Electricity,Residential,Single Family,0,1,4,High,Own,0
CUST0000469,Customer_469,40,Male,Northeast,1998-10-01,315,Electricity+Gas,Residential,Apartment,1,0,5,Medium-Low,Rent,0
CUST0000470,Customer_470,39,Female,Gulf Coast,2024-06-01,7,Electricity,Residential,Townhouse,1,0,1,Medium-Low,Lease,0
CUST0000471,Customer_471,43,Female,Gulf Coast,2018-08-02,77,Gas,Residential,Single Family,1,0,3,Medium,Rent,0
CUST0000472,Customer_472,18,Male,Midwest,2024-10-01,3,Electricity,Commercial,Apartment,1,1,1,Medium-High,Own,1
CUST0000473,Customer_473,25,Male,Midwest,2024-12-01,1,Electricity,Residential,Single Family,1,1,4,Medium-Low,Rent,0
CUST0000474,Customer_474,68,Male,West,2024-07-02,6,Electricity,Small Business,Single Family,0,1,2,Medium,Rent,1
CUST0000475,Customer_475,72,Female,Northeast,2008-04-01,201,Electricity+Water,Small Business,Single Family,0,0,2,Medium-Low,Own,1
CUST0000476,Customer_476,44,Male,Southwest,2010-12-01,169,Electricity+Gas,Residential,Mobile Home,1,1,1,Medium,Rent,1
CUST0000477,Customer_477,56,Male,Midwest,2024-01-01,12,Electricity+Gas,Residential,Condo,0,0,4,Medium-Low,Rent,1
CUST0000478,Customer_478,52,Female,West,2024-03-02,10,Electricity+Gas,Commercial,Apartment,1,1,7,Medium,Own,0
CUST0000479,Customer_479,90,Male,Northeast,2023-09-01,16,Water,Residential,Apartment,0,1,3,Low,Rent,0
CUST0000480,Customer_480,64,Male,Southwest,2021-06-02,43,Electricity+Gas,Residential,Single Family,1,0,3,Medium-High,Own,0
CUST0000481,Customer_481,46,Male,Southwest,2020-10-31,50,Water,Residential,Apartment,1,0,4,Medium,Own,1
CUST0000482,Customer_482,33,Female,West,2023-10-02,15,Gas,Residential,Single Family,0,0,1,High,Own,0
CUST0000483,Customer_483,23,Female,West,2018-01-01,84,Gas,Residential,Apartment,1,0,2,Medium,Rent,0
CUST0000484,Customer_484,51,Female,Gulf Coast,2023-03-03,22,Water,Residential,Condo,1,1,3,Medium-Low,Own,0
CUST0000485,Customer_485,36,Female,Gulf Coast,2012-04-01,153,Electricity+Water,Residential,Single Family,1,0,2,Medium,Own,1
CUST0000486,Customer_486,26,Female,Midwest,2019-09-01,64,Electricity,Small Business,Apartment,1,0,1,Medium,Own,1
CUST0000487,Customer_487,38,Other,Northeast,2022-03-03,34,Electricity+Gas,Commercial,Apartment,0,1,1,Medium-Low,Rent,1
CUST0000488,Customer_488,31,Other,Southwest,2017-04-02,93,Electricity+Gas,Residential,Single Family,0,1,1,Medium,Own,0
CUST0000489,Customer_489,73,Male,Gulf Coast,2016-07-02,102,Electricity,Residential,Apartment,0,1,2,Medium-Low,Rent,0
CUST0000490,Customer_490,61,Female,Northeast,2023-05-03,20,Electricity+Water,Small Business,Apartment,1,1,2,Medium-High,Rent,1
CUST0000491,Customer_491,47,Male,Southwest,2023-01-01,24,Electricity+Gas,Residential,Townhouse,1,0,1,High,Own,0
CUST0000492,Customer_492,70,Male,Northeast,2011-05-02,164,Electricity+Gas,Residential,Single Family,1,1,1,Medium-Low,Rent,0
CUST0000493,Customer_493,49,Female,Northeast,2024-03-02,10,Electricity,Small Business,Apartment,0,0,2,Medium-High,Own,0
CUST0000494,Customer_494,35,Male,West,2024-11-01,2,Electricity,Commercial,Mobile Home,1,1,8,Low,Rent,1
CUST0000495,Customer_495,70,Female,West,2022-01-01,36,Electricity,Residential,Townhouse,1,0,3,Medium-Low,Lease,0
CUST0000496,Customer_496,56,Male,Southwest,2016-12-31,96,Electricity,Residential,Townhouse,1,0,3,Medium,Own,0
CUST0000497,Customer_497,32,Female,Gulf Coast,2017-09-01,88,Gas,Residential,Single Family,0,0,5,Medium-Low,Rent,1
CUST0000498,Customer_498,45,Female,Northeast,2012-06-01,151,Water,Residential,Single Family,0,1,3,Medium,Rent,0
CUST0000499,Customer_499,34,Female,Northeast,2021-04-02,45,Electricity+Gas,Residential,Mobile Home,0,1,1,Medium,Own,1
CUST0000500,Customer_500,27,Male,Gulf Coast,2024-07-02,6,Electricity,Residential,Single Family,1,1,3,Low,Rent,0
CUST0000501,Customer_501,61,Male,Midwest,2020-08-01,53,Electricity,Residential,Mobile Home,1,1,4,Low,Rent,0
CUST0000502,Customer_502,76,Female,Southeast,2017-07-02,90,Electricity+Gas,Residential,Single Family,0,1,3,Low,Own,1
CUST0000503,Customer_503,27,Male,West,2024-08-01,5,Gas,Residential,Single Family,0,0,5,High,Own,0
CUST0000504,Customer_504,56,Other,Gulf Coast,2024-02-01,11,Electricity+Water,Commercial,Single Family,0,0,4,Medium,Own,1
CUST0000505,Customer_505,38,Female,West,2024-12-01,1,Water,Commercial,Apartment,1,1,3,Medium-High,Rent,1
CUST0000506,Customer_506,40,Male,West,2020-07-02,54,Water,Small Business,Townhouse,1,1,1,Medium,Own,1
CUST0000507,Customer_507,39,Male,Southeast,2014-03-02,130,Electricity,Residential,Mobile Home,1,1,3,Medium-Low,Own,0
CUST0000508,Customer_508,35,Male,Southeast,2019-07-02,66,Water,Residential,Single Family,1,1,2,Medium,Rent,0
CUST0000509,Customer_509,48,Female,Gulf Coast,2004-11-30,241,Electricity,Small Business,Single Family,0,1,1,Medium,Own,0
CUST0000510,Customer_510,35,Male,Southwest,2024-10-01,3,Electricity+Gas,Residential,Apartment,0,1,1,Medium,Own,1
CUST0000511,Customer_511,52,Male,Southeast,2013-06-01,139,Gas,Residential,Townhouse,0,1,1,Medium-Low,Own,0
CUST0000512,Customer_512,47,Male,Midwest,2016-08-31,100,Electricity+Gas,Residential,Single Family,0,0,3,Medium,Own,0
CUST0000513,Customer_513,44,Female,West,2023-03-03,22,Electricity,Residential,Single Family,1,1,2,Medium,Rent,1
CUST0000514,Customer_514,34,Male,Southeast,2006-12-01,217,Gas,Commercial,Single Family,0,1,5,Medium-Low,Own,0
CUST0000515,Customer_515,39,Male,Southwest,2023-05-03,20,Electricity,Residential,Townhouse,1,1,4,Medium-High,Own,1
CUST0000516,Customer_516,59,Female,Northeast,2013-12-31,132,Electricity,Residential,Apartment,1,0,3,Medium,Own,0
CUST0000517,Customer_517,55,Female,Southeast,2014-06-02,127,Electricity+Gas,Residential,Townhouse,0,1,2,Medium,Own,0
CUST0000518,Customer_518,33,Female,West,2017-12-01,85,Electricity+Water,Small Business,Single Family,0,1,1,Medium-High,Own,0
CUST0000519,Customer_519,49,Male,Northeast,2020-12-01,49,Water,Residential,Condo,1,0,3,Medium-Low,Own,1
CUST0000520,Customer_520,59,Male,Southeast,2024-06-01,7,Gas,Commercial,Single Family,1,1,1,High,Rent,1
CUST0000521,Customer_521,22,Female,Gulf Coast,2021-04-02,45,Electricity,Residential,Single Family,0,0,1,Medium-Low,Own,1
CUST0000522,Customer_522,56,Male,West,2022-11-01,26,Electricity,Commercial,Apartment,1,1,4,Medium-Low,Own,1
CUST0000523,Customer_523,38,Female,Midwest,2017-03-02,94,Electricity,Residential,Townhouse,1,1,4,Medium-High,Rent,0
CUST0000524,Customer_524,56,Female,Southeast,2017-12-01,85,Electricity+Water,Residential,Single Family,1,0,3,Medium-Low,Own,0
CUST0000525,Customer_525,36,Male,Southeast,2012-12-31,144,Gas,Small Business,Mobile Home,1,1,1,Medium-High,Own,0
CUST0000526,Customer_526,20,Female,Southwest,2024-12-01,1,Water,Commercial,Townhouse,1,1,1,Medium-Low,Rent,0
CUST0000527,Customer_527,23,Female,Northeast,2016-10-01,99,Electricity+Gas,Commercial,Single Family,0,1,1,Medium,Own,0
CUST0000528,Customer_528,48,Male,Midwest,2011-01-31,167,Electricity+Gas,Residential,Townhouse,0,1,2,Medium-Low,Own,0
CUST0000529,Customer_529,51,Female,Midwest,2017-04-02,93,Electricity+Water,Residential,Townhouse,1,1,1,Medium-High,Rent,0
CUST0000530,Customer_530,34,Male,Midwest,2024-05-02,8,Electricity,Residential,Townhouse,1,0,1,Medium-Low,Own,1
CUST0000531,Customer_531,57,Male,Northeast,2024-08-01,5,Gas,Residential,Condo,0,0,1,Medium-High,Own,1
CUST0000532,Customer_532,23,Male,Northeast,2024-12-01,1,Electricity+Water,Residential,Townhouse,1,1,1,Medium-Low,Own,1
CUST0000533,Customer_533,47,Female,Gulf Coast,2020-02-01,59,Electricity+Gas,Residential,Single Family,0,1,1,Medium,Own,0
CUST0000534,Customer_534,29,Female,Gulf Coast,2020-02-01,59,Electricity,Commercial,Townhouse,1,0,3,Low,Lease,0
CUST0000535,Customer_535,38,Female,Midwest,2003-05-02,260,Electricity,Residential,Townhouse,1,1,1,High,Own,0
CUST0000536,Customer_536,48,Male,West,2022-07-02,30,Water,Residential,Apartment,0,0,3,Medium-High,Own,1
CUST0000537,Customer_537,35,Female,Southwest,2023-01-01,24,Electricity,Residential,Single Family,1,0,1,Medium,Own,0
CUST0000538,Customer_538,42,Male,Northeast,2020-03-02,58,Electricity+Water,Residential,Mobile Home,1,1,5,High,Rent,0
CUST0000539,Customer_539,63,Female,Southeast,2016-05-02,104,Electricity,Commercial,Apartment,0,1,2,High,Own,1
CUST0000540,Customer_540,39,Male,Southeast,2011-04-02,165,Electricity+Gas,Residential,Apartment,1,1,4,Medium,Rent,1
CUST0000541,Customer_541,60,Male,Southwest,2016-12-01,97,Electricity+Gas,Commercial,Apartment,0,0,1,Medium-Low,Rent,1
CUST0000542,Customer_542,31,Male,Southwest,2022-04-02,33,Electricity+Gas,Commercial,Townhouse,1,1,3,Medium,Own,0
CUST0000543,Customer_543,55,Female,Gulf Coast,2020-01-01,60,Gas,Commercial,Single Family,1,0,3,Medium-Low,Own,0
CUST0000544,Customer_544,69,Male,West,2015-05-02,116,Electricity+Water,Small Business,Condo,1,0,4,Medium,Lease,0
CUST0000545,Customer_545,18,Female,Gulf Coast,2021-09-01,40,Electricity+Gas,Residential,Single Family,0,0,4,High,Rent,0
CUST0000546,Customer_546,36,Male,Gulf Coast,2023-11-01,14,Water,Residential,Townhouse,1,1,3,Medium-Low,Own,1
CUST0000547,Customer_547,56,Male,West,2024-02-01,11,Electricity,Residential,Apartment,0,1,1,Medium-High,Rent,1
CUST0000548,Customer_548,44,Male,Southeast,2024-12-01,1,Electricity,Residential,Townhouse,1,0,5,High,Rent,1
CUST0000549,Customer_549,53,Female,Southeast,2018-09-01,76,Electricity,Small Business,Apartment,0,0,3,Medium-High,Own,0
CUST0000550,Customer_550,38,Female,Southwest,2024-06-01,7,Electricity,Small Business,Single Family,1,1,3,Medium,Rent,1
CUST0000551,Customer_551,49,Male,West,2023-09-01,16,Electricity+Gas,Residential,Apartment,1,1,3,Medium,Rent,0
CUST0000552,Customer_552,45,Male,Southeast,2023-04-02,21,Gas,Residential,Mobile Home,0,0,3,Medium-High,Rent,0
CUST0000553,Customer_553,65,Male,West,2020-12-01,49,Water,Residential,Townhouse,0,1,2,Low,Own,1
CUST0000554,Customer_554,51,Female,Gulf Coast,2022-07-02,30,Electricity,Residential,Single Family,0,1,1,Medium-High,Rent,1
CUST0000555,Customer_555,53,Male,Southwest,2019-06-02,67,Gas,Residential,Mobile Home,1,1,3,Medium,Own,0
CUST0000556,Customer_556,41,Female,Midwest,2024-10-01,3,Electricity+Water,Small Business,Townhouse,1,1,3,Medium-Low,Rent,1
CUST0000557,Customer_557,40,Female,West,2024-06-01,7,Electricity+Water,Small Business,Single Family,1,0,3,Medium-High,Own,1
CUST0000558,Customer_558,41,Male,Northeast,2021-08-01,41,Electricity+Water,Residential,Apartment,0,1,7,Medium-Low,Own,0
CUST0000559,Customer_559,53,Female,Northeast,2023-01-01,24,Water,Residential,Apartment,0,0,4,Medium-High,Rent,1
CUST0000560,Customer_560,41,Female,West,2023-04-02,21,Electricity+Gas,Residential,Single Family,1,1,2,Medium,Own,0
CUST0000561,Customer_561,52,Female,West,2024-09-01,4,Electricity+Water,Residential,Condo,1,0,1,Medium,Lease,1
CUST0000562,Customer_562,79,Male,Midwest,2013-10-01,135,Electricity+Gas,Commercial,Single Family,1,0,1,Medium,Own,0
CUST0000563,Customer_563,61,Male,Gulf Coast,2019-03-03,70,Electricity+Water,Residential,Apartment,1,0,2,Medium-Low,Rent,0
CUST0000564,Customer_564,43,Male,Southeast,2024-06-01,7,Electricity,Residential,Townhouse,1,1,1,Medium,Own,1
CUST0000565,Customer_565,66,Male,Southwest,2024-09-01,4,Electricity+Water,Commercial,Mobile Home,0,1,4,Medium-High,Rent,0
CUST0000566,Customer_566,41,Male,Southwest,2006-08-01,221,Electricity+Gas,Residential,Single Family,0,0,5,Low,Rent,1
CUST0000567,Customer_567,18,Male,Southeast,2019-05-03,68,Electricity,Residential,Single Family,0,0,3,Medium-Low,Rent,0
CUST0000568,Customer_568,32,Female,Southeast,2022-05-02,32,Electricity,Small Business,Apartment,1,0,3,Medium-High,Rent,1
CUST0000569,Customer_569,19,Male,Gulf Coast,2019-01-01,72,Electricity+Water,Small Business,Townhouse,0,0,2,Medium,Own,1
CUST0000570,Customer_570,42,Male,Southeast,2018-01-01,84,Electricity+Gas,Residential,Mobile Home,1,1,4,Medium,Rent,0
CUST0000571,Customer_571,48,Male,Northeast,2017-07-02,90,Electricity+Water,Residential,Single Family,1,1,1,Medium-Low,Rent,1
CUST0000572,Customer_572,73,Female,Midwest,2021-11-01,38,Electricity,Residential,Apartment,1,1,2,Medium,Rent,0
CUST0000573,Customer_573,52,Female,Northeast,2022-04-02,33,Gas,Residential,Single Family,0,1,1,Medium-High,Rent,1
CUST0000574,Customer_574,44,Female,Gulf Coast,2024-12-01,1,Electricity,Residential,Townhouse,0,1,4,Medium,Rent,1
CUST0000575,Customer_575,60,Male,Northeast,2012-01-01,156,Electricity+Gas,Small Business,Single Family,0,1,1,Medium-Low,Rent,0
CUST0000576,Customer_576,18,Other,Southwest,2020-06-01,55,Electricity+Gas,Small Business,Condo,1,1,4,Low,Rent,1
CUST0000577,Customer_577,51,Male,Southeast,2023-12-02,13,Electricity+Gas,Residential,Single Family,0,1,8,Medium,Rent,1
CUST0000578,Customer_578,59,Male,West,2012-06-01,151,Electricity,Residential,Townhouse,0,1,1,Medium,Rent,1
CUST0000579,Customer_579,25,Male,Southwest,2012-10-01,147,Electricity,Residential,Single Family,1,1,2,Medium-Low,Own,0
CUST0000580,Customer_580,65,Male,Southeast,2002-06-01,271,Electricity,Residential,Apartment,1,1,3,Medium,Rent,0
CUST0000581,Customer_581,53,Male,Gulf Coast,2014-09-01,124,Electricity+Water,Small Business,Apartment,1,0,2,Medium,Lease,0
CUST0000582,Customer_582,41,Female,Northeast,1994-12-31,360,Electricity,Residential,Single Family,0,0,2,Medium-Low,Own,0
CUST0000583,Customer_583,57,Female,Southwest,2023-09-01,16,Gas,Residential,Single Family,1,1,3,Medium-Low,Own,1
CUST0000584,Customer_584,82,Male,Gulf Coast,2015-11-01,110,Gas,Commercial,Single Family,1,1,1,Medium,Own,0
CUST0000585,Customer_585,50,Female,West,2016-06-01,103,Water,Residential,Single Family,1,1,3,Medium-High,Own,0
CUST0000586,Customer_586,51,Male,West,2023-10-02,15,Electricity,Residential,Single Family,1,1,2,Medium,Lease,0
CUST0000587,Customer_587,41,Male,Northeast,2024-07-02,6,Electricity,Residential,Apartment,1,1,1,Medium-High,Own,1
CUST0000588,Customer_588,35,Female,Northeast,2005-08-01,233,Electricity+Gas,Residential,Townhouse,0,0,2,Medium,Rent,0
CUST0000589,Customer_589,60,Female,Northeast,2023-04-02,21,Electricity+Water,Residential,Townhouse,1,1,2,Medium-High,Rent,0
CUST0000590,Customer_590,35,Male,Gulf Coast,2014-11-01,122,Electricity+Gas,Commercial,Single Family,1,1,3,Medium-High,Rent,1
CUST0000591,Customer_591,49,Male,Gulf Coast,2024-12-01,1,Electricity,Residential,Single Family,0,1,2,Medium-High,Own,1
CUST0000592,Customer_592,40,Female,Southeast,2024-12-01,1,Electricity+Gas,Commercial,Townhouse,0,1,3,Medium,Own,0
CUST0000593,Customer_593,55,Female,Southeast,2021-12-01,37,Electricity+Water,Residential,Apartment,0,1,2,High,Own,1
CUST0000594,Customer_594,53,Female,Northeast,2023-09-01,16,Electricity+Gas,Small Business,Single Family,1,0,5,Low,Own,0
CUST0000595,Customer_595,63,Male,Southeast,2019-03-03,70,Gas,Commercial,Single Family,1,0,3,Medium-Low,Own,0
CUST0000596,Customer_596,40,Male,Southeast,2020-10-31,50,Gas,Residential,Single Family,1,1,5,Medium-High,Own,0
CUST0000597,Customer_597,43,Male,West,2024-09-01,4,Electricity+Water,Residential,Single Family,1,0,4,Medium-High,Own,1
CUST0000598,Customer_598,33,Male,Gulf Coast,2024-03-02,10,Electricity+Gas,Residential,Townhouse,0,0,5,Medium-High,Own,0
CUST0000599,Customer_599,41,Female,West,2022-08-02,29,Electricity+Gas,Commercial,Single Family,1,1,1,Medium-High,Own,0
CUST0000600,Customer_600,53,Male,Southwest,2024-01-01,12,Electricity,Residential,Mobile Home,0,1,3,Medium,Rent,1
CUST0000601,Customer_601,59,Male,West,2017-03-02,94,Electricity+Gas,Residential,Condo,1,1,4,High,Rent,0
CUST0000602,Customer_602,34,Female,West,2022-05-02,32,Gas,Small Business,Townhouse,1,0,5,Medium-Low,Rent,1
CUST0000603,Customer_603,61,Female,Midwest,2024-08-01,5,Electricity,Residential,Single Family,1,1,3,High,Rent,1
CUST0000604,Customer_604,68,Male,Southeast,2021-10-01,39,Electricity+Water,Residential,Single Family,1,0,1,Medium,Own,0
CUST0000605,Customer_605,54,Female,Southeast,2024-08-01,5,Gas,Residential,Apartment,0,0,3,Medium-Low,Rent,0
CUST0000606,Customer_606,76,Female,West,2024-05-02,8,Electricity,Residential,Single Family,0,1,2,Medium-High,Own,0
CUST0000607,Customer_607,36,Female,Gulf Coast,2023-09-01,16,Electricity+Water,Small Business,Condo,1,0,2,Medium-Low,Own,0
CUST0000608,Customer_608,29,Male,Southwest,2015-04-02,117,Electricity,Small Business,Single Family,0,0,2,Medium-Low,Own,0
CUST0000609,Customer_609,21,Female,Gulf Coast,2012-01-31,155,Electricity+Gas,Commercial,Townhouse,0,1,2,Medium-Low,Own,0
CUST0000610,Customer_610,70,Female,Northeast,2016-04-01,105,Electricity+Gas,Residential,Apartment,0,1,5,Low,Own,0
CUST0000611,Customer_611,57,Male,West,2023-01-01,24,Electricity+Water,Residential,Condo,1,1,3,Medium-High,Lease,0
CUST0000612,Customer_612,47,Male,Gulf Coast,2023-06-02,19,Water,Small Business,Apartment,0,0,2,Medium,Rent,1
CUST0000613,Customer_613,52,Female,Southwest,2021-01-31,47,Electricity+Gas,Residential,Apartment,1,0,4,High,Own,0
CUST0000614,Customer_614,31,Male,Gulf Coast,2018-09-01,76,Electricity,Residential,Mobile Home,1,1,2,Medium,Rent,0
CUST0000615,Customer_615,84,Female,Southwest,1999-12-31,300,Gas,Residential,Single Family,0,1,4,Medium-High,Rent,0
CUST0000616,Customer_616,49,Male,Southeast,2024-05-02,8,Electricity+Water,Residential,Single Family,0,0,1,High,Own,1
CUST0000617,Customer_617,49,Male,Southeast,2024-10-01,3,Electricity,Commercial,Single Family,1,0,5,Low,Rent,0
CUST0000618,Customer_618,58,Male,Southwest,2019-01-31,71,Water,Residential,Apartment,1,1,1,Low,Lease,0
CUST0000619,Customer_619,55,Female,Gulf Coast,2016-01-31,107,Electricity,Commercial,Single Family,0,1,2,Medium-Low,Rent,1
CUST0000620,Customer_620,51,Male,Northeast,2015-09-01,112,Electricity,Commercial,Single Family,0,0,2,Medium-High,Rent,0
CUST0000621,Customer_621,36,Female,Southwest,2019-05-03,68,Electricity,Residential,Single Family,0,1,2,Medium-High,Rent,1
CUST0000622,Customer_622,55,Female,West,2009-09-01,184,Electricity,Small Business,Townhouse,0,0,2,Medium-Low,Rent,0
CUST0000623,Customer_623,76,Female,Northeast,2021-07-02,42,Electricity+Water,Residential,Apartment,1,1,3,Medium-Low,Lease,1
CUST0000624,Customer_624,68,Female,Northeast,2012-10-01,147,Electricity+Water,Residential,Condo,0,1,1,Medium-High,Own,0
CUST0000625,Customer_625,71,Female,Southeast,2007-11-01,206,Electricity+Gas,Commercial,Single Family,1,1,2,Medium,Rent,1
CUST0000626,Customer_626,40,Male,Southeast,2015-09-01,112,Electricity+Gas,Residential,Townhouse,0,1,2,Low,Rent,1
CUST0000627,Customer_627,33,Female,Southeast,2023-03-03,22,Electricity+Gas,Residential,Apartment,0,0,1,Medium-High,Own,1
CUST0000628,Customer_628,46,Female,Southeast,2023-12-02,13,Water,Residential,Apartment,0,1,2,High,Rent,0
CUST0000629,Customer_629,48,Male,Northeast,2021-01-31,47,Water,Residential,Single Family,0,0,1,Low,Lease,0
CUST0000630,Customer_630,64,Male,Southwest,2022-01-01,36,Electricity,Residential,Single Family,1,1,4,Medium-Low,Own,1
CUST0000631,Customer_631,22,Female,West,2014-07-02,126,Gas,Residential,Mobile Home,0,1,4,Medium-High,Lease,1
CUST0000632,Customer_632,70,Male,West,2024-07-02,6,Electricity+Gas,Residential,Condo,1,0,5,Medium,Own,1
CUST0000633,Customer_633,45,Female,Midwest,2023-08-02,17,Electricity+Water,Commercial,Single Family,1,1,3,High,Own,0
CUST0000634,Customer_634,41,Male,Gulf Coast,2018-01-31,83,Electricity+Gas,Residential,Mobile Home,1,1,3,High,Own,1
CUST0000635,Customer_635,32,Male,Gulf Coast,2024-08-01,5,Electricity+Water,Residential,Single Family,1,0,4,Medium-Low,Lease,0
CUST0000636,Customer_636,23,Female,Gulf Coast,2023-01-31,23,Water,Residential,Apartment,1,1,4,Medium,Rent,1
CUST0000637,Customer_637,60,Male,Southeast,2022-08-02,29,Electricity+Gas,Small Business,Townhouse,0,1,6,Medium,Own,1
CUST0000638,Customer_638,49,Male,Gulf Coast,2020-03-02,58,Electricity+Water,Residential,Single Family,0,1,3,Low,Rent,0
CUST0000639,Customer_639,28,Female,West,2024-03-02,10,Gas,Commercial,Single Family,0,0,2,Low,Own,0
CUST0000640,Customer_640,28,Male,Southeast,2015-03-03,118,Gas,Small Business,Apartment,1,1,5,Medium,Rent,0
CUST0000641,Customer_641,42,Female,Northeast,2022-01-31,35,Water,Residential,Apartment,0,0,4,Medium,Own,0
CUST0000642,Customer_642,73,Female,West,2012-08-01,149,Electricity,Residential,Single Family,1,0,2,Medium,Own,1
CUST0000643,Customer_643,44,Female,Northeast,2021-12-01,37,Electricity,Residential,Single Family,0,1,7,Medium-Low,Rent,0
CUST0000644,Customer_644,25,Male,Southeast,2023-06-02,19,Electricity+Gas,Small Business,Condo,1,0,5,Medium,Rent,0
CUST0000645,Customer_645,44,Male,Midwest,2024-04-02,9,Gas,Residential,Single Family,0,1,3,Medium-Low,Rent,1
CUST0000646,Customer_646,43,Female,West,2024-12-01,1,Electricity+Water,Residential,Single Family,1,0,1,Medium-High,Rent,0
CUST0000647,Customer_647,18,Female,Gulf Coast,2021-04-02,45,Electricity+Water,Commercial,Townhouse,1,1,1,Medium-Low,Own,0
CUST0000648,Customer_648,47,Female,Southwest,2024-07-02,6,Electricity+Gas,Small Business,Single Family,0,1,1,Medium-High,Rent,0
CUST0000649,Customer_649,44,Female,West,2022-08-02,29,Electricity+Gas,Small Business,Single Family,1,1,4,Medium-Low,Own,1
CUST0000650,Customer_650,58,Male,Southeast,2020-08-01,53,Electricity+Gas,Small Business,Mobile Home,0,1,3,Medium,Own,0
CUST0000651,Customer_651,75,Male,West,2023-06-02,19,Gas,Residential,Mobile Home,0,1,2,Medium-Low,Rent,1
CUST0000652,Customer_652,64,Male,Midwest,2024-02-01,11,Electricity,Residential,Single Family,1,1,3,Medium-High,Rent,1
CUST0000653,Customer_653,43,Male,Gulf Coast,2017-08-01,89,Electricity+Gas,Residential,Condo,0,1,4,Medium-High,Rent,1
CUST0000654,Customer_654,31,Male,Southeast,2010-05-02,176,Electricity+Gas,Residential,Condo,0,0,4,Medium-High,Rent,0
CUST0000655,Customer_655,86,Female,Midwest,2024-07-02,6,Electricity,Commercial,Apartment,0,1,2,Medium,Lease,1
CUST0000656,Customer_656,48,Male,Midwest,2024-03-02,10,Water,Residential,Apartment,1,1,6,Medium-Low,Rent,0
CUST0000657,Customer_657,48,Male,West,2008-12-01,193,Electricity+Gas,Small Business,Single Family,1,1,1,Medium,Own,1
CUST0000658,Customer_658,47,Male,Gulf Coast,2024-11-01,2,Electricity,Small Business,Single Family,1,1,1,High,Own,0
CUST0000659,Customer_659,50,Female,Southeast,2005-12-31,228,Electricity+Gas,Residential,Apartment,1,1,7,Medium,Rent,1
CUST0000660,Customer_660,45,Female,Midwest,2024-12-01,1,Electricity,Residential,Condo,0,1,3,High,Rent,1
CUST0000661,Customer_661,39,Female,West,2014-09-01,124,Electricity,Residential,Townhouse,0,0,3,Medium-Low,Own,0
CUST0000662,Customer_662,39,Female,Gulf Coast,2023-03-03,22,Water,Residential,Single Family,1,1,1,Medium-High,Own,1
CUST0000663,Customer_663,47,Male,Midwest,2011-01-31,167,Electricity+Water,Commercial,Single Family,1,0,1,Medium-High,Own,0
CUST0000664,Customer_664,39,Female,Northeast,2023-03-03,22,Electricity,Residential,Apartment,0,1,1,Medium-High,Own,0
CUST0000665,Customer_665,37,Male,Southeast,2019-10-02,63,Electricity+Water,Residential,Apartment,0,0,2,Medium-High,Own,1
CUST0000666,Customer_666,49,Male,Southwest,2024-08-01,5,Electricity,Residential,Single Family,1,0,2,Medium,Own,1
CUST0000667,Customer_667,44,Female,Midwest,2023-09-01,16,Electricity,Residential,Apartment,1,1,3,Medium,Rent,0
CUST0000668,Customer_668,70,Female,Southeast,2017-08-01,89,Electricity,Residential,Townhouse,1,1,2,High,Rent,1
CUST0000669,Customer_669,18,Male,Northeast,2021-04-02,45,Electricity,Commercial,Single Family,0,1,6,Medium,Rent,1
CUST0000670,Customer_670,64,Male,West,2011-12-01,157,Gas,Small Business,Single Family,1,1,4,High,Rent,0
CUST0000671,Customer_671,66,Female,Gulf Coast,2022-04-02,33,Electricity+Water,Commercial,Single Family,0,1,4,Low,Rent,1
CUST0000672,Customer_672,18,Male,Gulf Coast,2014-11-01,122,Electricity,Residential,Mobile Home,1,0,1,Low,Rent,0
CUST0000673,Customer_673,42,Male,West,2022-01-31,35,Gas,Residential,Apartment,1,0,3,Medium,Own,0
CUST0000674,Customer_674,42,Male,West,2005-08-31,232,Electricity+Gas,Small Business,Apartment,1,1,7,Medium-High,Own,0
CUST0000675,Customer_675,26,Male,Southeast,2008-12-31,192,Electricity,Small Business,Townhouse,0,0,7,Medium-Low,Own,0
CUST0000676,Customer_676,36,Female,Southwest,2023-01-31,23,Electricity+Gas,Residential,Single Family,1,1,4,Medium,Rent,1
CUST0000677,Customer_677,31,Male,Northeast,2014-03-02,130,Gas,Commercial,Single Family,1,1,1,Medium,Own,0
CUST0000678,Customer_678,74,Male,West,2015-09-01,112,Electricity,Commercial,Townhouse,1,1,4,Medium-Low,Own,0
CUST0000679,Customer_679,62,Female,Gulf Coast,2023-11-01,14,Electricity+Gas,Residential,Townhouse,1,1,1,Medium-Low,Rent,1
CUST0000680,Customer_680,67,Female,Gulf Coast,2020-03-02,58,Electricity,Residential,Single Family,0,1,1,Low,Rent,0
CUST0000681,Customer_681,58,Male,Midwest,2024-09-01,4,Electricity,Residential,Single Family,1,0,1,Medium,Own,1
CUST0000682,Customer_682,31,Male,West,2016-01-01,108,Gas,Commercial,Townhouse,1,1,4,Medium,Rent,0
CUST0000683,Customer_683,40,Male,Gulf Coast,2024-02-01,11,Gas,Residential,Townhouse,0,1,7,Medium-Low,Rent,1
CUST0000684,Customer_684,55,Female,Southeast,2024-09-01,4,Electricity+Gas,Residential,Single Family,1,0,3,High,Own,0
CUST0000685,Customer_685,29,Female,West,2022-07-02,30,Gas,Small Business,Townhouse,1,0,5,Medium-High,Own,0
CUST0000686,Customer_686,58,Female,Southeast,2020-10-01,51,Electricity+Gas,Residential,Mobile Home,1,1,8,Medium,Own,0
CUST0000687,Customer_687,44,Female,Gulf Coast,2015-06-02,115,Electricity+Gas,Residential,Single Family,0,1,1,Medium,Rent,1
CUST0000688,Customer_688,42,Female,Northeast,2006-10-01,219,Gas,Residential,Apartment,0,0,2,Medium-Low,Rent,1
CUST0000689,Customer_689,58,Female,Northeast,2022-03-03,34,Electricity+Water,Commercial,Townhouse,1,1,3,Medium,Own,0
CUST0000690,Customer_690,54,Female,West,2024-10-01,3,Electricity+Water,Small Business,Single Family,0,1,1,High,Own,1
CUST0000691,Customer_691,42,Male,Northeast,2018-03-02,82,Electricity+Gas,Small Business,Townhouse,0,0,2,Medium-High,Own,0
CUST0000692,Customer_692,65,Other,Northeast,2020-12-01,49,Electricity,Residential,Condo,1,1,2,Low,Own,0
CUST0000693,Customer_693,31,Male,Southwest,2022-01-31,35,Gas,Residential,Condo,0,0,1,Low,Own,0
CUST0000694,Customer_694,57,Male,West,2023-03-03,22,Electricity,Commercial,Single Family,0,0,2,High,Own,1
CUST0000695,Customer_695,56,Female,Southeast,2021-08-01,41,Gas,Residential,Condo,0,1,4,Medium-Low,Own,0
CUST0000696,Customer_696,43,Male,West,2023-01-01,24,Electricity,Residential,Apartment,1,1,1,Medium,Own,1
CUST0000697,Customer_697,52,Female,West,2018-01-01,84,Electricity+Gas,Residential,Single Family,0,0,3,Low,Own,0
CUST0000698,Customer_698,29,Female,Southwest,2021-01-31,47,Electricity,Residential,Single Family,1,1,4,Medium-High,Rent,0
CUST0000699,Customer_699,61,Male,Southwest,2014-08-01,125,Electricity+Water,Residential,Condo,1,1,2,Low,Own,0
CUST0000700,Customer_700,45,Female,Northeast,2021-01-31,47,Electricity,Residential,Apartment,0,1,3,Medium,Own,0
CUST0000701,Customer_701,40,Male,Southeast,2023-09-01,16,Electricity+Gas,Small Business,Condo,0,1,1,Low,Lease,0
CUST0000702,Customer_702,63,Male,Southeast,2015-07-02,114,Electricity+Water,Residential,Single Family,0,1,3,Medium-Low,Own,0
CUST0000703,Customer_703,37,Female,Northeast,2020-12-31,48,Electricity,Commercial,Townhouse,1,1,1,Medium,Own,0
CUST0000704,Customer_704,26,Female,Southeast,2023-12-02,13,Electricity+Water,Residential,Single Family,1,1,4,Low,Own,0
CUST0000705,Customer_705,24,Female,Southeast,2020-03-02,58,Gas,Residential,Single Family,1,0,5,Medium-Low,Own,1
CUST0000706,Customer_706,57,Male,West,2022-11-01,26,Electricity+Water,Residential,Mobile Home,0,1,4,Low,Rent,1
CUST0000707,Customer_707,28,Female,Southwest,2015-10-02,111,Electricity+Water,Commercial,Single Family,0,1,1,Low,Own,1
CUST0000708,Customer_708,74,Male,Gulf Coast,2022-01-01,36,Electricity,Commercial,Apartment,1,1,1,High,Own,0
CUST0000709,Customer_709,18,Female,Northeast,2018-08-02,77,Water,Residential,Condo,1,0,2,Medium,Lease,0
CUST0000710,Customer_710,73,Male,Northeast,2024-07-02,6,Electricity,Residential,Condo,1,1,1,Medium-High,Own,0
CUST0000711,Customer_711,51,Female,Midwest,2022-07-02,30,Electricity,Residential,Apartment,1,0,5,Medium-Low,Rent,0
CUST0000712,Customer_712,46,Male,Northeast,2004-08-01,245,Electricity,Commercial,Apartment,1,0,3,Low,Rent,0
CUST0000713,Customer_713,39,Male,West,2016-10-01,99,Electricity,Small Business,Apartment,0,1,2,Medium,Lease,1
CUST0000714,Customer_714,53,Female,Midwest,2024-03-02,10,Electricity+Gas,Commercial,Single Family,1,1,4,Low,Own,1
CUST0000715,Customer_715,47,Female,Midwest,2023-06-02,19,Gas,Residential,Single Family,1,0,4,Medium,Lease,0
CUST0000716,Customer_716,64,Female,Southeast,2023-01-01,24,Water,Residential,Single Family,1,0,4,Low,Rent,0
CUST0000717,Customer_717,49,Female,Southeast,2019-10-02,63,Electricity,Small Business,Single Family,1,0,4,Medium,Rent,0
CUST0000718,Customer_718,50,Female,Midwest,2018-01-01,84,Electricity+Water,Commercial,Single Family,1,1,2,Medium-High,Rent,1
CUST0000719,Customer_719,42,Female,Northeast,2018-01-31,83,Electricity,Residential,Single Family,1,1,1,High,Own,0
CUST0000720,Customer_720,47,Male,Northeast,2021-07-02,42,Electricity,Residential,Single Family,0,1,2,Medium,Own,0
CUST0000721,Customer_721,52,Female,Midwest,2016-10-01,99,Electricity+Gas,Commercial,Single Family,0,1,3,Medium,Rent,1
CUST0000722,Customer_722,22,Male,Northeast,2022-03-03,34,Electricity+Water,Residential,Apartment,1,1,4,Low,Own,0
CUST0000723,Customer_723,27,Female,West,2024-06-01,7,Water,Residential,Single Family,1,0,1,Medium-High,Rent,1
CUST0000724,Customer_724,59,Female,Southeast,2020-12-01,49,Gas,Residential,Townhouse,0,0,3,High,Own,1
CUST0000725,Customer_725,50,Female,Northeast,2009-10-31,182,Electricity,Residential,Condo,1,1,3,Medium,Rent,0
CUST0000726,Customer_726,45,Female,Southeast,2017-03-02,94,Electricity,Residential,Single Family,0,1,1,Medium-High,Own,1
CUST0000727,Customer_727,48,Female,Southeast,2020-10-01,51,Electricity+Gas,Small Business,Single Family,0,0,1,Medium-High,Own,0
CUST0000728,Customer_728,53,Female,Northeast,2019-11-01,62,Gas,Residential,Townhouse,1,1,3,Medium-High,Rent,1
CUST0000729,Customer_729,39,Male,Northeast,2011-09-01,160,Electricity,Residential,Mobile Home,0,0,1,Medium-High,Own,1
CUST0000730,Customer_730,36,Female,Southeast,2022-04-02,33,Electricity+Gas,Small Business,Single Family,0,1,3,Medium-Low,Rent,1
CUST0000731,Customer_731,50,Male,Southeast,2023-01-01,24,Electricity+Gas,Commercial,Single Family,1,0,1,Medium-High,Rent,0
CUST0000732,Customer_732,33,Female,West,2006-03-02,226,Electricity+Gas,Small Business,Single Family,1,1,1,Low,Own,0
CUST0000733,Customer_733,54,Male,West,2015-01-31,119,Electricity,Small Business,Townhouse,1,0,4,Medium-High,Own,0
CUST0000734,Customer_734,22,Male,Southeast,2023-01-31,23,Electricity+Gas,Commercial,Mobile Home,0,1,2,Low,Own,0
CUST0000735,Customer_735,63,Male,Northeast,2021-12-01,37,Electricity,Small Business,Townhouse,0,1,1,High,Rent,0
CUST0000736,Customer_736,55,Male,Southwest,2022-05-02,32,Electricity,Commercial,Apartment,0,1,1,Medium-High,Rent,0
CUST0000737,Customer_737,51,Female,West,2024-04-02,9,Water,Small Business,Townhouse,0,1,1,Medium,Own,0
CUST0000738,Customer_738,62,Male,Gulf Coast,2009-04-01,189,Electricity+Gas,Small Business,Single Family,1,0,2,Low,Own,0
CUST0000739,Customer_739,72,Female,Northeast,2022-06-02,31,Water,Small Business,Townhouse,1,1,2,Medium-High,Own,0
CUST0000740,Customer_740,63,Male,Midwest,2014-09-01,124,Electricity,Commercial,Single Family,0,0,3,Medium-High,Own,1
CUST0000741,Customer_741,20,Female,West,2024-01-01,12,Electricity+Water,Small Business,Single Family,0,1,1,Medium,Lease,0
CUST0000742,Customer_742,28,Female,West,2021-01-31,47,Electricity,Small Business,Single Family,1,1,1,High,Own,0
CUST0000743,Customer_743,38,Female,Northeast,2024-12-01,1,Electricity+Water,Residential,Townhouse,1,0,4,Low,Own,1
CUST0000744,Customer_744,48,Female,West,2017-11-01,86,Gas,Commercial,Townhouse,1,0,4,Medium-High,Rent,1
CUST0000745,Customer_745,55,Male,Southeast,2020-09-01,52,Electricity,Residential,Apartment,1,0,2,Medium,Rent,0
CUST0000746,Customer_746,37,Female,Northeast,2020-03-02,58,Electricity,Residential,Single Family,0,0,2,Low,Own,0
CUST0000747,Customer_747,50,Male,Midwest,2024-10-01,3,Electricity,Small Business,Single Family,1,1,2,Medium,Own,1
CUST0000748,Customer_748,36,Female,Northeast,2023-11-01,14,Gas,Residential,Single Family,0,1,1,Medium-High,Rent,0
CUST0000749,Customer_749,38,Female,West,2024-09-01,4,Electricity+Water,Residential,Single Family,1,1,1,Medium-Low,Rent,1
CUST0000750,Customer_750,26,Male,West,2023-05-03,20,Electricity,Residential,Apartment,0,1,5,Medium-High,Own,0
CUST0000751,Customer_751,34,Female,West,2020-02-01,59,Electricity+Gas,Residential,Single Family,0,1,2,Low,Own,0
CUST0000752,Customer_752,27,Female,Southeast,2020-10-31,50,Electricity+Water,Residential,Townhouse,1,1,3,Medium,Rent,0
CUST0000753,Customer_753,33,Male,Northeast,2020-05-02,56,Electricity+Gas,Residential,Townhouse,1,0,1,Medium-High,Own,0
CUST0000754,Customer_754,63,Male,Southeast,2021-01-31,47,Gas,Commercial,Single Family,0,0,1,Low,Own,1
CUST0000755,Customer_755,33,Male,Midwest,2023-06-02,19,Electricity+Water,Residential,Apartment,1,0,1,Medium,Rent,1
CUST0000756,Customer_756,87,Female,West,2023-09-01,16,Electricity,Residential,Single Family,0,1,2,Medium,Rent,0
CUST0000757,Customer_757,55,Female,Southeast,2024-05-02,8,Electricity+Gas,Small Business,Apartment,1,1,3,Medium,Rent,1
CUST0000758,Customer_758,50,Male,Midwest,2015-08-02,113,Water,Residential,Condo,1,1,2,Medium,Rent,1
CUST0000759,Customer_759,35,Male,Midwest,2020-04-01,57,Electricity,Small Business,Townhouse,0,0,4,Medium-Low,Rent,0
CUST0000760,Customer_760,58,Female,Northeast,2024-01-01,12,Electricity+Gas,Residential,Single Family,0,0,2,Medium-Low,Own,0
CUST0000761,Customer_761,39,Female,Southwest,2024-02-01,11,Electricity,Residential,Condo,0,0,1,Medium-High,Rent,1
CUST0000762,Customer_762,49,Male,Midwest,2014-10-01,123,Electricity,Residential,Townhouse,1,0,2,Medium-Low,Rent,0
CUST0000763,Customer_763,86,Male,West,2018-04-02,81,Electricity,Commercial,Apartment,0,0,3,Low,Rent,1
CUST0000764,Customer_764,46,Female,West,2019-09-01,64,Electricity+Water,Residential,Townhouse,0,0,1,Low,Lease,1
CUST0000765,Customer_765,65,Male,Northeast,2022-06-02,31,Electricity+Water,Residential,Single Family,1,0,3,Low,Rent,1
CUST0000766,Customer_766,37,Male,Midwest,2023-07-03,18,Electricity,Residential,Apartment,0,0,2,Low,Own,1
CUST0000767,Customer_767,47,Female,West,2005-08-01,233,Electricity,Residential,Apartment,0,0,1,Medium-Low,Rent,0
CUST0000768,Customer_768,74,Female,Northeast,2017-01-31,95,Gas,Residential,Mobile Home,0,1,4,Medium-Low,Own,1
CUST0000769,Customer_769,38,Male,West,2023-04-02,21,Electricity+Gas,Residential,Single Family,0,1,2,Medium-Low,Own,1
CUST0000770,Customer_770,75,Male,Southeast,2015-09-01,112,Electricity+Water,Residential,Single Family,1,1,1,Low,Rent,0
CUST0000771,Customer_771,58,Male,Midwest,2017-12-01,85,Electricity+Water,Residential,Mobile Home,1,1,2,Low,Own,0
CUST0000772,Customer_772,39,Male,Gulf Coast,2023-04-02,21,Water,Small Business,Single Family,0,1,1,Medium,Rent,1
CUST0000773,Customer_773,57,Female,Southwest,2022-04-02,33,Electricity+Gas,Residential,Condo,0,0,5,Medium-High,Own,0
CUST0000774,Customer_774,62,Male,Midwest,2024-01-01,12,Electricity,Small Business,Single Family,0,0,2,Medium,Rent,0
CUST0000775,Customer_775,57,Female,Northeast,2024-06-01,7,Electricity,Residential,Single Family,0,1,3,Medium,Rent,1
CUST0000776,Customer_776,24,Female,Northeast,2018-09-01,76,Electricity+Gas,Residential,Single Family,0,0,2,Medium,Own,0
CUST0000777,Customer_777,37,Male,Southwest,2023-07-03,18,Electricity+Gas,Residential,Townhouse,0,1,6,Medium,Own,0
CUST0000778,Customer_778,44,Male,Midwest,2016-07-02,102,Water,Commercial,Single Family,0,1,1,High,Own,0
CUST0000779,Customer_779,46,Female,Southeast,1997-11-30,325,Electricity,Residential,Single Family,1,1,3,Medium,Rent,1
CUST0000780,Customer_780,57,Female,Gulf Coast,2024-09-01,4,Electricity,Residential,Single Family,0,1,1,Low,Own,1
CUST0000781,Customer_781,50,Female,Southeast,2021-11-01,38,Gas,Small Business,Single Family,1,1,2,Medium,Own,0
CUST0000782,Customer_782,27,Male,Midwest,2016-12-01,97,Electricity+Water,Small Business,Apartment,0,1,1,Medium,Own,0
CUST0000783,Customer_783,53,Female,Southwest,2017-04-02,93,Water,Residential,Single Family,1,1,1,Medium,Rent,1
CUST0000784,Customer_784,57,Female,Midwest,2017-12-01,85,Electricity,Residential,Single Family,1,1,3,Medium,Own,0
CUST0000785,Customer_785,56,Female,Midwest,2022-12-01,25,Electricity+Water,Residential,Single Family,1,0,2,Medium,Rent,0
CUST0000786,Customer_786,64,Male,Southeast,2022-01-01,36,Gas,Residential,Townhouse,0,0,1,Low,Own,0
CUST0000787,Customer_787,60,Female,Gulf Coast,2020-07-02,54,Gas,Residential,Single Family,0,1,4,Medium,Own,0
CUST0000788,Customer_788,54,Female,Midwest,2006-11-01,218,Electricity,Small Business,Apartment,1,0,1,Medium-High,Own,0
CUST0000789,Customer_789,46,Male,Midwest,2023-01-31,23,Electricity+Gas,Residential,Single Family,0,1,1,Medium,Rent,1
CUST0000790,Customer_790,23,Female,Southwest,2012-04-01,153,Electricity+Gas,Residential,Single Family,0,0,4,Low,Lease,0
CUST0000791,Customer_791,54,Male,Northeast,2023-07-03,18,Electricity+Gas,Residential,Condo,1,0,5,Medium-High,Own,0
CUST0000792,Customer_792,51,Male,West,2002-07-02,270,Electricity+Gas,Residential,Mobile Home,1,1,4,High,Rent,1
CUST0000793,Customer_793,52,Male,Midwest,2019-07-02,66,Electricity,Residential,Single Family,1,1,3,Medium-High,Own,0
CUST0000794,Customer_794,28,Female,Southwest,2021-12-01,37,Electricity,Residential,Apartment,0,1,2,Medium-Low,Own,1
CUST0000795,Customer_795,31,Male,West,2020-04-01,57,Water,Residential,Townhouse,0,0,2,Medium,Own,0
CUST0000796,Customer_796,63,Male,Gulf Coast,2023-06-02,19,Electricity+Gas,Small Business,Condo,1,1,6,Medium,Own,1
CUST0000797,Customer_797,47,Female,Southeast,2023-06-02,19,Gas,Residential,Condo,1,1,3,Medium-High,Own,0
CUST0000798,Customer_798,58,Male,West,2024-06-01,7,Electricity,Residential,Apartment,0,1,2,Medium,Rent,1
CUST0000799,Customer_799,48,Female,Southeast,2024-06-01,7,Electricity,Residential,Mobile Home,1,1,2,Medium-Low,Own,0
CUST0000800,Customer_800,48,Female,Southwest,2022-12-01,25,Electricity,Small Business,Mobile Home,1,1,4,Medium-High,Rent,0
CUST0000801,Customer_801,62,Female,Northeast,2017-11-01,86,Electricity,Small Business,Apartment,0,0,2,Medium-High,Own,1
CUST0000802,Customer_802,40,Female,Northeast,2020-05-02,56,Gas,Residential,Apartment,1,0,2,Medium,Own,0
CUST0000803,Customer_803,49,Female,Northeast,2024-07-02,6,Water,Small Business,Townhouse,0,1,3,Low,Own,1
CUST0000804,Customer_804,41,Male,Southeast,2015-07-02,114,Electricity,Residential,Single Family,1,0,1,Medium,Rent,1
CUST0000805,Customer_805,41,Female,Northeast,2020-06-01,55,Water,Residential,Townhouse,0,0,3,Medium-Low,Rent,1
CUST0000806,Customer_806,43,Male,Southwest,2008-10-31,194,Electricity+Gas,Commercial,Apartment,1,1,5,Medium-High,Rent,0
CUST0000807,Customer_807,51,Female,Southeast,2019-07-02,66,Electricity,Residential,Single Family,0,1,4,Medium-Low,Own,1
CUST0000808,Customer_808,40,Male,West,2024-02-01,11,Electricity+Gas,Residential,Condo,1,1,1,Medium-Low,Own,1
CUST0000809,Customer_809,66,Female,Northeast,2021-11-01,38,Electricity,Residential,Mobile Home,1,0,2,Medium-High,Lease,0
CUST0000810,Customer_810,34,Female,Southeast,2019-11-01,62,Electricity+Gas,Residential,Single Family,1,0,1,Medium,Lease,1
CUST0000811,Customer_811,45,Female,Midwest,2024-12-01,1,Electricity,Commercial,Townhouse,1,1,2,Low,Rent,0
CUST0000812,Customer_812,41,Male,Southeast,2024-12-01,1,Gas,Residential,Single Family,0,0,3,Medium,Rent,0
CUST0000813,Customer_813,69,Male,Northeast,2024-05-02,8,Electricity+Gas,Residential,Apartment,1,1,5,Medium-High,Rent,1
CUST0000814,Customer_814,50,Female,Gulf Coast,2023-08-02,17,Electricity,Residential,Apartment,0,1,2,Medium-Low,Rent,1
CUST0000815,Customer_815,63,Female,Southeast,2022-04-02,33,Electricity,Residential,Apartment,1,1,2,High,Rent,0
CUST0000816,Customer_816,25,Male,West,2021-09-01,40,Electricity,Residential,Apartment,1,1,4,Medium-Low,Lease,0
CUST0000817,Customer_817,52,Other,Southeast,2024-05-02,8,Gas,Residential,Condo,1,1,4,High,Rent,0
CUST0000818,Customer_818,61,Female,Gulf Coast,2019-06-02,67,Electricity+Water,Residential,Townhouse,0,1,6,Medium-Low,Rent,1
CUST0000819,Customer_819,49,Male,Southeast,2020-07-02,54,Electricity,Commercial,Apartment,0,1,3,Medium,Own,0
CUST0000820,Customer_820,63,Female,Gulf Coast,2023-05-03,20,Electricity,Residential,Townhouse,0,1,5,Medium,Lease,0
CUST0000821,Customer_821,40,Female,Southeast,2024-12-01,1,Gas,Residential,Mobile Home,1,1,1,High,Own,0
CUST0000822,Customer_822,69,Male,Northeast,2024-09-01,4,Electricity,Commercial,Single Family,0,0,4,Medium,Lease,0
CUST0000823,Customer_823,82,Male,Midwest,2022-08-02,29,Electricity+Gas,Small Business,Single Family,0,0,3,Medium-Low,Rent,0
CUST0000824,Customer_824,42,Female,Midwest,2024-03-02,10,Electricity,Small Business,Condo,1,1,6,Medium-High,Own,0
CUST0000825,Customer_825,41,Female,Northeast,2022-09-01,28,Water,Residential,Townhouse,1,1,2,Low,Own,0
CUST0000826,Customer_826,69,Male,Southeast,2020-02-01,59,Electricity+Gas,Residential,Mobile Home,0,1,1,Medium-High,Rent,0
CUST0000827,Customer_827,71,Female,West,2021-01-31,47,Electricity,Residential,Single Family,1,1,1,Low,Own,0
CUST0000828,Customer_828,40,Female,Northeast,2023-10-02,15,Electricity+Gas,Residential,Condo,0,0,7,Medium,Rent,0
CUST0000829,Customer_829,41,Female,Midwest,2022-12-01,25,Electricity+Gas,Small Business,Townhouse,0,0,5,Medium-High,Rent,1
CUST0000830,Customer_830,43,Male,Midwest,2020-04-01,57,Electricity,Residential,Condo,1,1,2,Medium-Low,Own,0
CUST0000831,Customer_831,27,Female,West,2015-03-03,118,Electricity,Commercial,Apartment,1,1,2,Medium-High,Own,0
CUST0000832,Customer_832,34,Male,Northeast,2018-01-31,83,Electricity,Residential,Single Family,1,1,1,Medium,Own,0
CUST0000833,Customer_833,32,Male,Southwest,2020-12-31,48,Gas,Residential,Apartment,1,1,5,Medium-Low,Own,0
CUST0000834,Customer_834,36,Male,Northeast,2022-11-01,26,Electricity,Residential,Apartment,1,1,1,Medium-Low,Rent,1
CUST0000835,Customer_835,47,Female,Southeast,2022-10-02,27,Electricity+Gas,Residential,Apartment,0,0,4,Low,Rent,0
CUST0000836,Customer_836,51,Female,Midwest,2014-07-02,126,Electricity+Gas,Small Business,Townhouse,1,1,1,Medium,Own,1
CUST0000837,Customer_837,71,Male,Gulf Coast,2024-11-01,2,Electricity+Water,Residential,Apartment,1,0,2,Medium-Low,Own,1
CUST0000838,Customer_838,33,Female,Northeast,2002-12-01,265,Electricity+Gas,Residential,Single Family,0,1,4,Medium-Low,Own,0
CUST0000839,Customer_839,62,Male,Northeast,2019-08-02,65,Electricity+Gas,Commercial,Apartment,0,0,4,High,Lease,1
CUST0000840,Customer_840,44,Male,Southwest,2019-05-03,68,Electricity+Gas,Commercial,Single Family,0,0,1,Medium-Low,Rent,1
CUST0000841,Customer_841,47,Other,Southeast,2024-11-01,2,Electricity+Water,Commercial,Single Family,1,1,6,Medium-High,Own,0
CUST0000842,Customer_842,58,Female,Southwest,2020-06-01,55,Electricity,Residential,Apartment,1,0,3,High,Rent,0
CUST0000843,Customer_843,31,Male,Gulf Coast,2021-10-01,39,Electricity,Small Business,Townhouse,1,0,5,Medium-High,Lease,1
CUST0000844,Customer_844,53,Female,Gulf Coast,2024-07-02,6,Electricity,Commercial,Condo,1,1,3,Low,Rent,0
CUST0000845,Customer_845,50,Male,Southeast,2023-06-02,19,Gas,Residential,Apartment,1,1,3,Medium-High,Own,1
CUST0000846,Customer_846,55,Male,Midwest,2013-12-31,132,Electricity,Residential,Condo,1,0,2,Medium-Low,Rent,1
CUST0000847,Customer_847,52,Female,Gulf Coast,2021-01-31,47,Electricity,Small Business,Single Family,1,0,1,Medium-Low,Rent,0
CUST0000848,Customer_848,84,Female,Northeast,2022-05-02,32,Gas,Commercial,Mobile Home,1,0,3,High,Own,0
CUST0000849,Customer_849,38,Male,Midwest,2024-09-01,4,Electricity+Water,Small Business,Mobile Home,1,0,2,Medium,Lease,0
CUST0000850,Customer_850,40,Female,Southeast,2018-10-01,75,Electricity+Water,Residential,Apartment,0,1,4,Medium,Rent,0
CUST0000851,Customer_851,38,Female,Southeast,2019-01-01,72,Electricity+Gas,Residential,Single Family,0,0,2,Medium-Low,Rent,0
CUST0000852,Customer_852,39,Male,Gulf Coast,2020-04-01,57,Gas,Residential,Apartment,1,1,4,Medium-Low,Own,0
CUST0000853,Customer_853,38,Female,West,2021-07-02,42,Electricity+Water,Residential,Single Family,0,0,2,Medium,Own,0
CUST0000854,Customer_854,65,Female,Southeast,2022-03-03,34,Electricity+Water,Small Business,Apartment,0,0,2,High,Rent,0
CUST0000855,Customer_855,69,Female,West,2020-08-01,53,Electricity+Water,Residential,Single Family,1,1,4,Medium-Low,Own,0
CUST0000856,Customer_856,39,Female,Midwest,2023-10-02,15,Electricity+Gas,Residential,Apartment,1,0,1,Medium-Low,Rent,0
CUST0000857,Customer_857,35,Female,Gulf Coast,2010-11-01,170,Electricity,Residential,Single Family,0,0,3,Low,Own,0
CUST0000858,Customer_858,55,Male,Southeast,2020-08-01,53,Electricity,Residential,Single Family,1,1,2,Medium-Low,Own,0
CUST0000859,Customer_859,39,Female,Southeast,2023-03-03,22,Electricity+Water,Residential,Single Family,1,1,3,Medium-Low,Lease,0
CUST0000860,Customer_860,57,Female,Southeast,2022-01-31,35,Electricity,Residential,Single Family,1,0,1,Low,Own,0
CUST0000861,Customer_861,51,Male,Midwest,2016-10-31,98,Electricity,Small Business,Townhouse,1,1,1,Medium,Rent,1
CUST0000862,Customer_862,25,Female,Southeast,2024-03-02,10,Gas,Small Business,Single Family,0,0,1,Low,Rent,1
CUST0000863,Customer_863,71,Female,Northeast,2023-05-03,20,Electricity,Residential,Townhouse,0,1,5,Medium,Lease,0
CUST0000864,Customer_864,74,Female,Gulf Coast,2019-05-03,68,Electricity+Water,Commercial,Townhouse,0,1,3,Medium-Low,Lease,1
CUST0000865,Customer_865,38,Male,Gulf Coast,2023-03-03,22,Electricity,Small Business,Single Family,0,1,2,High,Own,1
CUST0000866,Customer_866,42,Male,Southwest,2017-03-02,94,Electricity,Residential,Single Family,0,1,2,Medium-Low,Lease,0
CUST0000867,Customer_867,52,Female,Gulf Coast,2024-05-02,8,Electricity+Water,Commercial,Apartment,1,1,1,Low,Own,1
CUST0000868,Customer_868,53,Male,Gulf Coast,2017-11-01,86,Electricity,Residential,Condo,1,0,3,Medium-High,Rent,1
CUST0000869,Customer_869,57,Female,West,2024-09-01,4,Electricity+Water,Residential,Apartment,1,1,3,Medium,Rent,1
CUST0000870,Customer_870,78,Male,Midwest,2024-12-01,1,Gas,Residential,Apartment,0,0,3,Medium-High,Lease,1
CUST0000871,Customer_871,45,Male,Gulf Coast,2013-08-01,137,Electricity+Gas,Residential,Townhouse,0,1,5,Medium-Low,Own,0
CUST0000872,Customer_872,36,Male,Southwest,2020-09-01,52,Electricity,Residential,Condo,0,1,4,Medium,Own,0
CUST0000873,Customer_873,27,Male,Northeast,2022-11-01,26,Electricity+Gas,Residential,Mobile Home,1,0,3,Medium,Rent,1
CUST0000874,Customer_874,37,Female,Southeast,2023-10-02,15,Electricity,Residential,Apartment,1,0,1,Medium,Own,0
CUST0000875,Customer_875,47,Male,Midwest,2020-04-01,57,Electricity+Water,Residential,Single Family,1,0,5,Medium,Rent,0
CUST0000876,Customer_876,74,Male,Gulf Coast,2021-07-02,42,Electricity,Residential,Townhouse,1,1,5,Medium,Rent,1
CUST0000877,Customer_877,40,Male,Southwest,2001-03-02,286,Electricity,Residential,Single Family,1,0,4,Medium,Rent,0
CUST0000878,Customer_878,51,Female,Gulf Coast,2004-08-01,245,Electricity+Water,Small Business,Apartment,1,1,4,Medium,Own,0
CUST0000879,Customer_879,47,Male,West,2020-01-01,60,Gas,Small Business,Apartment,0,1,4,Medium,Rent,1
CUST0000880,Customer_880,65,Female,Southeast,2022-01-31,35,Electricity+Gas,Residential,Townhouse,0,1,1,Medium-High,Own,0
CUST0000881,Customer_881,85,Female,West,2021-09-01,40,Electricity+Gas,Residential,Townhouse,1,1,3,Medium-High,Rent,1
CUST0000882,Customer_882,40,Female,Southeast,2019-05-03,68,Electricity,Residential,Single Family,1,0,3,Medium,Own,1
CUST0000883,Customer_883,40,Female,Midwest,2024-07-02,6,Electricity,Small Business,Mobile Home,0,1,2,Low,Rent,1
CUST0000884,Customer_884,63,Female,West,2023-01-31,23,Electricity+Water,Commercial,Single Family,1,1,5,Medium-High,Own,0
CUST0000885,Customer_885,58,Female,Southwest,2024-09-01,4,Electricity,Residential,Single Family,0,0,5,High,Own,1
CUST0000886,Customer_886,75,Male,West,2024-09-01,4,Gas,Small Business,Townhouse,1,1,3,Medium,Rent,1
CUST0000887,Customer_887,56,Male,Southeast,2023-12-02,13,Electricity+Gas,Commercial,Condo,0,1,1,Medium,Own,1
CUST0000888,Customer_888,42,Male,West,2021-10-01,39,Electricity,Residential,Apartment,1,1,3,Medium,Own,1
CUST0000889,Customer_889,56,Female,Southeast,2017-05-02,92,Electricity+Gas,Commercial,Apartment,0,1,1,Medium,Rent,0
CUST0000890,Customer_890,64,Other,Midwest,2021-10-01,39,Gas,Residential,Apartment,1,1,5,High,Own,0
CUST0000891,Customer_891,60,Female,Midwest,2023-01-01,24,Electricity+Water,Commercial,Single Family,0,0,1,Low,Own,0
CUST0000892,Customer_892,55,Male,Southwest,2024-08-01,5,Electricity,Residential,Townhouse,0,0,1,Low,Own,1
CUST0000893,Customer_893,64,Female,Northeast,2021-01-31,47,Electricity,Residential,Single Family,1,1,4,High,Own,0
CUST0000894,Customer_894,65,Male,Southeast,2023-07-03,18,Water,Commercial,Mobile Home,1,0,6,Medium,Rent,0
CUST0000895,Customer_895,68,Male,Southwest,2020-04-01,57,Electricity,Residential,Single Family,1,1,1,Medium,Own,0
CUST0000896,Customer_896,57,Male,Southwest,2006-03-02,226,Gas,Commercial,Single Family,0,1,3,Medium-High,Own,0
CUST0000897,Customer_897,45,Male,Midwest,2024-06-01,7,Water,Residential,Apartment,1,1,3,Medium-High,Rent,1
CUST0000898,Customer_898,50,Female,Midwest,2023-11-01,14,Electricity+Gas,Small Business,Apartment,0,0,5,Medium,Lease,1
CUST0000899,Customer_899,66,Male,Gulf Coast,2021-11-01,38,Gas,Residential,Apartment,1,1,2,Medium,Own,0
CUST0000900,Customer_900,35,Male,Gulf Coast,2007-10-01,207,Electricity,Commercial,Single Family,0,0,1,Medium,Lease,0
CUST0000901,Customer_901,53,Female,Southeast,2017-09-01,88,Water,Residential,Single Family,1,0,1,Medium-High,Own,1
CUST0000902,Customer_902,42,Female,Southeast,2013-08-01,137,Electricity,Residential,Condo,0,0,2,Medium-High,Rent,1
CUST0000903,Customer_903,48,Female,Southwest,2023-01-01,24,Electricity+Water,Residential,Apartment,0,0,5,Low,Own,0
CUST0000904,Customer_904,67,Male,Northeast,2000-11-30,289,Electricity,Commercial,Apartment,1,1,2,Medium-Low,Lease,0
CUST0000905,Customer_905,50,Female,Southeast,2024-07-02,6,Water,Residential,Apartment,1,1,1,Medium-Low,Rent,1
CUST0000906,Customer_906,48,Female,Southeast,2024-10-01,3,Gas,Residential,Apartment,0,1,4,Medium,Own,1
CUST0000907,Customer_907,27,Male,Southeast,2015-05-02,116,Electricity,Residential,Townhouse,0,0,4,Medium-Low,Own,1
CUST0000908,Customer_908,59,Female,Southwest,2011-12-01,157,Gas,Residential,Apartment,1,1,1,Medium-Low,Own,0
CUST0000909,Customer_909,57,Male,Southeast,2024-08-01,5,Electricity,Small Business,Single Family,1,0,1,Low,Own,0
CUST0000910,Customer_910,80,Male,Northeast,2024-06-01,7,Electricity,Residential,Apartment,1,0,5,Medium-High,Rent,1
CUST0000911,Customer_911,43,Female,Gulf Coast,2024-11-01,2,Electricity,Small Business,Single Family,0,1,2,Medium,Own,1
CUST0000912,Customer_912,51,Female,Gulf Coast,2024-07-02,6,Electricity+Water,Residential,Apartment,0,1,3,Medium-Low,Rent,1
CUST0000913,Customer_913,51,Male,Gulf Coast,2023-11-01,14,Electricity,Residential,Apartment,0,1,5,Medium,Own,0
CUST0000914,Customer_914,71,Female,Southeast,2007-07-02,210,Electricity+Water,Residential,Single Family,1,1,1,Low,Own,0
CUST0000915,Customer_915,46,Female,Northeast,2019-07-02,66,Electricity,Small Business,Townhouse,1,1,1,Medium-Low,Own,0
CUST0000916,Customer_916,52,Female,Northeast,2017-07-02,90,Electricity+Gas,Residential,Single Family,1,0,3,Medium-High,Own,1
CUST0000917,Customer_917,57,Male,Southeast,2017-08-01,89,Electricity+Water,Residential,Mobile Home,1,1,1,Medium-High,Own,1
CUST0000918,Customer_918,50,Female,Southeast,2021-04-02,45,Electricity+Water,Residential,Single Family,0,1,5,Medium-High,Rent,1
CUST0000919,Customer_919,41,Male,Gulf Coast,2017-01-31,95,Electricity,Small Business,Mobile Home,1,1,3,Medium,Rent,0
CUST0000920,Customer_920,50,Female,Gulf Coast,2020-07-02,54,Electricity+Gas,Residential,Apartment,1,0,5,Medium-Low,Own,0
CUST0000921,Customer_921,64,Male,West,2023-03-03,22,Electricity,Commercial,Single Family,1,1,3,Medium-High,Own,0
CUST0000922,Customer_922,32,Male,West,2020-12-01,49,Gas,Residential,Single Family,0,0,1,Medium-Low,Own,0
CUST0000923,Customer_923,49,Female,Southwest,2021-04-02,45,Electricity+Gas,Residential,Single Family,1,1,1,Medium-High,Lease,0
CUST0000924,Customer_924,37,Male,West,2016-05-02,104,Electricity,Residential,Single Family,1,0,1,Medium-High,Rent,1
CUST0000925,Customer_925,65,Male,Gulf Coast,2004-12-31,240,Electricity,Residential,Single Family,1,0,2,Medium-Low,Rent,1
CUST0000926,Customer_926,25,Male,Southwest,2022-06-02,31,Electricity,Commercial,Single Family,0,1,3,Medium-Low,Own,0
CUST0000927,Customer_927,39,Female,Northeast,2017-11-01,86,Electricity,Residential,Single Family,1,1,3,Medium,Own,0
CUST0000928,Customer_928,53,Male,Northeast,2024-07-02,6,Electricity,Residential,Apartment,1,1,3,Medium-Low,Own,0
CUST0000929,Customer_929,71,Female,Southwest,2017-08-01,89,Electricity+Water,Residential,Single Family,0,1,1,Medium-High,Rent,1
CUST0000930,Customer_930,47,Male,Southeast,2022-10-02,27,Electricity,Residential,Apartment,0,0,2,Medium-Low,Lease,1
CUST0000931,Customer_931,39,Male,Gulf Coast,2024-11-01,2,Electricity+Gas,Small Business,Single Family,0,0,1,Medium-Low,Own,0
CUST0000932,Customer_932,76,Male,Southwest,2022-10-02,27,Water,Commercial,Condo,1,1,1,Medium-High,Rent,0
CUST0000933,Customer_933,26,Female,West,2020-05-02,56,Electricity+Gas,Residential,Apartment,1,1,1,Medium-Low,Own,0
CUST0000934,Customer_934,18,Male,Northeast,2024-06-01,7,Electricity+Gas,Residential,Apartment,1,0,4,Medium-High,Rent,1
CUST0000935,Customer_935,54,Male,Midwest,2012-03-02,154,Electricity+Gas,Residential,Single Family,1,0,2,Medium-Low,Rent,0
CUST0000936,Customer_936,40,Other,Midwest,2024-09-01,4,Gas,Commercial,Apartment,0,1,2,High,Own,0
CUST0000937,Customer_937,32,Female,West,2011-10-02,159,Gas,Commercial,Single Family,0,1,4,Medium-Low,Rent,1
CUST0000938,Customer_938,58,Male,Southeast,2018-12-01,73,Electricity+Water,Commercial,Mobile Home,0,1,3,Medium-Low,Own,1
CUST0000939,Customer_939,51,Male,Gulf Coast,2023-01-01,24,Electricity+Water,Residential,Condo,0,1,3,Medium,Rent,1
CUST0000940,Customer_940,39,Female,West,2022-08-02,29,Electricity+Gas,Residential,Apartment,1,1,3,Medium-Low,Own,1
CUST0000941,Customer_941,28,Male,Southwest,2018-04-02,81,Electricity,Residential,Townhouse,1,0,6,Medium-Low,Own,0
CUST0000942,Customer_942,61,Male,Gulf Coast,2020-06-01,55,Gas,Residential,Apartment,0,0,1,Medium-Low,Own,1
CUST0000943,Customer_943,57,Female,Gulf Coast,2019-07-02,66,Gas,Residential,Single Family,1,0,3,Medium-High,Rent,0
CUST0000944,Customer_944,46,Female,Southeast,2022-08-02,29,Water,Residential,Townhouse,1,1,3,Medium-High,Own,1
CUST0000945,Customer_945,75,Female,West,2021-09-01,40,Electricity+Gas,Residential,Single Family,0,1,4,Medium-High,Own,1
CUST0000946,Customer_946,31,Male,Northeast,2002-01-30,275,Electricity+Gas,Residential,Townhouse,0,0,1,Medium-High,Own,0
CUST0000947,Customer_947,25,Male,Midwest,2023-11-01,14,Electricity+Gas,Residential,Single Family,1,1,4,Low,Own,1
CUST0000948,Customer_948,37,Female,Northeast,2022-05-02,32,Electricity,Residential,Single Family,1,0,4,Medium,Rent,1
CUST0000949,Customer_949,47,Male,Southwest,2023-05-03,20,Water,Small Business,Apartment,0,1,2,Medium-Low,Rent,1
CUST0000950,Customer_950,51,Female,Midwest,2017-11-01,86,Electricity,Residential,Single Family,0,1,2,Low,Lease,1
CUST0000951,Customer_951,44,Female,Southwest,2017-11-01,86,Electricity+Gas,Small Business,Townhouse,1,1,3,Medium-High,Lease,1
CUST0000952,Customer_952,53,Male,West,2023-05-03,20,Electricity,Residential,Apartment,0,0,2,Medium-High,Own,0
CUST0000953,Customer_953,29,Female,Southwest,2024-08-01,5,Electricity,Small Business,Mobile Home,1,1,2,Medium-High,Own,0
CUST0000954,Customer_954,69,Female,Southeast,2024-12-01,1,Electricity,Residential,Single Family,0,1,3,Medium-High,Own,0
CUST0000955,Customer_955,46,Female,West,2022-04-02,33,Electricity+Water,Residential,Townhouse,1,0,3,Medium,Rent,1
CUST0000956,Customer_956,64,Male,Southwest,2022-06-02,31,Electricity+Gas,Small Business,Condo,1,1,2,High,Own,1
CUST0000957,Customer_957,53,Male,Midwest,2002-10-01,267,Gas,Commercial,Single Family,1,1,2,Medium,Rent,0
CUST0000958,Customer_958,54,Female,Gulf Coast,2021-11-01,38,Water,Residential,Townhouse,0,0,2,Medium-High,Rent,1
CUST0000959,Customer_959,56,Male,Southeast,2023-08-02,17,Electricity+Gas,Residential,Single Family,0,1,4,Low,Own,0
CUST0000960,Customer_960,54,Other,Midwest,2013-12-01,133,Electricity+Gas,Commercial,Single Family,1,1,5,Low,Rent,0
CUST0000961,Customer_961,57,Male,West,2021-09-01,40,Gas,Residential,Single Family,0,0,4,Medium,Own,0
CUST0000962,Customer_962,67,Female,Northeast,2020-07-02,54,Electricity,Residential,Townhouse,1,1,4,Low,Own,0
CUST0000963,Customer_963,50,Male,Southeast,2024-07-02,6,Electricity,Commercial,Single Family,1,1,3,Low,Own,1
CUST0000964,Customer_964,58,Female,West,2022-09-01,28,Electricity,Small Business,Single Family,1,0,2,Medium-Low,Own,0
CUST0000965,Customer_965,46,Male,Southeast,2010-08-01,173,Electricity+Gas,Residential,Apartment,0,1,6,Medium-High,Own,0
CUST0000966,Customer_966,69,Male,Midwest,2020-08-01,53,Electricity,Commercial,Single Family,1,1,1,High,Rent,1
CUST0000967,Customer_967,37,Male,Southwest,2022-12-01,25,Gas,Residential,Townhouse,1,1,1,Medium-Low,Rent,0
CUST0000968,Customer_968,75,Female,West,2020-03-02,58,Gas,Residential,Single Family,0,0,2,High,Rent,1
CUST0000969,Customer_969,47,Male,West,2012-12-31,144,Electricity,Small Business,Single Family,0,1,1,Medium-High,Own,0
CUST0000970,Customer_970,26,Female,Gulf Coast,2023-06-02,19,Electricity+Water,Residential,Apartment,0,1,3,Medium-Low,Own,1
CUST0000971,Customer_971,49,Female,Southeast,2021-07-02,42,Electricity+Water,Residential,Apartment,1,1,6,Medium,Own,0
CUST0000972,Customer_972,37,Male,West,2009-01-30,191,Electricity,Commercial,Condo,1,1,4,High,Rent,1
CUST0000973,Customer_973,60,Female,West,2024-02-01,11,Water,Residential,Apartment,1,0,2,Medium-High,Own,1
CUST0000974,Customer_974,38,Male,Southeast,2018-09-01,76,Gas,Small Business,Condo,1,0,2,Medium-Low,Own,0
CUST0000975,Customer_975,41,Other,Gulf Coast,2020-04-01,57,Water,Residential,Single Family,1,1,1,Medium-Low,Own,0
CUST0000976,Customer_976,19,Female,Gulf Coast,2019-05-03,68,Electricity,Residential,Apartment,1,0,2,Medium-High,Rent,0
CUST0000977,Customer_977,41,Male,Southeast,2022-12-01,25,Electricity,Small Business,Townhouse,1,1,4,Medium,Own,0
CUST0000978,Customer_978,18,Male,West,2023-03-03,22,Electricity+Water,Small Business,Townhouse,1,0,5,Medium-Low,Lease,1
CUST0000979,Customer_979,24,Male,West,2019-04-02,69,Electricity+Water,Commercial,Mobile Home,1,0,1,Medium-Low,Rent,1
CUST0000980,Customer_980,59,Other,Midwest,2023-11-01,14,Gas,Commercial,Apartment,0,1,1,Medium,Own,0
CUST0000981,Customer_981,59,Male,Gulf Coast,2022-05-02,32,Electricity+Water,Residential,Single Family,0,1,2,Medium-Low,Own,0
CUST0000982,Customer_982,54,Female,West,2024-01-01,12,Electricity+Gas,Residential,Condo,1,0,3,Medium,Own,0
CUST0000983,Customer_983,33,Male,Southwest,2024-12-01,1,Electricity,Residential,Single Family,1,1,1,Medium-High,Own,1
CUST0000984,Customer_984,47,Female,Southeast,2007-07-02,210,Electricity,Residential,Single Family,0,0,1,Medium-Low,Own,0
CUST0000985,Customer_985,47,Male,Midwest,2022-04-02,33,Electricity,Residential,Apartment,1,0,1,Medium-Low,Rent,0
CUST0000986,Customer_986,30,Female,Midwest,2007-08-02,209,Water,Residential,Single Family,0,1,5,High,Rent,1
CUST0000987,Customer_987,70,Female,West,2024-04-02,9,Electricity+Water,Small Business,Single Family,1,1,2,Medium-High,Own,1
CUST0000988,Customer_988,61,Female,Southwest,2020-08-01,53,Electricity+Gas,Residential,Mobile Home,0,0,2,Medium-High,Rent,0
CUST0000989,Customer_989,44,Male,Northeast,2023-12-02,13,Electricity+Gas,Commercial,Single Family,1,1,4,Medium,Lease,0
CUST0000990,Customer_990,48,Male,Southeast,2017-04-02,93,Electricity+Gas,Residential,Townhouse,1,0,1,Medium-Low,Rent,0
CUST0000991,Customer_991,51,Male,Midwest,2017-06-01,91,Electricity,Residential,Single Family,0,1,5,Medium,Lease,1
CUST0000992,Customer_992,18,Female,West,2024-06-01,7,Electricity,Small Business,Single Family,1,0,4,Medium-High,Own,0
CUST0000993,Customer_993,44,Male,West,2012-12-01,145,Gas,Residential,Single Family,1,1,3,Low,Own,0
CUST0000994,Customer_994,37,Female,Midwest,2024-01-01,12,Electricity+Gas,Residential,Apartment,1,0,1,Low,Own,0
CUST0000995,Customer_995,32,Male,Northeast,2020-05-02,56,Electricity+Water,Residential,Single Family,1,1,4,Medium,Lease,0
CUST0000996,Customer_996,43,Female,Southeast,2003-11-01,254,Electricity,Residential,Townhouse,1,1,1,Medium,Own,1
CUST0000997,Customer_997,74,Female,Southeast,2014-05-02,128,Gas,Small Business,Townhouse,0,0,5,High,Lease,1
CUST0000998,Customer_998,57,Female,West,2009-05-02,188,Water,Commercial,Apartment,0,0,5,Low,Own,1
CUST0000999,Customer_999,39,Male,Northeast,2022-12-01,25,Electricity,Residential,Single Family,0,1,3,Medium-Low,Own,1
CUST0001000,Customer_1000,56,Male,Midwest,2024-07-02,6,Electricity+Gas,Residential,Single Family,1,0,1,Medium-High,Own,0
CUST0001001,Customer_1001,68,Male,West,2024-01-01,12,Electricity,Residential,Apartment,0,1,3,Medium,Own,1
CUST0001002,Customer_1002,61,Male,Gulf Coast,2021-08-01,41,Electricity+Gas,Residential,Condo,0,1,5,Medium,Own,0
CUST0001003,Customer_1003,48,Female,Gulf Coast,2017-03-02,94,Water,Residential,Apartment,1,0,1,Medium-High,Rent,0
CUST0001004,Customer_1004,38,Female,Gulf Coast,2024-04-02,9,Electricity,Residential,Apartment,1,1,4,Low,Own,1
CUST0001005,Customer_1005,58,Female,West,2019-09-01,64,Water,Residential,Condo,1,0,4,High,Rent,0
CUST0001006,Customer_1006,53,Male,West,2023-01-31,23,Electricity,Residential,Single Family,1,1,3,Medium-Low,Rent,0
CUST0001007,Customer_1007,61,Female,West,2022-12-01,25,Electricity,Residential,Single Family,0,0,3,Low,Lease,0
CUST0001008,Customer_1008,57,Female,Gulf Coast,2019-08-02,65,Gas,Residential,Apartment,1,1,2,Medium-Low,Own,0
CUST0001009,Customer_1009,63,Female,Gulf Coast,2021-12-01,37,Electricity+Water,Small Business,Single Family,0,0,2,Medium-High,Own,0
CUST0001010,Customer_1010,39,Male,Midwest,2016-08-31,100,Electricity,Commercial,Mobile Home,1,1,4,Medium-Low,Own,0
CUST0001011,Customer_1011,67,Male,Midwest,2024-03-02,10,Electricity,Residential,Apartment,0,0,2,Low,Own,0
CUST0001012,Customer_1012,50,Male,Midwest,2017-04-02,93,Electricity+Gas,Residential,Single Family,0,0,1,Low,Own,1
CUST0001013,Customer_1013,79,Female,Southwest,2024-10-01,3,Gas,Residential,Single Family,0,0,1,Medium-Low,Rent,0
CUST0001014,Customer_1014,37,Female,West,2024-01-01,12,Electricity,Residential,Apartment,1,1,5,Low,Rent,0
CUST0001015,Customer_1015,74,Male,Gulf Coast,2019-09-01,64,Electricity,Residential,Apartment,1,1,2,Medium-Low,Rent,0
CUST0001016,Customer_1016,50,Male,Midwest,2015-06-02,115,Water,Residential,Mobile Home,0,1,3,Medium-Low,Lease,1
CUST0001017,Customer_1017,38,Female,Southeast,2023-08-02,17,Electricity+Water,Residential,Apartment,1,1,1,Medium-Low,Own,0
CUST0001018,Customer_1018,40,Female,Gulf Coast,2023-01-31,23,Electricity,Residential,Townhouse,1,0,1,Medium,Lease,0
CUST0001019,Customer_1019,43,Male,Southeast,2021-03-02,46,Electricity+Gas,Small Business,Single Family,1,1,2,Medium-High,Own,0
CUST0001020,Customer_1020,54,Female,Southeast,2023-11-01,14,Electricity,Residential,Single Family,1,1,1,Medium-Low,Rent,0
CUST0001021,Customer_1021,55,Other,West,2016-08-31,100,Electricity+Gas,Residential,Apartment,0,0,4,Medium,Own,0
CUST0001022,Customer_1022,39,Female,Northeast,2017-08-01,89,Electricity,Small Business,Condo,0,0,3,Medium-High,Lease,0
CUST0001023,Customer_1023,47,Male,Southeast,2024-04-02,9,Electricity,Residential,Apartment,0,1,1,High,Own,0
CUST0001024,Customer_1024,80,Female,Southeast,2021-12-01,37,Water,Small Business,Apartment,1,0,2,Medium,Rent,0
CUST0001025,Customer_1025,73,Female,Northeast,2017-08-01,89,Electricity,Commercial,Apartment,0,1,2,Medium,Own,0
CUST0001026,Customer_1026,54,Male,Southwest,2023-01-01,24,Electricity,Small Business,Apartment,0,1,5,Medium,Own,1
CUST0001027,Customer_1027,48,Female,Southeast,2020-01-01,60,Electricity+Water,Residential,Single Family,1,0,3,Medium,Own,0
CUST0001028,Customer_1028,49,Female,Midwest,2024-10-01,3,Electricity+Water,Residential,Townhouse,0,0,5,Medium-Low,Rent,0
CUST0001029,Customer_1029,57,Female,Southeast,2020-05-02,56,Electricity,Residential,Apartment,0,0,3,Medium,Own,1
CUST0001030,Customer_1030,32,Male,West,2024-04-02,9,Electricity+Gas,Commercial,Single Family,1,1,1,High,Own,0
CUST0001031,Customer_1031,44,Female,Southeast,2016-03-02,106,Electricity+Gas,Commercial,Apartment,1,0,3,Medium,Own,0
CUST0001032,Customer_1032,22,Female,Southeast,2022-11-01,26,Gas,Residential,Single Family,1,1,4,Medium-Low,Rent,1
CUST0001033,Customer_1033,53,Male,Southeast,2023-06-02,19,Electricity+Water,Commercial,Apartment,0,1,2,High,Own,1
CUST0001034,Customer_1034,57,Female,Midwest,2015-11-01,110,Water,Residential,Apartment,1,1,2,Medium-Low,Rent,0
CUST0001035,Customer_1035,40,Female,Midwest,2024-10-01,3,Water,Residential,Single Family,1,1,5,Medium-Low,Lease,1
CUST0001036,Customer_1036,71,Female,Midwest,2022-07-02,30,Electricity,Residential,Townhouse,1,0,5,Medium,Lease,0
CUST0001037,Customer_1037,29,Male,Gulf Coast,2022-10-02,27,Gas,Residential,Apartment,1,1,1,Medium,Own,1
CUST0001038,Customer_1038,26,Female,Gulf Coast,2023-05-03,20,Gas,Commercial,Condo,1,1,2,Medium-Low,Own,0
CUST0001039,Customer_1039,51,Male,Southwest,2012-12-01,145,Electricity,Residential,Condo,0,1,3,Medium,Own,0
CUST0001040,Customer_1040,63,Male,Northeast,2018-01-31,83,Electricity,Small Business,Apartment,0,1,5,Medium-Low,Rent,1
CUST0001041,Customer_1041,73,Female,Southwest,2024-10-01,3,Electricity,Commercial,Single Family,1,1,3,Medium-High,Own,1
CUST0001042,Customer_1042,41,Male,Northeast,2018-10-01,75,Electricity,Small Business,Townhouse,0,0,5,Low,Own,0
CUST0001043,Customer_1043,64,Female,West,2021-05-02,44,Electricity,Residential,Apartment,1,0,2,Medium-High,Own,0
CUST0001044,Customer_1044,47,Male,Southeast,2013-07-02,138,Electricity,Small Business,Apartment,1,1,2,Medium-Low,Rent,0
CUST0001045,Customer_1045,45,Male,West,2023-03-03,22,Electricity,Residential,Single Family,1,1,1,Medium-Low,Lease,0
CUST0001046,Customer_1046,61,Male,Gulf Coast,2020-10-01,51,Gas,Small Business,Apartment,1,1,2,Medium-Low,Rent,1
CUST0001047,Customer_1047,57,Other,Midwest,2021-08-01,41,Electricity+Gas,Residential,Single Family,1,0,1,High,Rent,0
CUST0001048,Customer_1048,24,Female,Midwest,2021-09-01,40,Electricity,Residential,Single Family,1,1,1,Medium,Rent,1
CUST0001049,Customer_1049,70,Female,Southwest,2022-01-01,36,Electricity+Water,Small Business,Mobile Home,1,1,3,Medium-High,Own,0
CUST0001050,Customer_1050,68,Male,Southeast,2023-12-02,13,Electricity+Gas,Small Business,Apartment,1,0,5,Medium,Rent,0
CUST0001051,Customer_1051,38,Male,Gulf Coast,2018-01-01,84,Water,Commercial,Townhouse,1,1,2,High,Own,0
CUST0001052,Customer_1052,53,Other,Midwest,2022-01-01,36,Electricity+Water,Residential,Apartment,1,1,1,Medium-Low,Own,0
CUST0001053,Customer_1053,55,Male,Northeast,2009-03-02,190,Electricity,Residential,Single Family,0,1,2,Medium,Rent,0
CUST0001054,Customer_1054,51,Male,West,2023-07-03,18,Gas,Residential,Townhouse,1,1,2,Medium-High,Own,0
CUST0001055,Customer_1055,39,Female,Southeast,2019-05-03,68,Gas,Residential,Single Family,1,1,1,Medium,Own,0
CUST0001056,Customer_1056,37,Male,Northeast,2010-12-01,169,Gas,Residential,Townhouse,1,0,5,Medium-High,Rent,0
CUST0001057,Customer_1057,47,Female,Southwest,2019-08-02,65,Electricity,Residential,Apartment,1,1,5,Medium,Rent,0
CUST0001058,Customer_1058,65,Female,West,2014-10-01,123,Water,Small Business,Single Family,1,0,1,Medium-High,Rent,0
CUST0001059,Customer_1059,56,Male,Southwest,2016-04-01,105,Electricity,Commercial,Single Family,0,0,1,Medium-Low,Own,0
CUST0001060,Customer_1060,42,Male,Southwest,2022-11-01,26,Electricity+Water,Residential,Townhouse,0,1,2,Medium-Low,Own,1
CUST0001061,Customer_1061,59,Male,Northeast,2020-07-02,54,Water,Residential,Apartment,1,0,1,Medium,Own,0
CUST0001062,Customer_1062,18,Female,Midwest,2024-03-02,10,Electricity+Gas,Residential,Townhouse,1,0,5,Medium-High,Own,0
CUST0001063,Customer_1063,65,Female,Southeast,2021-03-02,46,Electricity,Residential,Single Family,0,1,1,Medium,Own,1
CUST0001064,Customer_1064,21,Male,Gulf Coast,2023-10-02,15,Electricity+Gas,Small Business,Townhouse,0,1,1,Medium,Own,0
CUST0001065,Customer_1065,42,Male,Northeast,2018-04-02,81,Electricity,Residential,Single Family,0,1,1,Medium-Low,Own,0
CUST0001066,Customer_1066,31,Female,Southeast,2021-04-02,45,Electricity,Residential,Apartment,1,0,4,Medium-High,Own,1
CUST0001067,Customer_1067,28,Female,Gulf Coast,2022-06-02,31,Water,Residential,Single Family,1,1,1,Medium-Low,Own,1
CUST0001068,Customer_1068,65,Male,Gulf Coast,2023-07-03,18,Gas,Commercial,Single Family,1,1,2,Medium,Rent,1
CUST0001069,Customer_1069,40,Male,West,1994-12-31,360,Gas,Commercial,Apartment,0,0,2,Medium,Rent,0
CUST0001070,Customer_1070,53,Male,Northeast,2024-09-01,4,Water,Commercial,Single Family,1,0,4,Medium,Own,0
CUST0001071,Customer_1071,47,Female,Southwest,2024-11-01,2,Electricity,Residential,Condo,1,0,1,Medium-High,Rent,0
CUST0001072,Customer_1072,55,Other,Midwest,2023-11-01,14,Electricity+Gas,Residential,Townhouse,1,1,1,Low,Own,0
CUST0001073,Customer_1073,49,Male,West,2007-05-02,212,Electricity+Gas,Residential,Condo,1,1,2,Medium-High,Lease,0
CUST0001074,Customer_1074,28,Female,Northeast,2005-08-31,232,Gas,Residential,Single Family,1,1,5,Medium-Low,Own,1
CUST0001075,Customer_1075,62,Male,Southeast,2019-10-02,63,Water,Residential,Single Family,0,1,5,Medium-High,Rent,1
CUST0001076,Customer_1076,40,Male,Midwest,2014-06-02,127,Electricity+Water,Small Business,Apartment,0,0,1,Medium-Low,Own,1
CUST0001077,Customer_1077,24,Male,Northeast,2023-11-01,14,Gas,Residential,Single Family,0,1,5,Medium-Low,Lease,0
CUST0001078,Customer_1078,41,Female,West,2007-03-02,214,Gas,Residential,Apartment,0,1,1,Medium-Low,Rent,0
CUST0001079,Customer_1079,70,Female,West,2024-04-02,9,Electricity+Gas,Small Business,Townhouse,0,0,3,Medium-High,Own,1
CUST0001080,Customer_1080,60,Female,West,2024-07-02,6,Electricity+Gas,Residential,Townhouse,1,1,5,Medium-High,Own,0
CUST0001081,Customer_1081,42,Male,Midwest,2024-06-01,7,Electricity+Gas,Residential,Single Family,0,1,3,Medium,Own,1
CUST0001082,Customer_1082,42,Male,Gulf Coast,2020-10-01,51,Electricity,Residential,Townhouse,1,0,4,High,Own,1
CUST0001083,Customer_1083,43,Male,Northeast,2017-06-01,91,Electricity,Commercial,Apartment,0,0,1,Medium,Own,0
CUST0001084,Customer_1084,79,Female,Southeast,2022-10-02,27,Electricity+Water,Residential,Apartment,1,0,7,Medium-Low,Own,0
CUST0001085,Customer_1085,53,Male,Midwest,2005-12-31,228,Electricity,Residential,Single Family,0,1,1,Low,Own,0
CUST0001086,Customer_1086,54,Female,Northeast,2022-03-03,34,Electricity+Gas,Commercial,Apartment,1,0,2,Low,Own,0
CUST0001087,Customer_1087,63,Male,Northeast,2024-04-02,9,Water,Residential,Townhouse,0,1,5,Medium-Low,Rent,1
CUST0001088,Customer_1088,51,Male,Southeast,2021-12-01,37,Electricity,Commercial,Townhouse,1,0,2,Low,Own,0
CUST0001089,Customer_1089,44,Male,Gulf Coast,2019-05-03,68,Electricity+Gas,Residential,Single Family,1,0,1,Medium,Own,0
CUST0001090,Customer_1090,45,Male,Gulf Coast,2016-01-31,107,Electricity,Residential,Townhouse,1,0,3,Medium-High,Own,1
CUST0001091,Customer_1091,46,Male,Midwest,2022-01-01,36,Electricity+Water,Residential,Single Family,0,1,3,Medium,Own,1
CUST0001092,Customer_1092,47,Male,Northeast,2020-07-02,54,Electricity,Residential,Condo,0,0,6,Medium,Own,0
CUST0001093,Customer_1093,58,Female,Northeast,2023-07-03,18,Gas,Residential,Apartment,0,1,2,Medium-Low,Own,0
CUST0001094,Customer_1094,48,Female,Southeast,2019-11-01,62,Electricity+Gas,Residential,Townhouse,0,0,1,Medium-Low,Own,1
CUST0001095,Customer_1095,58,Male,Southeast,2003-09-01,256,Water,Residential,Apartment,1,1,3,Medium-Low,Own,0
CUST0001096,Customer_1096,46,Male,Northeast,2024-10-01,3,Electricity,Residential,Single Family,0,1,3,Medium,Rent,1
CUST0001097,Customer_1097,49,Male,West,2014-03-02,130,Gas,Residential,Apartment,1,0,3,Medium,Lease,1
CUST0001098,Customer_1098,18,Male,Southwest,2020-12-01,49,Electricity,Small Business,Single Family,0,1,3,Medium-Low,Rent,1
CUST0001099,Customer_1099,61,Male,Southeast,2023-08-02,17,Electricity,Residential,Single Family,0,1,2,Medium-Low,Own,1
CUST0001100,Customer_1100,53,Female,West,2009-08-01,185,Water,Residential,Single Family,1,1,5,Medium,Own,0
CUST0001101,Customer_1101,62,Male,West,2021-10-01,39,Electricity,Residential,Townhouse,0,1,1,Medium-High,Rent,0
CUST0001102,Customer_1102,18,Male,Midwest,2023-01-01,24,Electricity+Gas,Residential,Single Family,0,1,3,Medium-Low,Lease,1
CUST0001103,Customer_1103,79,Male,Northeast,2024-01-01,12,Water,Commercial,Condo,1,1,4,Medium-Low,Own,0
CUST0001104,Customer_1104,45,Male,Gulf Coast,2023-09-01,16,Electricity+Water,Small Business,Single Family,0,0,1,Medium-High,Rent,0
CUST0001105,Customer_1105,64,Female,Southwest,2016-01-31,107,Electricity+Gas,Small Business,Mobile Home,0,0,4,Medium,Rent,1
CUST0001106,Customer_1106,32,Male,Southeast,2020-04-01,57,Electricity,Residential,Mobile Home,1,0,1,Medium-High,Lease,1
CUST0001107,Customer_1107,57,Male,Southwest,2012-10-31,146,Gas,Residential,Single Family,1,1,3,Medium-Low,Own,1
CUST0001108,Customer_1108,32,Female,Midwest,2023-10-02,15,Electricity+Water,Residential,Mobile Home,1,0,3,Medium-High,Own,1
CUST0001109,Customer_1109,38,Male,Southwest,2024-06-01,7,Electricity+Water,Residential,Condo,1,0,4,Medium-Low,Own,1
CUST0001110,Customer_1110,76,Female,Midwest,2024-12-01,1,Gas,Small Business,Single Family,1,1,4,Medium,Rent,1
CUST0001111,Customer_1111,45,Female,Midwest,2021-07-02,42,Electricity+Water,Commercial,Mobile Home,0,0,2,Medium-Low,Rent,0
CUST0001112,Customer_1112,51,Male,West,1994-12-31,360,Water,Residential,Single Family,0,0,3,Low,Lease,1
CUST0001113,Customer_1113,61,Female,Southwest,2019-01-31,71,Electricity+Water,Residential,Single Family,1,1,1,Medium,Rent,0
CUST0001114,Customer_1114,55,Male,Northeast,2023-03-03,22,Electricity+Gas,Residential,Apartment,0,1,3,Medium,Own,1
CUST0001115,Customer_1115,50,Female,Northeast,2014-08-01,125,Electricity+Water,Small Business,Single Family,0,0,4,Medium,Own,1
CUST0001116,Customer_1116,53,Male,Southeast,2017-06-01,91,Electricity+Water,Residential,Single Family,1,0,2,Medium,Own,0
CUST0001117,Customer_1117,84,Male,Midwest,2024-12-01,1,Electricity,Residential,Mobile Home,0,0,2,Medium-Low,Lease,1
CUST0001118,Customer_1118,47,Female,Southeast,2016-08-01,101,Electricity+Water,Commercial,Mobile Home,1,1,3,Medium,Own,0
CUST0001119,Customer_1119,51,Female,Southwest,2023-04-02,21,Electricity,Small Business,Townhouse,1,1,1,Low,Rent,1
CUST0001120,Customer_1120,63,Other,Southeast,2024-04-02,9,Gas,Residential,Apartment,1,0,2,Medium-High,Own,0
CUST0001121,Customer_1121,64,Female,West,2023-10-02,15,Water,Residential,Condo,0,1,1,Medium,Rent,0
CUST0001122,Customer_1122,65,Male,West,2021-12-01,37,Electricity+Gas,Small Business,Single Family,1,0,4,Medium,Own,0
CUST0001123,Customer_1123,57,Male,Northeast,2022-04-02,33,Electricity+Water,Residential,Mobile Home,0,0,5,Low,Rent,0
CUST0001124,Customer_1124,30,Male,Southwest,2023-05-03,20,Gas,Small Business,Single Family,1,0,2,Medium-Low,Rent,0
CUST0001125,Customer_1125,72,Male,Gulf Coast,2024-02-01,11,Gas,Residential,Condo,1,0,4,Medium-Low,Own,1
CUST0001126,Customer_1126,30,Male,Southeast,2017-11-01,86,Electricity,Commercial,Townhouse,1,1,5,Medium-Low,Own,0
CUST0001127,Customer_1127,52,Female,Gulf Coast,2001-12-31,276,Gas,Small Business,Mobile Home,0,1,5,High,Lease,0
CUST0001128,Customer_1128,36,Male,Southwest,2017-07-02,90,Electricity+Gas,Commercial,Condo,1,1,1,High,Own,0
CUST0001129,Customer_1129,47,Male,Southwest,2023-04-02,21,Electricity,Residential,Condo,1,1,1,Medium,Own,0
CUST0001130,Customer_1130,52,Male,Northeast,2023-09-01,16,Gas,Residential,Apartment,1,1,5,Medium-Low,Own,0
CUST0001131,Customer_1131,52,Female,West,2023-11-01,14,Electricity,Residential,Condo,0,1,2,High,Rent,1
CUST0001132,Customer_1132,54,Female,Midwest,2024-05-02,8,Water,Commercial,Townhouse,0,1,1,Medium-High,Rent,1
CUST0001133,Customer_1133,72,Female,West,2020-12-31,48,Electricity,Residential,Single Family,1,0,1,Low,Own,1
CUST0001134,Customer_1134,54,Male,West,2020-06-01,55,Electricity+Gas,Residential,Apartment,1,1,2,Medium,Own,0
CUST0001135,Customer_1135,44,Female,Midwest,2018-12-01,73,Gas,Residential,Single Family,0,1,1,Medium,Lease,1
CUST0001136,Customer_1136,62,Male,Southeast,2019-05-03,68,Electricity,Small Business,Condo,1,1,1,Low,Own,1
CUST0001137,Customer_1137,65,Female,Northeast,2023-05-03,20,Electricity+Water,Commercial,Single Family,1,1,7,Low,Own,1
CUST0001138,Customer_1138,29,Female,Northeast,2023-01-01,24,Gas,Small Business,Mobile Home,1,0,3,Medium,Own,0
CUST0001139,Customer_1139,56,Male,Gulf Coast,2019-05-03,68,Electricity+Gas,Residential,Apartment,0,1,1,Low,Own,0
CUST0001140,Customer_1140,58,Female,Northeast,2022-12-01,25,Electricity+Gas,Commercial,Single Family,1,1,1,Low,Own,1
CUST0001141,Customer_1141,43,Female,Southeast,2023-11-01,14,Electricity+Gas,Residential,Mobile Home,1,1,2,Medium-Low,Rent,0
CUST0001142,Customer_1142,68,Male,Southeast,2022-09-01,28,Electricity+Gas,Commercial,Single Family,1,0,2,High,Rent,0
CUST0001143,Customer_1143,45,Female,Gulf Coast,2023-06-02,19,Water,Residential,Apartment,1,1,1,Medium-High,Own,0
CUST0001144,Customer_1144,49,Male,Midwest,2024-08-01,5,Electricity+Gas,Residential,Townhouse,0,0,1,Medium,Own,0
CUST0001145,Customer_1145,45,Male,Gulf Coast,2016-03-02,106,Gas,Residential,Single Family,1,1,4,Medium,Own,0
CUST0001146,Customer_1146,48,Male,West,2015-06-02,115,Electricity,Residential,Apartment,0,1,2,Medium,Own,0
CUST0001147,Customer_1147,31,Male,Gulf Coast,2023-11-01,14,Electricity+Water,Residential,Townhouse,0,1,4,Medium,Rent,0
CUST0001148,Customer_1148,26,Female,Northeast,2024-09-01,4,Electricity+Water,Residential,Mobile Home,0,1,4,Low,Own,0
CUST0001149,Customer_1149,71,Male,Southeast,2018-05-02,80,Gas,Residential,Single Family,0,1,1,Medium-High,Own,0
CUST0001150,Customer_1150,35,Female,Northeast,2023-11-01,14,Electricity,Residential,Single Family,1,1,4,Low,Own,1
CUST0001151,Customer_1151,33,Male,Midwest,2022-08-02,29,Electricity,Residential,Apartment,1,1,2,Medium,Own,1
CUST0001152,Customer_1152,18,Other,West,2024-10-01,3,Electricity+Gas,Commercial,Apartment,0,1,1,Medium-High,Own,1
CUST0001153,Customer_1153,38,Female,Northeast,2023-10-02,15,Electricity,Commercial,Apartment,1,0,4,Low,Own,0
CUST0001154,Customer_1154,28,Female,Northeast,2017-03-02,94,Water,Commercial,Single Family,0,1,1,Medium-High,Rent,1
CUST0001155,Customer_1155,72,Male,Southwest,2016-12-01,97,Electricity+Water,Small Business,Apartment,0,0,3,Low,Own,0
CUST0001156,Customer_1156,63,Male,Southeast,2023-12-02,13,Electricity+Water,Small Business,Condo,1,1,2,High,Rent,1
CUST0001157,Customer_1157,37,Male,Midwest,2023-01-01,24,Electricity,Small Business,Single Family,0,1,5,Medium,Own,0
CUST0001158,Customer_1158,81,Female,Northeast,2024-05-02,8,Electricity+Water,Small Business,Single Family,1,0,2,High,Rent,1
CUST0001159,Customer_1159,62,Female,West,2024-09-01,4,Electricity+Gas,Residential,Townhouse,0,1,5,Medium,Own,0
CUST0001160,Customer_1160,43,Male,Midwest,2000-09-30,291,Electricity,Residential,Single Family,1,0,2,Medium-Low,Own,0
CUST0001161,Customer_1161,18,Male,Southwest,2019-10-02,63,Gas,Residential,Townhouse,0,0,1,High,Own,0
CUST0001162,Customer_1162,82,Female,Southeast,2021-03-02,46,Electricity+Gas,Small Business,Single Family,0,1,1,Medium,Own,1
CUST0001163,Customer_1163,27,Male,Southeast,2017-10-01,87,Electricity+Water,Small Business,Single Family,0,0,2,Medium,Own,0
CUST0001164,Customer_1164,23,Female,West,2015-12-02,109,Electricity,Residential,Apartment,1,0,1,Medium,Own,1
CUST0001165,Customer_1165,63,Female,West,2016-10-31,98,Electricity,Residential,Single Family,0,1,3,Medium-Low,Own,0
CUST0001166,Customer_1166,84,Female,Southwest,2024-12-01,1,Gas,Residential,Condo,0,0,4,Medium,Rent,1
CUST0001167,Customer_1167,68,Male,Southwest,2024-01-01,12,Electricity+Water,Small Business,Mobile Home,0,1,3,Medium-Low,Own,0
CUST0001168,Customer_1168,56,Male,Northeast,2019-10-02,63,Electricity+Water,Residential,Apartment,0,0,1,Medium-High,Own,0
CUST0001169,Customer_1169,56,Female,Gulf Coast,2022-09-01,28,Electricity,Residential,Apartment,0,1,1,Low,Own,1
CUST0001170,Customer_1170,60,Female,West,2004-10-31,242,Electricity,Residential,Single Family,0,1,1,Medium,Rent,1
CUST0001171,Customer_1171,59,Male,Southwest,2019-08-02,65,Electricity+Water,Residential,Townhouse,1,1,5,Medium-High,Lease,1
CUST0001172,Customer_1172,52,Male,Gulf Coast,2009-05-02,188,Electricity+Gas,Commercial,Apartment,0,0,2,Low,Own,1
CUST0001173,Customer_1173,49,Female,Northeast,2023-12-02,13,Electricity+Water,Commercial,Single Family,1,0,1,Medium-Low,Own,0
CUST0001174,Customer_1174,47,Female,West,2015-01-31,119,Electricity+Water,Residential,Single Family,1,1,6,Low,Own,1
CUST0001175,Customer_1175,36,Female,Gulf Coast,2023-01-31,23,Electricity,Residential,Single Family,0,1,2,Medium,Rent,0
CUST0001176,Customer_1176,43,Other,Southeast,2002-04-01,273,Water,Residential,Single Family,1,1,3,Medium-Low,Own,0
CUST0001177,Customer_1177,22,Male,Northeast,2024-03-02,10,Electricity,Residential,Townhouse,0,1,4,High,Rent,1
CUST0001178,Customer_1178,46,Male,West,2021-06-02,43,Water,Residential,Mobile Home,1,0,2,Medium,Lease,0
CUST0001179,Customer_1179,33,Female,Northeast,2017-03-02,94,Electricity+Gas,Residential,Townhouse,1,1,1,Medium,Rent,0
CUST0001180,Customer_1180,31,Female,Gulf Coast,2022-03-03,34,Electricity+Water,Small Business,Apartment,0,0,7,High,Rent,1
CUST0001181,Customer_1181,50,Male,Northeast,2021-12-01,37,Electricity+Water,Residential,Apartment,0,1,1,Medium-Low,Rent,1
CUST0001182,Customer_1182,68,Male,Southwest,2003-08-01,257,Electricity,Commercial,Single Family,0,0,2,Medium,Own,1
CUST0001183,Customer_1183,61,Female,Southeast,2022-04-02,33,Electricity,Residential,Apartment,1,0,4,Medium,Own,0
CUST0001184,Customer_1184,24,Male,Southeast,2020-06-01,55,Gas,Residential,Single Family,0,1,1,Low,Rent,0
CUST0001185,Customer_1185,33,Male,Gulf Coast,2024-10-01,3,Electricity+Water,Small Business,Single Family,1,1,5,High,Own,1
CUST0001186,Customer_1186,62,Female,West,2015-11-01,110,Water,Small Business,Apartment,1,1,2,Medium-High,Rent,1
CUST0001187,Customer_1187,33,Female,Southeast,2019-11-01,62,Electricity+Water,Residential,Single Family,0,1,8,Medium-High,Own,1
CUST0001188,Customer_1188,44,Female,Southeast,2022-06-02,31,Electricity+Gas,Commercial,Single Family,1,1,4,High,Own,0
CUST0001189,Customer_1189,56,Male,West,2024-12-01,1,Electricity,Residential,Single Family,0,1,2,Medium,Rent,1
CUST0001190,Customer_1190,33,Female,West,2020-08-01,53,Electricity,Residential,Single Family,1,1,1,Medium-High,Own,0
CUST0001191,Customer_1191,49,Female,West,2024-12-01,1,Electricity,Commercial,Apartment,0,1,1,Medium,Rent,0
CUST0001192,Customer_1192,27,Female,Southwest,2024-12-01,1,Electricity+Gas,Residential,Single Family,0,0,1,High,Lease,0
CUST0001193,Customer_1193,38,Female,Southeast,2020-04-01,57,Electricity+Water,Residential,Single Family,1,1,4,Medium-Low,Rent,0
CUST0001194,Customer_1194,52,Male,Gulf Coast,2024-01-01,12,Electricity,Small Business,Single Family,1,1,2,Low,Own,1
CUST0001195,Customer_1195,24,Male,West,2024-01-01,12,Electricity+Water,Residential,Single Family,1,1,2,Medium-Low,Rent,1
CUST0001196,Customer_1196,54,Male,Midwest,2019-10-02,63,Gas,Residential,Mobile Home,1,1,3,Low,Own,1
CUST0001197,Customer_1197,47,Male,Midwest,2024-10-01,3,Electricity,Residential,Single Family,1,1,5,Medium,Own,1
CUST0001198,Customer_1198,56,Female,Southwest,2023-03-03,22,Electricity+Gas,Residential,Single Family,1,1,1,Low,Own,1
CUST0001199,Customer_1199,51,Female,West,2024-04-02,9,Gas,Residential,Townhouse,1,1,2,Medium-Low,Own,1
CUST0001200,Customer_1200,68,Female,West,2020-09-01,52,Electricity+Water,Commercial,Single Family,0,0,2,Low,Own,1
CUST0001201,Customer_1201,49,Female,Gulf Coast,2019-08-02,65,Gas,Residential,Apartment,0,1,1,Medium,Own,1
CUST0001202,Customer_1202,41,Male,Midwest,2018-09-01,76,Electricity,Residential,Single Family,0,1,1,Medium-Low,Lease,1
CUST0001203,Customer_1203,49,Male,Southwest,2023-08-02,17,Water,Residential,Mobile Home,1,1,2,Medium,Rent,0
CUST0001204,Customer_1204,56,Male,Gulf Coast,2024-08-01,5,Electricity+Water,Small Business,Mobile Home,1,1,2,Low,Rent,1
CUST0001205,Customer_1205,48,Male,Southeast,2024-09-01,4,Electricity+Gas,Small Business,Townhouse,1,1,3,Medium,Own,1
CUST0001206,Customer_1206,48,Male,Midwest,2022-04-02,33,Electricity,Residential,Townhouse,1,0,5,Low,Own,0
CUST0001207,Customer_1207,37,Female,Southwest,2010-07-02,174,Electricity,Commercial,Apartment,0,0,5,Low,Own,1
CUST0001208,Customer_1208,38,Other,Gulf Coast,2023-11-01,14,Electricity,Residential,Mobile Home,1,1,6,Medium-Low,Rent,1
CUST0001209,Customer_1209,26,Male,Northeast,2023-08-02,17,Electricity,Residential,Apartment,1,1,3,Medium-High,Lease,1
CUST0001210,Customer_1210,74,Male,Southeast,2024-07-02,6,Electricity+Water,Small Business,Single Family,0,1,1,Medium-High,Rent,0
CUST0001211,Customer_1211,29,Female,Southeast,2020-06-01,55,Electricity,Residential,Single Family,1,1,1,High,Rent,1
CUST0001212,Customer_1212,37,Male,Southeast,2019-05-03,68,Gas,Commercial,Single Family,1,1,4,Medium,Own,0
CUST0001213,Customer_1213,37,Female,Southeast,2019-12-02,61,Electricity+Gas,Residential,Apartment,1,1,2,Medium-Low,Own,0
CUST0001214,Customer_1214,61,Female,Southwest,2015-03-03,118,Electricity+Water,Commercial,Single Family,1,1,4,High,Own,0
CUST0001215,Customer_1215,43,Female,Gulf Coast,2021-10-01,39,Electricity,Residential,Townhouse,1,1,4,Medium-Low,Own,0
CUST0001216,Customer_1216,66,Male,Southwest,2024-05-02,8,Gas,Commercial,Single Family,1,1,2,Low,Rent,1
CUST0001217,Customer_1217,37,Female,Southeast,2023-05-03,20,Electricity,Small Business,Condo,0,1,1,Medium-High,Lease,1
CUST0001218,Customer_1218,52,Male,Gulf Coast,2019-08-02,65,Electricity,Residential,Apartment,1,1,6,Medium-Low,Own,0
CUST0001219,Customer_1219,35,Female,Southwest,2020-05-02,56,Electricity,Residential,Apartment,1,1,1,Medium-High,Rent,1
CUST0001220,Customer_1220,80,Male,Southeast,2021-04-02,45,Electricity+Gas,Commercial,Apartment,0,1,3,Low,Own,0
CUST0001221,Customer_1221,30,Male,Southeast,2019-05-03,68,Electricity,Residential,Condo,1,0,2,Low,Rent,0
CUST0001222,Customer_1222,52,Female,West,2020-01-01,60,Gas,Residential,Single Family,1,0,5,Medium,Own,1
CUST0001223,Customer_1223,57,Female,West,2014-06-02,127,Electricity,Small Business,Single Family,1,0,3,Low,Own,1
CUST0001224,Customer_1224,54,Female,Southwest,2020-09-01,52,Electricity+Water,Residential,Townhouse,0,1,3,Medium-High,Rent,0
CUST0001225,Customer_1225,45,Female,Northeast,2017-07-02,90,Electricity+Gas,Residential,Townhouse,0,1,1,Medium-High,Own,0
CUST0001226,Customer_1226,46,Female,West,2023-08-02,17,Electricity+Water,Small Business,Apartment,1,0,1,Medium-Low,Own,0
CUST0001227,Customer_1227,48,Male,Southeast,2019-05-03,68,Electricity,Residential,Single Family,1,0,7,Medium,Rent,1
CUST0001228,Customer_1228,45,Female,West,2013-06-01,139,Water,Small Business,Single Family,1,1,3,Medium-High,Own,0
CUST0001229,Customer_1229,62,Female,Southwest,2022-08-02,29,Gas,Residential,Single Family,1,0,3,Medium-High,Rent,1
CUST0001230,Customer_1230,81,Female,Southeast,2017-07-02,90,Electricity,Residential,Condo,0,1,1,Medium-Low,Rent,0
CUST0001231,Customer_1231,39,Female,Southeast,2018-08-02,77,Water,Residential,Single Family,0,1,5,Medium-High,Own,1
CUST0001232,Customer_1232,27,Male,Northeast,2024-10-01,3,Water,Small Business,Apartment,0,1,3,High,Own,1
CUST0001233,Customer_1233,46,Female,Southeast,2020-09-01,52,Electricity+Water,Small Business,Townhouse,0,1,1,Medium-Low,Own,0
CUST0001234,Customer_1234,86,Male,Northeast,2024-05-02,8,Water,Residential,Single Family,1,0,2,High,Own,1
CUST0001235,Customer_1235,35,Male,Southwest,2007-12-01,205,Electricity,Residential,Single Family,1,1,5,Medium-High,Own,0
CUST0001236,Customer_1236,72,Female,Southwest,2016-08-31,100,Electricity,Residential,Single Family,0,1,1,Medium-High,Own,0
CUST0001237,Customer_1237,73,Male,Southwest,2024-07-02,6,Gas,Small Business,Townhouse,0,0,1,Medium,Rent,0
CUST0001238,Customer_1238,39,Female,Southwest,2024-06-01,7,Electricity,Residential,Single Family,0,1,3,Medium,Own,1
CUST0001239,Customer_1239,56,Male,West,2020-07-02,54,Water,Residential,Single Family,1,1,2,Medium-Low,Own,0
CUST0001240,Customer_1240,72,Male,Gulf Coast,2022-12-01,25,Electricity+Gas,Small Business,Single Family,1,1,4,Medium-High,Rent,0
CUST0001241,Customer_1241,42,Female,Southeast,2024-11-01,2,Electricity+Water,Commercial,Single Family,0,0,4,Medium,Rent,1
CUST0001242,Customer_1242,44,Female,Southwest,2021-03-02,46,Electricity+Gas,Residential,Single Family,0,1,3,Medium,Lease,0
CUST0001243,Customer_1243,39,Female,Northeast,2022-08-02,29,Electricity+Gas,Small Business,Single Family,1,0,3,Medium,Rent,0
CUST0001244,Customer_1244,32,Female,Northeast,2024-07-02,6,Electricity,Commercial,Single Family,1,1,1,Medium,Own,0
CUST0001245,Customer_1245,38,Female,Southwest,2016-12-01,97,Electricity,Commercial,Townhouse,0,1,6,Medium-High,Lease,1
CUST0001246,Customer_1246,29,Male,Midwest,2012-10-01,147,Water,Residential,Single Family,0,0,2,Medium-High,Own,0
CUST0001247,Customer_1247,48,Male,West,2018-01-01,84,Electricity+Water,Residential,Townhouse,0,1,1,Medium-High,Rent,0
CUST0001248,Customer_1248,36,Male,Midwest,2016-06-01,103,Gas,Commercial,Apartment,0,1,4,Medium-Low,Own,1
CUST0001249,Customer_1249,51,Female,Northeast,2023-11-01,14,Water,Residential,Condo,1,1,3,High,Own,0
CUST0001250,Customer_1250,24,Female,Gulf Coast,2023-07-03,18,Electricity+Gas,Residential,Single Family,0,1,2,Medium,Rent,1
CUST0001251,Customer_1251,52,Male,Northeast,2023-11-01,14,Electricity+Water,Residential,Single Family,1,1,1,Medium-Low,Own,0
CUST0001252,Customer_1252,60,Female,Southeast,2017-11-01,86,Electricity,Residential,Condo,1,0,5,Low,Own,0
CUST0001253,Customer_1253,18,Female,Southeast,2010-04-02,177,Electricity+Gas,Residential,Condo,1,1,1,High,Rent,0
CUST0001254,Customer_1254,53,Male,Gulf Coast,2018-10-01,75,Gas,Commercial,Single Family,1,0,4,Medium,Own,1
CUST0001255,Customer_1255,66,Male,Midwest,2014-06-02,127,Electricity+Gas,Residential,Single Family,0,1,3,Medium-Low,Own,1
CUST0001256,Customer_1256,29,Female,Midwest,2019-12-02,61,Electricity,Residential,Condo,0,0,1,Medium,Own,0
CUST0001257,Customer_1257,73,Female,West,2022-08-02,29,Gas,Residential,Single Family,1,1,3,Medium-Low,Rent,0
CUST0001258,Customer_1258,54,Female,Southwest,2022-04-02,33,Electricity+Gas,Residential,Condo,0,1,4,High,Own,0
CUST0001259,Customer_1259,37,Male,West,2024-09-01,4,Electricity,Residential,Mobile Home,0,1,2,Medium,Rent,1
CUST0001260,Customer_1260,47,Other,Midwest,2024-12-01,1,Electricity+Gas,Commercial,Single Family,0,0,3,Medium,Own,0
CUST0001261,Customer_1261,56,Male,Gulf Coast,2019-01-31,71,Electricity+Gas,Residential,Condo,0,0,6,Medium-High,Own,1
CUST0001262,Customer_1262,49,Male,West,2022-03-03,34,Electricity+Water,Residential,Apartment,1,1,1,Medium-Low,Own,0
CUST0001263,Customer_1263,56,Other,Midwest,2020-12-31,48,Gas,Small Business,Townhouse,1,0,2,Medium-Low,Rent,1
CUST0001264,Customer_1264,34,Male,Southeast,2020-12-31,48,Electricity,Residential,Apartment,1,1,5,Medium-High,Own,0
CUST0001265,Customer_1265,50,Female,Gulf Coast,2023-06-02,19,Gas,Small Business,Single Family,1,0,3,High,Own,0
CUST0001266,Customer_1266,26,Male,West,2021-11-01,38,Electricity,Residential,Townhouse,0,1,3,Low,Own,1
CUST0001267,Customer_1267,46,Female,Southwest,2021-11-01,38,Electricity+Gas,Small Business,Single Family,0,1,1,Medium-High,Rent,1
CUST0001268,Customer_1268,34,Female,West,2022-08-02,29,Electricity,Residential,Mobile Home,0,0,3,Medium,Rent,0
CUST0001269,Customer_1269,36,Male,Southwest,2016-06-01,103,Gas,Small Business,Apartment,0,1,1,Medium-Low,Own,1
CUST0001270,Customer_1270,66,Female,Northeast,2022-01-31,35,Electricity,Small Business,Single Family,1,1,1,Low,Own,1
CUST0001271,Customer_1271,64,Male,Southeast,2020-06-01,55,Electricity,Residential,Single Family,1,1,1,Medium-Low,Rent,0
CUST0001272,Customer_1272,57,Female,Southwest,2013-10-01,135,Electricity+Water,Residential,Condo,1,1,6,Medium-Low,Rent,0
CUST0001273,Customer_1273,31,Male,Northeast,2015-01-01,120,Electricity+Water,Residential,Single Family,1,1,2,Low,Own,0
CUST0001274,Customer_1274,43,Male,Midwest,2013-12-31,132,Electricity+Gas,Commercial,Condo,1,1,5,Medium-Low,Rent,1
CUST0001275,Customer_1275,66,Male,West,2023-07-03,18,Electricity,Residential,Single Family,1,0,4,Medium-High,Rent,0
CUST0001276,Customer_1276,50,Male,Northeast,2024-11-01,2,Electricity+Water,Residential,Apartment,1,1,3,Medium,Own,0
CUST0001277,Customer_1277,82,Female,Northeast,2023-07-03,18,Electricity+Water,Residential,Condo,1,0,4,Medium-High,Own,1
CUST0001278,Customer_1278,53,Male,West,2023-06-02,19,Electricity+Water,Commercial,Single Family,1,0,4,Medium-Low,Own,0
CUST0001279,Customer_1279,50,Male,Southwest,2012-12-31,144,Electricity+Gas,Residential,Single Family,0,1,2,Low,Lease,0
CUST0001280,Customer_1280,43,Male,Northeast,2019-11-01,62,Electricity,Residential,Condo,0,1,2,Medium,Rent,1
CUST0001281,Customer_1281,50,Male,West,2024-08-01,5,Electricity,Small Business,Apartment,1,1,3,Medium-Low,Own,0
CUST0001282,Customer_1282,45,Female,Southwest,2024-05-02,8,Electricity+Water,Commercial,Townhouse,0,1,1,Medium-High,Own,1
CUST0001283,Customer_1283,58,Other,Southeast,2024-03-02,10,Electricity+Water,Residential,Condo,1,0,5,Medium,Rent,1
CUST0001284,Customer_1284,62,Male,Southeast,2020-02-01,59,Gas,Residential,Apartment,1,1,1,High,Own,0
CUST0001285,Customer_1285,36,Female,Northeast,2018-06-02,79,Electricity,Residential,Condo,1,1,1,Low,Own,1
CUST0001286,Customer_1286,28,Female,West,2015-04-02,117,Electricity+Gas,Residential,Apartment,0,0,3,Medium-Low,Own,0
CUST0001287,Customer_1287,20,Male,Midwest,2010-12-01,169,Water,Residential,Townhouse,0,1,3,Medium,Own,0
CUST0001288,Customer_1288,55,Female,Southwest,2023-12-02,13,Electricity+Gas,Residential,Single Family,1,0,3,Low,Own,1
CUST0001289,Customer_1289,31,Female,Gulf Coast,2023-03-03,22,Electricity+Gas,Small Business,Mobile Home,1,1,1,Medium,Rent,1
CUST0001290,Customer_1290,18,Female,Northeast,2023-09-01,16,Electricity,Commercial,Townhouse,0,1,2,Low,Rent,0
CUST0001291,Customer_1291,53,Female,Northeast,2022-11-01,26,Electricity,Small Business,Single Family,1,1,1,Medium-High,Rent,0
CUST0001292,Customer_1292,85,Male,Northeast,2012-10-01,147,Electricity+Gas,Residential,Apartment,1,0,1,Low,Rent,0
CUST0001293,Customer_1293,47,Female,Northeast,2020-10-01,51,Water,Small Business,Single Family,1,0,2,Medium-High,Own,1
CUST0001294,Customer_1294,60,Female,Southwest,2018-05-02,80,Electricity,Residential,Townhouse,1,0,4,Low,Own,0
CUST0001295,Customer_1295,49,Female,Southwest,2021-09-01,40,Electricity,Residential,Mobile Home,0,1,4,Medium,Own,0
CUST0001296,Customer_1296,46,Female,Southeast,2024-12-01,1,Electricity+Gas,Residential,Single Family,1,0,3,Medium-Low,Own,0
CUST0001297,Customer_1297,61,Male,Northeast,2024-10-01,3,Gas,Residential,Mobile Home,1,0,1,Low,Rent,1
CUST0001298,Customer_1298,43,Other,Northeast,2021-03-02,46,Electricity+Gas,Residential,Single Family,1,1,1,Medium-High,Own,0
CUST0001299,Customer_1299,52,Female,Gulf Coast,2018-09-01,76,Electricity+Gas,Residential,Apartment,1,0,2,Medium-High,Own,0
CUST0001300,Customer_1300,52,Male,West,2023-11-01,14,Water,Residential,Apartment,1,1,6,Medium-High,Own,0
CUST0001301,Customer_1301,37,Male,Southwest,2018-09-01,76,Water,Residential,Single Family,1,1,3,Medium,Own,0
CUST0001302,Customer_1302,62,Female,Southeast,2016-10-01,99,Electricity,Residential,Apartment,0,0,2,High,Own,0
CUST0001303,Customer_1303,45,Male,Midwest,2022-06-02,31,Electricity+Gas,Commercial,Condo,1,1,4,Medium-Low,Own,1
CUST0001304,Customer_1304,36,Male,Northeast,2018-03-02,82,Electricity,Commercial,Single Family,0,0,3,Medium-Low,Own,0
CUST0001305,Customer_1305,56,Male,Gulf Coast,2022-06-02,31,Water,Commercial,Single Family,0,1,2,High,Own,0
CUST0001306,Customer_1306,34,Male,West,2019-05-03,68,Water,Commercial,Apartment,0,0,3,High,Own,0
CUST0001307,Customer_1307,48,Male,Southwest,2017-11-01,86,Electricity,Commercial,Townhouse,0,0,1,Medium,Rent,1
CUST0001308,Customer_1308,47,Male,Southwest,2000-11-30,289,Electricity,Small Business,Mobile Home,1,1,1,Medium-Low,Own,1
CUST0001309,Customer_1309,64,Male,Midwest,2022-12-01,25,Electricity,Commercial,Single Family,0,0,1,Medium-Low,Rent,0
CUST0001310,Customer_1310,55,Female,Southeast,2022-06-02,31,Electricity+Gas,Residential,Condo,1,1,1,Medium,Own,0
CUST0001311,Customer_1311,47,Female,Southeast,2024-03-02,10,Electricity,Small Business,Apartment,0,1,2,Medium-High,Own,1
CUST0001312,Customer_1312,60,Male,Midwest,2023-12-02,13,Electricity+Gas,Residential,Single Family,1,0,5,Low,Rent,1
CUST0001313,Customer_1313,68,Male,Northeast,2019-03-03,70,Electricity+Gas,Small Business,Mobile Home,1,1,1,Medium,Lease,1
CUST0001314,Customer_1314,56,Female,Northeast,2012-08-01,149,Electricity+Gas,Commercial,Single Family,0,0,5,Low,Own,0
CUST0001315,Customer_1315,48,Male,Southwest,2022-07-02,30,Electricity+Water,Residential,Townhouse,1,0,3,Medium-High,Rent,1
CUST0001316,Customer_1316,28,Male,Gulf Coast,2024-02-01,11,Gas,Residential,Townhouse,1,1,1,Medium,Rent,0
CUST0001317,Customer_1317,32,Male,Gulf Coast,2023-05-03,20,Electricity+Water,Residential,Apartment,0,1,3,High,Rent,1
CUST0001318,Customer_1318,43,Female,Northeast,2022-01-01,36,Electricity,Small Business,Townhouse,0,1,2,Medium-High,Own,1
CUST0001319,Customer_1319,38,Female,Northeast,2023-05-03,20,Electricity,Small Business,Apartment,0,0,2,Medium,Rent,0
CUST0001320,Customer_1320,45,Female,Southwest,2023-10-02,15,Gas,Residential,Single Family,1,1,2,Low,Own,0
CUST0001321,Customer_1321,48,Female,West,2018-06-02,79,Electricity+Gas,Residential,Townhouse,1,0,1,Medium,Own,1
CUST0001322,Customer_1322,55,Female,Gulf Coast,2024-12-01,1,Electricity,Commercial,Mobile Home,1,0,1,Low,Rent,1
CUST0001323,Customer_1323,46,Male,Gulf Coast,2021-03-02,46,Electricity+Gas,Small Business,Apartment,0,1,1,High,Rent,1
CUST0001324,Customer_1324,55,Female,West,2017-03-02,94,Electricity,Residential,Mobile Home,0,1,1,Medium-Low,Rent,1
CUST0001325,Customer_1325,48,Male,Southeast,2023-07-03,18,Electricity+Water,Small Business,Apartment,0,0,3,Medium-High,Own,0
CUST0001326,Customer_1326,18,Female,Northeast,2020-06-01,55,Electricity+Gas,Residential,Apartment,0,1,3,Medium-Low,Own,1
CUST0001327,Customer_1327,33,Female,Northeast,2019-07-02,66,Electricity+Gas,Residential,Townhouse,0,1,3,Medium-Low,Own,0
CUST0001328,Customer_1328,45,Female,Southwest,2019-10-02,63,Electricity+Water,Commercial,Single Family,0,1,2,Medium-Low,Own,1
CUST0001329,Customer_1329,29,Male,Northeast,2022-01-31,35,Water,Commercial,Condo,1,1,3,Medium-High,Own,1
CUST0001330,Customer_1330,56,Male,West,2022-12-01,25,Gas,Residential,Condo,1,1,3,Medium,Own,1
CUST0001331,Customer_1331,70,Female,West,2016-01-01,108,Gas,Residential,Condo,0,1,1,Low,Own,0
CUST0001332,Customer_1332,66,Female,Northeast,2017-12-01,85,Electricity+Gas,Residential,Apartment,1,0,1,Low,Rent,0
CUST0001333,Customer_1333,44,Female,Gulf Coast,2023-01-31,23,Electricity,Commercial,Condo,1,0,5,Medium-Low,Own,0
CUST0001334,Customer_1334,70,Male,Midwest,2024-07-02,6,Electricity,Commercial,Townhouse,1,1,4,Medium-Low,Own,0
CUST0001335,Customer_1335,50,Female,Gulf Coast,2024-09-01,4,Electricity,Residential,Apartment,0,1,4,Medium-High,Rent,1
CUST0001336,Customer_1336,42,Female,Gulf Coast,2024-08-01,5,Water,Residential,Mobile Home,1,1,1,Medium,Own,0
CUST0001337,Customer_1337,38,Female,Southeast,2020-09-01,52,Electricity,Residential,Apartment,1,1,1,Medium-Low,Own,1
CUST0001338,Customer_1338,43,Female,Southeast,2024-10-01,3,Electricity,Commercial,Apartment,1,1,2,Low,Own,1
CUST0001339,Customer_1339,42,Female,Northeast,2023-01-01,24,Electricity,Residential,Single Family,1,1,2,Low,Rent,0
CUST0001340,Customer_1340,50,Female,West,2018-01-31,83,Electricity+Gas,Residential,Mobile Home,0,1,4,Medium-High,Own,0
CUST0001341,Customer_1341,50,Female,Midwest,2023-05-03,20,Electricity+Gas,Small Business,Single Family,0,0,3,Medium-High,Own,0
CUST0001342,Customer_1342,48,Other,Gulf Coast,2017-11-01,86,Electricity+Gas,Residential,Single Family,1,1,3,Medium-High,Lease,0
CUST0001343,Customer_1343,54,Male,Southeast,2018-03-02,82,Electricity,Residential,Single Family,0,1,1,Medium-High,Rent,1
CUST0001344,Customer_1344,65,Male,West,2023-09-01,16,Electricity+Water,Residential,Apartment,0,0,2,Medium-Low,Rent,1
CUST0001345,Customer_1345,62,Female,Gulf Coast,2018-07-02,78,Gas,Small Business,Single Family,0,0,1,High,Own,1
CUST0001346,Customer_1346,25,Female,Southwest,2018-03-02,82,Electricity+Gas,Small Business,Townhouse,1,1,3,Low,Own,1
CUST0001347,Customer_1347,18,Female,Northeast,2022-07-02,30,Electricity+Water,Residential,Single Family,1,0,3,Medium-High,Lease,1
CUST0001348,Customer_1348,62,Female,Southwest,2023-11-01,14,Electricity+Water,Residential,Townhouse,1,0,3,Low,Rent,1
CUST0001349,Customer_1349,27,Male,Northeast,2021-05-02,44,Electricity+Gas,Residential,Single Family,1,1,1,Medium-Low,Own,0
CUST0001350,Customer_1350,44,Female,Northeast,2012-05-02,152,Electricity+Water,Residential,Single Family,1,1,3,Medium,Lease,0
CUST0001351,Customer_1351,30,Female,Southeast,2019-12-02,61,Electricity+Gas,Residential,Condo,1,1,1,Low,Own,1
CUST0001352,Customer_1352,20,Male,Southeast,2024-02-01,11,Electricity,Residential,Single Family,0,1,2,Medium-Low,Own,0
CUST0001353,Customer_1353,56,Male,West,2019-05-03,68,Electricity,Commercial,Single Family,0,1,5,Medium-Low,Rent,0
CUST0001354,Customer_1354,59,Female,Southeast,2022-04-02,33,Electricity+Gas,Small Business,Mobile Home,1,1,7,Medium,Own,1
CUST0001355,Customer_1355,39,Male,West,2020-08-01,53,Electricity+Gas,Small Business,Single Family,1,1,3,Medium-High,Own,0
CUST0001356,Customer_1356,18,Female,Northeast,2018-06-02,79,Gas,Small Business,Single Family,0,1,1,Low,Rent,1
CUST0001357,Customer_1357,39,Male,Northeast,2021-06-02,43,Electricity+Water,Commercial,Single Family,0,0,1,Low,Own,0
CUST0001358,Customer_1358,53,Female,Northeast,2016-08-31,100,Gas,Small Business,Single Family,1,0,4,Medium-High,Own,0
CUST0001359,Customer_1359,25,Female,Southeast,2018-09-01,76,Electricity,Residential,Single Family,0,1,1,Medium,Rent,1
CUST0001360,Customer_1360,50,Female,Southeast,2020-04-01,57,Electricity,Residential,Condo,0,0,3,Medium,Lease,1
CUST0001361,Customer_1361,47,Male,Southwest,2024-04-02,9,Electricity+Water,Residential,Single Family,1,1,1,High,Own,0
CUST0001362,Customer_1362,56,Female,Gulf Coast,2016-01-01,108,Water,Residential,Single Family,0,0,4,Medium,Own,0
CUST0001363,Customer_1363,49,Male,Southeast,2011-05-02,164,Electricity+Gas,Commercial,Condo,1,0,1,Medium-Low,Lease,0
CUST0001364,Customer_1364,33,Male,Northeast,2024-05-02,8,Water,Residential,Apartment,1,1,1,Medium,Own,1
CUST0001365,Customer_1365,65,Other,Southeast,2021-09-01,40,Water,Residential,Single Family,1,1,1,Medium-High,Own,1
CUST0001366,Customer_1366,45,Female,Gulf Coast,2023-08-02,17,Electricity+Water,Residential,Apartment,1,1,1,Medium,Own,1
CUST0001367,Customer_1367,47,Female,West,2018-01-01,84,Gas,Residential,Single Family,1,1,2,Medium,Own,0
CUST0001368,Customer_1368,34,Male,West,2018-09-01,76,Electricity+Gas,Commercial,Apartment,0,1,2,Medium,Own,1
CUST0001369,Customer_1369,41,Male,Northeast,2024-04-02,9,Electricity,Residential,Apartment,1,0,4,Medium,Own,1
CUST0001370,Customer_1370,34,Male,Northeast,2014-08-01,125,Electricity+Water,Small Business,Mobile Home,0,1,4,Low,Own,0
CUST0001371,Customer_1371,45,Female,Northeast,2024-02-01,11,Electricity+Water,Small Business,Single Family,0,1,3,Medium-Low,Rent,0
CUST0001372,Customer_1372,73,Female,Gulf Coast,2017-01-31,95,Water,Commercial,Townhouse,0,0,2,Medium,Own,1
CUST0001373,Customer_1373,27,Female,Southeast,2022-01-01,36,Gas,Residential,Single Family,1,0,1,Medium-Low,Own,0
CUST0001374,Customer_1374,23,Female,Southwest,2023-01-31,23,Gas,Commercial,Apartment,0,1,5,Medium-High,Rent,1
CUST0001375,Customer_1375,70,Male,Midwest,2024-03-02,10,Gas,Residential,Single Family,0,1,1,Low,Rent,1
CUST0001376,Customer_1376,44,Male,Midwest,2024-02-01,11,Electricity,Residential,Apartment,0,1,2,Low,Rent,0
CUST0001377,Customer_1377,37,Male,Southeast,2019-08-02,65,Electricity+Gas,Residential,Apartment,0,1,1,Low,Own,0
CUST0001378,Customer_1378,63,Male,Southwest,2021-01-31,47,Electricity,Residential,Mobile Home,1,0,2,Medium,Own,0
CUST0001379,Customer_1379,38,Male,Northeast,2024-06-01,7,Electricity+Water,Residential,Condo,0,1,2,Medium,Own,1
CUST0001380,Customer_1380,75,Female,Gulf Coast,2024-06-01,7,Gas,Residential,Apartment,1,1,4,Medium,Rent,0
CUST0001381,Customer_1381,58,Male,Northeast,2024-09-01,4,Electricity+Water,Residential,Single Family,1,1,2,Medium-Low,Own,1
CUST0001382,Customer_1382,40,Female,Northeast,2018-04-02,81,Electricity+Gas,Residential,Apartment,1,0,8,Medium,Lease,0
CUST0001383,Customer_1383,80,Male,Southeast,2018-11-01,74,Electricity,Residential,Townhouse,1,0,2,Medium-High,Rent,0
CUST0001384,Customer_1384,38,Other,West,2024-10-01,3,Electricity,Residential,Single Family,0,0,1,Medium,Own,0
CUST0001385,Customer_1385,59,Female,Southeast,2020-12-01,49,Electricity+Water,Commercial,Apartment,0,1,6,Medium,Rent,0
CUST0001386,Customer_1386,52,Female,Midwest,2024-08-01,5,Water,Residential,Single Family,1,0,3,Low,Own,1
CUST0001387,Customer_1387,67,Male,Northeast,2013-05-02,140,Electricity,Residential,Single Family,1,1,4,Medium-High,Own,0
CUST0001388,Customer_1388,71,Female,Northeast,2013-03-02,142,Electricity,Small Business,Single Family,1,1,1,Medium,Own,0
CUST0001389,Customer_1389,48,Female,Southwest,2019-01-31,71,Electricity+Gas,Residential,Mobile Home,1,1,2,Medium-High,Own,0
CUST0001390,Customer_1390,36,Male,Southeast,2012-01-01,156,Electricity,Residential,Single Family,1,0,3,Medium,Own,1
CUST0001391,Customer_1391,54,Male,West,2016-08-31,100,Electricity,Residential,Single Family,0,0,4,Medium-Low,Own,1
CUST0001392,Customer_1392,37,Male,West,2016-04-01,105,Electricity+Gas,Commercial,Mobile Home,1,1,3,Medium-Low,Rent,0
CUST0001393,Customer_1393,78,Female,Gulf Coast,2020-10-31,50,Electricity+Gas,Commercial,Apartment,0,1,2,Medium,Own,0
CUST0001394,Customer_1394,50,Female,Northeast,2023-04-02,21,Gas,Residential,Townhouse,1,1,1,Medium,Own,1
CUST0001395,Customer_1395,42,Female,Midwest,2023-11-01,14,Electricity+Water,Residential,Single Family,0,0,3,Medium-High,Own,1
CUST0001396,Customer_1396,50,Male,Gulf Coast,2023-01-31,23,Electricity+Gas,Residential,Apartment,0,1,2,Medium-Low,Rent,0
CUST0001397,Customer_1397,27,Male,West,2020-02-01,59,Electricity+Water,Residential,Single Family,1,1,4,Medium-Low,Own,0
CUST0001398,Customer_1398,33,Female,Northeast,2024-02-01,11,Electricity,Residential,Apartment,0,0,1,Medium-Low,Rent,1
CUST0001399,Customer_1399,66,Male,Midwest,2023-08-02,17,Electricity,Small Business,Apartment,0,1,1,High,Lease,1
CUST0001400,Customer_1400,38,Female,Gulf Coast,2021-12-01,37,Electricity,Residential,Apartment,1,1,2,Medium-Low,Lease,0
CUST0001401,Customer_1401,32,Female,Midwest,2023-10-02,15,Electricity,Residential,Apartment,1,1,3,Medium-Low,Own,1
CUST0001402,Customer_1402,56,Male,West,2020-08-01,53,Electricity+Water,Residential,Townhouse,1,0,1,Medium,Own,0
CUST0001403,Customer_1403,65,Female,Midwest,2012-04-01,153,Electricity+Water,Commercial,Apartment,1,1,4,Medium,Own,0
CUST0001404,Customer_1404,58,Male,Northeast,2018-03-02,82,Water,Residential,Apartment,1,1,3,Medium-High,Rent,0
CUST0001405,Customer_1405,62,Female,Northeast,2019-08-02,65,Electricity+Gas,Small Business,Single Family,0,0,4,Low,Own,0
CUST0001406,Customer_1406,36,Male,Northeast,2020-09-01,52,Water,Small Business,Condo,0,0,1,Low,Own,0
CUST0001407,Customer_1407,26,Female,Southeast,2021-09-01,40,Electricity+Gas,Residential,Single Family,1,0,4,Medium-Low,Rent,1
CUST0001408,Customer_1408,70,Male,Gulf Coast,2024-01-01,12,Electricity,Residential,Apartment,1,0,6,Medium,Own,0
CUST0001409,Customer_1409,43,Male,Southwest,2013-10-01,135,Electricity+Gas,Residential,Single Family,0,0,4,Medium-Low,Rent,1
CUST0001410,Customer_1410,44,Female,West,2023-08-02,17,Electricity+Gas,Small Business,Condo,0,1,1,Medium-Low,Own,1
CUST0001411,Customer_1411,67,Male,Southwest,2024-08-01,5,Electricity,Small Business,Condo,0,1,2,Medium-High,Own,1
CUST0001412,Customer_1412,56,Female,Southeast,2018-01-31,83,Electricity,Residential,Single Family,1,1,2,Medium-High,Own,1
CUST0001413,Customer_1413,54,Male,Southeast,2024-02-01,11,Electricity,Residential,Townhouse,0,1,2,Medium-High,Own,1
CUST0001414,Customer_1414,80,Female,Gulf Coast,2022-10-02,27,Electricity+Gas,Residential,Single Family,1,0,1,Medium-High,Own,0
CUST0001415,Customer_1415,38,Male,Midwest,2024-12-01,1,Electricity,Residential,Single Family,1,1,5,Low,Rent,0
CUST0001416,Customer_1416,61,Female,Midwest,2024-05-02,8,Electricity+Gas,Small Business,Condo,1,1,2,Low,Lease,0
CUST0001417,Customer_1417,48,Male,Gulf Coast,2024-02-01,11,Gas,Small Business,Single Family,1,1,2,Medium-High,Rent,0
CUST0001418,Customer_1418,52,Male,Southeast,2024-10-01,3,Gas,Residential,Single Family,0,1,1,Medium,Own,1
CUST0001419,Customer_1419,70,Male,Gulf Coast,2019-09-01,64,Water,Residential,Apartment,1,0,3,Medium,Own,0
CUST0001420,Customer_1420,55,Female,Gulf Coast,2016-01-01,108,Electricity+Gas,Small Business,Condo,1,1,1,Medium-High,Own,0
CUST0001421,Customer_1421,56,Male,Southeast,2022-09-01,28,Gas,Residential,Single Family,0,0,4,High,Rent,1
CUST0001422,Customer_1422,64,Female,Northeast,2014-09-01,124,Electricity+Water,Residential,Single Family,0,1,2,Medium,Own,1
CUST0001423,Customer_1423,42,Female,Gulf Coast,2023-11-01,14,Gas,Residential,Single Family,1,1,2,Medium-Low,Own,0
CUST0001424,Customer_1424,35,Male,Midwest,2023-01-31,23,Electricity+Water,Residential,Single Family,1,1,5,Low,Own,1
CUST0001425,Customer_1425,32,Female,Northeast,2024-04-02,9,Electricity+Gas,Small Business,Single Family,1,1,1,Medium,Lease,0
CUST0001426,Customer_1426,18,Male,Midwest,2020-03-02,58,Electricity,Residential,Mobile Home,1,0,3,Medium-High,Own,1
CUST0001427,Customer_1427,78,Male,Southwest,2022-05-02,32,Electricity+Gas,Residential,Single Family,1,1,1,Medium-Low,Rent,1
CUST0001428,Customer_1428,31,Female,West,2020-04-01,57,Electricity,Residential,Apartment,0,1,4,Low,Own,0
CUST0001429,Customer_1429,44,Female,Gulf Coast,2017-11-01,86,Electricity,Small Business,Mobile Home,1,0,1,High,Own,0
CUST0001430,Customer_1430,43,Female,Gulf Coast,2021-01-31,47,Electricity,Residential,Apartment,1,1,2,Medium,Rent,0
CUST0001431,Customer_1431,52,Male,Gulf Coast,2020-02-01,59,Electricity,Small Business,Single Family,0,1,1,Medium-Low,Rent,0
CUST0001432,Customer_1432,60,Male,Northeast,2011-05-02,164,Electricity+Gas,Residential,Apartment,1,0,3,Medium-Low,Rent,0
CUST0001433,Customer_1433,60,Male,West,2023-04-02,21,Water,Residential,Condo,1,0,1,Medium-High,Rent,0
CUST0001434,Customer_1434,39,Female,Southeast,2022-11-01,26,Electricity+Water,Residential,Single Family,1,1,6,Medium-High,Own,1
CUST0001435,Customer_1435,45,Female,Southeast,2018-10-01,75,Electricity,Commercial,Single Family,1,0,3,Medium,Own,0
CUST0001436,Customer_1436,52,Female,West,2020-05-02,56,Electricity+Gas,Residential,Single Family,1,0,2,Medium,Rent,1
CUST0001437,Customer_1437,44,Male,Midwest,2024-02-01,11,Electricity,Residential,Apartment,0,1,5,High,Rent,1
CUST0001438,Customer_1438,72,Male,Gulf Coast,2022-09-01,28,Electricity+Gas,Commercial,Single Family,1,1,1,Medium-Low,Lease,0
CUST0001439,Customer_1439,55,Male,Northeast,2021-12-01,37,Electricity+Water,Residential,Townhouse,0,1,2,Medium,Own,0
CUST0001440,Customer_1440,59,Male,West,2022-05-02,32,Electricity,Small Business,Apartment,0,1,2,Low,Rent,0
CUST0001441,Customer_1441,57,Male,Northeast,2024-02-01,11,Electricity+Water,Residential,Apartment,0,1,1,Medium,Own,1
CUST0001442,Customer_1442,65,Female,Northeast,2012-03-02,154,Water,Residential,Townhouse,1,1,1,Medium-Low,Own,0
CUST0001443,Customer_1443,50,Female,Midwest,2017-11-01,86,Water,Residential,Single Family,1,1,2,High,Own,1
CUST0001444,Customer_1444,28,Female,Southeast,2021-10-01,39,Electricity+Gas,Small Business,Townhouse,1,0,1,Medium-Low,Rent,1
CUST0001445,Customer_1445,53,Male,Midwest,2019-05-03,68,Water,Residential,Apartment,1,1,2,Medium-High,Lease,0
CUST0001446,Customer_1446,38,Male,Gulf Coast,2013-09-01,136,Electricity+Water,Residential,Apartment,1,1,2,Medium-High,Own,0
CUST0001447,Customer_1447,40,Female,Southwest,2024-05-02,8,Water,Residential,Single Family,1,0,2,Low,Rent,0
CUST0001448,Customer_1448,56,Male,Southeast,2023-08-02,17,Gas,Residential,Apartment,0,0,2,High,Own,0
CUST0001449,Customer_1449,66,Female,Northeast,2021-03-02,46,Electricity+Gas,Commercial,Apartment,0,1,5,Medium,Own,1
CUST0001450,Customer_1450,48,Female,Midwest,2016-12-31,96,Electricity,Residential,Apartment,0,1,7,Medium,Rent,0
CUST0001451,Customer_1451,52,Male,Midwest,2024-11-01,2,Electricity+Water,Commercial,Single Family,0,0,2,Low,Own,1
CUST0001452,Customer_1452,73,Female,Southwest,2004-05-01,248,Electricity+Water,Small Business,Single Family,0,1,1,Medium,Own,0
CUST0001453,Customer_1453,51,Male,Southeast,2022-01-01,36,Electricity+Gas,Small Business,Apartment,1,1,3,Low,Lease,0
CUST0001454,Customer_1454,87,Female,West,2022-11-01,26,Water,Residential,Apartment,0,0,1,Medium-Low,Rent,0
CUST0001455,Customer_1455,56,Female,Northeast,2023-05-03,20,Electricity+Water,Residential,Apartment,0,1,1,Low,Lease,1
CUST0001456,Customer_1456,21,Male,Southwest,2024-02-01,11,Electricity,Residential,Apartment,0,0,2,Medium-Low,Rent,1
CUST0001457,Customer_1457,59,Male,Southwest,2017-03-02,94,Electricity+Gas,Residential,Single Family,1,1,2,Medium-High,Rent,1
CUST0001458,Customer_1458,53,Female,Southeast,2009-07-02,186,Gas,Residential,Single Family,1,0,1,Medium-High,Own,0
CUST0001459,Customer_1459,67,Female,West,2022-05-02,32,Water,Residential,Apartment,1,0,1,Low,Lease,0
CUST0001460,Customer_1460,58,Male,Southwest,2009-10-31,182,Gas,Commercial,Apartment,1,1,4,Medium-High,Rent,1
CUST0001461,Customer_1461,45,Female,Southwest,2016-05-02,104,Electricity+Gas,Residential,Apartment,1,1,2,Medium,Own,1
CUST0001462,Customer_1462,29,Male,Midwest,2021-10-01,39,Gas,Residential,Condo,1,1,2,Low,Rent,0
CUST0001463,Customer_1463,44,Male,Gulf Coast,2019-06-02,67,Electricity,Small Business,Townhouse,1,0,1,Medium-Low,Rent,1
CUST0001464,Customer_1464,35,Male,West,2022-03-03,34,Electricity,Residential,Single Family,1,0,3,Medium-High,Rent,0
CUST0001465,Customer_1465,39,Male,Southeast,2020-12-01,49,Electricity,Residential,Apartment,1,1,1,Medium-High,Own,0
CUST0001466,Customer_1466,56,Male,Southeast,2024-10-01,3,Electricity,Residential,Apartment,1,1,8,Medium-Low,Own,1
CUST0001467,Customer_1467,73,Other,Northeast,2019-01-31,71,Electricity+Gas,Residential,Single Family,1,1,1,Low,Rent,0
CUST0001468,Customer_1468,53,Male,Northeast,2024-10-01,3,Electricity+Gas,Residential,Mobile Home,0,0,1,Medium-Low,Own,0
CUST0001469,Customer_1469,30,Male,Gulf Coast,2016-08-01,101,Electricity,Residential,Apartment,0,1,4,Medium-High,Own,0
CUST0001470,Customer_1470,54,Male,Midwest,2016-05-02,104,Electricity+Gas,Residential,Townhouse,0,1,2,High,Own,0
CUST0001471,Customer_1471,65,Female,Gulf Coast,2023-09-01,16,Electricity+Gas,Residential,Mobile Home,1,0,3,Medium,Rent,1
CUST0001472,Customer_1472,38,Female,Northeast,2023-01-31,23,Electricity,Residential,Single Family,0,1,1,Low,Own,1
CUST0001473,Customer_1473,45,Male,Midwest,2021-10-01,39,Gas,Residential,Single Family,0,1,1,Medium,Rent,0
CUST0001474,Customer_1474,48,Male,Gulf Coast,2020-07-02,54,Water,Residential,Single Family,1,0,1,High,Rent,0
CUST0001475,Customer_1475,36,Male,Northeast,2023-05-03,20,Electricity,Residential,Single Family,1,1,3,High,Own,0
CUST0001476,Customer_1476,57,Male,Southwest,2020-08-01,53,Electricity,Commercial,Single Family,1,1,3,High,Own,0
CUST0001477,Customer_1477,46,Male,Gulf Coast,2023-04-02,21,Electricity+Water,Residential,Mobile Home,0,1,4,Medium,Own,0
CUST0001478,Customer_1478,54,Male,Gulf Coast,2024-10-01,3,Electricity+Gas,Residential,Mobile Home,1,1,1,Medium,Lease,0
CUST0001479,Customer_1479,34,Male,West,2024-12-01,1,Gas,Commercial,Townhouse,1,1,1,Medium-High,Own,0
CUST0001480,Customer_1480,41,Female,Gulf Coast,2024-07-02,6,Electricity+Gas,Small Business,Townhouse,1,0,2,Medium-High,Rent,0
CUST0001481,Customer_1481,58,Male,Southwest,2017-03-02,94,Water,Residential,Single Family,1,1,3,Low,Rent,0
CUST0001482,Customer_1482,42,Female,Southeast,2008-10-01,195,Water,Commercial,Apartment,0,0,3,Medium-High,Own,1
CUST0001483,Customer_1483,73,Female,West,2022-04-02,33,Electricity,Residential,Single Family,1,0,2,High,Rent,1
CUST0001484,Customer_1484,42,Female,Gulf Coast,2021-06-02,43,Gas,Commercial,Single Family,0,0,3,Medium-High,Own,0
CUST0001485,Customer_1485,51,Male,Midwest,2024-04-02,9,Electricity+Gas,Residential,Single Family,0,1,1,Medium-High,Own,1
CUST0001486,Customer_1486,61,Male,Southeast,2020-12-31,48,Electricity,Residential,Apartment,0,1,1,Medium,Own,0
CUST0001487,Customer_1487,26,Male,Southwest,2024-04-02,9,Electricity+Water,Small Business,Single Family,1,1,3,Medium-High,Own,1
CUST0001488,Customer_1488,21,Female,West,2020-05-02,56,Gas,Residential,Single Family,0,1,2,Medium,Own,1
CUST0001489,Customer_1489,25,Male,Southeast,2011-07-02,162,Gas,Residential,Apartment,1,1,4,Medium-Low,Own,0
CUST0001490,Customer_1490,66,Female,West,2023-12-02,13,Electricity+Water,Small Business,Apartment,0,0,4,Medium-Low,Rent,1
CUST0001491,Customer_1491,39,Female,Southwest,2017-11-01,86,Electricity,Residential,Single Family,1,1,1,Medium,Own,0
CUST0001492,Customer_1492,86,Male,Southwest,2024-12-01,1,Electricity,Commercial,Single Family,1,0,2,Medium,Rent,1
CUST0001493,Customer_1493,39,Female,Southeast,2022-09-01,28,Electricity+Gas,Residential,Condo,1,1,3,Medium,Own,0
CUST0001494,Customer_1494,50,Male,Northeast,2024-06-01,7,Gas,Commercial,Single Family,1,0,1,Medium-Low,Own,1
CUST0001495,Customer_1495,71,Male,Southwest,2022-11-01,26,Water,Residential,Townhouse,0,1,3,Medium,Rent,1
CUST0001496,Customer_1496,78,Male,Southwest,2024-02-01,11,Electricity,Residential,Single Family,1,1,3,Medium,Rent,0
CUST0001497,Customer_1497,78,Male,Southeast,2022-09-01,28,Gas,Residential,Apartment,1,1,4,Medium-High,Own,0
CUST0001498,Customer_1498,66,Female,Southeast,2022-05-02,32,Electricity,Small Business,Townhouse,1,0,1,Medium,Rent,0
CUST0001499,Customer_1499,63,Male,Southeast,2023-04-02,21,Electricity+Gas,Residential,Condo,1,1,6,Medium-High,Own,0
CUST0001500,Customer_1500,56,Male,Midwest,2019-09-01,64,Electricity,Residential,Single Family,1,1,5,Medium-Low,Own,0
CUST0001501,Customer_1501,59,Female,Gulf Coast,2012-07-01,150,Gas,Residential,Single Family,0,0,2,Low,Rent,0
CUST0001502,Customer_1502,39,Female,West,2022-07-02,30,Water,Residential,Condo,0,0,3,Medium-Low,Own,0
CUST0001503,Customer_1503,35,Male,Gulf Coast,2024-01-01,12,Electricity+Water,Residential,Apartment,1,0,1,Medium-High,Own,0
CUST0001504,Customer_1504,47,Female,Midwest,2023-07-03,18,Electricity+Gas,Small Business,Condo,0,1,5,Medium,Own,1
CUST0001505,Customer_1505,45,Female,Midwest,2015-06-02,115,Gas,Residential,Townhouse,1,0,1,Medium,Own,0
CUST0001506,Customer_1506,41,Male,Southeast,2020-10-31,50,Electricity+Gas,Residential,Apartment,0,0,6,Medium-High,Rent,0
CUST0001507,Customer_1507,58,Male,West,2022-01-01,36,Electricity+Gas,Commercial,Mobile Home,0,0,2,Low,Own,1
CUST0001508,Customer_1508,62,Male,Midwest,2024-04-02,9,Electricity+Water,Residential,Apartment,1,1,1,Low,Rent,1
CUST0001509,Customer_1509,49,Female,West,2022-01-31,35,Electricity+Water,Commercial,Townhouse,1,0,2,Medium-Low,Own,0
CUST0001510,Customer_1510,70,Female,Midwest,2023-06-02,19,Electricity+Water,Commercial,Townhouse,1,1,3,Medium-Low,Own,0
CUST0001511,Customer_1511,30,Female,Northeast,2010-09-01,172,Water,Residential,Apartment,0,0,1,Medium-Low,Rent,0
CUST0001512,Customer_1512,45,Female,Northeast,2014-04-02,129,Electricity,Commercial,Apartment,0,0,1,High,Own,0
CUST0001513,Customer_1513,37,Male,West,2024-08-01,5,Electricity+Gas,Residential,Townhouse,1,1,3,Medium,Lease,0
CUST0001514,Customer_1514,20,Male,Southeast,2021-06-02,43,Water,Commercial,Apartment,0,1,1,Medium,Rent,0
CUST0001515,Customer_1515,46,Male,Southeast,2023-10-02,15,Electricity+Water,Residential,Apartment,0,1,2,Medium,Own,1
CUST0001516,Customer_1516,46,Female,Gulf Coast,2022-06-02,31,Electricity+Water,Residential,Townhouse,1,0,3,Medium-Low,Own,0
CUST0001517,Customer_1517,70,Female,Southwest,2014-08-01,125,Electricity+Gas,Small Business,Single Family,1,0,5,High,Own,0
CUST0001518,Customer_1518,57,Male,Northeast,2021-05-02,44,Electricity+Gas,Commercial,Single Family,1,1,4,High,Rent,0
CUST0001519,Customer_1519,32,Female,Northeast,2023-01-01,24,Electricity,Residential,Single Family,0,0,1,Medium-High,Own,1
CUST0001520,Customer_1520,75,Male,Southeast,2023-12-02,13,Electricity+Gas,Residential,Apartment,0,1,3,Medium-Low,Own,0
CUST0001521,Customer_1521,66,Male,Southwest,2016-12-31,96,Gas,Residential,Condo,0,1,1,Medium-High,Own,0
CUST0001522,Customer_1522,56,Male,West,2020-03-02,58,Electricity+Water,Small Business,Apartment,1,1,6,Low,Own,0
CUST0001523,Customer_1523,44,Male,Southeast,2021-12-01,37,Electricity+Water,Residential,Mobile Home,0,1,4,Medium,Own,0
CUST0001524,Customer_1524,33,Male,Gulf Coast,2023-11-01,14,Water,Small Business,Single Family,0,0,4,Medium,Rent,0
CUST0001525,Customer_1525,42,Male,Northeast,2023-01-01,24,Electricity,Residential,Townhouse,0,1,4,Low,Rent,0
CUST0001526,Customer_1526,64,Male,Southeast,2008-12-31,192,Gas,Residential,Single Family,1,1,2,High,Rent,0
CUST0001527,Customer_1527,76,Male,Gulf Coast,2021-05-02,44,Electricity+Gas,Residential,Single Family,1,1,1,High,Rent,1
CUST0001528,Customer_1528,71,Female,Northeast,2022-07-02,30,Electricity,Small Business,Condo,1,1,1,High,Own,0
CUST0001529,Customer_1529,40,Male,Gulf Coast,2021-05-02,44,Electricity,Commercial,Single Family,0,1,1,Medium-Low,Lease,0
CUST0001530,Customer_1530,31,Other,West,2017-07-02,90,Electricity+Water,Residential,Single Family,1,1,1,Medium-Low,Own,0
CUST0001531,Customer_1531,50,Male,Northeast,2023-01-01,24,Electricity,Commercial,Single Family,1,1,1,High,Own,0
CUST0001532,Customer_1532,21,Male,Midwest,2024-02-01,11,Electricity,Commercial,Townhouse,1,1,2,Low,Own,1
CUST0001533,Customer_1533,52,Male,Midwest,2020-09-01,52,Electricity+Gas,Small Business,Apartment,1,1,3,Medium,Own,1
CUST0001534,Customer_1534,45,Male,Gulf Coast,2019-08-02,65,Electricity+Water,Commercial,Single Family,0,1,2,Medium,Own,0
CUST0001535,Customer_1535,41,Female,Midwest,2018-11-01,74,Water,Small Business,Single Family,1,0,2,Medium-Low,Rent,1
CUST0001536,Customer_1536,24,Male,Midwest,2014-05-02,128,Electricity+Water,Residential,Single Family,1,1,3,Medium-High,Own,0
CUST0001537,Customer_1537,55,Female,Northeast,2022-10-02,27,Water,Residential,Single Family,0,1,5,Low,Rent,0
CUST0001538,Customer_1538,40,Female,Southwest,2024-09-01,4,Gas,Small Business,Condo,0,1,2,Medium,Rent,1
CUST0001539,Customer_1539,30,Female,Southeast,2009-03-02,190,Electricity+Water,Commercial,Mobile Home,1,0,3,Medium-Low,Lease,1
CUST0001540,Customer_1540,18,Female,Northeast,2022-03-03,34,Gas,Residential,Mobile Home,0,1,4,Medium,Rent,0
CUST0001541,Customer_1541,47,Female,Gulf Coast,2020-03-02,58,Gas,Small Business,Condo,1,1,1,Medium-Low,Own,0
CUST0001542,Customer_1542,74,Male,Southeast,2019-08-02,65,Gas,Small Business,Condo,1,0,1,Medium,Lease,1
CUST0001543,Customer_1543,72,Female,Northeast,2021-01-31,47,Water,Residential,Condo,0,1,4,High,Own,0
CUST0001544,Customer_1544,41,Male,West,2023-12-02,13,Electricity+Water,Residential,Mobile Home,0,1,2,Medium-High,Own,1
CUST0001545,Customer_1545,38,Male,West,2018-01-01,84,Gas,Small Business,Condo,0,1,6,Medium,Own,0
CUST0001546,Customer_1546,55,Male,Northeast,2016-12-01,97,Gas,Residential,Apartment,0,0,1,Medium-High,Own,0
CUST0001547,Customer_1547,33,Female,Northeast,2020-12-31,48,Electricity+Water,Residential,Single Family,1,0,2,Medium-High,Own,1
CUST0001548,Customer_1548,52,Female,Northeast,2021-09-01,40,Electricity,Residential,Apartment,1,0,1,Medium,Rent,1
CUST0001549,Customer_1549,59,Male,Northeast,2024-06-01,7,Water,Small Business,Apartment,0,1,1,Medium,Own,1
CUST0001550,Customer_1550,66,Female,Southwest,2024-08-01,5,Gas,Residential,Apartment,0,1,3,Medium-High,Own,0
CUST0001551,Customer_1551,46,Male,Southwest,2023-01-01,24,Gas,Commercial,Townhouse,0,1,4,Medium,Own,0
CUST0001552,Customer_1552,44,Male,Southwest,2023-03-03,22,Gas,Residential,Townhouse,0,0,4,Low,Own,0
CUST0001553,Customer_1553,34,Male,Midwest,2009-09-01,184,Gas,Residential,Single Family,1,1,1,Medium-High,Own,1
CUST0001554,Customer_1554,35,Male,West,2017-06-01,91,Water,Residential,Single Family,0,1,4,Low,Rent,0
CUST0001555,Customer_1555,44,Male,Midwest,2019-09-01,64,Electricity+Water,Small Business,Condo,1,1,1,Medium-High,Own,0
CUST0001556,Customer_1556,53,Female,Gulf Coast,2021-06-02,43,Gas,Residential,Apartment,0,1,1,Medium-High,Own,0
CUST0001557,Customer_1557,61,Female,Midwest,2024-03-02,10,Water,Residential,Single Family,1,1,3,Medium-High,Own,0
CUST0001558,Customer_1558,35,Male,West,2005-10-31,230,Electricity+Gas,Small Business,Condo,1,0,3,Low,Own,0
CUST0001559,Customer_1559,70,Female,Midwest,2022-09-01,28,Electricity,Small Business,Single Family,1,1,3,High,Own,0
CUST0001560,Customer_1560,43,Female,Midwest,2024-07-02,6,Electricity+Gas,Residential,Apartment,1,1,1,Medium,Own,0
CUST0001561,Customer_1561,47,Female,West,2021-09-01,40,Electricity+Gas,Residential,Single Family,0,1,5,Medium-High,Own,1
CUST0001562,Customer_1562,36,Female,Northeast,2014-09-01,124,Electricity,Residential,Condo,1,1,2,Medium,Own,1
CUST0001563,Customer_1563,18,Male,Southwest,2014-03-02,130,Gas,Residential,Townhouse,1,1,1,Medium-Low,Own,0
CUST0001564,Customer_1564,61,Female,West,2024-12-01,1,Electricity+Water,Residential,Apartment,1,1,2,Medium-Low,Rent,0
CUST0001565,Customer_1565,59,Female,West,2014-03-02,130,Electricity+Gas,Residential,Mobile Home,1,0,4,Low,Own,0
CUST0001566,Customer_1566,43,Male,Southwest,2023-06-02,19,Electricity,Residential,Mobile Home,0,1,1,Medium,Rent,1
CUST0001567,Customer_1567,49,Male,Midwest,2024-11-01,2,Electricity,Residential,Townhouse,0,1,3,Low,Rent,0
CUST0001568,Customer_1568,55,Female,Southeast,2015-09-01,112,Electricity,Residential,Condo,1,1,1,Medium,Own,0
CUST0001569,Customer_1569,24,Male,Gulf Coast,2015-01-31,119,Gas,Residential,Townhouse,0,1,2,Medium,Own,0
CUST0001570,Customer_1570,40,Other,Southeast,2020-07-02,54,Electricity,Small Business,Apartment,1,1,3,Medium,Rent,0
CUST0001571,Customer_1571,59,Male,West,2020-10-01,51,Electricity,Residential,Apartment,1,1,6,Medium-Low,Own,0
CUST0001572,Customer_1572,29,Female,Northeast,2016-08-31,100,Gas,Small Business,Single Family,0,1,4,Medium,Own,0
CUST0001573,Customer_1573,52,Male,Southeast,2017-05-02,92,Electricity+Gas,Small Business,Single Family,0,1,2,Medium-High,Rent,0
CUST0001574,Customer_1574,27,Female,Southeast,2013-12-31,132,Electricity,Residential,Condo,1,1,2,Medium,Rent,1
CUST0001575,Customer_1575,54,Female,West,2020-12-31,48,Electricity,Residential,Single Family,0,1,6,Medium-Low,Own,1
CUST0001576,Customer_1576,47,Male,Southeast,2007-12-01,205,Electricity,Residential,Apartment,1,1,5,Medium,Rent,1
CUST0001577,Customer_1577,23,Female,Northeast,1997-04-01,333,Electricity,Residential,Single Family,0,1,2,Medium,Own,0
CUST0001578,Customer_1578,65,Male,Northeast,2024-06-01,7,Electricity,Residential,Apartment,1,1,1,Low,Own,0
CUST0001579,Customer_1579,36,Male,Southeast,2015-08-02,113,Electricity+Gas,Small Business,Single Family,0,1,5,Medium-Low,Rent,0
CUST0001580,Customer_1580,35,Male,Northeast,2021-08-01,41,Gas,Residential,Condo,1,1,3,Medium,Lease,0
CUST0001581,Customer_1581,51,Female,Southeast,2022-08-02,29,Electricity,Residential,Mobile Home,0,1,2,Medium-Low,Rent,0
CUST0001582,Customer_1582,65,Male,West,2020-05-02,56,Water,Commercial,Mobile Home,0,1,4,Medium-Low,Lease,1
CUST0001583,Customer_1583,32,Male,Midwest,2024-10-01,3,Electricity+Gas,Residential,Apartment,0,1,1,Medium,Own,0
CUST0001584,Customer_1584,48,Male,Midwest,2021-07-02,42,Electricity,Residential,Mobile Home,0,1,4,Medium-Low,Own,0
CUST0001585,Customer_1585,54,Female,Gulf Coast,2014-11-01,122,Electricity,Residential,Apartment,0,0,6,Medium-Low,Own,0
CUST0001586,Customer_1586,58,Female,Midwest,2023-11-01,14,Electricity+Water,Commercial,Apartment,0,1,3,Medium-High,Rent,0
CUST0001587,Customer_1587,50,Male,Gulf Coast,2022-04-02,33,Electricity+Water,Residential,Single Family,0,0,3,Medium,Own,0
CUST0001588,Customer_1588,42,Male,Southeast,2011-01-01,168,Electricity,Residential,Condo,1,1,3,Medium-High,Own,1
CUST0001589,Customer_1589,35,Female,Midwest,2022-04-02,33,Electricity,Residential,Single Family,1,1,4,High,Own,0
CUST0001590,Customer_1590,49,Male,Southeast,2022-11-01,26,Gas,Residential,Apartment,1,1,6,High,Rent,0
CUST0001591,Customer_1591,31,Female,Midwest,2022-03-03,34,Gas,Residential,Townhouse,0,1,4,Medium-Low,Rent,1
CUST0001592,Customer_1592,18,Female,Southwest,2021-06-02,43,Gas,Residential,Apartment,0,0,2,Medium,Own,1
CUST0001593,Customer_1593,54,Female,Southeast,2020-02-01,59,Electricity+Gas,Residential,Single Family,1,1,1,Medium,Own,0
CUST0001594,Customer_1594,61,Male,West,2016-12-31,96,Electricity,Commercial,Apartment,0,1,1,Medium-High,Own,0
CUST0001595,Customer_1595,18,Female,Midwest,2022-01-01,36,Electricity,Small Business,Townhouse,1,1,3,Medium,Own,0
CUST0001596,Customer_1596,32,Female,Northeast,2016-07-02,102,Electricity+Gas,Small Business,Single Family,1,0,2,Medium-Low,Own,0
CUST0001597,Customer_1597,57,Female,Southwest,2021-04-02,45,Electricity+Water,Residential,Townhouse,1,0,4,Medium,Rent,0
CUST0001598,Customer_1598,78,Male,West,2023-01-01,24,Electricity,Residential,Condo,1,1,3,Low,Rent,1
CUST0001599,Customer_1599,48,Male,Southeast,2019-09-01,64,Electricity+Gas,Residential,Mobile Home,1,0,4,Medium-High,Own,0
CUST0001600,Customer_1600,37,Male,Northeast,2018-10-01,75,Gas,Residential,Apartment,1,0,2,Medium,Own,0
CUST0001601,Customer_1601,45,Female,West,2020-12-31,48,Electricity,Residential,Single Family,1,1,3,Medium,Own,1
CUST0001602,Customer_1602,68,Female,Gulf Coast,2024-10-01,3,Electricity+Water,Residential,Apartment,0,1,5,Medium-Low,Own,0
CUST0001603,Customer_1603,38,Male,Northeast,2024-02-01,11,Gas,Residential,Townhouse,1,0,2,Medium,Own,0
CUST0001604,Customer_1604,36,Male,Gulf Coast,2023-05-03,20,Electricity+Gas,Residential,Condo,0,0,4,Medium,Own,0
CUST0001605,Customer_1605,40,Male,Southeast,2023-06-02,19,Gas,Residential,Mobile Home,0,1,3,Medium,Own,0
CUST0001606,Customer_1606,33,Female,Gulf Coast,2019-06-02,67,Electricity,Residential,Condo,1,0,3,Medium-High,Rent,1
CUST0001607,Customer_1607,49,Female,Southwest,2024-12-01,1,Electricity+Gas,Commercial,Townhouse,1,1,1,Medium-High,Rent,1
CUST0001608,Customer_1608,72,Male,Gulf Coast,2018-01-01,84,Gas,Residential,Townhouse,0,1,2,Medium,Own,0
CUST0001609,Customer_1609,52,Male,West,2023-07-03,18,Electricity,Commercial,Single Family,0,1,1,Medium-High,Rent,0
CUST0001610,Customer_1610,44,Male,Northeast,2023-03-03,22,Electricity+Gas,Commercial,Single Family,1,0,1,Medium-Low,Own,1
CUST0001611,Customer_1611,43,Female,Northeast,2021-04-02,45,Electricity,Small Business,Condo,0,0,2,Medium,Own,0
CUST0001612,Customer_1612,24,Female,Midwest,2023-11-01,14,Electricity,Commercial,Townhouse,0,1,7,Medium,Rent,0
CUST0001613,Customer_1613,61,Female,Northeast,2014-04-02,129,Water,Residential,Apartment,1,1,3,Medium,Own,0
CUST0001614,Customer_1614,46,Male,Midwest,2024-08-01,5,Electricity,Residential,Single Family,1,1,3,Medium-Low,Rent,0
CUST0001615,Customer_1615,45,Female,Gulf Coast,2022-01-31,35,Electricity+Gas,Small Business,Single Family,1,1,3,Low,Rent,0
CUST0001616,Customer_1616,90,Male,Southeast,2015-08-02,113,Electricity+Water,Residential,Apartment,1,1,1,Medium,Own,0
CUST0001617,Customer_1617,52,Female,Midwest,2020-04-01,57,Electricity,Residential,Condo,1,0,2,Medium-Low,Own,1
CUST0001618,Customer_1618,36,Male,Southeast,2023-05-03,20,Gas,Residential,Single Family,1,1,1,Low,Own,0
CUST0001619,Customer_1619,41,Female,Southwest,2022-05-02,32,Electricity+Gas,Residential,Single Family,1,1,3,Medium-Low,Own,0
CUST0001620,Customer_1620,65,Female,Southeast,2018-12-01,73,Gas,Commercial,Townhouse,1,0,1,Medium,Own,0
CUST0001621,Customer_1621,49,Female,Southeast,2006-12-01,217,Electricity+Gas,Residential,Single Family,1,1,3,Low,Rent,1
CUST0001622,Customer_1622,26,Female,Gulf Coast,2013-11-01,134,Gas,Residential,Single Family,1,0,6,High,Own,0
CUST0001623,Customer_1623,61,Male,West,2022-12-01,25,Electricity,Commercial,Single Family,1,1,4,Medium-High,Own,1
CUST0001624,Customer_1624,37,Male,West,1994-12-31,360,Electricity,Residential,Apartment,1,1,2,Medium-Low,Own,1
CUST0001625,Customer_1625,76,Female,West,2024-12-01,1,Electricity+Gas,Commercial,Apartment,0,1,2,Medium,Own,0
CUST0001626,Customer_1626,64,Male,Midwest,2024-12-01,1,Electricity,Commercial,Condo,0,0,3,Low,Own,1
CUST0001627,Customer_1627,41,Male,West,2016-05-02,104,Water,Commercial,Apartment,0,1,2,Medium-High,Rent,0
CUST0001628,Customer_1628,67,Male,Southeast,2023-12-02,13,Electricity+Gas,Small Business,Townhouse,0,0,1,Medium-Low,Lease,0
CUST0001629,Customer_1629,49,Female,Northeast,2024-10-01,3,Electricity,Small Business,Single Family,0,0,3,Low,Own,0
CUST0001630,Customer_1630,60,Male,Southeast,2023-09-01,16,Electricity,Small Business,Townhouse,0,0,3,Medium-High,Rent,1
CUST0001631,Customer_1631,55,Male,Northeast,2022-04-02,33,Electricity,Residential,Apartment,1,0,3,Medium-Low,Rent,0
CUST0001632,Customer_1632,35,Male,Southeast,2018-07-02,78,Electricity+Gas,Residential,Single Family,0,0,4,Medium,Own,0
CUST0001633,Customer_1633,38,Male,Southeast,2020-03-02,58,Water,Residential,Townhouse,1,1,1,Medium-High,Own,0
CUST0001634,Customer_1634,63,Female,Southwest,2023-09-01,16,Electricity,Small Business,Single Family,1,1,1,Medium-High,Lease,0
CUST0001635,Customer_1635,42,Other,Southeast,2021-08-01,41,Electricity,Residential,Apartment,0,1,1,Medium-Low,Lease,1
CUST0001636,Customer_1636,41,Female,West,2012-01-01,156,Gas,Residential,Townhouse,0,1,2,Medium-High,Own,0
CUST0001637,Customer_1637,33,Male,Midwest,2016-08-01,101,Electricity,Small Business,Townhouse,0,0,1,Medium-Low,Rent,1
CUST0001638,Customer_1638,54,Female,Gulf Coast,2023-01-31,23,Electricity+Gas,Small Business,Condo,0,0,1,Medium,Rent,0
CUST0001639,Customer_1639,78,Female,Northeast,2004-11-30,241,Gas,Small Business,Mobile Home,1,1,2,Medium,Rent,0
CUST0001640,Customer_1640,31,Male,West,2018-12-01,73,Electricity,Residential,Condo,1,1,1,Low,Rent,0
CUST0001641,Customer_1641,48,Female,West,2024-10-01,3,Electricity+Gas,Residential,Condo,1,1,2,Medium,Rent,1
CUST0001642,Customer_1642,69,Female,Gulf Coast,2024-11-01,2,Gas,Residential,Single Family,1,1,2,Medium,Own,0
CUST0001643,Customer_1643,46,Female,Southeast,2024-02-01,11,Electricity,Residential,Single Family,0,0,4,Medium-High,Rent,0
CUST0001644,Customer_1644,54,Female,Southeast,2018-07-02,78,Electricity,Residential,Single Family,1,1,5,Medium-Low,Own,0
CUST0001645,Customer_1645,32,Male,Northeast,2024-01-01,12,Electricity+Gas,Small Business,Single Family,1,1,4,Medium-Low,Rent,0
CUST0001646,Customer_1646,54,Male,Southeast,2021-07-02,42,Gas,Residential,Single Family,1,1,1,Medium,Rent,0
CUST0001647,Customer_1647,45,Female,Midwest,2024-08-01,5,Electricity,Residential,Condo,0,0,2,Medium,Rent,1
CUST0001648,Customer_1648,62,Male,West,2012-05-02,152,Electricity,Small Business,Apartment,0,0,3,Medium,Lease,1
CUST0001649,Customer_1649,65,Male,Southeast,2022-12-01,25,Electricity,Residential,Apartment,0,1,4,Low,Rent,0
CUST0001650,Customer_1650,86,Female,Northeast,2013-01-31,143,Electricity,Small Business,Single Family,0,1,3,Medium-Low,Own,0
CUST0001651,Customer_1651,56,Female,Southeast,2010-08-01,173,Gas,Commercial,Apartment,1,1,3,Low,Rent,0
CUST0001652,Customer_1652,52,Male,Northeast,2024-12-01,1,Electricity,Residential,Condo,0,0,1,Medium-High,Rent,1
CUST0001653,Customer_1653,50,Female,Gulf Coast,2021-12-01,37,Gas,Small Business,Single Family,1,1,2,Medium-High,Rent,1
CUST0001654,Customer_1654,42,Female,Gulf Coast,2024-12-01,1,Electricity,Small Business,Mobile Home,1,1,1,Low,Own,1
CUST0001655,Customer_1655,53,Female,Southeast,2013-01-31,143,Electricity+Gas,Residential,Single Family,0,0,2,Medium,Own,1
CUST0001656,Customer_1656,43,Male,Southeast,2021-06-02,43,Electricity+Gas,Residential,Condo,0,1,3,Medium,Own,0
CUST0001657,Customer_1657,50,Male,Gulf Coast,2024-09-01,4,Gas,Residential,Single Family,1,1,1,Medium,Own,1
CUST0001658,Customer_1658,67,Male,Northeast,2024-06-01,7,Electricity,Residential,Apartment,1,0,5,Medium,Rent,0
CUST0001659,Customer_1659,32,Male,Southwest,2022-08-02,29,Electricity,Residential,Mobile Home,1,0,6,Medium-High,Rent,0
CUST0001660,Customer_1660,65,Male,Gulf Coast,2010-12-01,169,Electricity,Residential,Apartment,1,1,4,Medium,Lease,1
CUST0001661,Customer_1661,67,Male,Midwest,2019-03-03,70,Gas,Small Business,Apartment,0,1,7,High,Own,1
CUST0001662,Customer_1662,46,Male,Northeast,2014-12-01,121,Electricity,Commercial,Townhouse,0,0,2,Medium,Rent,1
CUST0001663,Customer_1663,18,Female,Southeast,2022-10-02,27,Electricity,Residential,Single Family,0,1,1,Low,Rent,0
CUST0001664,Customer_1664,38,Male,Gulf Coast,2024-11-01,2,Electricity+Water,Residential,Single Family,1,1,3,High,Own,0
CUST0001665,Customer_1665,67,Female,Northeast,2006-10-01,219,Electricity,Small Business,Single Family,1,1,4,Low,Own,0
CUST0001666,Customer_1666,47,Female,Southeast,2024-12-01,1,Electricity+Water,Small Business,Single Family,0,1,3,Medium-High,Rent,1
CUST0001667,Customer_1667,33,Male,West,2010-05-02,176,Electricity+Water,Residential,Mobile Home,0,0,4,Medium,Own,1
CUST0001668,Customer_1668,40,Female,West,2022-10-02,27,Water,Residential,Condo,1,1,4,Medium-High,Own,0
CUST0001669,Customer_1669,60,Female,Midwest,2024-12-01,1,Electricity+Water,Residential,Single Family,1,0,2,Medium,Own,0
CUST0001670,Customer_1670,56,Male,Southeast,2019-03-03,70,Electricity,Residential,Condo,1,1,3,Low,Rent,1
CUST0001671,Customer_1671,44,Female,Southwest,2005-05-02,236,Electricity,Small Business,Single Family,0,0,3,Medium-Low,Rent,0
CUST0001672,Customer_1672,42,Male,Southeast,2008-03-02,202,Electricity,Residential,Single Family,1,1,3,Medium,Rent,0
CUST0001673,Customer_1673,42,Female,Southeast,2024-03-02,10,Electricity,Residential,Townhouse,1,1,7,Medium,Rent,1
CUST0001674,Customer_1674,34,Male,West,2024-02-01,11,Electricity,Residential,Single Family,1,1,3,High,Lease,0
CUST0001675,Customer_1675,72,Female,Northeast,2020-10-31,50,Water,Commercial,Single Family,0,1,1,Medium,Rent,0
CUST0001676,Customer_1676,43,Male,Northeast,2020-01-01,60,Electricity,Residential,Townhouse,0,1,1,Medium-Low,Own,1
CUST0001677,Customer_1677,66,Female,Southeast,2018-05-02,80,Electricity,Residential,Mobile Home,0,0,2,Low,Lease,0
CUST0001678,Customer_1678,70,Male,Midwest,2024-02-01,11,Electricity+Gas,Small Business,Apartment,1,0,4,Medium-High,Own,0
CUST0001679,Customer_1679,62,Female,West,2009-01-30,191,Electricity,Small Business,Single Family,1,1,1,Medium-High,Rent,0
CUST0001680,Customer_1680,41,Female,West,2019-12-02,61,Gas,Residential,Single Family,1,1,6,Medium,Lease,0
CUST0001681,Customer_1681,54,Male,Southwest,2015-09-01,112,Electricity,Residential,Apartment,0,1,2,Medium,Own,1
CUST0001682,Customer_1682,47,Female,Southwest,2021-03-02,46,Water,Commercial,Townhouse,0,1,2,Medium-High,Rent,0
CUST0001683,Customer_1683,34,Male,Southwest,2022-05-02,32,Electricity+Gas,Residential,Condo,0,0,5,Medium-Low,Lease,1
CUST0001684,Customer_1684,52,Female,Southeast,2006-03-02,226,Electricity+Gas,Residential,Condo,1,0,4,Medium-Low,Rent,0
CUST0001685,Customer_1685,30,Female,Southeast,2020-09-01,52,Electricity,Residential,Condo,1,0,2,Medium,Rent,1
CUST0001686,Customer_1686,65,Female,Southwest,2015-01-01,120,Electricity+Water,Residential,Apartment,0,0,2,Low,Own,0
CUST0001687,Customer_1687,41,Female,Northeast,2009-10-01,183,Electricity,Residential,Apartment,1,1,1,Medium,Own,1
CUST0001688,Customer_1688,51,Male,Southeast,2019-06-02,67,Electricity+Gas,Small Business,Townhouse,0,1,1,Medium-Low,Rent,0
CUST0001689,Customer_1689,52,Male,Midwest,2021-01-31,47,Electricity+Water,Residential,Townhouse,1,1,2,Medium-Low,Own,1
CUST0001690,Customer_1690,44,Male,Midwest,2024-12-01,1,Electricity+Gas,Commercial,Single Family,0,0,3,Medium,Rent,1
CUST0001691,Customer_1691,56,Female,Midwest,2024-11-01,2,Electricity+Gas,Residential,Apartment,1,0,3,Medium,Own,1
CUST0001692,Customer_1692,40,Male,West,2023-12-02,13,Electricity,Small Business,Single Family,1,1,2,Low,Rent,1
CUST0001693,Customer_1693,61,Female,Midwest,2024-01-01,12,Gas,Small Business,Condo,0,1,3,Medium-Low,Own,1
CUST0001694,Customer_1694,27,Female,Gulf Coast,2023-08-02,17,Electricity+Water,Small Business,Single Family,0,0,2,Medium-Low,Own,0
CUST0001695,Customer_1695,49,Male,Southeast,2023-04-02,21,Electricity,Small Business,Condo,0,1,3,Low,Rent,0
CUST0001696,Customer_1696,77,Female,Midwest,2022-11-01,26,Electricity+Water,Small Business,Single Family,0,0,4,Medium,Rent,0
CUST0001697,Customer_1697,32,Male,Northeast,2022-05-02,32,Electricity+Gas,Residential,Townhouse,1,0,2,Medium-Low,Own,0
CUST0001698,Customer_1698,37,Male,Southeast,2024-07-02,6,Gas,Residential,Single Family,1,1,1,Medium-Low,Own,0
CUST0001699,Customer_1699,55,Female,Gulf Coast,2024-11-01,2,Electricity+Gas,Residential,Townhouse,1,0,1,Medium-High,Own,0
CUST0001700,Customer_1700,50,Male,Southeast,2019-06-02,67,Electricity,Small Business,Single Family,1,1,3,Low,Rent,0
CUST0001701,Customer_1701,53,Male,Southeast,2021-03-02,46,Electricity,Residential,Apartment,1,1,2,High,Own,0
CUST0001702,Customer_1702,55,Female,Midwest,2022-01-31,35,Electricity,Residential,Single Family,0,1,1,Medium,Rent,0
CUST0001703,Customer_1703,57,Male,Northeast,2020-01-01,60,Gas,Residential,Apartment,0,1,6,Medium-Low,Own,0
CUST0001704,Customer_1704,64,Other,Midwest,2016-04-01,105,Electricity+Water,Small Business,Condo,1,1,3,Medium-Low,Lease,0
CUST0001705,Customer_1705,54,Other,Southeast,2022-04-02,33,Gas,Commercial,Townhouse,1,1,4,High,Own,0
CUST0001706,Customer_1706,44,Male,Southeast,2019-12-02,61,Electricity+Gas,Small Business,Single Family,1,1,4,Medium,Own,1
CUST0001707,Customer_1707,58,Male,West,2009-09-01,184,Electricity,Residential,Apartment,0,0,5,Medium,Own,1
CUST0001708,Customer_1708,76,Female,Southwest,2015-12-02,109,Electricity+Gas,Residential,Condo,0,0,3,Medium,Rent,1
CUST0001709,Customer_1709,46,Male,Midwest,2022-04-02,33,Electricity+Gas,Residential,Townhouse,1,0,5,Medium,Lease,0
CUST0001710,Customer_1710,33,Male,Southwest,2019-11-01,62,Gas,Residential,Single Family,1,0,4,Medium-Low,Rent,0
CUST0001711,Customer_1711,64,Female,West,2024-02-01,11,Electricity+Water,Residential,Single Family,1,0,2,Medium-Low,Rent,0
CUST0001712,Customer_1712,46,Male,West,2020-12-01,49,Electricity+Water,Residential,Apartment,0,1,3,Medium,Own,0
CUST0001713,Customer_1713,18,Female,Southeast,2005-03-02,238,Electricity+Gas,Commercial,Single Family,0,1,7,Medium-High,Own,0
CUST0001714,Customer_1714,60,Male,Southeast,2021-06-02,43,Electricity+Water,Residential,Townhouse,0,1,7,Medium-Low,Lease,0
CUST0001715,Customer_1715,39,Male,Southeast,2011-12-01,157,Electricity+Gas,Residential,Apartment,0,0,1,Medium,Rent,0
CUST0001716,Customer_1716,46,Male,Southeast,2022-06-02,31,Water,Commercial,Single Family,0,0,2,High,Own,1
CUST0001717,Customer_1717,52,Other,Northeast,1994-12-31,360,Gas,Residential,Apartment,0,1,3,Medium-Low,Rent,0
CUST0001718,Customer_1718,50,Female,Northeast,2020-10-01,51,Electricity,Residential,Condo,1,1,2,Medium-Low,Own,0
CUST0001719,Customer_1719,58,Female,West,2024-11-01,2,Electricity+Water,Residential,Single Family,1,1,6,Medium-Low,Rent,1
CUST0001720,Customer_1720,41,Male,Midwest,2020-08-01,53,Electricity,Residential,Single Family,0,1,2,Low,Rent,0
CUST0001721,Customer_1721,55,Male,Southeast,2023-06-02,19,Electricity,Small Business,Townhouse,0,1,3,Medium,Own,1
CUST0001722,Customer_1722,44,Male,Southwest,2024-12-01,1,Electricity,Residential,Single Family,1,1,4,Medium-Low,Own,0
CUST0001723,Customer_1723,59,Female,West,2016-06-01,103,Electricity,Small Business,Condo,0,1,5,Low,Rent,1
CUST0001724,Customer_1724,57,Female,Southeast,2023-06-02,19,Electricity,Commercial,Mobile Home,1,0,2,Medium-High,Own,0
CUST0001725,Customer_1725,33,Female,Midwest,2017-01-31,95,Electricity+Gas,Residential,Mobile Home,1,1,3,Medium-High,Own,0
CUST0001726,Customer_1726,64,Male,Northeast,2023-05-03,20,Electricity+Water,Residential,Apartment,0,1,5,Medium-High,Own,0
CUST0001727,Customer_1727,39,Female,Southwest,2024-01-01,12,Electricity,Residential,Apartment,1,0,3,High,Own,1
CUST0001728,Customer_1728,60,Male,Southeast,2006-11-01,218,Water,Residential,Condo,1,1,2,Medium-High,Own,0
CUST0001729,Customer_1729,53,Other,Midwest,2022-11-01,26,Electricity,Residential,Single Family,0,1,4,Low,Rent,0
CUST0001730,Customer_1730,75,Male,Midwest,2020-06-01,55,Electricity,Residential,Single Family,1,0,4,Medium-Low,Lease,1
CUST0001731,Customer_1731,44,Female,Southwest,2020-05-02,56,Electricity+Gas,Residential,Single Family,1,1,1,Low,Rent,1
CUST0001732,Customer_1732,42,Male,Southwest,2020-12-01,49,Electricity+Water,Commercial,Condo,1,1,1,Medium-Low,Rent,1
CUST0001733,Customer_1733,47,Male,Midwest,2012-10-01,147,Electricity,Residential,Apartment,1,1,4,Low,Rent,0
CUST0001734,Customer_1734,43,Female,Northeast,2019-06-02,67,Electricity,Residential,Apartment,0,1,2,Medium,Rent,1
CUST0001735,Customer_1735,59,Male,Southwest,2022-06-02,31,Electricity,Commercial,Townhouse,0,0,4,Medium-High,Rent,1
CUST0001736,Customer_1736,23,Male,Gulf Coast,2015-03-03,118,Electricity+Water,Residential,Apartment,0,1,4,Medium-Low,Own,0
CUST0001737,Customer_1737,32,Female,West,2024-02-01,11,Electricity,Residential,Single Family,0,1,4,Medium,Own,1
CUST0001738,Customer_1738,31,Female,Gulf Coast,2021-01-31,47,Gas,Commercial,Apartment,0,1,2,Low,Own,0
CUST0001739,Customer_1739,62,Female,Northeast,2009-12-31,180,Electricity+Water,Residential,Apartment,0,0,6,Medium,Lease,0
CUST0001740,Customer_1740,73,Male,Southeast,2020-03-02,58,Electricity+Gas,Residential,Apartment,0,1,6,Medium-Low,Own,0
CUST0001741,Customer_1741,46,Female,Midwest,2016-08-01,101,Electricity+Water,Residential,Townhouse,0,1,3,High,Rent,1
CUST0001742,Customer_1742,45,Female,Southeast,2019-10-02,63,Electricity+Water,Residential,Apartment,1,1,3,High,Rent,0
CUST0001743,Customer_1743,49,Male,Northeast,2015-12-02,109,Gas,Residential,Condo,0,0,2,Low,Rent,0
CUST0001744,Customer_1744,65,Female,Midwest,2010-08-01,173,Electricity+Gas,Residential,Apartment,1,0,2,High,Own,0
CUST0001745,Customer_1745,34,Male,Southeast,2023-06-02,19,Electricity,Residential,Apartment,1,1,1,Medium,Own,0
CUST0001746,Customer_1746,51,Male,Southeast,2024-02-01,11,Electricity+Water,Residential,Townhouse,1,0,3,Medium,Rent,1
CUST0001747,Customer_1747,62,Male,Gulf Coast,2021-10-01,39,Electricity,Commercial,Condo,1,1,1,Medium,Rent,1
CUST0001748,Customer_1748,55,Male,Southeast,2019-01-01,72,Water,Residential,Apartment,1,1,6,Medium-High,Own,1
CUST0001749,Customer_1749,50,Female,Northeast,2023-10-02,15,Electricity,Residential,Single Family,1,0,1,Medium-Low,Own,0
CUST0001750,Customer_1750,63,Female,Northeast,2024-12-01,1,Electricity,Commercial,Single Family,0,1,1,Low,Own,1
CUST0001751,Customer_1751,18,Female,West,2022-12-01,25,Electricity,Residential,Single Family,0,1,2,Medium,Own,1
CUST0001752,Customer_1752,58,Female,West,2007-09-01,208,Electricity+Gas,Residential,Single Family,1,0,1,Medium,Rent,0
CUST0001753,Customer_1753,38,Male,Northeast,2019-01-31,71,Electricity,Residential,Apartment,1,0,3,Medium,Own,1
CUST0001754,Customer_1754,20,Female,Southeast,2022-07-02,30,Electricity,Commercial,Condo,0,1,1,Medium-High,Lease,0
CUST0001755,Customer_1755,55,Female,West,2024-01-01,12,Electricity,Small Business,Apartment,1,0,4,Low,Lease,1
CUST0001756,Customer_1756,68,Male,Southeast,2022-11-01,26,Electricity,Commercial,Single Family,0,1,1,High,Rent,0
CUST0001757,Customer_1757,45,Female,Gulf Coast,2024-02-01,11,Electricity+Gas,Small Business,Single Family,1,0,1,High,Rent,0
CUST0001758,Customer_1758,62,Other,Midwest,2024-07-02,6,Gas,Residential,Apartment,0,1,5,Low,Rent,0
CUST0001759,Customer_1759,72,Female,Southeast,2013-03-02,142,Electricity,Residential,Townhouse,1,0,3,Medium-Low,Rent,0
CUST0001760,Customer_1760,67,Female,Gulf Coast,1994-12-31,360,Electricity+Gas,Commercial,Condo,1,0,4,Medium,Own,0
CUST0001761,Customer_1761,72,Male,Southeast,2024-03-02,10,Water,Residential,Mobile Home,1,0,2,Medium-Low,Own,1
CUST0001762,Customer_1762,59,Male,Southeast,2024-10-01,3,Electricity+Gas,Residential,Condo,1,0,3,Medium,Own,0
CUST0001763,Customer_1763,49,Male,Southeast,2023-01-01,24,Electricity+Water,Residential,Apartment,1,1,3,Medium-Low,Lease,0
CUST0001764,Customer_1764,23,Female,West,2021-12-01,37,Electricity,Residential,Townhouse,1,1,2,Medium-High,Rent,0
CUST0001765,Customer_1765,44,Female,Northeast,2023-12-02,13,Water,Residential,Single Family,0,1,7,Medium-Low,Own,0
CUST0001766,Customer_1766,35,Other,Southeast,2023-04-02,21,Electricity+Gas,Residential,Single Family,1,1,3,Medium,Own,0
CUST0001767,Customer_1767,80,Male,Northeast,2023-12-02,13,Electricity+Gas,Residential,Single Family,0,0,6,Medium,Rent,0
CUST0001768,Customer_1768,45,Male,West,2017-08-01,89,Electricity+Gas,Residential,Single Family,0,1,1,High,Own,0
CUST0001769,Customer_1769,49,Female,Southeast,2018-11-01,74,Electricity,Residential,Single Family,0,1,4,Medium,Own,0
CUST0001770,Customer_1770,56,Female,Southeast,2020-01-01,60,Electricity,Residential,Condo,1,1,1,Low,Rent,1
CUST0001771,Customer_1771,48,Male,Southwest,2022-08-02,29,Electricity+Gas,Residential,Apartment,0,1,1,Medium-Low,Own,1
CUST0001772,Customer_1772,73,Female,West,2013-01-31,143,Electricity,Residential,Condo,1,0,1,Medium,Own,0
CUST0001773,Customer_1773,38,Female,West,2007-08-02,209,Electricity+Gas,Commercial,Mobile Home,0,0,3,Medium-High,Lease,1
CUST0001774,Customer_1774,50,Female,Southeast,2024-02-01,11,Electricity+Gas,Residential,Mobile Home,0,0,3,Medium,Rent,1
CUST0001775,Customer_1775,36,Female,West,2023-10-02,15,Gas,Residential,Mobile Home,1,1,1,Medium,Own,0
CUST0001776,Customer_1776,28,Male,Midwest,2021-05-02,44,Electricity,Residential,Townhouse,0,0,1,Medium-High,Lease,0
CUST0001777,Customer_1777,38,Other,Northeast,2024-08-01,5,Electricity,Residential,Apartment,0,1,2,Low,Lease,1
CUST0001778,Customer_1778,47,Female,West,2022-03-03,34,Electricity,Residential,Apartment,0,0,1,Medium-High,Own,0
CUST0001779,Customer_1779,41,Male,Midwest,2020-09-01,52,Electricity,Commercial,Condo,1,1,2,Medium-High,Own,0
CUST0001780,Customer_1780,37,Male,Southwest,2021-05-02,44,Electricity,Residential,Condo,1,1,2,Medium-High,Own,0
CUST0001781,Customer_1781,26,Female,Gulf Coast,2023-01-01,24,Electricity,Small Business,Mobile Home,1,1,3,High,Lease,1
CUST0001782,Customer_1782,46,Male,Southwest,2021-03-02,46,Electricity,Commercial,Townhouse,0,0,3,Medium-Low,Rent,1
CUST0001783,Customer_1783,25,Male,Northeast,2009-01-30,191,Electricity,Residential,Apartment,1,0,8,Medium,Own,1
CUST0001784,Customer_1784,59,Female,Gulf Coast,2023-12-02,13,Electricity+Water,Residential,Mobile Home,1,1,7,Medium-Low,Own,0
CUST0001785,Customer_1785,49,Male,Southeast,2019-10-02,63,Electricity+Water,Residential,Mobile Home,1,1,1,Medium-Low,Rent,1
CUST0001786,Customer_1786,26,Female,Midwest,2024-11-01,2,Electricity,Residential,Apartment,1,0,3,Medium-Low,Own,0
CUST0001787,Customer_1787,43,Male,Southeast,2024-09-01,4,Electricity,Small Business,Apartment,1,1,5,Medium-High,Rent,1
CUST0001788,Customer_1788,36,Female,Southeast,2020-12-31,48,Gas,Small Business,Condo,0,0,3,Low,Own,1
CUST0001789,Customer_1789,52,Male,West,2024-07-02,6,Electricity,Residential,Apartment,0,1,1,Medium-Low,Own,0
CUST0001790,Customer_1790,68,Male,Midwest,2024-12-01,1,Electricity+Gas,Residential,Condo,1,1,1,Medium,Own,1
CUST0001791,Customer_1791,19,Male,Southwest,2024-02-01,11,Gas,Residential,Single Family,1,1,7,Medium-High,Lease,1
CUST0001792,Customer_1792,49,Female,West,2020-12-01,49,Electricity,Residential,Apartment,0,1,3,Medium,Lease,0
CUST0001793,Customer_1793,45,Female,Southeast,2019-01-01,72,Water,Residential,Apartment,1,0,2,Low,Lease,0
CUST0001794,Customer_1794,58,Male,Southwest,2023-12-02,13,Water,Small Business,Townhouse,0,1,5,Medium,Lease,1
CUST0001795,Customer_1795,51,Female,West,2019-07-02,66,Electricity+Water,Residential,Single Family,1,1,2,Medium-Low,Own,0
CUST0001796,Customer_1796,36,Female,West,2024-01-01,12,Electricity,Small Business,Single Family,0,1,1,High,Rent,1
CUST0001797,Customer_1797,43,Other,Midwest,2020-04-01,57,Electricity+Water,Residential,Condo,1,1,1,High,Own,0
CUST0001798,Customer_1798,36,Male,Southeast,2022-06-02,31,Electricity+Gas,Small Business,Single Family,0,0,3,Low,Rent,1
CUST0001799,Customer_1799,64,Female,Midwest,2019-10-02,63,Electricity+Gas,Commercial,Single Family,1,0,2,Medium,Own,0
CUST0001800,Customer_1800,48,Male,Midwest,1998-07-02,318,Electricity+Water,Small Business,Townhouse,1,1,3,Medium-High,Own,1
CUST0001801,Customer_1801,76,Male,Southeast,2011-03-02,166,Electricity+Water,Residential,Apartment,1,1,5,Medium-Low,Own,1
CUST0001802,Customer_1802,47,Other,West,2024-12-01,1,Electricity+Gas,Residential,Condo,0,1,3,Medium,Own,1
CUST0001803,Customer_1803,37,Female,Northeast,2014-04-02,129,Electricity,Residential,Apartment,0,0,1,Medium-Low,Rent,0
CUST0001804,Customer_1804,25,Male,Gulf Coast,2024-09-01,4,Gas,Residential,Townhouse,0,0,2,Low,Rent,1
CUST0001805,Customer_1805,20,Male,West,2009-10-01,183,Electricity+Gas,Commercial,Apartment,0,1,7,High,Rent,0
CUST0001806,Customer_1806,24,Female,Southeast,2023-06-02,19,Water,Residential,Mobile Home,0,1,3,Medium,Own,1
CUST0001807,Customer_1807,52,Female,Northeast,2022-09-01,28,Electricity+Gas,Residential,Single Family,1,1,2,Medium-High,Rent,0
CUST0001808,Customer_1808,55,Male,West,2024-08-01,5,Gas,Small Business,Single Family,1,1,3,Medium,Rent,1
CUST0001809,Customer_1809,24,Female,West,2024-06-01,7,Gas,Residential,Mobile Home,0,1,2,Medium-Low,Own,1
CUST0001810,Customer_1810,61,Male,Gulf Coast,2018-08-02,77,Electricity,Residential,Townhouse,0,0,2,Medium-Low,Own,1
CUST0001811,Customer_1811,40,Male,Southeast,2010-08-01,173,Electricity+Water,Residential,Townhouse,1,1,4,Medium-High,Rent,0
CUST0001812,Customer_1812,50,Female,Northeast,2020-05-02,56,Electricity,Residential,Single Family,1,0,5,Low,Rent,1
CUST0001813,Customer_1813,72,Male,Gulf Coast,2018-10-01,75,Electricity+Gas,Small Business,Apartment,0,1,1,Medium-Low,Own,0
CUST0001814,Customer_1814,61,Male,Southeast,2017-11-01,86,Electricity+Water,Small Business,Single Family,1,1,8,Medium-Low,Own,0
CUST0001815,Customer_1815,43,Female,West,2023-07-03,18,Gas,Residential,Single Family,1,1,1,Medium-Low,Own,0
CUST0001816,Customer_1816,34,Female,Northeast,2024-11-01,2,Water,Residential,Apartment,1,1,3,Low,Own,0
CUST0001817,Customer_1817,18,Male,West,2024-12-01,1,Water,Residential,Mobile Home,1,0,3,Medium-High,Own,1
CUST0001818,Customer_1818,37,Female,Northeast,2022-12-01,25,Electricity,Residential,Single Family,0,0,2,Medium-Low,Own,0
CUST0001819,Customer_1819,44,Female,West,2023-09-01,16,Gas,Residential,Single Family,1,1,1,Medium-High,Own,0
CUST0001820,Customer_1820,33,Male,Midwest,2024-10-01,3,Electricity+Gas,Small Business,Single Family,0,1,5,Medium-Low,Own,1
CUST0001821,Customer_1821,46,Female,Gulf Coast,2024-02-01,11,Gas,Residential,Townhouse,1,0,2,Medium,Rent,0
CUST0001822,Customer_1822,49,Male,Northeast,2024-06-01,7,Electricity+Gas,Residential,Apartment,0,1,3,Medium,Own,1
CUST0001823,Customer_1823,44,Male,Southeast,2012-10-01,147,Electricity+Gas,Residential,Single Family,0,0,8,Medium-High,Rent,1
CUST0001824,Customer_1824,38,Female,Northeast,2024-04-02,9,Electricity,Residential,Condo,0,1,2,Medium-High,Own,1
CUST0001825,Customer_1825,50,Other,Gulf Coast,2021-03-02,46,Gas,Residential,Single Family,0,1,2,Medium,Own,1
CUST0001826,Customer_1826,54,Male,Southwest,2020-08-01,53,Electricity,Residential,Single Family,0,0,2,Medium-High,Own,0
CUST0001827,Customer_1827,31,Male,Midwest,2021-01-31,47,Electricity,Residential,Single Family,1,0,4,Low,Own,0
CUST0001828,Customer_1828,69,Female,Northeast,2024-07-02,6,Electricity+Gas,Residential,Single Family,0,1,2,Medium,Lease,0
CUST0001829,Customer_1829,46,Male,Midwest,2023-01-31,23,Electricity+Gas,Residential,Single Family,1,1,2,Medium,Own,0
CUST0001830,Customer_1830,48,Male,Southeast,2024-10-01,3,Electricity,Commercial,Single Family,1,1,4,Medium-Low,Own,0
CUST0001831,Customer_1831,58,Male,Southeast,2022-07-02,30,Water,Residential,Apartment,0,0,3,Medium,Own,0
CUST0001832,Customer_1832,51,Female,West,2024-01-01,12,Gas,Residential,Single Family,0,1,2,Medium,Own,1
CUST0001833,Customer_1833,62,Male,Northeast,2020-12-01,49,Electricity+Water,Residential,Single Family,1,1,2,Medium,Rent,0
CUST0001834,Customer_1834,52,Male,Southwest,2019-03-03,70,Gas,Residential,Single Family,1,0,1,Low,Own,0
CUST0001835,Customer_1835,38,Female,West,2021-04-02,45,Electricity,Residential,Single Family,1,1,3,Medium,Own,0
CUST0001836,Customer_1836,53,Female,Gulf Coast,2022-03-03,34,Water,Small Business,Single Family,1,1,1,Medium-High,Own,0
CUST0001837,Customer_1837,30,Female,West,2022-08-02,29,Electricity+Gas,Small Business,Single Family,1,0,2,Medium,Own,0
CUST0001838,Customer_1838,49,Male,Southeast,2015-11-01,110,Gas,Residential,Mobile Home,1,1,1,Medium,Rent,1
CUST0001839,Customer_1839,47,Female,Southwest,2023-11-01,14,Gas,Residential,Apartment,0,0,2,High,Own,1
CUST0001840,Customer_1840,44,Male,Northeast,2018-06-02,79,Electricity,Residential,Townhouse,1,1,5,Medium-High,Own,1
CUST0001841,Customer_1841,46,Male,Northeast,2017-12-01,85,Electricity,Residential,Condo,0,0,4,High,Own,0
CUST0001842,Customer_1842,19,Female,Southwest,2022-05-02,32,Electricity,Residential,Townhouse,0,0,2,Low,Own,0
CUST0001843,Customer_1843,39,Male,Gulf Coast,2023-04-02,21,Electricity+Gas,Commercial,Townhouse,0,1,1,Medium,Lease,0
CUST0001844,Customer_1844,49,Male,Northeast,2021-11-01,38,Electricity+Water,Residential,Apartment,1,1,2,Medium-Low,Own,0
CUST0001845,Customer_1845,50,Male,Northeast,2024-08-01,5,Water,Small Business,Apartment,1,1,1,Medium,Rent,1
CUST0001846,Customer_1846,32,Male,Southwest,2024-11-01,2,Electricity,Residential,Mobile Home,0,1,1,Medium,Own,0
CUST0001847,Customer_1847,66,Male,Southeast,2024-06-01,7,Electricity+Water,Residential,Single Family,1,1,1,Medium,Own,1
CUST0001848,Customer_1848,35,Other,Southwest,2024-01-01,12,Gas,Residential,Single Family,0,1,4,Medium,Own,1
CUST0001849,Customer_1849,62,Male,Southeast,2021-07-02,42,Electricity,Small Business,Single Family,0,1,3,Medium-High,Rent,1
CUST0001850,Customer_1850,54,Male,Northeast,2015-08-02,113,Water,Residential,Condo,1,1,5,Medium,Rent,1
CUST0001851,Customer_1851,38,Male,Midwest,2023-09-01,16,Electricity,Residential,Apartment,0,0,2,Medium-High,Rent,1
CUST0001852,Customer_1852,74,Female,Gulf Coast,2011-05-02,164,Electricity,Commercial,Condo,0,1,3,High,Own,1
CUST0001853,Customer_1853,30,Female,West,2009-08-01,185,Electricity,Commercial,Apartment,0,1,2,Medium-High,Rent,0
CUST0001854,Customer_1854,61,Male,West,2009-01-30,191,Gas,Commercial,Apartment,0,1,1,Medium-Low,Own,0
CUST0001855,Customer_1855,63,Female,Southeast,2015-12-02,109,Electricity,Residential,Apartment,0,0,4,Medium-Low,Lease,1
CUST0001856,Customer_1856,37,Male,Gulf Coast,2022-10-02,27,Water,Commercial,Apartment,0,0,1,Medium-Low,Own,0
CUST0001857,Customer_1857,68,Male,Southeast,2024-09-01,4,Gas,Small Business,Townhouse,1,1,1,Medium-Low,Own,0
CUST0001858,Customer_1858,44,Male,Gulf Coast,2020-10-31,50,Gas,Commercial,Single Family,0,1,1,Medium-High,Own,0
CUST0001859,Customer_1859,52,Male,Midwest,2020-12-01,49,Electricity,Commercial,Apartment,1,1,3,Low,Own,0
CUST0001860,Customer_1860,51,Male,Southeast,2015-08-02,113,Water,Commercial,Single Family,1,1,5,Medium-High,Own,1
CUST0001861,Customer_1861,45,Female,Southeast,1997-06-01,331,Gas,Residential,Apartment,0,1,2,Medium-High,Own,0
CUST0001862,Customer_1862,60,Male,Southwest,2021-07-02,42,Gas,Residential,Apartment,1,1,3,Medium,Own,0
CUST0001863,Customer_1863,59,Female,Northeast,2022-12-01,25,Water,Small Business,Condo,0,1,2,Medium-Low,Rent,1
CUST0001864,Customer_1864,21,Male,Gulf Coast,2024-01-01,12,Electricity,Residential,Condo,0,0,3,Low,Own,1
CUST0001865,Customer_1865,67,Male,Southeast,2024-12-01,1,Gas,Residential,Apartment,1,1,1,Medium-Low,Own,0
CUST0001866,Customer_1866,23,Male,Southeast,2021-07-02,42,Electricity+Gas,Small Business,Single Family,1,1,3,Low,Rent,0
CUST0001867,Customer_1867,63,Female,Southeast,2020-12-31,48,Gas,Residential,Condo,0,1,1,Medium-High,Own,1
CUST0001868,Customer_1868,64,Male,Northeast,2016-05-02,104,Electricity,Residential,Single Family,0,0,1,Medium,Rent,1
CUST0001869,Customer_1869,31,Female,West,2021-07-02,42,Electricity,Residential,Apartment,0,1,3,Medium-Low,Rent,1
CUST0001870,Customer_1870,41,Male,Southwest,2012-08-31,148,Electricity,Residential,Single Family,1,1,4,Low,Own,0
CUST0001871,Customer_1871,31,Male,West,2020-02-01,59,Electricity+Water,Small Business,Single Family,1,1,6,Medium,Own,0
CUST0001872,Customer_1872,44,Male,Northeast,2015-11-01,110,Electricity,Commercial,Apartment,0,1,1,Medium-High,Own,1
CUST0001873,Customer_1873,43,Male,Gulf Coast,2024-04-02,9,Electricity,Small Business,Single Family,0,1,3,Medium-High,Own,0
CUST0001874,Customer_1874,59,Male,Southeast,2015-05-02,116,Water,Small Business,Mobile Home,0,0,1,Medium-Low,Rent,1
CUST0001875,Customer_1875,67,Male,Gulf Coast,2019-06-02,67,Gas,Residential,Apartment,1,1,3,High,Lease,0
CUST0001876,Customer_1876,68,Female,Northeast,2024-02-01,11,Gas,Residential,Apartment,1,1,3,Medium,Rent,0
CUST0001877,Customer_1877,39,Male,West,2024-01-01,12,Electricity+Gas,Small Business,Single Family,0,1,3,Medium-Low,Own,0
CUST0001878,Customer_1878,44,Female,Southwest,2012-01-01,156,Electricity+Gas,Small Business,Single Family,0,1,5,Medium-Low,Lease,0
CUST0001879,Customer_1879,22,Male,Southeast,2024-12-01,1,Electricity+Gas,Residential,Townhouse,0,1,1,Low,Rent,0
CUST0001880,Customer_1880,35,Female,Northeast,2021-12-01,37,Electricity,Small Business,Townhouse,0,1,3,Medium,Rent,1
CUST0001881,Customer_1881,62,Female,Southwest,2023-03-03,22,Water,Commercial,Apartment,1,1,5,Medium-High,Own,0
CUST0001882,Customer_1882,72,Male,Northeast,2019-08-02,65,Electricity,Residential,Apartment,0,1,1,Medium,Own,0
CUST0001883,Customer_1883,29,Male,Midwest,2015-12-02,109,Electricity,Residential,Apartment,1,1,1,Medium-High,Own,0
CUST0001884,Customer_1884,39,Female,Southwest,2022-11-01,26,Electricity,Residential,Townhouse,1,1,1,Medium,Own,1
CUST0001885,Customer_1885,47,Female,West,2022-04-02,33,Water,Residential,Townhouse,0,1,4,High,Own,0
CUST0001886,Customer_1886,52,Male,Gulf Coast,2004-12-31,240,Electricity+Gas,Commercial,Townhouse,1,1,1,Medium-High,Lease,0
CUST0001887,Customer_1887,35,Male,Southeast,2017-06-01,91,Water,Commercial,Condo,0,1,3,Low,Rent,1
CUST0001888,Customer_1888,54,Female,Southeast,2013-09-01,136,Electricity+Gas,Residential,Apartment,0,1,3,Low,Rent,0
CUST0001889,Customer_1889,40,Male,Southeast,2022-03-03,34,Electricity,Small Business,Single Family,1,0,4,Medium-High,Own,1
CUST0001890,Customer_1890,47,Female,West,2023-09-01,16,Electricity,Small Business,Apartment,1,0,5,Medium-Low,Own,1
CUST0001891,Customer_1891,56,Male,Gulf Coast,2022-06-02,31,Electricity+Gas,Residential,Apartment,0,1,4,Medium-Low,Own,0
CUST0001892,Customer_1892,48,Male,Gulf Coast,2018-10-01,75,Electricity,Residential,Single Family,0,1,1,Medium-High,Own,0
CUST0001893,Customer_1893,41,Female,Gulf Coast,2024-07-02,6,Electricity,Small Business,Apartment,0,1,6,High,Own,1
CUST0001894,Customer_1894,46,Female,Gulf Coast,2023-07-03,18,Electricity+Water,Small Business,Townhouse,0,1,3,Medium-High,Own,1
CUST0001895,Customer_1895,46,Male,Gulf Coast,2024-11-01,2,Electricity+Gas,Residential,Townhouse,0,1,4,Medium-High,Own,1
CUST0001896,Customer_1896,42,Male,Southeast,2022-04-02,33,Electricity,Residential,Condo,0,0,3,Low,Own,1
CUST0001897,Customer_1897,44,Female,Gulf Coast,2016-04-01,105,Water,Residential,Condo,1,1,2,Low,Own,0
CUST0001898,Customer_1898,71,Female,West,2024-12-01,1,Electricity+Gas,Small Business,Single Family,1,1,1,Medium,Own,1
CUST0001899,Customer_1899,56,Male,Northeast,2019-06-02,67,Electricity,Residential,Apartment,0,1,2,Medium,Rent,1
CUST0001900,Customer_1900,43,Female,Northeast,2011-08-02,161,Gas,Residential,Apartment,1,1,1,Low,Rent,1
CUST0001901,Customer_1901,58,Female,Southeast,2023-09-01,16,Electricity,Small Business,Single Family,0,1,2,Medium-High,Rent,1
CUST0001902,Customer_1902,42,Female,West,2019-03-03,70,Electricity,Residential,Single Family,0,1,1,Medium,Own,0
CUST0001903,Customer_1903,65,Female,Southwest,2006-08-01,221,Electricity,Residential,Single Family,1,1,2,Medium,Rent,0
CUST0001904,Customer_1904,53,Male,Southeast,2008-08-31,196,Electricity+Water,Commercial,Single Family,1,1,2,Medium,Rent,0
CUST0001905,Customer_1905,46,Female,West,2023-09-01,16,Gas,Residential,Condo,0,1,4,Low,Lease,0
CUST0001906,Customer_1906,54,Female,Northeast,2024-07-02,6,Water,Residential,Single Family,0,1,3,Medium,Own,0
CUST0001907,Customer_1907,24,Male,West,2024-04-02,9,Electricity,Residential,Single Family,1,0,2,Medium-High,Rent,1
CUST0001908,Customer_1908,31,Male,West,2019-01-01,72,Electricity,Residential,Single Family,1,1,3,Medium-Low,Lease,0
CUST0001909,Customer_1909,30,Male,Gulf Coast,2018-08-02,77,Electricity+Water,Residential,Townhouse,0,1,2,Medium-High,Own,1
CUST0001910,Customer_1910,50,Female,Northeast,2019-06-02,67,Gas,Residential,Single Family,0,1,3,Medium-Low,Own,0
CUST0001911,Customer_1911,73,Male,Gulf Coast,2023-01-01,24,Electricity+Water,Residential,Single Family,1,0,1,Medium,Own,0
CUST0001912,Customer_1912,81,Female,Southeast,2024-02-01,11,Electricity,Residential,Single Family,0,0,2,Medium,Rent,1
CUST0001913,Customer_1913,57,Female,Midwest,2020-09-01,52,Electricity+Water,Residential,Single Family,0,1,1,Medium-Low,Own,1
CUST0001914,Customer_1914,55,Female,Midwest,2021-10-01,39,Gas,Residential,Single Family,0,1,2,Medium,Rent,1
CUST0001915,Customer_1915,20,Female,Southwest,2018-07-02,78,Electricity,Residential,Townhouse,1,1,3,Medium-High,Rent,0
CUST0001916,Customer_1916,39,Other,Gulf Coast,2022-03-03,34,Electricity+Gas,Residential,Single Family,0,1,4,Medium-High,Own,1
CUST0001917,Customer_1917,36,Male,Southwest,2023-01-01,24,Water,Residential,Single Family,1,1,4,High,Own,0
CUST0001918,Customer_1918,38,Female,Gulf Coast,2023-05-03,20,Electricity,Residential,Single Family,0,1,4,Medium-High,Lease,0
CUST0001919,Customer_1919,45,Male,Southeast,2023-11-01,14,Electricity+Water,Residential,Condo,1,0,2,High,Rent,0
CUST0001920,Customer_1920,40,Female,Southeast,2023-07-03,18,Electricity+Gas,Residential,Single Family,0,1,2,Medium,Rent,0
CUST0001921,Customer_1921,18,Male,Midwest,2024-08-01,5,Electricity,Small Business,Mobile Home,0,1,3,Medium,Own,1
CUST0001922,Customer_1922,59,Other,Southeast,2022-12-01,25,Electricity,Residential,Condo,1,0,2,Medium-Low,Rent,0
CUST0001923,Customer_1923,31,Female,Gulf Coast,2024-11-01,2,Gas,Residential,Apartment,1,0,1,Medium-Low,Lease,0
CUST0001924,Customer_1924,51,Female,West,2024-01-01,12,Electricity,Residential,Townhouse,1,0,3,Medium-Low,Rent,1
CUST0001925,Customer_1925,79,Male,Midwest,2018-03-02,82,Gas,Residential,Apartment,0,0,1,Medium-High,Own,0
CUST0001926,Customer_1926,34,Male,West,2023-01-31,23,Water,Residential,Apartment,1,1,2,Medium,Rent,1
CUST0001927,Customer_1927,18,Female,Midwest,2019-07-02,66,Electricity+Gas,Residential,Apartment,1,1,1,Medium-Low,Own,1
CUST0001928,Customer_1928,43,Male,Northeast,2018-10-01,75,Gas,Small Business,Apartment,1,0,3,Medium-High,Own,0
CUST0001929,Customer_1929,64,Female,Midwest,2020-09-01,52,Electricity,Small Business,Single Family,1,0,2,Medium,Rent,0
CUST0001930,Customer_1930,77,Male,Southwest,2009-01-30,191,Electricity+Water,Residential,Apartment,1,0,3,Low,Own,0
CUST0001931,Customer_1931,29,Female,Gulf Coast,2024-12-01,1,Electricity,Residential,Townhouse,0,1,4,Low,Own,1
CUST0001932,Customer_1932,55,Male,Northeast,2018-05-02,80,Electricity,Residential,Single Family,1,1,5,Low,Own,0
CUST0001933,Customer_1933,41,Female,Midwest,2009-01-30,191,Electricity+Gas,Small Business,Mobile Home,0,0,1,Medium-Low,Own,0
CUST0001934,Customer_1934,46,Female,Northeast,2015-03-03,118,Water,Residential,Single Family,1,1,1,Medium-High,Own,0
CUST0001935,Customer_1935,87,Male,Northeast,2024-02-01,11,Electricity+Water,Residential,Condo,1,1,5,Medium-High,Own,0
CUST0001936,Customer_1936,25,Male,Southwest,2023-01-31,23,Electricity+Water,Residential,Townhouse,1,1,2,Medium-Low,Own,0
CUST0001937,Customer_1937,51,Male,Southeast,2024-02-01,11,Electricity+Water,Commercial,Townhouse,1,0,1,Medium-Low,Own,1
CUST0001938,Customer_1938,55,Female,West,2020-06-01,55,Gas,Residential,Condo,1,1,1,Medium,Own,1
CUST0001939,Customer_1939,64,Female,Midwest,2018-11-01,74,Electricity,Residential,Condo,1,1,4,Medium-High,Own,0
CUST0001940,Customer_1940,49,Female,Southeast,2023-03-03,22,Electricity+Gas,Residential,Single Family,1,1,2,Medium-Low,Own,0
CUST0001941,Customer_1941,52,Female,Midwest,2021-03-02,46,Electricity,Residential,Townhouse,0,0,2,Medium,Rent,0
CUST0001942,Customer_1942,42,Male,Northeast,2019-03-03,70,Electricity,Residential,Single Family,1,1,4,Medium-High,Own,0
CUST0001943,Customer_1943,52,Male,Gulf Coast,2022-05-02,32,Electricity,Small Business,Apartment,0,1,6,Medium-High,Rent,1
CUST0001944,Customer_1944,42,Male,Northeast,2015-06-02,115,Electricity,Commercial,Mobile Home,1,0,2,Medium-High,Rent,1
CUST0001945,Customer_1945,57,Male,Northeast,2017-09-01,88,Gas,Small Business,Single Family,0,1,4,Medium-Low,Own,1
CUST0001946,Customer_1946,42,Other,Southwest,2024-09-01,4,Gas,Residential,Single Family,0,1,2,Medium,Own,0
CUST0001947,Customer_1947,53,Female,Gulf Coast,2020-03-02,58,Gas,Small Business,Apartment,1,0,3,Low,Rent,0
CUST0001948,Customer_1948,47,Male,Gulf Coast,2023-09-01,16,Water,Commercial,Single Family,0,0,1,Medium,Own,1
CUST0001949,Customer_1949,64,Female,Southeast,2020-12-31,48,Electricity+Gas,Residential,Single Family,1,0,1,Medium-Low,Own,0
CUST0001950,Customer_1950,47,Female,Southeast,2009-05-02,188,Electricity+Water,Residential,Apartment,0,0,1,Medium-High,Rent,0
CUST0001951,Customer_1951,21,Male,Southwest,2014-07-02,126,Gas,Commercial,Apartment,0,0,3,Low,Own,0
CUST0001952,Customer_1952,66,Male,West,2022-06-02,31,Electricity,Residential,Apartment,1,1,4,Medium,Rent,0
CUST0001953,Customer_1953,34,Male,Southeast,2023-05-03,20,Electricity,Residential,Apartment,1,1,1,Medium-High,Own,0
CUST0001954,Customer_1954,38,Female,Midwest,2023-09-01,16,Electricity+Gas,Residential,Mobile Home,1,0,1,Medium-High,Rent,1
CUST0001955,Customer_1955,39,Other,Northeast,2021-04-02,45,Water,Residential,Mobile Home,0,1,1,Medium,Rent,0
CUST0001956,Customer_1956,68,Female,Northeast,2024-06-01,7,Electricity,Small Business,Townhouse,1,0,3,Medium,Own,1
CUST0001957,Customer_1957,18,Male,Southwest,2021-01-31,47,Electricity+Water,Residential,Single Family,0,1,1,Medium-High,Own,0
CUST0001958,Customer_1958,90,Male,Northeast,2024-12-01,1,Electricity+Gas,Residential,Single Family,1,0,2,Medium-Low,Rent,1
CUST0001959,Customer_1959,63,Female,Southeast,2023-01-31,23,Electricity,Residential,Condo,1,1,5,Medium,Rent,0
CUST0001960,Customer_1960,51,Female,Southeast,2023-11-01,14,Electricity+Gas,Small Business,Apartment,1,0,2,Medium-High,Own,0
CUST0001961,Customer_1961,47,Female,Midwest,2007-05-02,212,Electricity+Gas,Small Business,Mobile Home,1,1,2,Medium-Low,Own,1
CUST0001962,Customer_1962,52,Female,Northeast,2018-08-02,77,Electricity,Residential,Apartment,1,1,4,High,Own,0
CUST0001963,Customer_1963,55,Male,Midwest,2022-12-01,25,Gas,Residential,Condo,1,1,2,Medium-Low,Rent,1
CUST0001964,Customer_1964,57,Female,Gulf Coast,2024-08-01,5,Water,Residential,Single Family,1,1,4,Low,Rent,1
CUST0001965,Customer_1965,56,Female,Northeast,2021-06-02,43,Electricity+Gas,Residential,Apartment,0,0,3,Medium-Low,Rent,1
CUST0001966,Customer_1966,49,Male,Southwest,2023-11-01,14,Electricity,Residential,Townhouse,0,1,2,Low,Rent,1
CUST0001967,Customer_1967,45,Female,West,2021-03-02,46,Electricity+Water,Small Business,Condo,0,1,7,Medium-Low,Rent,0
CUST0001968,Customer_1968,45,Male,Southeast,2016-01-01,108,Electricity,Residential,Apartment,1,0,1,Low,Own,0
CUST0001969,Customer_1969,45,Male,Northeast,2020-04-01,57,Electricity,Residential,Single Family,1,1,4,Medium,Own,0
CUST0001970,Customer_1970,65,Male,Northeast,2020-01-01,60,Gas,Small Business,Condo,1,1,1,Medium-High,Own,1
CUST0001971,Customer_1971,56,Male,Southwest,2021-03-02,46,Electricity+Water,Residential,Apartment,1,0,3,Low,Rent,0
CUST0001972,Customer_1972,18,Male,Southwest,2011-12-01,157,Electricity+Gas,Residential,Single Family,1,1,1,Medium,Own,1
CUST0001973,Customer_1973,57,Male,Southeast,2011-08-02,161,Electricity+Gas,Residential,Apartment,0,1,2,Low,Rent,1
CUST0001974,Customer_1974,50,Female,West,2021-06-02,43,Electricity+Water,Residential,Townhouse,0,0,1,Medium-High,Own,1
CUST0001975,Customer_1975,47,Male,West,2023-04-02,21,Water,Commercial,Apartment,0,0,8,High,Rent,0
CUST0001976,Customer_1976,42,Male,Southeast,2022-01-01,36,Electricity,Small Business,Condo,0,1,2,Medium,Lease,0
CUST0001977,Customer_1977,64,Male,West,2024-01-01,12,Water,Residential,Apartment,0,0,1,Medium-High,Own,0
CUST0001978,Customer_1978,62,Female,Southeast,2020-01-01,60,Electricity+Gas,Residential,Apartment,1,1,5,Medium,Own,0
CUST0001979,Customer_1979,36,Male,West,2021-08-01,41,Electricity,Residential,Single Family,0,0,3,Medium-Low,Rent,0
CUST0001980,Customer_1980,54,Male,Northeast,2024-07-02,6,Electricity,Small Business,Apartment,0,0,1,Medium-Low,Own,0
CUST0001981,Customer_1981,33,Female,West,2023-12-02,13,Electricity+Gas,Commercial,Single Family,1,0,1,Medium-High,Own,1
CUST0001982,Customer_1982,27,Female,Southeast,2021-10-01,39,Electricity,Residential,Single Family,1,1,3,Medium,Rent,0
CUST0001983,Customer_1983,38,Female,Southwest,2014-01-31,131,Electricity,Commercial,Single Family,1,0,4,High,Rent,0
CUST0001984,Customer_1984,60,Female,Northeast,2020-10-31,50,Electricity+Gas,Residential,Single Family,0,0,2,High,Rent,1
CUST0001985,Customer_1985,62,Male,West,2019-05-03,68,Electricity+Water,Residential,Single Family,1,1,2,Medium-Low,Lease,0
CUST0001986,Customer_1986,55,Female,Northeast,2023-01-01,24,Electricity,Residential,Apartment,1,0,4,Medium,Lease,0
CUST0001987,Customer_1987,58,Male,Northeast,2020-10-31,50,Gas,Small Business,Single Family,0,1,3,Medium,Rent,0
CUST0001988,Customer_1988,55,Male,Southeast,2022-01-31,35,Electricity+Gas,Residential,Single Family,1,1,5,Medium-High,Own,0
CUST0001989,Customer_1989,38,Male,Northeast,2019-09-01,64,Electricity+Gas,Small Business,Mobile Home,0,0,6,Medium,Own,0
CUST0001990,Customer_1990,54,Female,West,2024-10-01,3,Electricity+Water,Residential,Apartment,1,1,1,Medium,Rent,0
CUST0001991,Customer_1991,60,Male,Gulf Coast,2021-09-01,40,Electricity+Gas,Small Business,Apartment,1,0,3,Medium,Rent,0
CUST0001992,Customer_1992,59,Female,West,2023-04-02,21,Electricity+Gas,Residential,Single Family,0,1,1,Medium-Low,Own,0
CUST0001993,Customer_1993,65,Female,Gulf Coast,2023-01-31,23,Electricity+Water,Residential,Apartment,0,1,2,High,Own,1
CUST0001994,Customer_1994,58,Male,Northeast,2008-10-31,194,Electricity,Residential,Apartment,0,1,2,Low,Rent,1
CUST0001995,Customer_1995,53,Female,Northeast,2024-01-01,12,Electricity,Small Business,Apartment,1,1,3,Low,Own,0
CUST0001996,Customer_1996,64,Female,Southwest,2023-03-03,22,Electricity+Gas,Small Business,Single Family,0,1,2,Medium,Lease,0
CUST0001997,Customer_1997,47,Female,Gulf Coast,2021-07-02,42,Gas,Residential,Townhouse,0,1,1,Medium-Low,Rent,0
CUST0001998,Customer_1998,34,Male,Southwest,2015-01-31,119,Electricity,Residential,Mobile Home,0,1,2,Medium,Rent,0
CUST0001999,Customer_1999,45,Female,Southeast,2022-05-02,32,Electricity,Small Business,Condo,0,1,1,Low,Own,0
CUST0002000,Customer_2000,36,Male,Northeast,2018-04-02,81,Electricity+Gas,Residential,Single Family,1,0,3,Medium,Rent,0
CUST0002001,Customer_2001,37,Female,Northeast,2015-05-02,116,Electricity+Water,Commercial,Townhouse,1,1,1,Medium-Low,Rent,0
CUST0002002,Customer_2002,45,Female,Southeast,2023-03-03,22,Electricity,Commercial,Single Family,0,0,1,Medium-Low,Own,1
CUST0002003,Customer_2003,36,Male,West,2022-08-02,29,Electricity+Gas,Residential,Apartment,0,0,6,Medium,Own,1
CUST0002004,Customer_2004,43,Female,Northeast,2022-11-01,26,Electricity,Residential,Apartment,1,1,5,Medium-High,Rent,0
CUST0002005,Customer_2005,19,Female,Gulf Coast,2016-01-31,107,Electricity+Gas,Small Business,Apartment,1,1,1,Medium,Own,0
CUST0002006,Customer_2006,51,Female,Gulf Coast,2024-11-01,2,Electricity+Gas,Residential,Apartment,0,0,2,Medium-Low,Rent,0
CUST0002007,Customer_2007,48,Male,Gulf Coast,2023-03-03,22,Electricity+Water,Residential,Townhouse,0,0,2,Medium,Rent,0
CUST0002008,Customer_2008,35,Male,Gulf Coast,2019-05-03,68,Electricity,Residential,Townhouse,0,0,5,High,Own,1
CUST0002009,Customer_2009,57,Other,Northeast,2020-10-31,50,Gas,Commercial,Single Family,0,0,3,Medium,Rent,0
CUST0002010,Customer_2010,62,Female,Gulf Coast,2022-03-03,34,Electricity,Small Business,Townhouse,1,1,3,Medium,Rent,0
CUST0002011,Customer_2011,23,Female,Southeast,2021-03-02,46,Electricity+Gas,Residential,Condo,0,0,4,High,Own,1
CUST0002012,Customer_2012,36,Male,Gulf Coast,2023-12-02,13,Electricity+Water,Residential,Single Family,0,1,1,Low,Own,0
CUST0002013,Customer_2013,36,Male,Southeast,2022-04-02,33,Electricity+Water,Residential,Single Family,1,0,4,Medium-High,Own,1
CUST0002014,Customer_2014,33,Female,Midwest,2021-08-01,41,Gas,Small Business,Townhouse,1,0,4,Medium-Low,Own,1
CUST0002015,Customer_2015,60,Female,Northeast,2013-07-02,138,Water,Residential,Apartment,0,1,2,Medium-High,Own,0
CUST0002016,Customer_2016,45,Male,Northeast,2023-07-03,18,Electricity,Residential,Townhouse,0,1,2,Low,Own,0
CUST0002017,Customer_2017,44,Female,Gulf Coast,2014-12-01,121,Electricity,Residential,Apartment,1,0,1,High,Own,0
CUST0002018,Customer_2018,18,Female,West,2019-11-01,62,Electricity+Water,Residential,Mobile Home,1,1,2,Medium-High,Rent,1
CUST0002019,Customer_2019,57,Male,Midwest,2024-12-01,1,Electricity,Residential,Mobile Home,1,0,2,Medium-Low,Rent,0
CUST0002020,Customer_2020,29,Male,Midwest,2018-08-02,77,Electricity,Residential,Single Family,0,1,5,Medium-High,Lease,0
CUST0002021,Customer_2021,48,Male,West,2024-11-01,2,Gas,Residential,Single Family,0,0,2,High,Own,0
CUST0002022,Customer_2022,52,Female,Southeast,1995-05-02,356,Gas,Residential,Apartment,0,1,3,Low,Own,0
CUST0002023,Customer_2023,68,Male,West,2014-10-01,123,Electricity,Commercial,Single Family,0,0,5,High,Own,1
CUST0002024,Customer_2024,28,Male,Midwest,2023-04-02,21,Water,Small Business,Apartment,0,1,4,Medium-Low,Own,0
CUST0002025,Customer_2025,18,Female,Southwest,2023-08-02,17,Gas,Residential,Townhouse,1,1,2,Low,Rent,1
CUST0002026,Customer_2026,50,Male,Gulf Coast,2022-09-01,28,Gas,Commercial,Condo,1,0,5,Low,Own,0
CUST0002027,Customer_2027,75,Male,Midwest,2022-11-01,26,Electricity,Small Business,Condo,1,1,1,Medium-High,Own,1
CUST0002028,Customer_2028,66,Male,Midwest,2022-10-02,27,Electricity+Gas,Residential,Single Family,1,1,1,High,Rent,1
CUST0002029,Customer_2029,51,Female,Gulf Coast,2023-03-03,22,Water,Residential,Townhouse,1,1,1,Medium-High,Own,1
CUST0002030,Customer_2030,40,Female,Gulf Coast,2020-03-02,58,Electricity+Water,Commercial,Apartment,1,1,4,Medium,Own,1
CUST0002031,Customer_2031,60,Male,Gulf Coast,2024-03-02,10,Electricity+Water,Residential,Single Family,1,1,3,High,Rent,0
CUST0002032,Customer_2032,33,Female,Southwest,2015-09-01,112,Gas,Small Business,Apartment,0,0,4,Medium,Rent,1
CUST0002033,Customer_2033,55,Female,Southeast,2016-08-31,100,Electricity+Water,Residential,Condo,0,1,3,Low,Own,0
CUST0002034,Customer_2034,55,Male,Southeast,2021-11-01,38,Electricity,Small Business,Apartment,1,1,1,Medium-Low,Rent,0
CUST0002035,Customer_2035,63,Male,Northeast,2015-07-02,114,Electricity,Residential,Mobile Home,1,0,5,High,Own,0
CUST0002036,Customer_2036,89,Male,West,2023-08-02,17,Water,Residential,Apartment,1,0,1,Medium,Own,0
CUST0002037,Customer_2037,53,Male,Southeast,2024-12-01,1,Electricity,Small Business,Apartment,1,1,6,Medium-Low,Own,1
CUST0002038,Customer_2038,40,Female,Southwest,2020-04-01,57,Electricity,Small Business,Single Family,1,1,3,Medium,Rent,1
CUST0002039,Customer_2039,47,Female,Gulf Coast,2022-01-01,36,Electricity+Water,Residential,Single Family,1,1,4,Medium,Own,1
CUST0002040,Customer_2040,21,Male,Gulf Coast,2020-10-31,50,Water,Residential,Apartment,1,0,1,Low,Rent,1
CUST0002041,Customer_2041,37,Male,Northeast,2013-08-01,137,Electricity,Residential,Apartment,1,0,1,Medium-Low,Lease,1
CUST0002042,Customer_2042,41,Male,Southeast,2007-07-02,210,Water,Residential,Apartment,1,1,2,Low,Rent,1
CUST0002043,Customer_2043,40,Female,West,2020-01-01,60,Water,Residential,Apartment,0,0,7,Medium-Low,Rent,0
CUST0002044,Customer_2044,50,Male,Midwest,2017-11-01,86,Electricity+Water,Residential,Condo,1,1,3,Medium-High,Own,0
CUST0002045,Customer_2045,35,Female,West,2024-08-01,5,Electricity+Gas,Residential,Single Family,1,1,4,Medium-Low,Own,1
CUST0002046,Customer_2046,64,Male,Gulf Coast,2024-03-02,10,Electricity+Gas,Small Business,Apartment,1,0,3,Medium,Own,0
CUST0002047,Customer_2047,48,Female,Midwest,2018-06-02,79,Water,Residential,Townhouse,0,1,4,Medium-High,Own,1
CUST0002048,Customer_2048,47,Female,Southeast,2022-04-02,33,Electricity+Gas,Residential,Single Family,1,1,1,Medium,Own,0
CUST0002049,Customer_2049,43,Male,Midwest,2022-01-31,35,Electricity+Gas,Commercial,Mobile Home,0,1,2,Low,Rent,0
CUST0002050,Customer_2050,50,Female,Southwest,2023-03-03,22,Electricity+Gas,Small Business,Townhouse,1,1,3,Medium-Low,Own,0
CUST0002051,Customer_2051,60,Other,Southeast,2020-05-02,56,Gas,Residential,Single Family,1,1,1,Medium,Rent,0
CUST0002052,Customer_2052,34,Male,West,2024-01-01,12,Electricity+Water,Residential,Condo,0,1,3,Medium-Low,Own,0
CUST0002053,Customer_2053,38,Female,Gulf Coast,2020-02-01,59,Electricity,Small Business,Mobile Home,1,0,6,Medium,Own,1
CUST0002054,Customer_2054,43,Male,Southeast,2024-02-01,11,Electricity,Residential,Townhouse,1,1,3,Medium,Own,1
CUST0002055,Customer_2055,27,Female,Gulf Coast,2024-10-01,3,Water,Small Business,Apartment,1,1,1,Medium-Low,Own,0
CUST0002056,Customer_2056,35,Male,Southwest,2023-01-01,24,Electricity,Residential,Mobile Home,1,1,1,Medium-High,Lease,0
CUST0002057,Customer_2057,40,Female,Gulf Coast,2023-10-02,15,Electricity+Gas,Commercial,Single Family,1,1,4,Medium-Low,Own,0
CUST0002058,Customer_2058,61,Female,Northeast,2014-01-31,131,Electricity,Small Business,Apartment,1,1,2,Medium,Rent,0
CUST0002059,Customer_2059,51,Female,Southeast,2024-10-01,3,Electricity+Gas,Residential,Single Family,1,1,1,Medium-High,Rent,1
CUST0002060,Customer_2060,50,Female,Southeast,2024-02-01,11,Electricity+Water,Residential,Apartment,1,1,1,Medium,Own,1
CUST0002061,Customer_2061,60,Female,Southeast,2021-01-31,47,Electricity+Gas,Residential,Mobile Home,0,0,1,Medium,Lease,0
CUST0002062,Customer_2062,45,Male,Northeast,2021-10-01,39,Electricity,Residential,Townhouse,1,0,1,Medium-High,Own,0
CUST0002063,Customer_2063,53,Female,Gulf Coast,2024-11-01,2,Electricity+Water,Residential,Townhouse,0,1,2,Medium-High,Lease,1
CUST0002064,Customer_2064,46,Female,Midwest,2024-12-01,1,Electricity,Residential,Single Family,1,1,4,Medium-Low,Own,0
CUST0002065,Customer_2065,51,Female,Gulf Coast,2002-12-01,265,Gas,Residential,Mobile Home,1,1,1,Medium-High,Rent,0
CUST0002066,Customer_2066,39,Female,Southwest,2019-09-01,64,Gas,Residential,Single Family,1,1,3,Low,Rent,0
CUST0002067,Customer_2067,18,Female,Northeast,2022-10-02,27,Electricity+Water,Residential,Single Family,0,1,3,Medium-Low,Own,0
CUST0002068,Customer_2068,45,Female,Midwest,2021-11-01,38,Electricity,Small Business,Apartment,1,1,4,Medium,Own,0
CUST0002069,Customer_2069,69,Male,Gulf Coast,2023-07-03,18,Electricity+Gas,Residential,Single Family,1,1,3,Medium-High,Own,0
CUST0002070,Customer_2070,61,Male,Southwest,2022-12-01,25,Gas,Commercial,Single Family,0,0,2,Medium-Low,Own,0
CUST0002071,Customer_2071,62,Male,Northeast,2019-11-01,62,Electricity,Small Business,Mobile Home,1,1,2,Medium,Own,0
CUST0002072,Customer_2072,66,Male,Gulf Coast,2014-05-02,128,Electricity+Water,Commercial,Apartment,1,1,4,Low,Rent,1
CUST0002073,Customer_2073,49,Female,Southeast,2024-01-01,12,Electricity+Gas,Commercial,Mobile Home,1,1,2,Medium-Low,Own,0
CUST0002074,Customer_2074,50,Male,West,2015-11-01,110,Water,Residential,Apartment,1,1,4,Medium-Low,Own,0
CUST0002075,Customer_2075,38,Male,Midwest,2024-06-01,7,Electricity,Residential,Single Family,1,0,1,Medium-High,Own,1
CUST0002076,Customer_2076,43,Other,Southeast,2023-11-01,14,Water,Residential,Single Family,1,0,3,Low,Own,0
CUST0002077,Customer_2077,57,Male,Southeast,2024-11-01,2,Water,Residential,Condo,1,0,2,Low,Lease,0
CUST0002078,Customer_2078,66,Male,Gulf Coast,2024-04-02,9,Gas,Residential,Single Family,0,0,3,Medium,Own,0
CUST0002079,Customer_2079,45,Male,Gulf Coast,2012-08-01,149,Electricity+Gas,Small Business,Apartment,1,1,3,Medium,Own,1
CUST0002080,Customer_2080,41,Male,Midwest,2022-01-01,36,Electricity+Water,Residential,Single Family,1,1,6,Medium-Low,Own,0
CUST0002081,Customer_2081,48,Female,Southeast,2024-09-01,4,Water,Residential,Townhouse,1,0,1,Medium-Low,Own,1
CUST0002082,Customer_2082,57,Female,Northeast,2008-12-31,192,Gas,Residential,Single Family,1,1,2,High,Own,1
CUST0002083,Customer_2083,26,Female,Northeast,2014-07-02,126,Electricity+Gas,Commercial,Single Family,0,1,4,Medium,Own,1
CUST0002084,Customer_2084,18,Male,Midwest,2018-01-01,84,Water,Residential,Townhouse,1,0,3,Low,Own,0
CUST0002085,Customer_2085,39,Female,Southeast,2011-07-02,162,Electricity,Commercial,Single Family,0,0,3,Low,Rent,1
CUST0002086,Customer_2086,29,Male,Northeast,2023-11-01,14,Electricity+Gas,Residential,Apartment,1,1,2,Low,Own,0
CUST0002087,Customer_2087,40,Male,Midwest,2016-01-01,108,Electricity+Water,Small Business,Townhouse,1,1,5,Medium-Low,Own,1
CUST0002088,Customer_2088,45,Male,West,2019-03-03,70,Electricity+Water,Residential,Townhouse,0,1,1,Medium-High,Own,0
CUST0002089,Customer_2089,41,Male,Gulf Coast,2014-11-01,122,Water,Residential,Single Family,1,1,3,Medium-High,Own,0
CUST0002090,Customer_2090,69,Male,Southwest,2017-01-31,95,Electricity,Commercial,Townhouse,1,1,1,Medium-Low,Own,0
CUST0002091,Customer_2091,52,Male,West,2022-12-01,25,Electricity+Water,Residential,Mobile Home,1,1,1,Medium-High,Own,1
CUST0002092,Customer_2092,52,Other,Southeast,2017-08-01,89,Electricity+Gas,Residential,Apartment,0,1,3,Medium-High,Own,1
CUST0002093,Customer_2093,57,Male,Midwest,2023-07-03,18,Electricity,Residential,Townhouse,1,0,3,Medium,Rent,0
CUST0002094,Customer_2094,30,Male,West,2023-01-31,23,Electricity+Gas,Small Business,Condo,0,0,5,Medium,Own,0
CUST0002095,Customer_2095,63,Male,West,2024-07-02,6,Electricity+Water,Commercial,Condo,1,0,3,Medium-Low,Own,0
CUST0002096,Customer_2096,46,Female,Midwest,2011-05-02,164,Electricity,Small Business,Single Family,1,0,1,Medium-Low,Rent,0
CUST0002097,Customer_2097,58,Male,Midwest,2023-05-03,20,Electricity+Water,Residential,Mobile Home,1,0,4,Medium-Low,Own,1
CUST0002098,Customer_2098,31,Female,Gulf Coast,2021-05-02,44,Electricity+Water,Residential,Single Family,1,1,1,Medium-High,Rent,1
CUST0002099,Customer_2099,24,Other,Southwest,2022-08-02,29,Electricity,Residential,Mobile Home,1,0,6,Medium,Own,1
CUST0002100,Customer_2100,60,Male,Southwest,2008-12-01,193,Electricity+Water,Residential,Single Family,0,0,1,Medium-Low,Own,1
CUST0002101,Customer_2101,53,Male,West,2023-01-01,24,Electricity+Water,Residential,Apartment,1,1,1,Low,Rent,1
CUST0002102,Customer_2102,34,Male,Northeast,2017-07-02,90,Electricity,Small Business,Condo,1,1,6,Medium,Own,0
CUST0002103,Customer_2103,34,Female,Midwest,2015-05-02,116,Electricity,Residential,Single Family,1,0,2,Medium,Lease,0
CUST0002104,Customer_2104,64,Male,Gulf Coast,2022-03-03,34,Gas,Residential,Single Family,0,1,2,Medium-High,Rent,0
CUST0002105,Customer_2105,30,Male,Southeast,2022-09-01,28,Electricity,Residential,Apartment,0,1,2,Medium-High,Rent,1
CUST0002106,Customer_2106,72,Male,Southeast,2018-03-02,82,Water,Residential,Townhouse,1,1,3,Medium-High,Own,1
CUST0002107,Customer_2107,34,Female,Southwest,2012-10-31,146,Gas,Residential,Single Family,0,1,1,Medium,Rent,0
CUST0002108,Customer_2108,57,Male,Southeast,2018-01-01,84,Electricity+Water,Residential,Apartment,1,0,1,Medium-High,Own,0
CUST0002109,Customer_2109,43,Male,Southwest,2023-10-02,15,Electricity+Water,Residential,Apartment,1,1,1,Medium,Lease,1
CUST0002110,Customer_2110,57,Female,Northeast,2014-01-31,131,Electricity,Residential,Single Family,0,0,1,Medium-Low,Own,0
CUST0002111,Customer_2111,39,Female,Southwest,2022-08-02,29,Electricity+Gas,Residential,Apartment,1,0,1,Medium-Low,Rent,0
CUST0002112,Customer_2112,45,Female,Southwest,2020-10-01,51,Electricity+Gas,Residential,Single Family,1,0,2,Medium-Low,Rent,1
CUST0002113,Customer_2113,48,Male,Midwest,2016-03-02,106,Electricity+Gas,Small Business,Single Family,0,1,1,Medium-Low,Rent,1
CUST0002114,Customer_2114,32,Female,Southeast,2024-01-01,12,Gas,Residential,Townhouse,0,1,3,Medium,Own,0
CUST0002115,Customer_2115,59,Female,Southeast,2017-05-02,92,Electricity,Residential,Condo,0,1,1,Medium,Own,1
CUST0002116,Customer_2116,40,Male,Southeast,2020-07-02,54,Electricity,Residential,Apartment,0,1,7,Medium-Low,Rent,0
CUST0002117,Customer_2117,44,Female,Midwest,2013-11-01,134,Electricity,Small Business,Single Family,1,1,2,Medium-Low,Own,0
CUST0002118,Customer_2118,33,Male,Southeast,2024-02-01,11,Electricity+Water,Residential,Townhouse,1,0,2,Medium,Rent,1
CUST0002119,Customer_2119,18,Female,West,2022-05-02,32,Electricity,Commercial,Condo,0,0,2,Low,Lease,0
CUST0002120,Customer_2120,45,Male,West,2016-01-31,107,Electricity,Commercial,Apartment,1,1,2,Medium,Own,0
CUST0002121,Customer_2121,84,Female,Southeast,2024-12-01,1,Electricity+Gas,Residential,Apartment,1,1,2,Medium-Low,Own,0
CUST0002122,Customer_2122,59,Male,Northeast,2024-06-01,7,Electricity,Small Business,Mobile Home,1,0,3,Medium-High,Own,1
CUST0002123,Customer_2123,47,Female,Northeast,2001-10-01,279,Electricity,Residential,Apartment,1,1,2,Medium,Own,0
CUST0002124,Customer_2124,44,Male,Southwest,2023-06-02,19,Electricity+Gas,Residential,Condo,0,0,5,Medium-Low,Rent,0
CUST0002125,Customer_2125,48,Other,Southeast,2006-07-02,222,Electricity+Gas,Residential,Apartment,0,1,3,Medium,Own,0
CUST0002126,Customer_2126,56,Female,Northeast,2024-01-01,12,Electricity,Small Business,Single Family,0,1,2,Medium,Own,0
CUST0002127,Customer_2127,30,Male,Southeast,2022-11-01,26,Gas,Small Business,Single Family,1,1,2,Medium-Low,Lease,1
CUST0002128,Customer_2128,64,Female,Gulf Coast,2018-01-31,83,Gas,Residential,Townhouse,1,1,1,Medium-High,Own,0
CUST0002129,Customer_2129,58,Other,West,2019-09-01,64,Electricity+Gas,Residential,Apartment,1,1,3,Medium,Rent,0
CUST0002130,Customer_2130,58,Male,Gulf Coast,2020-09-01,52,Electricity+Gas,Residential,Apartment,1,1,2,Medium-Low,Own,0
CUST0002131,Customer_2131,54,Male,Northeast,2021-04-02,45,Electricity,Residential,Single Family,0,1,2,Medium-High,Own,0
CUST0002132,Customer_2132,48,Female,Northeast,2015-10-02,111,Gas,Commercial,Condo,1,1,5,Low,Own,0
CUST0002133,Customer_2133,58,Male,Northeast,2023-09-01,16,Water,Residential,Condo,0,1,1,High,Own,0
CUST0002134,Customer_2134,56,Male,Gulf Coast,2022-01-31,35,Electricity+Water,Residential,Apartment,1,1,2,Medium,Rent,1
CUST0002135,Customer_2135,42,Male,Southeast,2024-03-02,10,Electricity+Water,Residential,Townhouse,0,1,3,Medium-High,Own,0
CUST0002136,Customer_2136,39,Male,Midwest,2020-07-02,54,Gas,Commercial,Single Family,0,1,2,Medium,Rent,1
CUST0002137,Customer_2137,49,Male,Southeast,2023-08-02,17,Electricity+Gas,Small Business,Apartment,0,1,3,Medium-Low,Own,1
CUST0002138,Customer_2138,71,Male,West,2023-01-01,24,Electricity+Gas,Residential,Apartment,1,1,3,Medium-High,Rent,1
CUST0002139,Customer_2139,29,Female,Southeast,2021-11-01,38,Electricity+Water,Residential,Townhouse,1,1,3,Medium-Low,Own,1
CUST0002140,Customer_2140,25,Female,Midwest,2024-12-01,1,Water,Residential,Apartment,0,1,1,Medium,Rent,1
CUST0002141,Customer_2141,50,Male,Gulf Coast,2024-08-01,5,Electricity,Commercial,Apartment,0,0,1,Medium-Low,Own,1
CUST0002142,Customer_2142,48,Female,Midwest,2019-04-02,69,Electricity,Residential,Single Family,0,1,1,Medium-Low,Own,1
CUST0002143,Customer_2143,50,Female,Southwest,2022-04-02,33,Gas,Residential,Single Family,0,1,1,Medium,Rent,0
CUST0002144,Customer_2144,51,Female,Midwest,2015-01-01,120,Electricity,Residential,Condo,0,1,3,Medium-High,Rent,1
CUST0002145,Customer_2145,44,Male,West,2019-01-31,71,Electricity+Water,Residential,Single Family,1,1,3,Medium,Rent,0
CUST0002146,Customer_2146,70,Male,Southeast,2024-12-01,1,Electricity,Residential,Single Family,1,1,2,Low,Own,1
CUST0002147,Customer_2147,23,Female,Northeast,2020-04-01,57,Electricity,Residential,Apartment,1,0,1,Medium-High,Rent,0
CUST0002148,Customer_2148,35,Female,West,2024-08-01,5,Electricity+Water,Residential,Single Family,0,1,2,Medium,Own,1
CUST0002149,Customer_2149,46,Female,Midwest,2017-06-01,91,Electricity,Residential,Apartment,1,0,2,Medium,Own,0
CUST0002150,Customer_2150,23,Female,Gulf Coast,2001-03-02,286,Electricity,Residential,Apartment,0,1,1,Medium-Low,Rent,0
CUST0002151,Customer_2151,45,Male,Southwest,2021-04-02,45,Gas,Residential,Single Family,0,1,1,Medium,Rent,0
CUST0002152,Customer_2152,72,Female,Southwest,2019-05-03,68,Electricity+Gas,Small Business,Single Family,0,0,4,Medium-Low,Rent,0
CUST0002153,Customer_2153,48,Male,Northeast,2023-09-01,16,Electricity,Residential,Single Family,1,1,2,Low,Lease,0
CUST0002154,Customer_2154,51,Male,West,2022-03-03,34,Gas,Residential,Apartment,1,0,3,Medium-High,Own,0
CUST0002155,Customer_2155,29,Female,West,2015-05-02,116,Electricity,Small Business,Condo,1,0,1,Medium,Lease,1
CUST0002156,Customer_2156,38,Male,Southwest,2024-03-02,10,Electricity+Gas,Commercial,Single Family,0,0,1,Medium,Own,1
CUST0002157,Customer_2157,42,Male,Southeast,2023-07-03,18,Gas,Residential,Townhouse,1,1,1,Medium-Low,Own,1
CUST0002158,Customer_2158,43,Female,Gulf Coast,2022-01-31,35,Water,Residential,Townhouse,1,1,3,Medium,Rent,1
CUST0002159,Customer_2159,67,Male,Southeast,2018-11-01,74,Gas,Small Business,Single Family,0,1,1,Medium-Low,Rent,1
CUST0002160,Customer_2160,56,Other,Northeast,2022-09-01,28,Gas,Residential,Townhouse,0,0,2,Medium,Own,0
CUST0002161,Customer_2161,31,Other,Gulf Coast,2011-12-01,157,Electricity+Gas,Commercial,Townhouse,1,0,1,Medium-Low,Lease,0
CUST0002162,Customer_2162,51,Female,West,2024-08-01,5,Electricity,Commercial,Townhouse,1,1,2,Medium-Low,Own,0
CUST0002163,Customer_2163,55,Male,Midwest,2022-10-02,27,Electricity,Residential,Condo,1,1,2,High,Own,1
CUST0002164,Customer_2164,65,Male,Gulf Coast,2018-11-01,74,Water,Residential,Single Family,1,1,4,Low,Rent,1
CUST0002165,Customer_2165,71,Male,Northeast,2023-10-02,15,Electricity,Residential,Single Family,1,1,3,Medium-High,Rent,0
CUST0002166,Customer_2166,32,Male,Northeast,2019-09-01,64,Electricity+Gas,Commercial,Apartment,1,1,4,Low,Rent,0
CUST0002167,Customer_2167,35,Male,West,2024-03-02,10,Electricity,Small Business,Single Family,1,0,1,Medium,Rent,1
CUST0002168,Customer_2168,29,Other,Northeast,2024-10-01,3,Water,Residential,Single Family,0,1,3,Low,Own,0
CUST0002169,Customer_2169,44,Male,Gulf Coast,2024-06-01,7,Electricity+Water,Residential,Condo,1,0,2,Medium,Own,1
CUST0002170,Customer_2170,54,Female,West,2011-10-02,159,Gas,Residential,Apartment,0,1,3,Medium-Low,Lease,1
CUST0002171,Customer_2171,62,Male,Southeast,2020-12-31,48,Electricity+Gas,Commercial,Apartment,0,1,3,Medium-High,Rent,0
CUST0002172,Customer_2172,46,Female,Gulf Coast,2017-01-31,95,Gas,Small Business,Single Family,0,1,2,Medium,Lease,1
CUST0002173,Customer_2173,43,Female,Northeast,2023-01-01,24,Electricity+Water,Residential,Single Family,1,0,1,Low,Lease,1
CUST0002174,Customer_2174,50,Male,Midwest,2020-08-01,53,Electricity,Residential,Single Family,0,0,4,Medium,Rent,0
CUST0002175,Customer_2175,35,Male,Gulf Coast,2021-09-01,40,Electricity+Gas,Residential,Condo,1,1,2,Medium,Rent,0
CUST0002176,Customer_2176,79,Female,Gulf Coast,2010-07-02,174,Electricity+Gas,Commercial,Mobile Home,1,1,6,Medium-High,Own,0
CUST0002177,Customer_2177,23,Female,Southeast,2018-03-02,82,Gas,Residential,Apartment,1,1,1,Medium,Own,0
CUST0002178,Customer_2178,50,Female,Southeast,2018-07-02,78,Electricity,Small Business,Single Family,0,1,2,Medium,Rent,0
CUST0002179,Customer_2179,78,Male,Southeast,2024-11-01,2,Electricity,Residential,Townhouse,1,0,1,Medium,Rent,1
CUST0002180,Customer_2180,48,Male,Midwest,2021-01-31,47,Water,Residential,Condo,1,1,2,Medium-High,Own,0
CUST0002181,Customer_2181,45,Female,Southwest,2021-12-01,37,Electricity,Small Business,Mobile Home,0,0,4,Medium,Own,1
CUST0002182,Customer_2182,42,Female,Northeast,2011-12-01,157,Electricity+Gas,Small Business,Apartment,0,1,5,Medium,Own,0
CUST0002183,Customer_2183,45,Male,Midwest,2023-08-02,17,Electricity,Residential,Apartment,1,1,1,Medium-High,Own,0
CUST0002184,Customer_2184,68,Female,West,2023-07-03,18,Electricity,Residential,Apartment,0,1,6,High,Rent,0
CUST0002185,Customer_2185,18,Male,Midwest,2022-06-02,31,Electricity+Gas,Residential,Single Family,0,1,6,Medium-High,Rent,1
CUST0002186,Customer_2186,71,Male,Northeast,2023-09-01,16,Electricity+Water,Small Business,Townhouse,1,1,3,High,Own,1
CUST0002187,Customer_2187,26,Male,Gulf Coast,2024-05-02,8,Electricity+Gas,Residential,Townhouse,1,1,2,Medium-Low,Own,1
CUST0002188,Customer_2188,44,Male,Southeast,2015-05-02,116,Water,Residential,Townhouse,1,1,5,Medium-Low,Own,0
CUST0002189,Customer_2189,41,Female,West,2020-12-01,49,Electricity+Gas,Residential,Apartment,0,0,2,Medium-Low,Rent,1
CUST0002190,Customer_2190,56,Male,Southeast,2015-03-03,118,Electricity+Gas,Commercial,Townhouse,0,1,2,Medium-High,Own,1
CUST0002191,Customer_2191,24,Male,Midwest,2016-03-02,106,Gas,Commercial,Apartment,0,1,4,Medium-High,Rent,1
CUST0002192,Customer_2192,54,Female,Midwest,2023-06-02,19,Electricity+Water,Residential,Single Family,1,1,2,Medium,Own,0
CUST0002193,Customer_2193,78,Female,Midwest,2021-01-31,47,Electricity+Gas,Commercial,Condo,1,1,1,Low,Own,1
CUST0002194,Customer_2194,27,Female,Midwest,2024-08-01,5,Electricity+Gas,Residential,Apartment,0,0,4,Medium-Low,Own,1
CUST0002195,Customer_2195,50,Female,Southeast,2012-08-31,148,Electricity+Gas,Residential,Townhouse,1,1,3,Medium-High,Lease,0
CUST0002196,Customer_2196,38,Male,Midwest,2022-06-02,31,Electricity,Small Business,Single Family,1,0,6,Medium-Low,Own,0
CUST0002197,Customer_2197,54,Female,Midwest,2022-07-02,30,Electricity,Residential,Condo,0,1,2,Medium,Own,0
CUST0002198,Customer_2198,48,Female,Southeast,2023-04-02,21,Electricity,Commercial,Apartment,1,1,1,Medium,Own,1
CUST0002199,Customer_2199,38,Female,Gulf Coast,2021-12-01,37,Electricity+Gas,Residential,Townhouse,0,1,1,Medium-Low,Rent,0
CUST0002200,Customer_2200,55,Male,Gulf Coast,2023-08-02,17,Electricity,Residential,Mobile Home,1,1,1,High,Own,0
CUST0002201,Customer_2201,75,Male,Gulf Coast,2022-09-01,28,Gas,Residential,Condo,1,0,5,Medium-Low,Own,1
CUST0002202,Customer_2202,45,Female,West,2016-12-31,96,Electricity+Water,Residential,Apartment,1,1,3,Medium-High,Own,0
CUST0002203,Customer_2203,58,Male,Northeast,2016-01-31,107,Electricity+Gas,Residential,Single Family,0,0,4,Medium,Lease,0
CUST0002204,Customer_2204,28,Female,Southwest,2023-04-02,21,Electricity,Residential,Mobile Home,0,1,6,Low,Lease,1
CUST0002205,Customer_2205,33,Female,West,2021-12-01,37,Water,Residential,Mobile Home,0,1,1,Medium-High,Own,0
CUST0002206,Customer_2206,55,Female,Northeast,2014-09-01,124,Electricity,Small Business,Single Family,0,1,2,Medium-High,Rent,0
CUST0002207,Customer_2207,70,Female,Midwest,2024-10-01,3,Electricity+Gas,Residential,Apartment,1,1,3,Medium-High,Own,1
CUST0002208,Customer_2208,53,Female,Southeast,2014-01-31,131,Electricity+Gas,Small Business,Apartment,1,1,3,Medium,Own,0
CUST0002209,Customer_2209,43,Male,Southeast,2023-11-01,14,Electricity,Residential,Single Family,1,1,2,Medium-High,Rent,0
CUST0002210,Customer_2210,47,Female,Southeast,2019-05-03,68,Electricity,Residential,Single Family,0,1,1,High,Own,0
CUST0002211,Customer_2211,29,Female,Gulf Coast,2020-09-01,52,Electricity,Residential,Apartment,1,1,3,Low,Own,0
CUST0002212,Customer_2212,57,Male,West,2020-12-31,48,Electricity,Residential,Mobile Home,0,1,2,Low,Lease,0
CUST0002213,Customer_2213,61,Male,Southeast,2015-04-02,117,Electricity,Small Business,Single Family,1,1,2,Low,Own,0
CUST0002214,Customer_2214,41,Male,Southwest,2024-07-02,6,Electricity+Water,Commercial,Condo,0,1,2,Medium-High,Own,0
CUST0002215,Customer_2215,40,Female,Southeast,2022-12-01,25,Gas,Residential,Condo,1,1,2,Medium,Rent,0
CUST0002216,Customer_2216,51,Male,Southwest,2021-03-02,46,Electricity+Water,Residential,Condo,0,1,2,Medium-Low,Own,0
CUST0002217,Customer_2217,41,Female,Gulf Coast,2016-08-31,100,Electricity+Gas,Residential,Single Family,0,0,3,Low,Own,0
CUST0002218,Customer_2218,47,Male,Southwest,2023-11-01,14,Electricity+Gas,Commercial,Apartment,1,1,6,Medium,Own,0
CUST0002219,Customer_2219,79,Male,West,2016-12-01,97,Electricity,Small Business,Apartment,1,1,2,Medium-High,Own,0
CUST0002220,Customer_2220,44,Female,Midwest,2022-07-02,30,Electricity,Residential,Mobile Home,1,0,4,Medium-High,Own,1
CUST0002221,Customer_2221,42,Male,Midwest,2024-01-01,12,Electricity+Gas,Residential,Apartment,0,1,2,Medium-High,Own,0
CUST0002222,Customer_2222,38,Female,West,2017-12-01,85,Electricity+Water,Residential,Single Family,0,1,2,Medium-High,Own,0
CUST0002223,Customer_2223,59,Female,West,2024-08-01,5,Electricity,Small Business,Single Family,0,0,1,Low,Lease,0
CUST0002224,Customer_2224,45,Female,Southwest,2021-06-02,43,Electricity+Gas,Small Business,Apartment,1,1,2,Medium-High,Own,0
CUST0002225,Customer_2225,38,Male,Gulf Coast,2024-10-01,3,Electricity,Commercial,Mobile Home,0,0,4,Medium,Rent,0
CUST0002226,Customer_2226,67,Female,West,2022-11-01,26,Gas,Residential,Apartment,1,1,2,Medium-High,Own,0
CUST0002227,Customer_2227,69,Female,West,2020-06-01,55,Electricity+Gas,Small Business,Townhouse,1,0,3,Medium,Rent,0
CUST0002228,Customer_2228,38,Female,West,2020-12-31,48,Electricity+Gas,Residential,Single Family,1,0,2,Medium,Rent,1
CUST0002229,Customer_2229,20,Female,Southeast,2022-06-02,31,Electricity,Residential,Condo,1,0,4,Low,Own,1
CUST0002230,Customer_2230,63,Female,Midwest,2022-04-02,33,Electricity,Residential,Apartment,1,0,4,High,Own,0
CUST0002231,Customer_2231,37,Female,Southwest,2023-10-02,15,Gas,Small Business,Mobile Home,0,1,2,Medium-Low,Own,1
CUST0002232,Customer_2232,59,Female,Midwest,2022-01-01,36,Electricity+Water,Residential,Apartment,0,1,1,Medium,Own,1
CUST0002233,Customer_2233,18,Male,West,2009-10-01,183,Gas,Residential,Townhouse,0,0,2,Medium-Low,Lease,1
CUST0002234,Customer_2234,61,Male,Northeast,2015-07-02,114,Gas,Small Business,Apartment,1,1,4,Medium-Low,Own,1
CUST0002235,Customer_2235,29,Male,Southeast,2024-04-02,9,Gas,Commercial,Single Family,0,0,4,Medium-High,Own,0
CUST0002236,Customer_2236,58,Male,Gulf Coast,2024-12-01,1,Electricity,Residential,Single Family,1,1,1,Medium-Low,Own,0
CUST0002237,Customer_2237,48,Male,Northeast,2011-07-02,162,Water,Small Business,Single Family,0,0,1,Medium-Low,Own,0
CUST0002238,Customer_2238,33,Male,Southeast,2021-05-02,44,Electricity,Small Business,Apartment,1,1,1,Medium-Low,Rent,0
CUST0002239,Customer_2239,41,Female,Southeast,2021-03-02,46,Electricity+Gas,Residential,Apartment,1,1,3,Medium,Own,0
CUST0002240,Customer_2240,58,Male,West,2017-06-01,91,Gas,Residential,Single Family,1,1,4,Medium,Own,0
CUST0002241,Customer_2241,49,Female,Southwest,2023-03-03,22,Electricity+Gas,Commercial,Apartment,0,1,1,Medium-Low,Own,1
CUST0002242,Customer_2242,56,Male,Gulf Coast,2021-10-01,39,Electricity,Commercial,Apartment,1,0,3,Medium,Own,0
CUST0002243,Customer_2243,77,Male,Southeast,2007-10-01,207,Electricity+Water,Residential,Apartment,1,1,8,High,Own,0
CUST0002244,Customer_2244,24,Male,Gulf Coast,2019-07-02,66,Electricity,Residential,Single Family,0,1,1,Medium-Low,Lease,0
CUST0002245,Customer_2245,72,Male,Southeast,2024-03-02,10,Electricity+Gas,Commercial,Apartment,1,1,1,Medium,Rent,1
CUST0002246,Customer_2246,49,Female,Southeast,2024-05-02,8,Water,Small Business,Single Family,0,0,1,Medium,Lease,1
CUST0002247,Customer_2247,34,Female,Midwest,2023-12-02,13,Electricity+Gas,Residential,Single Family,0,1,3,Medium-Low,Own,1
CUST0002248,Customer_2248,28,Male,Northeast,2017-10-01,87,Electricity,Residential,Apartment,0,0,6,Medium,Rent,1
CUST0002249,Customer_2249,45,Male,Southeast,2023-04-02,21,Electricity+Water,Commercial,Single Family,0,1,2,Medium-Low,Own,0
CUST0002250,Customer_2250,61,Male,Southeast,2024-12-01,1,Electricity,Residential,Condo,1,0,4,Medium-High,Own,0
CUST0002251,Customer_2251,46,Female,Northeast,2010-08-01,173,Electricity+Water,Residential,Mobile Home,0,1,5,Low,Own,1
CUST0002252,Customer_2252,70,Female,Gulf Coast,2024-02-01,11,Electricity,Residential,Townhouse,1,0,3,Medium,Rent,1
CUST0002253,Customer_2253,26,Female,Southeast,2024-12-01,1,Gas,Residential,Single Family,1,1,4,Medium-Low,Own,1
CUST0002254,Customer_2254,47,Female,Gulf Coast,2023-09-01,16,Electricity,Residential,Apartment,1,1,2,Medium-High,Own,0
CUST0002255,Customer_2255,29,Female,Gulf Coast,2023-09-01,16,Electricity,Residential,Apartment,0,1,1,Medium,Rent,1
CUST0002256,Customer_2256,53,Male,Southeast,2022-05-02,32,Electricity,Residential,Single Family,1,1,1,Medium-High,Rent,0
CUST0002257,Customer_2257,61,Male,Midwest,2012-06-01,151,Electricity,Small Business,Single Family,0,1,2,High,Lease,0
CUST0002258,Customer_2258,41,Female,Southwest,2014-07-02,126,Electricity+Water,Residential,Single Family,1,1,1,Medium-Low,Own,0
CUST0002259,Customer_2259,18,Female,West,2022-01-01,36,Water,Residential,Single Family,1,0,2,Medium-High,Own,0
CUST0002260,Customer_2260,50,Female,Gulf Coast,2022-06-02,31,Electricity,Residential,Townhouse,0,1,1,Medium-High,Rent,0
CUST0002261,Customer_2261,54,Female,Southwest,2020-12-31,48,Electricity,Residential,Condo,0,0,3,Low,Own,1
CUST0002262,Customer_2262,54,Male,Northeast,2023-09-01,16,Electricity+Gas,Residential,Single Family,1,1,2,Low,Own,0
CUST0002263,Customer_2263,66,Female,Midwest,2024-10-01,3,Gas,Small Business,Single Family,0,1,2,Medium-High,Own,0
CUST0002264,Customer_2264,31,Female,Gulf Coast,2011-01-01,168,Water,Residential,Single Family,0,1,4,Medium,Rent,1
CUST0002265,Customer_2265,58,Male,West,2024-01-01,12,Electricity+Gas,Residential,Apartment,0,1,3,Medium,Own,1
CUST0002266,Customer_2266,65,Female,Gulf Coast,2023-12-02,13,Electricity+Gas,Small Business,Single Family,1,0,5,Medium-High,Rent,1
CUST0002267,Customer_2267,21,Female,West,2021-11-01,38,Electricity+Gas,Residential,Single Family,0,1,5,High,Own,0
CUST0002268,Customer_2268,52,Male,Northeast,2021-09-01,40,Electricity+Gas,Residential,Single Family,1,1,2,Low,Own,1
CUST0002269,Customer_2269,40,Male,Gulf Coast,2024-12-01,1,Electricity,Commercial,Townhouse,1,1,3,Medium-Low,Own,0
CUST0002270,Customer_2270,46,Male,Gulf Coast,2024-04-02,9,Gas,Commercial,Apartment,1,1,4,Medium-High,Own,0
CUST0002271,Customer_2271,53,Female,Northeast,2022-09-01,28,Electricity,Commercial,Condo,1,1,1,Medium-High,Own,1
CUST0002272,Customer_2272,40,Male,Northeast,2019-04-02,69,Electricity+Gas,Residential,Townhouse,1,1,1,Medium-High,Rent,1
CUST0002273,Customer_2273,37,Female,Midwest,2023-10-02,15,Gas,Commercial,Single Family,0,0,4,Low,Lease,0
CUST0002274,Customer_2274,48,Female,West,2022-05-02,32,Water,Small Business,Townhouse,0,0,5,Medium,Rent,1
CUST0002275,Customer_2275,31,Male,Southeast,2020-12-31,48,Electricity,Residential,Single Family,1,1,1,Medium,Own,1
CUST0002276,Customer_2276,31,Female,Northeast,2014-01-31,131,Gas,Residential,Apartment,1,1,4,Medium-Low,Own,0
CUST0002277,Customer_2277,58,Other,Midwest,2023-01-31,23,Electricity,Residential,Single Family,1,1,2,Medium-High,Rent,0
CUST0002278,Customer_2278,30,Male,Southeast,2024-05-02,8,Electricity+Gas,Residential,Single Family,0,1,7,Medium-Low,Own,0
CUST0002279,Customer_2279,57,Male,Southeast,2021-09-01,40,Water,Residential,Apartment,1,0,3,Medium,Rent,0
CUST0002280,Customer_2280,54,Female,Southwest,2018-03-02,82,Water,Residential,Single Family,1,1,2,Medium-Low,Lease,1
CUST0002281,Customer_2281,22,Female,Gulf Coast,2024-07-02,6,Electricity+Water,Residential,Single Family,0,1,3,Low,Own,1
CUST0002282,Customer_2282,37,Male,Southwest,2022-04-02,33,Electricity+Water,Residential,Single Family,1,1,2,Medium,Rent,0
CUST0002283,Customer_2283,65,Male,West,2024-12-01,1,Water,Residential,Townhouse,0,1,2,Medium-Low,Lease,1
CUST0002284,Customer_2284,33,Male,Southwest,2024-11-01,2,Electricity,Residential,Single Family,1,0,1,Low,Own,0
CUST0002285,Customer_2285,41,Other,Southwest,2021-10-01,39,Electricity,Residential,Apartment,0,0,3,Medium-Low,Rent,0
CUST0002286,Customer_2286,54,Male,Southeast,2023-04-02,21,Gas,Small Business,Townhouse,0,1,2,Medium,Rent,0
CUST0002287,Customer_2287,59,Female,Southeast,2015-10-02,111,Electricity+Water,Residential,Single Family,1,1,1,Low,Lease,0
CUST0002288,Customer_2288,44,Female,Southeast,2020-06-01,55,Gas,Residential,Condo,1,1,3,Low,Rent,0
CUST0002289,Customer_2289,39,Male,Gulf Coast,2022-01-01,36,Electricity,Residential,Condo,0,1,1,High,Rent,0
CUST0002290,Customer_2290,69,Female,West,2022-06-02,31,Electricity+Water,Small Business,Mobile Home,0,0,1,Low,Rent,1
CUST0002291,Customer_2291,74,Male,Southwest,2021-08-01,41,Gas,Residential,Apartment,0,0,4,Medium-Low,Own,1
CUST0002292,Customer_2292,62,Female,Gulf Coast,2024-11-01,2,Electricity+Gas,Commercial,Single Family,1,0,3,Low,Rent,1
CUST0002293,Customer_2293,49,Male,Gulf Coast,2013-12-01,133,Water,Residential,Townhouse,0,1,3,High,Own,1
CUST0002294,Customer_2294,35,Female,Gulf Coast,1994-12-31,360,Water,Residential,Single Family,1,1,2,Medium,Own,0
CUST0002295,Customer_2295,35,Female,Southeast,2024-01-01,12,Water,Residential,Single Family,1,1,4,Low,Rent,0
CUST0002296,Customer_2296,55,Male,West,2024-06-01,7,Water,Residential,Single Family,1,1,1,Medium-High,Rent,1
CUST0002297,Customer_2297,54,Male,Southwest,2024-04-02,9,Electricity+Gas,Residential,Townhouse,0,0,1,Medium-High,Own,0
CUST0002298,Customer_2298,69,Male,West,2019-09-01,64,Gas,Commercial,Single Family,0,0,3,High,Own,0
CUST0002299,Customer_2299,57,Male,Southeast,2019-09-01,64,Electricity+Gas,Residential,Apartment,0,1,1,Medium-High,Own,0
CUST0002300,Customer_2300,25,Female,West,2015-08-02,113,Water,Residential,Single Family,0,1,6,Low,Own,0
CUST0002301,Customer_2301,63,Female,Midwest,2018-01-31,83,Gas,Small Business,Townhouse,1,0,4,Medium,Own,0
CUST0002302,Customer_2302,33,Male,West,2022-01-31,35,Electricity,Residential,Apartment,0,1,5,Medium-Low,Own,0
CUST0002303,Customer_2303,42,Female,West,2020-05-02,56,Electricity,Residential,Single Family,0,0,4,Medium-High,Rent,1
CUST0002304,Customer_2304,51,Female,Southeast,2019-04-02,69,Electricity+Gas,Residential,Single Family,1,1,3,Medium,Own,0
CUST0002305,Customer_2305,77,Female,Southeast,2021-06-02,43,Electricity,Residential,Single Family,1,1,2,Medium-High,Own,0
CUST0002306,Customer_2306,90,Male,West,2021-11-01,38,Water,Residential,Single Family,0,0,2,Medium-Low,Lease,0
CUST0002307,Customer_2307,57,Male,Southwest,2019-11-01,62,Electricity,Residential,Apartment,1,1,3,Medium,Rent,0
CUST0002308,Customer_2308,45,Male,Southwest,2020-12-31,48,Electricity,Residential,Mobile Home,1,0,1,Medium,Own,0
CUST0002309,Customer_2309,56,Female,West,2019-12-02,61,Electricity,Commercial,Townhouse,1,1,3,High,Own,0
CUST0002310,Customer_2310,61,Male,Gulf Coast,2020-05-02,56,Electricity+Gas,Commercial,Condo,1,0,3,Low,Rent,0
CUST0002311,Customer_2311,43,Male,Southeast,2018-09-01,76,Electricity,Residential,Mobile Home,0,1,2,Medium-High,Own,1
CUST0002312,Customer_2312,74,Male,Southwest,2019-12-02,61,Gas,Residential,Apartment,1,0,3,Low,Rent,0
CUST0002313,Customer_2313,51,Female,West,2021-05-02,44,Electricity+Water,Residential,Single Family,1,1,1,Low,Own,1
CUST0002314,Customer_2314,55,Male,Gulf Coast,2019-05-03,68,Water,Residential,Mobile Home,1,0,4,Medium-Low,Own,1
CUST0002315,Customer_2315,57,Male,Southeast,2022-01-31,35,Electricity+Water,Small Business,Townhouse,0,1,1,Medium-High,Lease,0
CUST0002316,Customer_2316,54,Male,Northeast,2023-09-01,16,Electricity+Gas,Residential,Mobile Home,0,0,1,Medium,Own,1
CUST0002317,Customer_2317,60,Male,Southeast,2024-12-01,1,Electricity+Water,Small Business,Townhouse,0,1,2,Medium,Own,0
CUST0002318,Customer_2318,38,Female,Gulf Coast,2020-12-01,49,Water,Residential,Townhouse,1,1,2,Medium-High,Rent,0
CUST0002319,Customer_2319,39,Male,Midwest,2020-08-01,53,Electricity+Water,Residential,Condo,1,0,1,Medium-Low,Lease,0
CUST0002320,Customer_2320,31,Male,Midwest,2007-03-02,214,Electricity,Residential,Townhouse,1,1,5,Medium,Own,0
CUST0002321,Customer_2321,54,Female,Northeast,2022-11-01,26,Electricity,Small Business,Apartment,0,1,4,Medium,Own,0
CUST0002322,Customer_2322,59,Male,Northeast,2022-07-02,30,Electricity,Commercial,Apartment,0,1,3,Medium,Rent,0
CUST0002323,Customer_2323,54,Male,Southwest,2023-12-02,13,Electricity+Water,Residential,Condo,1,1,4,Medium,Rent,0
CUST0002324,Customer_2324,73,Female,Southwest,2024-09-01,4,Electricity+Gas,Residential,Townhouse,1,1,3,Medium-Low,Rent,0
CUST0002325,Customer_2325,47,Male,Southwest,2017-09-01,88,Gas,Commercial,Single Family,1,1,1,High,Rent,0
CUST0002326,Customer_2326,58,Male,Northeast,2023-08-02,17,Electricity+Gas,Residential,Apartment,1,1,4,High,Own,0
CUST0002327,Customer_2327,31,Male,Southeast,2020-05-02,56,Water,Residential,Apartment,0,0,2,Medium,Own,1
CUST0002328,Customer_2328,42,Female,West,2019-04-02,69,Electricity+Water,Residential,Single Family,1,1,2,Medium,Own,1
CUST0002329,Customer_2329,58,Female,Northeast,2021-11-01,38,Electricity+Gas,Residential,Single Family,1,0,2,Medium,Rent,1
CUST0002330,Customer_2330,60,Female,Gulf Coast,2014-08-01,125,Water,Residential,Single Family,0,1,7,Low,Own,1
CUST0002331,Customer_2331,43,Female,Northeast,2022-01-31,35,Electricity,Residential,Condo,1,0,3,Medium-Low,Rent,0
CUST0002332,Customer_2332,46,Male,Northeast,2023-05-03,20,Gas,Residential,Single Family,0,1,2,High,Own,0
CUST0002333,Customer_2333,25,Male,Midwest,2013-10-01,135,Electricity+Water,Residential,Apartment,1,1,1,Medium,Own,0
CUST0002334,Customer_2334,42,Female,Gulf Coast,2015-03-03,118,Water,Residential,Condo,1,1,3,Medium,Own,0
CUST0002335,Customer_2335,61,Female,Southeast,2024-03-02,10,Electricity+Gas,Residential,Single Family,0,0,2,High,Own,1
CUST0002336,Customer_2336,56,Male,Southwest,2024-12-01,1,Electricity,Small Business,Single Family,1,1,2,Medium-High,Rent,1
CUST0002337,Customer_2337,55,Female,Southwest,2024-08-01,5,Electricity,Commercial,Mobile Home,1,0,4,Medium,Rent,0
CUST0002338,Customer_2338,48,Male,Northeast,2023-05-03,20,Electricity,Residential,Townhouse,1,1,1,Medium-Low,Own,1
CUST0002339,Customer_2339,48,Male,Southeast,2007-01-31,215,Electricity+Gas,Residential,Single Family,0,1,1,Low,Own,0
CUST0002340,Customer_2340,38,Male,Gulf Coast,2020-12-01,49,Electricity+Gas,Residential,Condo,1,1,2,Medium-High,Own,0
CUST0002341,Customer_2341,58,Male,Southeast,2022-09-01,28,Electricity+Water,Residential,Townhouse,0,1,4,High,Rent,1
CUST0002342,Customer_2342,54,Female,West,2014-01-31,131,Electricity+Gas,Commercial,Condo,0,1,2,Medium,Rent,0
CUST0002343,Customer_2343,55,Female,Gulf Coast,2022-01-01,36,Electricity,Residential,Single Family,0,1,1,Low,Own,1
CUST0002344,Customer_2344,40,Male,Northeast,2023-03-03,22,Electricity,Residential,Apartment,0,1,5,Medium,Own,0
CUST0002345,Customer_2345,18,Male,Southeast,2010-11-01,170,Water,Residential,Townhouse,1,1,3,Medium-Low,Rent,0
CUST0002346,Customer_2346,64,Female,Southeast,2015-08-02,113,Gas,Residential,Single Family,0,1,1,Medium-Low,Rent,1
CUST0002347,Customer_2347,40,Male,Southeast,2015-10-02,111,Electricity+Gas,Residential,Single Family,0,1,2,High,Rent,0
CUST0002348,Customer_2348,35,Female,Northeast,2021-06-02,43,Electricity+Gas,Small Business,Single Family,0,1,3,Medium-Low,Own,0
CUST0002349,Customer_2349,58,Male,Southwest,2017-04-02,93,Electricity,Commercial,Apartment,0,0,2,Medium-High,Rent,0
CUST0002350,Customer_2350,42,Female,West,2024-02-01,11,Electricity,Residential,Single Family,0,0,2,Medium,Own,1
CUST0002351,Customer_2351,63,Male,West,2020-10-01,51,Gas,Residential,Single Family,1,1,1,Medium-High,Own,0
CUST0002352,Customer_2352,57,Male,Gulf Coast,2004-06-01,247,Gas,Residential,Townhouse,1,1,1,Medium-High,Own,0
CUST0002353,Customer_2353,58,Male,Northeast,2023-05-03,20,Electricity+Gas,Residential,Apartment,1,0,5,Low,Rent,0
CUST0002354,Customer_2354,27,Male,Southeast,2017-03-02,94,Electricity+Gas,Residential,Single Family,1,0,2,Medium,Rent,0
CUST0002355,Customer_2355,66,Male,Southeast,2021-09-01,40,Electricity+Water,Small Business,Townhouse,1,1,2,Medium-Low,Own,0
CUST0002356,Customer_2356,51,Female,Southeast,2024-11-01,2,Electricity+Water,Residential,Apartment,1,0,2,Medium-High,Rent,0
CUST0002357,Customer_2357,42,Male,Northeast,2017-11-01,86,Gas,Residential,Townhouse,1,1,1,Medium,Rent,0
CUST0002358,Customer_2358,50,Male,Midwest,2024-02-01,11,Electricity+Gas,Residential,Single Family,0,1,6,Medium-Low,Own,1
CUST0002359,Customer_2359,21,Female,West,2020-02-01,59,Electricity+Gas,Residential,Single Family,1,1,8,Medium-Low,Lease,0
CUST0002360,Customer_2360,54,Female,Gulf Coast,2024-08-01,5,Electricity,Small Business,Apartment,1,1,2,Low,Own,0
CUST0002361,Customer_2361,32,Other,Northeast,2010-05-02,176,Electricity+Water,Residential,Mobile Home,0,0,3,Medium-Low,Own,1
CUST0002362,Customer_2362,27,Female,West,2023-05-03,20,Electricity+Gas,Small Business,Single Family,1,0,3,Medium-High,Rent,0
CUST0002363,Customer_2363,25,Male,West,2023-10-02,15,Electricity+Water,Residential,Townhouse,0,0,2,Medium,Rent,1
CUST0002364,Customer_2364,64,Female,Southeast,2024-05-02,8,Electricity+Water,Residential,Single Family,1,1,3,Medium-Low,Own,0
CUST0002365,Customer_2365,38,Female,Northeast,2010-06-01,175,Electricity+Gas,Residential,Single Family,1,1,1,Medium-High,Rent,0
CUST0002366,Customer_2366,71,Female,Gulf Coast,2018-11-01,74,Electricity,Residential,Single Family,0,0,2,Medium,Rent,1
CUST0002367,Customer_2367,39,Male,Southwest,2018-04-02,81,Electricity+Gas,Residential,Condo,0,1,4,Medium-High,Lease,0
CUST0002368,Customer_2368,22,Male,Gulf Coast,2021-08-01,41,Electricity+Gas,Residential,Single Family,1,0,4,Medium-High,Own,0
CUST0002369,Customer_2369,31,Male,Midwest,2021-11-01,38,Water,Residential,Single Family,0,1,3,Medium-High,Rent,0
CUST0002370,Customer_2370,66,Female,Southeast,2024-07-02,6,Electricity,Residential,Townhouse,0,0,2,Medium-High,Own,0
CUST0002371,Customer_2371,45,Female,Southeast,2020-12-01,49,Gas,Residential,Single Family,1,0,1,Medium,Own,0
CUST0002372,Customer_2372,39,Female,Gulf Coast,2023-08-02,17,Electricity+Water,Small Business,Single Family,1,0,4,Medium-High,Own,0
CUST0002373,Customer_2373,50,Male,Southeast,2006-03-02,226,Electricity+Water,Commercial,Single Family,0,0,1,Medium-High,Own,0
CUST0002374,Customer_2374,55,Female,Northeast,2017-01-31,95,Electricity,Residential,Mobile Home,0,1,2,Medium-Low,Own,0
CUST0002375,Customer_2375,64,Female,Midwest,2022-06-02,31,Electricity+Water,Commercial,Single Family,1,1,1,Medium-Low,Own,0
CUST0002376,Customer_2376,69,Male,Southeast,2024-04-02,9,Electricity,Commercial,Mobile Home,0,0,3,Low,Own,1
CUST0002377,Customer_2377,42,Female,Southeast,2017-05-02,92,Water,Residential,Single Family,1,1,3,Medium-Low,Own,1
CUST0002378,Customer_2378,28,Male,Southwest,2024-06-01,7,Electricity,Residential,Single Family,0,0,3,Medium-High,Own,1
CUST0002379,Customer_2379,41,Female,Southeast,2024-01-01,12,Electricity+Water,Residential,Condo,1,1,1,High,Rent,0
CUST0002380,Customer_2380,51,Female,Midwest,2023-11-01,14,Electricity+Gas,Residential,Apartment,0,0,2,Medium,Own,0
CUST0002381,Customer_2381,33,Female,Northeast,2020-12-31,48,Gas,Residential,Single Family,1,0,1,Medium-High,Own,1
CUST0002382,Customer_2382,33,Female,Southwest,2017-05-02,92,Electricity,Residential,Apartment,0,0,2,Medium-Low,Own,1
CUST0002383,Customer_2383,53,Female,Northeast,2023-03-03,22,Electricity,Residential,Single Family,0,1,2,Medium-High,Rent,1
CUST0002384,Customer_2384,47,Female,Southeast,2024-08-01,5,Electricity+Gas,Small Business,Apartment,0,1,1,Medium-Low,Rent,0
CUST0002385,Customer_2385,48,Male,West,2021-12-01,37,Electricity+Water,Residential,Apartment,0,0,4,Medium-High,Own,1
CUST0002386,Customer_2386,36,Female,Southeast,2018-03-02,82,Water,Small Business,Single Family,1,0,1,Medium-High,Lease,0
CUST0002387,Customer_2387,44,Male,Northeast,2023-10-02,15,Water,Commercial,Condo,1,0,3,High,Rent,1
CUST0002388,Customer_2388,34,Male,Southwest,2023-11-01,14,Water,Small Business,Apartment,1,1,1,Medium-High,Own,0
CUST0002389,Customer_2389,61,Female,Southeast,2010-05-02,176,Electricity+Water,Residential,Single Family,1,0,2,Medium-Low,Rent,0
CUST0002390,Customer_2390,63,Female,Southeast,2009-09-01,184,Water,Residential,Single Family,0,0,4,Low,Rent,0
CUST0002391,Customer_2391,20,Male,Southwest,2001-10-01,279,Electricity,Residential,Condo,0,1,2,Medium-High,Rent,0
CUST0002392,Customer_2392,34,Male,West,2016-10-31,98,Water,Commercial,Single Family,0,0,1,Medium,Rent,0
CUST0002393,Customer_2393,25,Male,West,2024-01-01,12,Electricity,Small Business,Apartment,1,1,1,Medium-High,Own,0
CUST0002394,Customer_2394,38,Male,Midwest,2023-11-01,14,Electricity+Water,Residential,Mobile Home,0,0,5,Medium-Low,Lease,1
CUST0002395,Customer_2395,46,Male,Midwest,2023-01-01,24,Gas,Residential,Townhouse,1,0,2,Low,Own,0
CUST0002396,Customer_2396,26,Female,West,2023-03-03,22,Electricity,Small Business,Townhouse,1,1,1,Low,Rent,1
CUST0002397,Customer_2397,34,Male,Southeast,2009-05-02,188,Electricity,Small Business,Single Family,1,1,3,Medium,Own,1
CUST0002398,Customer_2398,32,Male,Northeast,2017-04-02,93,Electricity+Gas,Commercial,Townhouse,1,0,3,Low,Own,0
CUST0002399,Customer_2399,51,Male,Southwest,2018-08-02,77,Electricity,Residential,Single Family,1,0,3,Medium-High,Lease,0
CUST0002400,Customer_2400,49,Other,Midwest,2024-01-01,12,Electricity+Water,Residential,Condo,0,1,2,Medium,Own,1
CUST0002401,Customer_2401,37,Male,West,2012-12-31,144,Electricity,Residential,Single Family,1,0,1,Medium,Rent,0
CUST0002402,Customer_2402,50,Male,Southeast,2016-04-01,105,Electricity,Commercial,Single Family,1,1,4,Medium-High,Own,0
CUST0002403,Customer_2403,39,Male,Southeast,2024-03-02,10,Electricity,Residential,Single Family,0,1,3,Medium-Low,Rent,0
CUST0002404,Customer_2404,43,Female,Gulf Coast,2014-11-01,122,Electricity,Residential,Single Family,0,1,2,Medium,Own,0
CUST0002405,Customer_2405,73,Female,Midwest,2023-06-02,19,Gas,Residential,Single Family,0,1,4,Medium-High,Rent,0
CUST0002406,Customer_2406,68,Male,Southwest,2024-08-01,5,Gas,Commercial,Condo,1,1,1,High,Rent,0
CUST0002407,Customer_2407,28,Male,Northeast,2019-09-01,64,Electricity,Residential,Mobile Home,0,0,4,Medium-Low,Rent,0
CUST0002408,Customer_2408,60,Male,Northeast,2019-10-02,63,Electricity,Residential,Townhouse,1,1,1,Medium,Own,0
CUST0002409,Customer_2409,60,Female,Northeast,2024-08-01,5,Electricity,Small Business,Single Family,0,0,2,High,Own,1
CUST0002410,Customer_2410,30,Female,Midwest,2023-01-31,23,Water,Small Business,Single Family,1,1,1,Medium,Own,0
CUST0002411,Customer_2411,60,Male,Gulf Coast,2000-05-01,296,Gas,Residential,Mobile Home,1,1,1,Medium-High,Rent,1
CUST0002412,Customer_2412,71,Male,Gulf Coast,2019-05-03,68,Electricity,Small Business,Single Family,0,1,2,High,Rent,1
CUST0002413,Customer_2413,31,Male,Southwest,2018-07-02,78,Electricity,Residential,Apartment,1,1,3,High,Own,1
CUST0002414,Customer_2414,34,Male,Gulf Coast,2023-11-01,14,Electricity+Gas,Commercial,Single Family,1,1,3,Medium-High,Own,0
CUST0002415,Customer_2415,63,Female,Southwest,2024-09-01,4,Electricity,Commercial,Mobile Home,1,0,6,Medium,Own,0
CUST0002416,Customer_2416,52,Male,Southeast,2023-06-02,19,Electricity+Gas,Residential,Single Family,1,1,2,Low,Rent,1
CUST0002417,Customer_2417,56,Male,Northeast,2023-08-02,17,Electricity+Water,Commercial,Single Family,0,1,5,Medium-Low,Own,1
CUST0002418,Customer_2418,53,Male,Southwest,2023-09-01,16,Electricity,Residential,Townhouse,1,0,1,Medium-Low,Own,1
CUST0002419,Customer_2419,53,Female,Southeast,2024-01-01,12,Electricity,Small Business,Single Family,0,1,3,Low,Own,0
CUST0002420,Customer_2420,28,Female,Midwest,2020-10-01,51,Electricity,Residential,Townhouse,0,1,1,Low,Rent,0
CUST0002421,Customer_2421,63,Male,West,2023-01-31,23,Gas,Residential,Single Family,0,1,1,Medium-Low,Rent,1
CUST0002422,Customer_2422,65,Male,Northeast,2016-06-01,103,Electricity,Commercial,Apartment,0,0,3,Low,Own,1
CUST0002423,Customer_2423,44,Male,Northeast,2024-01-01,12,Gas,Commercial,Single Family,0,1,1,Medium-Low,Own,1
CUST0002424,Customer_2424,47,Female,Southeast,2021-12-01,37,Electricity+Water,Residential,Apartment,1,1,5,Low,Own,1
CUST0002425,Customer_2425,25,Male,Southwest,2024-12-01,1,Electricity,Residential,Condo,1,0,2,Medium,Own,1
CUST0002426,Customer_2426,55,Female,Southeast,2021-10-01,39,Gas,Residential,Mobile Home,0,1,2,Medium-High,Rent,1
CUST0002427,Customer_2427,56,Female,Midwest,2024-10-01,3,Water,Commercial,Townhouse,0,1,2,Medium-High,Own,1
CUST0002428,Customer_2428,47,Female,Southeast,2005-12-31,228,Electricity,Residential,Townhouse,1,1,6,High,Own,1
CUST0002429,Customer_2429,64,Male,Midwest,2017-04-02,93,Electricity,Residential,Apartment,1,1,5,Medium-High,Rent,1
CUST0002430,Customer_2430,42,Female,Southeast,2021-09-01,40,Electricity+Gas,Small Business,Single Family,0,1,1,Medium-Low,Rent,0
CUST0002431,Customer_2431,56,Female,Gulf Coast,2024-08-01,5,Electricity,Commercial,Townhouse,1,0,1,Medium-High,Own,0
CUST0002432,Customer_2432,32,Male,Midwest,2020-08-01,53,Water,Residential,Single Family,0,0,1,Medium-High,Own,0
CUST0002433,Customer_2433,47,Male,West,2017-12-01,85,Electricity,Small Business,Single Family,1,1,3,Medium,Own,0
CUST0002434,Customer_2434,45,Male,West,2024-01-01,12,Electricity+Gas,Residential,Townhouse,1,0,2,Medium-High,Own,1
CUST0002435,Customer_2435,51,Male,Midwest,2020-10-31,50,Electricity+Gas,Residential,Townhouse,0,1,2,Low,Rent,0
CUST0002436,Customer_2436,42,Male,Southeast,2016-08-31,100,Electricity,Small Business,Single Family,1,0,2,Medium,Rent,0
CUST0002437,Customer_2437,46,Female,Midwest,2017-10-01,87,Electricity,Small Business,Townhouse,0,1,1,Medium,Own,1
CUST0002438,Customer_2438,60,Male,West,2016-12-01,97,Electricity,Residential,Mobile Home,0,1,3,Medium-High,Own,1
CUST0002439,Customer_2439,41,Female,Midwest,2014-07-02,126,Electricity+Water,Residential,Apartment,1,1,4,Low,Own,0
CUST0002440,Customer_2440,23,Male,Northeast,2011-03-02,166,Electricity+Gas,Small Business,Townhouse,0,1,1,Medium-Low,Own,0
CUST0002441,Customer_2441,74,Other,Northeast,2022-06-02,31,Electricity,Residential,Single Family,1,1,3,Medium,Rent,0
CUST0002442,Customer_2442,68,Male,Southeast,2020-10-31,50,Electricity+Gas,Residential,Mobile Home,1,1,3,High,Own,0
CUST0002443,Customer_2443,28,Female,Northeast,2017-04-02,93,Electricity+Gas,Residential,Single Family,1,0,8,Low,Rent,0
CUST0002444,Customer_2444,58,Male,Gulf Coast,2019-01-31,71,Electricity+Water,Residential,Condo,0,1,4,Medium-High,Own,0
CUST0002445,Customer_2445,40,Male,Northeast,1997-12-31,324,Gas,Residential,Mobile Home,1,0,2,Medium-Low,Rent,0
CUST0002446,Customer_2446,51,Female,Southeast,2024-12-01,1,Electricity+Water,Residential,Townhouse,0,0,3,Low,Rent,1
CUST0002447,Customer_2447,52,Male,West,2022-11-01,26,Gas,Residential,Condo,0,1,2,Medium-Low,Own,0
CUST0002448,Customer_2448,44,Female,West,2023-06-02,19,Electricity+Water,Residential,Apartment,1,0,2,Medium,Own,1
CUST0002449,Customer_2449,36,Female,Midwest,2023-07-03,18,Electricity,Residential,Condo,1,0,2,Medium-High,Rent,1
CUST0002450,Customer_2450,37,Male,Southeast,2023-10-02,15,Electricity,Small Business,Townhouse,0,0,3,Medium,Own,1
CUST0002451,Customer_2451,34,Female,Southeast,2018-11-01,74,Water,Small Business,Single Family,1,1,1,Medium,Rent,1
CUST0002452,Customer_2452,35,Female,Midwest,2024-08-01,5,Water,Residential,Single Family,1,0,1,Medium-Low,Own,0
CUST0002453,Customer_2453,46,Male,Southeast,2018-04-02,81,Electricity,Commercial,Apartment,1,0,2,Medium-Low,Rent,0
CUST0002454,Customer_2454,37,Female,Southeast,2019-03-03,70,Electricity+Gas,Small Business,Condo,1,1,7,Medium-High,Own,1
CUST0002455,Customer_2455,58,Female,Northeast,2023-08-02,17,Gas,Residential,Condo,1,0,1,Low,Own,1
CUST0002456,Customer_2456,70,Male,Gulf Coast,2023-08-02,17,Electricity,Residential,Condo,0,0,4,Low,Own,1
CUST0002457,Customer_2457,39,Male,Northeast,2020-02-01,59,Electricity,Residential,Single Family,1,1,1,Medium-High,Own,0
CUST0002458,Customer_2458,51,Female,Midwest,2017-11-01,86,Electricity,Commercial,Apartment,1,1,3,High,Rent,0
CUST0002459,Customer_2459,55,Male,Gulf Coast,2014-08-01,125,Electricity+Gas,Residential,Apartment,0,1,3,Low,Rent,1
CUST0002460,Customer_2460,55,Male,Southwest,2015-07-02,114,Electricity,Small Business,Townhouse,0,0,1,Medium,Rent,1
CUST0002461,Customer_2461,49,Male,Southeast,2008-05-01,200,Electricity,Residential,Single Family,0,1,2,Medium-Low,Own,1
CUST0002462,Customer_2462,59,Female,Northeast,2020-09-01,52,Electricity+Water,Commercial,Townhouse,0,0,7,Low,Rent,0
CUST0002463,Customer_2463,55,Male,Gulf Coast,2013-01-31,143,Electricity,Residential,Apartment,1,0,4,Medium-High,Own,0
CUST0002464,Customer_2464,29,Male,Northeast,2016-10-01,99,Electricity+Gas,Residential,Apartment,0,1,2,Medium,Own,1
CUST0002465,Customer_2465,61,Female,West,2013-10-01,135,Electricity+Water,Small Business,Townhouse,1,1,3,Low,Own,0
CUST0002466,Customer_2466,61,Male,Gulf Coast,2024-12-01,1,Electricity,Residential,Apartment,1,1,2,Medium-High,Own,1
CUST0002467,Customer_2467,36,Female,Northeast,2008-03-02,202,Electricity,Residential,Single Family,1,1,6,Medium,Rent,0
CUST0002468,Customer_2468,48,Other,West,2021-11-01,38,Electricity+Gas,Residential,Condo,0,1,4,Medium-High,Rent,0
CUST0002469,Customer_2469,58,Female,Gulf Coast,2016-12-31,96,Electricity+Gas,Residential,Single Family,1,0,4,Medium,Own,0
CUST0002470,Customer_2470,44,Female,Southwest,2024-05-02,8,Electricity+Gas,Residential,Townhouse,1,0,3,Medium-Low,Own,0
CUST0002471,Customer_2471,64,Male,Midwest,2022-07-02,30,Electricity+Gas,Residential,Single Family,0,1,2,Medium,Own,0
CUST0002472,Customer_2472,83,Female,Gulf Coast,2023-06-02,19,Electricity+Water,Small Business,Townhouse,0,0,4,Medium-Low,Rent,1
CUST0002473,Customer_2473,36,Male,Southwest,2023-05-03,20,Electricity,Commercial,Condo,1,1,2,Medium-Low,Own,0
CUST0002474,Customer_2474,27,Male,West,2024-06-01,7,Water,Residential,Single Family,1,1,1,Medium,Rent,1
CUST0002475,Customer_2475,52,Male,Southwest,2016-10-31,98,Electricity,Residential,Mobile Home,1,0,3,Low,Lease,0
CUST0002476,Customer_2476,58,Male,Northeast,2024-12-01,1,Gas,Commercial,Single Family,1,1,1,Medium-Low,Own,1
CUST0002477,Customer_2477,44,Female,Southeast,2023-03-03,22,Electricity,Small Business,Single Family,1,1,2,Medium,Rent,1
CUST0002478,Customer_2478,69,Male,Northeast,2024-02-01,11,Gas,Residential,Condo,0,1,1,Medium-High,Lease,1
CUST0002479,Customer_2479,27,Female,Northeast,2020-08-01,53,Water,Residential,Townhouse,0,0,5,Medium,Own,1
CUST0002480,Customer_2480,58,Female,Northeast,2023-08-02,17,Electricity,Commercial,Single Family,0,0,6,Medium-High,Own,0
CUST0002481,Customer_2481,38,Female,Midwest,2023-08-02,17,Electricity,Residential,Mobile Home,0,1,2,High,Own,1
CUST0002482,Customer_2482,73,Male,Northeast,2021-09-01,40,Gas,Residential,Townhouse,0,1,4,High,Rent,1
CUST0002483,Customer_2483,77,Female,Gulf Coast,2019-10-02,63,Electricity,Small Business,Single Family,0,1,1,Medium-High,Rent,0
CUST0002484,Customer_2484,36,Male,West,2024-06-01,7,Water,Residential,Condo,1,1,3,Medium,Rent,1
CUST0002485,Customer_2485,39,Male,Southwest,2024-02-01,11,Water,Residential,Apartment,0,1,1,Low,Rent,1
CUST0002486,Customer_2486,60,Other,Midwest,2023-08-02,17,Water,Small Business,Single Family,1,1,2,Medium,Lease,1
CUST0002487,Customer_2487,42,Male,Southeast,2006-11-01,218,Electricity+Gas,Small Business,Condo,1,1,3,Medium,Rent,0
CUST0002488,Customer_2488,47,Male,Midwest,2022-07-02,30,Electricity+Gas,Small Business,Townhouse,1,0,5,Medium,Rent,1
CUST0002489,Customer_2489,48,Female,Southwest,2020-07-02,54,Electricity,Residential,Apartment,1,1,3,Medium-Low,Rent,0
CUST0002490,Customer_2490,19,Male,West,2023-09-01,16,Electricity+Gas,Residential,Condo,0,0,2,Medium,Rent,0
CUST0002491,Customer_2491,47,Female,Northeast,2021-09-01,40,Gas,Residential,Condo,1,1,2,High,Lease,1
CUST0002492,Customer_2492,37,Male,West,2024-09-01,4,Electricity+Water,Commercial,Single Family,0,1,3,Medium-Low,Rent,1
CUST0002493,Customer_2493,40,Male,West,2024-11-01,2,Electricity+Water,Residential,Condo,1,0,4,Medium-Low,Rent,1
CUST0002494,Customer_2494,69,Male,Southwest,2021-12-01,37,Electricity+Water,Residential,Single Family,1,0,2,Medium,Rent,1
CUST0002495,Customer_2495,29,Male,Southeast,2022-07-02,30,Gas,Residential,Apartment,0,1,2,Medium-Low,Own,0
CUST0002496,Customer_2496,60,Male,Midwest,2024-05-02,8,Gas,Residential,Mobile Home,1,1,1,Medium-High,Own,1
CUST0002497,Customer_2497,43,Female,Midwest,2019-04-02,69,Electricity+Water,Commercial,Townhouse,1,1,3,Medium,Own,1
CUST0002498,Customer_2498,43,Female,Midwest,2000-05-01,296,Electricity+Gas,Residential,Single Family,1,1,1,Medium-Low,Own,0
CUST0002499,Customer_2499,59,Female,Midwest,2022-07-02,30,Electricity+Gas,Small Business,Apartment,0,0,3,Medium-High,Own,0
CUST0002500,Customer_2500,53,Male,Northeast,2020-03-02,58,Electricity,Residential,Apartment,1,0,2,Medium-Low,Rent,0
CUST0002501,Customer_2501,56,Female,Southeast,2008-08-01,197,Water,Residential,Single Family,0,1,3,Medium-High,Rent,1
CUST0002502,Customer_2502,62,Female,Northeast,2016-03-02,106,Electricity+Gas,Commercial,Condo,0,0,3,Low,Own,0
CUST0002503,Customer_2503,43,Female,Southeast,2021-12-01,37,Gas,Small Business,Condo,1,1,5,Medium,Own,1
CUST0002504,Customer_2504,38,Male,Southeast,2018-05-02,80,Electricity+Water,Small Business,Townhouse,1,0,3,Medium-Low,Rent,1
CUST0002505,Customer_2505,31,Female,Southeast,2024-05-02,8,Gas,Small Business,Apartment,0,1,1,Medium-High,Rent,1
CUST0002506,Customer_2506,35,Female,Southeast,2021-06-02,43,Electricity+Gas,Residential,Single Family,0,0,1,Medium-High,Rent,1
CUST0002507,Customer_2507,90,Male,West,2023-06-02,19,Gas,Residential,Condo,1,0,1,Medium-High,Rent,0
CUST0002508,Customer_2508,66,Female,West,2024-03-02,10,Electricity+Gas,Residential,Single Family,0,1,2,Medium,Own,1
CUST0002509,Customer_2509,27,Male,Southeast,2022-04-02,33,Electricity,Small Business,Single Family,0,1,2,Medium-High,Own,0
CUST0002510,Customer_2510,28,Female,Southeast,2024-05-02,8,Gas,Residential,Mobile Home,0,0,1,Medium,Lease,0
CUST0002511,Customer_2511,55,Female,West,2019-01-01,72,Electricity+Gas,Residential,Condo,1,0,1,Medium,Rent,0
CUST0002512,Customer_2512,56,Female,Southwest,2022-01-01,36,Gas,Commercial,Apartment,1,0,1,Low,Own,1
CUST0002513,Customer_2513,56,Male,Southeast,2021-04-02,45,Water,Residential,Single Family,1,1,3,Medium-High,Own,0
CUST0002514,Customer_2514,44,Male,West,2024-04-02,9,Electricity,Residential,Single Family,0,1,5,Medium,Rent,1
CUST0002515,Customer_2515,46,Female,Southeast,2024-04-02,9,Electricity+Water,Residential,Apartment,1,0,3,Medium-High,Own,0
CUST0002516,Customer_2516,52,Male,Southwest,2020-09-01,52,Gas,Commercial,Apartment,1,0,2,Medium-High,Own,1
CUST0002517,Customer_2517,49,Male,Gulf Coast,2004-01-01,252,Electricity+Gas,Commercial,Townhouse,0,1,1,Medium-Low,Own,1
CUST0002518,Customer_2518,18,Female,Southeast,2024-07-02,6,Electricity,Residential,Townhouse,0,1,5,Medium-Low,Own,1
CUST0002519,Customer_2519,44,Female,Gulf Coast,2023-05-03,20,Electricity,Residential,Apartment,1,0,1,Medium-High,Rent,0
CUST0002520,Customer_2520,35,Male,Southeast,2014-11-01,122,Water,Residential,Townhouse,0,1,1,Medium-Low,Lease,0
CUST0002521,Customer_2521,50,Male,Midwest,2024-09-01,4,Electricity,Residential,Condo,1,1,4,Low,Own,0
CUST0002522,Customer_2522,90,Male,Midwest,2014-08-01,125,Electricity+Water,Residential,Townhouse,1,1,5,Low,Own,1
CUST0002523,Customer_2523,53,Female,West,2021-05-02,44,Electricity,Residential,Mobile Home,1,0,3,Medium-Low,Own,1
CUST0002524,Customer_2524,43,Female,Northeast,2022-06-02,31,Electricity+Water,Commercial,Condo,1,1,5,Low,Lease,0
CUST0002525,Customer_2525,61,Female,Southwest,2023-03-03,22,Electricity+Gas,Residential,Single Family,1,1,3,Medium-High,Own,0
CUST0002526,Customer_2526,55,Female,West,2023-04-02,21,Electricity+Gas,Small Business,Mobile Home,1,1,4,Medium,Own,1
CUST0002527,Customer_2527,54,Female,Midwest,2023-04-02,21,Electricity,Residential,Single Family,1,1,1,Medium-Low,Rent,0
CUST0002528,Customer_2528,57,Female,Northeast,2014-04-02,129,Gas,Residential,Mobile Home,1,0,3,Medium,Own,1
CUST0002529,Customer_2529,78,Male,Southeast,2018-08-02,77,Electricity,Residential,Townhouse,1,1,5,Low,Own,1
CUST0002530,Customer_2530,31,Female,West,2019-07-02,66,Electricity+Gas,Small Business,Apartment,1,1,1,Medium-High,Lease,0
CUST0002531,Customer_2531,55,Male,Gulf Coast,2016-12-31,96,Electricity+Gas,Small Business,Single Family,1,0,3,Medium,Own,0
CUST0002532,Customer_2532,34,Female,Midwest,2023-08-02,17,Electricity+Gas,Residential,Single Family,0,1,3,Low,Own,0
CUST0002533,Customer_2533,56,Female,Southwest,2020-04-01,57,Electricity+Water,Residential,Single Family,1,0,3,Medium-Low,Rent,0
CUST0002534,Customer_2534,34,Male,Southeast,2022-01-01,36,Gas,Commercial,Condo,0,1,2,Medium-High,Lease,0
CUST0002535,Customer_2535,41,Female,Midwest,2017-06-01,91,Electricity,Small Business,Apartment,1,1,5,Medium-Low,Lease,0
CUST0002536,Customer_2536,43,Male,Southeast,2023-03-03,22,Electricity,Small Business,Apartment,1,1,2,High,Rent,0
CUST0002537,Customer_2537,62,Female,Southwest,2019-12-02,61,Water,Residential,Mobile Home,0,1,1,Medium-High,Own,0
CUST0002538,Customer_2538,61,Male,Gulf Coast,2014-05-02,128,Electricity,Small Business,Single Family,0,1,3,Medium-High,Rent,1
CUST0002539,Customer_2539,29,Female,West,2022-07-02,30,Electricity+Gas,Residential,Townhouse,0,0,3,Low,Own,0
CUST0002540,Customer_2540,48,Male,Southeast,2024-09-01,4,Electricity,Residential,Apartment,1,1,1,Medium-Low,Rent,0
CUST0002541,Customer_2541,37,Male,Southwest,2021-06-02,43,Electricity,Residential,Single Family,1,0,3,Medium-Low,Own,0
CUST0002542,Customer_2542,29,Male,Northeast,2022-12-01,25,Electricity+Gas,Residential,Condo,0,0,3,Low,Rent,0
CUST0002543,Customer_2543,44,Male,Southeast,2019-07-02,66,Gas,Residential,Townhouse,0,1,2,High,Own,1
CUST0002544,Customer_2544,43,Male,Northeast,2009-12-31,180,Gas,Residential,Single Family,1,0,5,Low,Rent,0
CUST0002545,Customer_2545,84,Female,Southeast,2021-10-01,39,Electricity+Gas,Residential,Apartment,1,1,1,Medium-Low,Own,0
CUST0002546,Customer_2546,54,Male,West,2021-12-01,37,Electricity,Small Business,Condo,1,1,4,Medium-High,Own,0
CUST0002547,Customer_2547,27,Male,Midwest,2019-10-02,63,Electricity,Commercial,Single Family,1,1,1,Low,Rent,0
CUST0002548,Customer_2548,39,Male,Gulf Coast,2024-07-02,6,Electricity+Gas,Residential,Apartment,1,1,3,Medium,Own,1
CUST0002549,Customer_2549,63,Female,Southeast,2023-08-02,17,Electricity+Gas,Residential,Condo,1,0,3,High,Rent,1
CUST0002550,Customer_2550,79,Female,Southeast,2012-07-01,150,Electricity,Residential,Condo,1,0,3,Medium-Low,Rent,0
CUST0002551,Customer_2551,24,Female,Southeast,2019-07-02,66,Electricity+Gas,Residential,Townhouse,1,1,1,Medium-High,Own,1
CUST0002552,Customer_2552,19,Female,Southeast,2024-12-01,1,Electricity+Gas,Residential,Single Family,0,1,2,Low,Own,1
CUST0002553,Customer_2553,76,Male,Gulf Coast,2023-12-02,13,Electricity,Residential,Apartment,1,0,1,Medium,Lease,0
CUST0002554,Customer_2554,53,Male,Southeast,2019-05-03,68,Electricity+Gas,Residential,Townhouse,0,1,1,Medium-Low,Rent,1
CUST0002555,Customer_2555,34,Male,Gulf Coast,2017-11-01,86,Electricity+Gas,Small Business,Single Family,0,1,3,Medium,Lease,0
CUST0002556,Customer_2556,56,Female,Southeast,2015-12-02,109,Electricity,Commercial,Apartment,1,0,3,Medium,Rent,1
CUST0002557,Customer_2557,18,Other,Southeast,2023-05-03,20,Electricity+Gas,Small Business,Townhouse,1,0,2,Medium-Low,Own,0
CUST0002558,Customer_2558,48,Female,Northeast,2011-09-01,160,Electricity+Gas,Residential,Condo,1,0,3,Medium,Own,0
CUST0002559,Customer_2559,52,Male,Gulf Coast,2020-12-31,48,Electricity+Water,Small Business,Single Family,0,1,4,Low,Own,1
CUST0002560,Customer_2560,61,Male,Northeast,2019-01-31,71,Electricity+Gas,Residential,Single Family,0,1,3,Medium-High,Own,1
CUST0002561,Customer_2561,32,Male,Gulf Coast,2020-07-02,54,Electricity,Residential,Apartment,0,0,1,Medium-High,Own,0
CUST0002562,Customer_2562,49,Female,Midwest,2024-06-01,7,Electricity,Commercial,Townhouse,1,1,3,Medium,Lease,0
CUST0002563,Customer_2563,34,Male,Southeast,2008-08-01,197,Electricity+Water,Small Business,Townhouse,1,1,2,Medium-Low,Own,0
CUST0002564,Customer_2564,51,Female,Southwest,2024-06-01,7,Water,Small Business,Single Family,1,1,5,High,Own,1
CUST0002565,Customer_2565,34,Male,Northeast,2023-08-02,17,Electricity,Residential,Single Family,1,0,1,Medium,Rent,0
CUST0002566,Customer_2566,41,Female,Northeast,2016-08-31,100,Electricity,Commercial,Townhouse,0,1,1,Medium-Low,Own,0
CUST0002567,Customer_2567,33,Female,West,2020-04-01,57,Electricity+Gas,Small Business,Condo,1,1,2,Medium-High,Own,0
CUST0002568,Customer_2568,57,Female,Midwest,2015-12-02,109,Electricity+Gas,Residential,Townhouse,1,1,2,Medium,Own,0
CUST0002569,Customer_2569,60,Female,Midwest,2021-06-02,43,Electricity,Residential,Apartment,0,1,1,Low,Rent,0
CUST0002570,Customer_2570,44,Female,Northeast,2022-09-01,28,Electricity+Gas,Residential,Mobile Home,1,1,5,Low,Rent,0
CUST0002571,Customer_2571,48,Female,Northeast,2012-05-02,152,Electricity,Residential,Apartment,0,0,4,High,Own,0
CUST0002572,Customer_2572,26,Female,Southeast,2024-11-01,2,Electricity,Small Business,Apartment,1,1,1,Medium-Low,Rent,1
CUST0002573,Customer_2573,43,Female,Midwest,2015-05-02,116,Electricity,Residential,Single Family,0,1,4,Medium,Own,0
CUST0002574,Customer_2574,47,Other,West,2023-10-02,15,Electricity+Gas,Commercial,Mobile Home,1,1,3,Low,Own,1
CUST0002575,Customer_2575,87,Female,Midwest,2015-08-02,113,Water,Small Business,Apartment,0,1,3,Medium,Own,1
CUST0002576,Customer_2576,31,Female,West,2024-05-02,8,Gas,Residential,Single Family,0,0,1,Medium-Low,Own,1
CUST0002577,Customer_2577,69,Female,Northeast,2020-09-01,52,Electricity,Residential,Single Family,1,0,2,Low,Own,1
CUST0002578,Customer_2578,62,Male,Northeast,2014-01-31,131,Electricity+Water,Residential,Single Family,0,1,2,Medium-High,Rent,1
CUST0002579,Customer_2579,52,Male,Northeast,2021-11-01,38,Electricity,Residential,Single Family,1,1,4,Medium-High,Own,1
CUST0002580,Customer_2580,74,Female,West,2018-03-02,82,Water,Residential,Single Family,0,1,1,Medium-High,Own,0
CUST0002581,Customer_2581,53,Female,West,2016-12-01,97,Water,Residential,Mobile Home,1,1,1,Low,Lease,0
CUST0002582,Customer_2582,53,Female,Northeast,2018-05-02,80,Electricity,Commercial,Single Family,1,0,1,Medium-Low,Own,1
CUST0002583,Customer_2583,47,Male,Northeast,2012-01-31,155,Electricity,Commercial,Apartment,1,0,2,Medium-Low,Rent,0
CUST0002584,Customer_2584,66,Female,West,2022-01-31,35,Electricity+Water,Small Business,Single Family,0,1,2,Medium,Rent,0
CUST0002585,Customer_2585,64,Female,Gulf Coast,2024-02-01,11,Electricity+Gas,Residential,Townhouse,1,0,2,Medium-High,Own,0
CUST0002586,Customer_2586,38,Male,West,2024-11-01,2,Electricity,Commercial,Apartment,1,1,1,Medium,Own,1
CUST0002587,Customer_2587,28,Female,Southeast,2023-09-01,16,Electricity+Water,Residential,Single Family,1,1,6,Medium-High,Own,0
CUST0002588,Customer_2588,44,Female,Southwest,2024-04-02,9,Electricity,Residential,Condo,0,1,2,Medium,Rent,1
CUST0002589,Customer_2589,35,Male,West,2020-12-31,48,Electricity,Small Business,Townhouse,1,0,1,Medium,Own,1
CUST0002590,Customer_2590,47,Female,Southeast,2024-01-01,12,Electricity+Gas,Commercial,Mobile Home,1,1,1,Low,Own,0
CUST0002591,Customer_2591,66,Female,Midwest,2024-11-01,2,Electricity+Gas,Residential,Single Family,0,1,4,Medium,Rent,0
CUST0002592,Customer_2592,41,Male,Southeast,2024-11-01,2,Gas,Residential,Apartment,1,0,4,Medium,Own,1
CUST0002593,Customer_2593,47,Male,Southeast,2016-03-02,106,Electricity,Residential,Mobile Home,0,1,1,Medium,Lease,1
CUST0002594,Customer_2594,48,Other,Gulf Coast,2020-08-01,53,Electricity+Gas,Residential,Condo,1,0,2,Medium-Low,Rent,1
CUST0002595,Customer_2595,60,Male,Gulf Coast,2022-11-01,26,Electricity+Gas,Residential,Condo,0,1,1,Medium-Low,Own,0
CUST0002596,Customer_2596,18,Male,Midwest,2013-11-01,134,Electricity+Water,Residential,Apartment,0,1,4,Medium-Low,Own,0
CUST0002597,Customer_2597,38,Male,Northeast,2024-09-01,4,Gas,Commercial,Townhouse,0,1,1,Low,Rent,1
CUST0002598,Customer_2598,51,Female,West,2005-06-01,235,Electricity+Gas,Commercial,Condo,1,0,4,Medium-High,Own,0
CUST0002599,Customer_2599,66,Female,Southeast,2020-04-01,57,Electricity,Commercial,Single Family,0,1,3,Medium,Rent,1
CUST0002600,Customer_2600,40,Female,Northeast,2024-01-01,12,Electricity+Water,Residential,Townhouse,0,1,3,Medium,Own,0
CUST0002601,Customer_2601,19,Male,Southeast,2019-05-03,68,Electricity,Residential,Condo,1,1,1,Medium,Lease,0
CUST0002602,Customer_2602,57,Female,Midwest,2017-11-01,86,Electricity+Gas,Residential,Single Family,0,0,2,Medium-Low,Rent,0
CUST0002603,Customer_2603,38,Male,Northeast,2022-04-02,33,Electricity+Water,Commercial,Single Family,0,0,3,Medium-High,Own,1
CUST0002604,Customer_2604,30,Male,Southwest,2015-03-03,118,Water,Residential,Single Family,1,0,4,High,Rent,0
CUST0002605,Customer_2605,38,Male,Northeast,2024-04-02,9,Electricity+Gas,Residential,Condo,1,0,5,Medium,Own,0
CUST0002606,Customer_2606,45,Male,Gulf Coast,2023-06-02,19,Electricity+Gas,Residential,Townhouse,1,1,1,Medium,Own,0
CUST0002607,Customer_2607,38,Female,Gulf Coast,2024-08-01,5,Electricity+Water,Residential,Townhouse,1,0,2,Medium-Low,Rent,0
CUST0002608,Customer_2608,18,Female,West,2023-11-01,14,Water,Residential,Condo,0,1,3,Medium,Lease,1
CUST0002609,Customer_2609,61,Male,Midwest,2023-09-01,16,Electricity+Gas,Small Business,Apartment,1,1,3,Medium,Own,1
CUST0002610,Customer_2610,67,Female,Southeast,2012-08-01,149,Electricity+Gas,Residential,Condo,0,0,4,High,Rent,1
CUST0002611,Customer_2611,57,Female,West,2024-09-01,4,Electricity,Residential,Single Family,0,0,1,Medium,Own,0
CUST0002612,Customer_2612,30,Female,Gulf Coast,2022-04-02,33,Gas,Residential,Townhouse,0,0,3,Medium-Low,Own,1
CUST0002613,Customer_2613,44,Male,Northeast,2021-04-02,45,Electricity,Small Business,Single Family,1,1,1,Medium,Own,0
CUST0002614,Customer_2614,47,Female,Midwest,2013-08-01,137,Gas,Residential,Single Family,1,1,3,High,Rent,0
CUST0002615,Customer_2615,56,Male,Southeast,1994-12-31,360,Electricity+Gas,Commercial,Single Family,1,1,1,Medium-High,Own,1
CUST0002616,Customer_2616,58,Female,Southeast,2018-01-31,83,Electricity,Residential,Apartment,0,1,4,Low,Own,1
CUST0002617,Customer_2617,36,Male,Midwest,2007-06-02,211,Electricity,Residential,Condo,1,0,1,Medium-Low,Lease,0
CUST0002618,Customer_2618,49,Female,Gulf Coast,2017-05-02,92,Gas,Residential,Apartment,1,1,5,Medium-Low,Own,1
CUST0002619,Customer_2619,54,Male,Southeast,2008-07-01,198,Electricity,Residential,Single Family,0,1,4,Medium-High,Own,0
CUST0002620,Customer_2620,69,Male,Midwest,2018-12-01,73,Gas,Small Business,Mobile Home,1,0,1,Medium,Rent,0
CUST0002621,Customer_2621,58,Female,Gulf Coast,2024-09-01,4,Electricity+Water,Commercial,Single Family,1,1,2,Medium-High,Own,1
CUST0002622,Customer_2622,59,Female,Midwest,2022-07-02,30,Electricity+Gas,Small Business,Mobile Home,0,1,1,Medium-Low,Own,0
CUST0002623,Customer_2623,49,Female,Gulf Coast,2019-11-01,62,Electricity,Residential,Mobile Home,0,1,2,High,Rent,0
CUST0002624,Customer_2624,69,Female,Northeast,2022-12-01,25,Electricity,Residential,Apartment,1,1,3,Low,Rent,0
CUST0002625,Customer_2625,54,Male,Gulf Coast,2023-06-02,19,Electricity+Gas,Commercial,Single Family,0,1,1,Medium-Low,Rent,0
CUST0002626,Customer_2626,35,Female,Southeast,2020-10-01,51,Electricity+Gas,Residential,Townhouse,1,1,2,Low,Own,0
CUST0002627,Customer_2627,69,Male,Gulf Coast,2011-07-02,162,Gas,Small Business,Condo,1,1,1,Medium-Low,Rent,0
CUST0002628,Customer_2628,58,Male,Northeast,2024-11-01,2,Electricity,Commercial,Apartment,1,0,2,High,Rent,0
CUST0002629,Customer_2629,41,Female,Midwest,2017-10-01,87,Electricity,Residential,Single Family,0,0,3,Low,Rent,0
CUST0002630,Customer_2630,40,Female,Southeast,2018-09-01,76,Electricity,Residential,Condo,0,0,2,Low,Own,1
CUST0002631,Customer_2631,52,Female,Midwest,2008-06-01,199,Gas,Small Business,Apartment,1,1,2,High,Rent,0
CUST0002632,Customer_2632,54,Female,Southeast,2011-09-01,160,Water,Residential,Single Family,0,1,1,Medium-High,Rent,1
CUST0002633,Customer_2633,50,Female,Gulf Coast,2017-11-01,86,Electricity+Water,Residential,Mobile Home,0,1,3,Medium,Rent,0
CUST0002634,Customer_2634,52,Male,Southeast,2021-05-02,44,Gas,Residential,Mobile Home,0,1,4,Low,Rent,0
CUST0002635,Customer_2635,73,Male,Southwest,2023-12-02,13,Water,Residential,Single Family,0,1,3,Medium-High,Own,0
CUST0002636,Customer_2636,64,Female,Northeast,2021-01-31,47,Electricity+Water,Residential,Single Family,0,0,3,Medium,Rent,1
CUST0002637,Customer_2637,50,Male,West,2017-11-01,86,Electricity+Gas,Residential,Apartment,0,1,3,Medium-Low,Rent,1
CUST0002638,Customer_2638,62,Male,Midwest,2013-10-01,135,Electricity+Gas,Small Business,Single Family,1,1,2,Medium-Low,Own,0
CUST0002639,Customer_2639,32,Male,Gulf Coast,2017-04-02,93,Electricity+Water,Commercial,Single Family,1,1,3,Medium,Own,0
CUST0002640,Customer_2640,53,Female,Midwest,2023-12-02,13,Electricity,Residential,Condo,1,1,4,Medium,Rent,0
CUST0002641,Customer_2641,75,Male,Southeast,2020-07-02,54,Electricity,Small Business,Mobile Home,0,1,4,Medium-High,Lease,0
CUST0002642,Customer_2642,44,Female,Southeast,2023-01-01,24,Electricity+Water,Residential,Single Family,1,1,1,Medium-High,Own,0
CUST0002643,Customer_2643,35,Female,West,2024-12-01,1,Gas,Residential,Townhouse,1,0,1,Medium-High,Lease,1
CUST0002644,Customer_2644,38,Male,Southwest,2023-12-02,13,Water,Commercial,Single Family,1,0,2,Medium-High,Own,0
CUST0002645,Customer_2645,31,Female,West,2024-06-01,7,Water,Residential,Single Family,1,1,3,Medium-High,Own,0
CUST0002646,Customer_2646,36,Female,Northeast,2015-11-01,110,Gas,Residential,Single Family,1,1,3,Medium,Rent,0
CUST0002647,Customer_2647,42,Female,Southwest,2023-08-02,17,Electricity+Gas,Residential,Single Family,0,1,2,Medium-High,Rent,0
CUST0002648,Customer_2648,26,Female,Gulf Coast,2023-05-03,20,Electricity+Gas,Small Business,Apartment,0,0,5,Medium,Rent,0
CUST0002649,Customer_2649,48,Male,Northeast,2008-12-01,193,Electricity,Small Business,Condo,0,1,2,Medium,Own,0
CUST0002650,Customer_2650,61,Female,Northeast,2022-09-01,28,Electricity,Small Business,Apartment,0,1,5,Medium-High,Own,1
CUST0002651,Customer_2651,34,Male,West,2024-12-01,1,Electricity+Gas,Residential,Apartment,1,0,3,Medium-Low,Rent,0
CUST0002652,Customer_2652,70,Female,Southeast,2023-05-03,20,Electricity,Small Business,Single Family,1,0,3,Medium-High,Rent,0
CUST0002653,Customer_2653,55,Female,Southwest,2024-06-01,7,Electricity,Residential,Townhouse,1,1,1,High,Own,1
CUST0002654,Customer_2654,63,Female,Midwest,2024-07-02,6,Electricity,Residential,Single Family,0,1,2,Medium-Low,Own,1
CUST0002655,Customer_2655,38,Male,Gulf Coast,2024-09-01,4,Electricity+Gas,Residential,Single Family,1,1,2,Medium,Lease,1
CUST0002656,Customer_2656,60,Male,Gulf Coast,2020-08-01,53,Electricity+Water,Residential,Single Family,0,0,3,Low,Own,1
CUST0002657,Customer_2657,31,Male,West,2024-01-01,12,Electricity+Gas,Residential,Single Family,0,0,1,Medium-High,Own,1
CUST0002658,Customer_2658,61,Male,Southeast,2022-11-01,26,Gas,Residential,Apartment,1,1,3,Medium,Lease,0
CUST0002659,Customer_2659,50,Male,Southeast,2015-03-03,118,Electricity+Water,Residential,Single Family,1,1,3,Medium,Own,0
CUST0002660,Customer_2660,56,Female,Gulf Coast,2022-04-02,33,Electricity,Small Business,Condo,1,0,3,Low,Own,0
CUST0002661,Customer_2661,30,Male,Southwest,2012-08-31,148,Electricity,Commercial,Condo,0,1,2,Medium-High,Own,1
CUST0002662,Customer_2662,34,Other,West,2021-08-01,41,Electricity,Small Business,Single Family,1,0,3,Medium-Low,Own,0
CUST0002663,Customer_2663,56,Male,Midwest,2022-07-02,30,Gas,Small Business,Apartment,1,1,4,Medium,Rent,1
CUST0002664,Customer_2664,33,Female,Northeast,2018-01-31,83,Electricity,Residential,Apartment,1,1,1,Medium,Rent,1
CUST0002665,Customer_2665,54,Female,Southeast,2024-09-01,4,Electricity,Residential,Mobile Home,1,1,2,Medium,Own,0
CUST0002666,Customer_2666,27,Female,Northeast,2024-08-01,5,Electricity,Commercial,Single Family,0,1,1,Low,Rent,1
CUST0002667,Customer_2667,60,Female,West,2019-10-02,63,Electricity+Gas,Small Business,Townhouse,1,0,4,Medium-High,Own,0
CUST0002668,Customer_2668,29,Male,West,2021-09-01,40,Gas,Residential,Single Family,1,1,5,Medium-High,Rent,1
CUST0002669,Customer_2669,56,Female,Northeast,2017-04-02,93,Electricity+Gas,Residential,Apartment,1,0,5,Medium,Own,1
CUST0002670,Customer_2670,57,Male,Southwest,2012-08-31,148,Electricity+Gas,Residential,Single Family,1,1,3,Medium,Own,0
CUST0002671,Customer_2671,37,Male,Gulf Coast,2022-08-02,29,Electricity,Residential,Single Family,0,1,1,Medium-Low,Rent,0
CUST0002672,Customer_2672,56,Female,West,2020-07-02,54,Water,Residential,Single Family,0,1,4,High,Own,0
CUST0002673,Customer_2673,51,Female,Midwest,2021-08-01,41,Gas,Commercial,Single Family,0,1,3,Medium-High,Own,0
CUST0002674,Customer_2674,39,Female,Southeast,2005-01-30,239,Electricity,Small Business,Single Family,1,0,1,Medium,Own,0
CUST0002675,Customer_2675,32,Male,Gulf Coast,2016-03-02,106,Electricity,Residential,Townhouse,0,0,2,High,Own,1
CUST0002676,Customer_2676,18,Male,Midwest,2012-12-01,145,Water,Residential,Townhouse,0,0,2,Medium-Low,Own,0
CUST0002677,Customer_2677,53,Male,Gulf Coast,2023-08-02,17,Electricity+Gas,Small Business,Apartment,1,0,3,Medium,Own,1
CUST0002678,Customer_2678,24,Male,West,2017-09-01,88,Electricity+Gas,Residential,Single Family,1,0,1,Medium,Lease,1
CUST0002679,Customer_2679,49,Male,West,2023-07-03,18,Electricity,Residential,Single Family,1,1,7,High,Rent,0
CUST0002680,Customer_2680,44,Male,Gulf Coast,2023-11-01,14,Gas,Residential,Condo,1,0,2,Medium,Own,1
CUST0002681,Customer_2681,58,Male,West,2010-08-01,173,Electricity+Gas,Residential,Single Family,1,0,1,Medium,Own,1
CUST0002682,Customer_2682,43,Female,Northeast,2024-12-01,1,Electricity+Water,Residential,Condo,0,1,4,Low,Own,1
CUST0002683,Customer_2683,43,Male,Southeast,2008-04-01,201,Electricity+Gas,Commercial,Condo,1,1,1,Low,Own,0
CUST0002684,Customer_2684,58,Female,Northeast,2024-04-02,9,Electricity,Residential,Single Family,0,1,3,Medium,Own,1
CUST0002685,Customer_2685,53,Male,Southeast,2016-07-02,102,Electricity,Residential,Condo,1,0,2,Medium-Low,Lease,0
CUST0002686,Customer_2686,52,Female,Northeast,2023-06-02,19,Electricity,Residential,Apartment,0,1,6,Low,Own,0
CUST0002687,Customer_2687,55,Female,Midwest,2022-12-01,25,Electricity+Gas,Residential,Apartment,1,1,1,High,Own,0
CUST0002688,Customer_2688,24,Male,Northeast,2023-11-01,14,Electricity,Small Business,Condo,0,1,3,High,Own,0
CUST0002689,Customer_2689,59,Female,Midwest,2020-09-01,52,Gas,Residential,Apartment,0,1,2,Medium-Low,Rent,0
CUST0002690,Customer_2690,57,Male,Gulf Coast,2022-12-01,25,Electricity+Gas,Residential,Townhouse,0,0,6,Medium-High,Rent,0
CUST0002691,Customer_2691,32,Female,West,2019-09-01,64,Electricity,Small Business,Townhouse,0,1,1,Medium-High,Lease,0
CUST0002692,Customer_2692,44,Male,Gulf Coast,2024-12-01,1,Electricity+Gas,Small Business,Townhouse,1,1,1,Medium,Own,0
CUST0002693,Customer_2693,47,Other,Southeast,2024-10-01,3,Electricity+Gas,Small Business,Townhouse,1,1,5,Medium-Low,Own,1
CUST0002694,Customer_2694,45,Male,Midwest,2024-07-02,6,Gas,Small Business,Single Family,1,0,5,Low,Own,0
CUST0002695,Customer_2695,53,Male,Southeast,2022-05-02,32,Electricity+Water,Small Business,Single Family,1,1,3,Low,Own,0
CUST0002696,Customer_2696,69,Female,Midwest,2016-08-01,101,Electricity+Gas,Residential,Mobile Home,1,1,4,Medium-High,Rent,0
CUST0002697,Customer_2697,64,Male,Southwest,2014-01-31,131,Gas,Residential,Single Family,0,1,1,Medium-Low,Own,1
CUST0002698,Customer_2698,28,Female,Northeast,2023-09-01,16,Water,Small Business,Apartment,1,1,4,Medium,Rent,0
CUST0002699,Customer_2699,57,Male,Southeast,2020-10-01,51,Electricity+Gas,Residential,Single Family,0,1,5,Medium,Own,0
CUST0002700,Customer_2700,67,Female,West,2017-10-01,87,Water,Residential,Single Family,1,1,2,Medium-Low,Rent,0
CUST0002701,Customer_2701,53,Male,West,2023-05-03,20,Electricity+Gas,Small Business,Single Family,0,1,2,Low,Rent,0
CUST0002702,Customer_2702,64,Female,Southwest,2022-06-02,31,Gas,Residential,Single Family,1,1,1,Medium-Low,Rent,1
CUST0002703,Customer_2703,78,Female,Southeast,2021-05-02,44,Electricity,Small Business,Apartment,1,1,1,Medium-High,Own,0
CUST0002704,Customer_2704,63,Male,Midwest,2024-05-02,8,Electricity+Gas,Residential,Condo,0,1,2,Medium-High,Own,0
CUST0002705,Customer_2705,51,Male,Northeast,2024-12-01,1,Electricity,Residential,Apartment,1,0,3,Low,Rent,1
CUST0002706,Customer_2706,63,Male,Gulf Coast,2024-04-02,9,Water,Residential,Townhouse,1,0,2,Low,Own,0
CUST0002707,Customer_2707,50,Other,Gulf Coast,2020-02-01,59,Gas,Commercial,Apartment,1,1,2,Medium-High,Own,0
CUST0002708,Customer_2708,48,Male,Northeast,2024-09-01,4,Electricity+Gas,Commercial,Condo,1,1,1,Medium-Low,Rent,0
CUST0002709,Customer_2709,42,Male,Northeast,2024-01-01,12,Gas,Residential,Townhouse,1,0,1,Medium,Own,0
CUST0002710,Customer_2710,71,Male,Southwest,2023-01-01,24,Electricity+Gas,Residential,Single Family,0,1,4,Medium,Rent,1
CUST0002711,Customer_2711,35,Male,Southeast,2024-09-01,4,Electricity+Gas,Residential,Apartment,0,1,1,Medium,Lease,1
CUST0002712,Customer_2712,70,Female,Gulf Coast,2024-01-01,12,Electricity+Gas,Residential,Condo,0,1,2,Low,Own,0
CUST0002713,Customer_2713,55,Female,West,2012-12-01,145,Electricity,Residential,Townhouse,0,0,1,High,Rent,0
CUST0002714,Customer_2714,27,Female,Southeast,2024-12-01,1,Electricity,Residential,Condo,0,0,2,Low,Rent,1
CUST0002715,Customer_2715,53,Female,Northeast,2019-10-02,63,Water,Small Business,Single Family,1,1,2,Low,Rent,1
CUST0002716,Customer_2716,18,Female,West,2022-08-02,29,Electricity+Water,Small Business,Mobile Home,0,1,3,Medium-Low,Own,0
CUST0002717,Customer_2717,57,Male,Midwest,2019-06-02,67,Electricity,Residential,Single Family,0,1,1,High,Own,0
CUST0002718,Customer_2718,61,Male,Southwest,2020-08-01,53,Electricity,Small Business,Single Family,1,1,2,Low,Own,0
CUST0002719,Customer_2719,39,Female,Southeast,2023-10-02,15,Electricity,Residential,Apartment,0,1,1,Medium-High,Own,0
CUST0002720,Customer_2720,49,Female,Northeast,2015-09-01,112,Electricity+Water,Residential,Single Family,0,0,1,Medium-Low,Own,0
CUST0002721,Customer_2721,77,Female,West,2021-09-01,40,Electricity,Small Business,Townhouse,0,1,3,Low,Own,1
CUST0002722,Customer_2722,40,Male,Midwest,2016-06-01,103,Electricity,Residential,Condo,0,1,6,Medium-High,Own,0
CUST0002723,Customer_2723,32,Male,Southeast,2022-06-02,31,Electricity,Residential,Mobile Home,1,0,4,Medium-High,Rent,0
CUST0002724,Customer_2724,70,Male,Northeast,2004-03-01,250,Electricity+Gas,Residential,Apartment,1,0,4,Medium-High,Own,0
CUST0002725,Customer_2725,77,Female,Southwest,2017-09-01,88,Electricity+Water,Commercial,Apartment,0,1,3,Medium-Low,Own,1
CUST0002726,Customer_2726,48,Female,West,2008-03-02,202,Gas,Small Business,Mobile Home,0,0,1,Medium-High,Own,0
CUST0002727,Customer_2727,63,Female,Southeast,2021-06-02,43,Electricity,Residential,Apartment,0,1,2,Low,Own,1
CUST0002728,Customer_2728,68,Male,West,2021-11-01,38,Electricity+Gas,Small Business,Mobile Home,1,0,1,Medium-Low,Lease,1
CUST0002729,Customer_2729,36,Female,Southeast,2018-01-01,84,Electricity,Residential,Condo,1,1,2,Medium,Lease,0
CUST0002730,Customer_2730,40,Male,Southeast,2014-06-02,127,Electricity,Commercial,Single Family,1,1,4,Low,Rent,0
CUST0002731,Customer_2731,66,Male,West,2008-06-01,199,Electricity+Water,Small Business,Single Family,1,1,4,Medium,Own,0
CUST0002732,Customer_2732,73,Female,Southwest,2023-01-31,23,Electricity+Water,Residential,Apartment,0,1,3,Medium,Rent,0
CUST0002733,Customer_2733,56,Male,Southeast,2016-12-31,96,Electricity+Water,Small Business,Condo,1,1,1,High,Rent,0
CUST0002734,Customer_2734,34,Male,Northeast,2023-11-01,14,Gas,Residential,Condo,0,1,1,Medium,Own,0
CUST0002735,Customer_2735,77,Female,Northeast,2021-01-31,47,Electricity,Commercial,Apartment,0,1,5,Medium-Low,Rent,0
CUST0002736,Customer_2736,40,Female,West,2024-02-01,11,Water,Small Business,Single Family,1,1,1,Medium-High,Lease,1
CUST0002737,Customer_2737,42,Male,Northeast,2022-12-01,25,Electricity,Residential,Single Family,0,1,1,Medium-Low,Own,0
CUST0002738,Customer_2738,53,Female,Northeast,2011-09-01,160,Electricity,Residential,Mobile Home,1,1,1,Medium,Rent,1
CUST0002739,Customer_2739,71,Male,Southeast,2024-04-02,9,Electricity,Residential,Apartment,1,1,1,Low,Rent,0
CUST0002740,Customer_2740,60,Female,Midwest,2020-01-01,60,Electricity+Water,Residential,Apartment,0,1,3,Medium-Low,Own,0
CUST0002741,Customer_2741,54,Female,West,2020-08-01,53,Electricity+Gas,Residential,Condo,0,1,1,Medium,Own,0
CUST0002742,Customer_2742,54,Female,Southeast,2024-06-01,7,Electricity,Residential,Condo,0,1,1,Medium-High,Own,1
CUST0002743,Customer_2743,48,Female,Midwest,2023-01-31,23,Electricity,Residential,Apartment,0,0,3,Low,Own,0
CUST0002744,Customer_2744,56,Male,Northeast,2020-12-01,49,Water,Small Business,Apartment,1,1,2,Medium-High,Own,0
CUST0002745,Customer_2745,18,Male,Midwest,2024-01-01,12,Water,Small Business,Townhouse,0,0,4,High,Rent,1
CUST0002746,Customer_2746,43,Male,Northeast,2016-12-31,96,Electricity+Gas,Residential,Single Family,1,1,2,Medium-Low,Rent,1
CUST0002747,Customer_2747,51,Male,Southeast,2007-03-02,214,Electricity,Residential,Apartment,1,1,2,Medium-High,Lease,1
CUST0002748,Customer_2748,30,Female,Southeast,2023-11-01,14,Gas,Residential,Single Family,0,1,1,Medium-Low,Own,0
CUST0002749,Customer_2749,53,Male,West,2024-01-01,12,Electricity+Gas,Commercial,Condo,1,0,3,Medium,Own,1
CUST0002750,Customer_2750,44,Male,West,2022-01-01,36,Electricity+Water,Residential,Mobile Home,1,0,1,Medium-High,Own,0
CUST0002751,Customer_2751,74,Male,Midwest,2018-03-02,82,Electricity,Commercial,Mobile Home,0,1,1,Medium-Low,Own,1
CUST0002752,Customer_2752,71,Other,Northeast,2023-06-02,19,Electricity+Gas,Commercial,Single Family,1,1,1,Low,Own,1
CUST0002753,Customer_2753,41,Male,Southeast,2024-12-01,1,Electricity,Commercial,Apartment,1,0,4,Medium,Own,0
CUST0002754,Customer_2754,45,Female,Midwest,2021-03-02,46,Gas,Residential,Single Family,1,0,2,Medium-High,Rent,1
CUST0002755,Customer_2755,46,Male,Gulf Coast,2009-05-02,188,Electricity,Residential,Single Family,0,0,3,Low,Own,0
CUST0002756,Customer_2756,41,Male,Gulf Coast,2022-08-02,29,Water,Commercial,Apartment,1,1,1,Low,Rent,1
CUST0002757,Customer_2757,50,Female,Southwest,2022-05-02,32,Electricity,Residential,Townhouse,1,1,2,Medium-High,Lease,0
CUST0002758,Customer_2758,36,Female,Southeast,2007-09-01,208,Gas,Residential,Single Family,0,1,3,Medium-Low,Own,0
CUST0002759,Customer_2759,31,Female,West,2019-01-31,71,Gas,Residential,Single Family,1,1,4,Medium-Low,Rent,1
CUST0002760,Customer_2760,57,Female,Southeast,2018-09-01,76,Electricity+Water,Residential,Apartment,1,1,3,Low,Own,0
CUST0002761,Customer_2761,57,Male,Southwest,2020-12-01,49,Water,Commercial,Single Family,1,0,6,Low,Rent,0
CUST0002762,Customer_2762,35,Male,Southeast,2006-09-01,220,Electricity,Residential,Single Family,1,1,4,Medium,Rent,0
CUST0002763,Customer_2763,61,Female,Southeast,2019-03-03,70,Electricity,Small Business,Apartment,0,1,3,Medium,Own,0
CUST0002764,Customer_2764,38,Male,Northeast,2013-10-01,135,Electricity+Gas,Small Business,Apartment,0,1,4,Medium-Low,Rent,0
CUST0002765,Customer_2765,51,Female,Midwest,2019-01-01,72,Gas,Residential,Apartment,1,1,3,Medium,Own,0
CUST0002766,Customer_2766,60,Female,Southwest,2018-06-02,79,Electricity,Small Business,Single Family,0,1,1,Medium-Low,Lease,0
CUST0002767,Customer_2767,47,Male,West,2023-05-03,20,Water,Commercial,Single Family,1,0,3,Medium,Own,1
CUST0002768,Customer_2768,54,Female,West,2023-04-02,21,Electricity,Commercial,Single Family,0,0,4,Medium-High,Own,0
CUST0002769,Customer_2769,40,Male,Gulf Coast,2017-06-01,91,Electricity+Water,Small Business,Single Family,1,1,2,Medium-High,Own,0
CUST0002770,Customer_2770,45,Male,Northeast,2023-04-02,21,Electricity,Residential,Single Family,1,0,3,Low,Rent,1
CUST0002771,Customer_2771,44,Male,Midwest,2020-12-01,49,Electricity,Residential,Condo,1,0,6,Low,Rent,0
CUST0002772,Customer_2772,36,Female,Midwest,2023-08-02,17,Electricity,Residential,Single Family,0,0,1,Medium,Lease,0
CUST0002773,Customer_2773,45,Male,West,2016-08-01,101,Electricity+Gas,Residential,Single Family,1,1,3,Medium-High,Rent,1
CUST0002774,Customer_2774,24,Female,Southeast,2024-06-01,7,Electricity,Residential,Single Family,1,0,2,Medium-Low,Own,0
CUST0002775,Customer_2775,40,Female,Northeast,2016-03-02,106,Electricity+Gas,Residential,Apartment,1,0,2,Medium-High,Rent,0
CUST0002776,Customer_2776,43,Female,Southeast,2020-06-01,55,Gas,Residential,Single Family,1,1,1,Low,Own,0
CUST0002777,Customer_2777,44,Female,Gulf Coast,2024-01-01,12,Electricity,Residential,Single Family,0,1,4,Low,Own,0
CUST0002778,Customer_2778,44,Male,Gulf Coast,2021-03-02,46,Electricity+Water,Residential,Single Family,0,0,3,High,Own,0
CUST0002779,Customer_2779,47,Male,Southeast,2023-06-02,19,Electricity+Water,Residential,Mobile Home,0,1,5,Medium-Low,Own,0
CUST0002780,Customer_2780,55,Male,Gulf Coast,2023-01-31,23,Electricity+Gas,Small Business,Condo,1,0,2,Medium,Own,1
CUST0002781,Customer_2781,61,Female,Northeast,2022-12-01,25,Water,Residential,Townhouse,0,1,1,Medium-Low,Own,0
CUST0002782,Customer_2782,38,Other,Southeast,2024-10-01,3,Electricity,Small Business,Single Family,1,1,1,Low,Own,0
CUST0002783,Customer_2783,29,Female,West,2003-10-01,255,Electricity,Commercial,Single Family,0,0,1,Medium,Rent,1
CUST0002784,Customer_2784,32,Female,Southeast,2024-12-01,1,Electricity,Residential,Townhouse,1,1,4,High,Own,0
CUST0002785,Customer_2785,40,Female,Southeast,2019-08-02,65,Electricity+Water,Commercial,Single Family,0,1,3,Medium,Rent,0
CUST0002786,Customer_2786,42,Male,Gulf Coast,2022-10-02,27,Electricity+Gas,Residential,Apartment,1,1,3,Medium-Low,Own,0
CUST0002787,Customer_2787,36,Female,Southwest,2019-11-01,62,Electricity,Residential,Townhouse,1,1,3,Medium-High,Lease,1
CUST0002788,Customer_2788,28,Female,Gulf Coast,2022-11-01,26,Gas,Residential,Apartment,1,0,5,Low,Own,1
CUST0002789,Customer_2789,41,Male,Northeast,2019-06-02,67,Electricity,Commercial,Apartment,1,1,4,Medium,Lease,0
CUST0002790,Customer_2790,50,Other,Southeast,2018-07-02,78,Electricity,Residential,Single Family,1,1,1,Medium,Own,0
CUST0002791,Customer_2791,56,Male,Southeast,2019-03-03,70,Gas,Residential,Townhouse,1,1,1,Medium-Low,Rent,1
CUST0002792,Customer_2792,39,Female,Gulf Coast,2024-06-01,7,Electricity,Commercial,Townhouse,0,1,2,Medium-High,Own,1
CUST0002793,Customer_2793,41,Female,Southeast,2019-09-01,64,Electricity,Small Business,Townhouse,0,0,1,Low,Own,0
CUST0002794,Customer_2794,34,Female,Southeast,2023-06-02,19,Electricity,Small Business,Single Family,1,1,6,Medium,Lease,0
CUST0002795,Customer_2795,47,Male,Northeast,2024-12-01,1,Electricity+Gas,Commercial,Townhouse,1,1,3,Medium-High,Own,0
CUST0002796,Customer_2796,35,Female,West,2022-05-02,32,Electricity+Gas,Small Business,Mobile Home,1,0,2,Medium-Low,Own,0
CUST0002797,Customer_2797,56,Female,Southeast,2022-03-03,34,Gas,Residential,Townhouse,1,0,3,Medium-Low,Lease,1
CUST0002798,Customer_2798,21,Male,Northeast,2021-12-01,37,Electricity+Gas,Residential,Apartment,1,1,2,Medium,Own,0
CUST0002799,Customer_2799,42,Female,Midwest,2018-12-01,73,Electricity,Small Business,Townhouse,1,0,1,Medium-High,Own,0
CUST0002800,Customer_2800,52,Female,Southeast,2023-03-03,22,Electricity,Residential,Apartment,1,1,4,Medium-Low,Rent,0
CUST0002801,Customer_2801,50,Female,Northeast,2023-03-03,22,Water,Residential,Condo,1,1,4,Medium-Low,Rent,0
CUST0002802,Customer_2802,88,Male,Northeast,2024-10-01,3,Electricity,Residential,Townhouse,0,0,1,Medium-High,Rent,0
CUST0002803,Customer_2803,53,Female,Gulf Coast,2019-04-02,69,Gas,Residential,Townhouse,0,1,3,Medium-Low,Lease,1
CUST0002804,Customer_2804,32,Female,Northeast,2020-10-31,50,Electricity+Water,Residential,Townhouse,0,1,4,Medium,Own,0
CUST0002805,Customer_2805,46,Male,Northeast,2022-12-01,25,Gas,Small Business,Single Family,1,1,1,Medium-Low,Rent,0
CUST0002806,Customer_2806,21,Male,Southeast,2018-12-01,73,Electricity,Small Business,Apartment,0,1,1,Medium,Own,0
CUST0002807,Customer_2807,46,Other,Gulf Coast,2021-03-02,46,Electricity+Water,Residential,Single Family,1,1,2,Medium,Rent,0
CUST0002808,Customer_2808,35,Female,Northeast,2021-11-01,38,Electricity,Small Business,Apartment,1,0,3,Medium,Own,0
CUST0002809,Customer_2809,61,Female,West,2021-07-02,42,Electricity+Gas,Residential,Townhouse,1,1,3,Low,Own,1
CUST0002810,Customer_2810,39,Male,Gulf Coast,2020-01-01,60,Electricity,Residential,Apartment,1,1,1,Medium,Own,1
CUST0002811,Customer_2811,46,Male,Southeast,2019-09-01,64,Gas,Residential,Single Family,0,1,2,Medium-Low,Rent,1
CUST0002812,Customer_2812,38,Male,Southeast,2023-05-03,20,Electricity+Gas,Residential,Single Family,0,1,1,Low,Own,1
CUST0002813,Customer_2813,74,Male,West,2024-04-02,9,Gas,Small Business,Single Family,0,0,3,Low,Lease,1
CUST0002814,Customer_2814,43,Female,West,2024-03-02,10,Water,Residential,Townhouse,1,0,3,Low,Rent,0
CUST0002815,Customer_2815,75,Female,West,2019-12-02,61,Electricity+Water,Residential,Townhouse,0,1,1,High,Own,0
CUST0002816,Customer_2816,60,Female,West,2014-10-01,123,Electricity,Residential,Condo,0,1,1,Medium-High,Lease,1
CUST0002817,Customer_2817,55,Male,Southeast,2022-06-02,31,Water,Commercial,Single Family,1,0,4,High,Own,0
CUST0002818,Customer_2818,53,Female,West,2024-02-01,11,Electricity,Small Business,Single Family,0,0,3,Low,Rent,1
CUST0002819,Customer_2819,53,Male,Northeast,2018-01-01,84,Electricity,Residential,Condo,1,1,4,Medium,Own,1
CUST0002820,Customer_2820,19,Male,Midwest,2016-01-31,107,Electricity+Water,Commercial,Single Family,1,1,4,Low,Rent,0
CUST0002821,Customer_2821,43,Female,Southwest,2014-06-02,127,Gas,Residential,Townhouse,1,1,4,Low,Own,0
CUST0002822,Customer_2822,60,Female,Northeast,2020-05-02,56,Electricity,Small Business,Townhouse,1,1,1,Medium,Rent,0
CUST0002823,Customer_2823,47,Female,Northeast,2015-03-03,118,Electricity+Gas,Residential,Apartment,0,1,1,Medium,Rent,1
CUST0002824,Customer_2824,26,Male,Southeast,2024-12-01,1,Electricity,Residential,Apartment,0,0,1,Low,Own,0
CUST0002825,Customer_2825,47,Female,Midwest,2024-07-02,6,Gas,Small Business,Single Family,0,1,3,Medium-Low,Rent,0
CUST0002826,Customer_2826,73,Female,Gulf Coast,2024-08-01,5,Electricity+Gas,Small Business,Mobile Home,1,0,3,Low,Own,1
CUST0002827,Customer_2827,66,Female,Midwest,2018-11-01,74,Electricity+Water,Residential,Single Family,1,1,2,Medium-Low,Rent,1
CUST0002828,Customer_2828,47,Male,West,2024-09-01,4,Electricity,Residential,Single Family,1,0,2,Medium,Own,0
CUST0002829,Customer_2829,62,Other,Northeast,2021-08-01,41,Electricity,Residential,Apartment,1,0,1,Medium-Low,Own,0
CUST0002830,Customer_2830,42,Female,Northeast,2021-11-01,38,Electricity,Small Business,Single Family,1,1,7,Medium,Lease,0
CUST0002831,Customer_2831,22,Female,Southeast,2023-03-03,22,Electricity,Residential,Townhouse,1,1,5,Medium,Lease,0
CUST0002832,Customer_2832,34,Male,Southeast,2014-11-01,122,Electricity+Water,Small Business,Apartment,1,1,2,Medium-Low,Own,1
CUST0002833,Customer_2833,71,Male,Midwest,2024-02-01,11,Electricity+Water,Commercial,Single Family,1,0,2,Medium-Low,Own,0
CUST0002834,Customer_2834,43,Male,Gulf Coast,2022-11-01,26,Electricity+Gas,Residential,Single Family,0,1,2,Medium,Own,0
CUST0002835,Customer_2835,44,Male,Midwest,2017-08-01,89,Electricity+Gas,Commercial,Single Family,0,0,1,Medium-Low,Own,0
CUST0002836,Customer_2836,43,Female,Midwest,2024-12-01,1,Water,Residential,Single Family,0,1,2,Medium-High,Own,1
CUST0002837,Customer_2837,76,Male,Northeast,2019-06-02,67,Electricity,Small Business,Single Family,0,0,3,Low,Own,1
CUST0002838,Customer_2838,72,Male,Northeast,2016-08-01,101,Electricity,Small Business,Condo,1,1,2,Medium-High,Rent,0
CUST0002839,Customer_2839,81,Male,Northeast,2011-08-02,161,Electricity,Residential,Single Family,1,1,4,Medium-Low,Rent,0
CUST0002840,Customer_2840,45,Male,West,2014-08-01,125,Water,Residential,Single Family,1,1,4,Medium-High,Rent,1
CUST0002841,Customer_2841,52,Male,Midwest,2023-01-31,23,Gas,Commercial,Single Family,0,1,3,Medium-High,Own,0
CUST0002842,Customer_2842,25,Female,Southeast,2020-09-01,52,Electricity+Gas,Residential,Apartment,1,0,2,Medium-High,Rent,0
CUST0002843,Customer_2843,70,Female,Southwest,2024-09-01,4,Electricity,Residential,Townhouse,1,1,4,Medium,Own,1
CUST0002844,Customer_2844,30,Male,Midwest,2023-08-02,17,Electricity+Gas,Residential,Mobile Home,0,0,1,Medium-Low,Own,0
CUST0002845,Customer_2845,51,Male,Northeast,2024-08-01,5,Electricity+Water,Residential,Apartment,1,0,4,Medium,Own,1
CUST0002846,Customer_2846,31,Male,Southwest,2023-03-03,22,Electricity,Residential,Single Family,1,0,5,Medium-Low,Rent,0
CUST0002847,Customer_2847,39,Male,West,2014-09-01,124,Electricity+Gas,Residential,Single Family,1,1,1,Medium-High,Own,0
CUST0002848,Customer_2848,35,Female,Southeast,2022-12-01,25,Electricity,Residential,Single Family,1,1,2,Medium-High,Own,1
CUST0002849,Customer_2849,38,Female,West,2020-12-01,49,Water,Small Business,Townhouse,0,1,1,Medium-High,Own,1
CUST0002850,Customer_2850,39,Female,Southeast,2022-03-03,34,Gas,Residential,Townhouse,1,1,3,Medium,Own,1
CUST0002851,Customer_2851,39,Female,West,2022-01-01,36,Electricity,Residential,Single Family,1,1,5,Medium,Lease,0
CUST0002852,Customer_2852,60,Male,Gulf Coast,2007-08-02,209,Gas,Residential,Condo,1,1,2,Low,Own,0
CUST0002853,Customer_2853,31,Female,Midwest,2023-04-02,21,Electricity,Residential,Condo,0,1,1,Medium,Rent,0
CUST0002854,Customer_2854,51,Female,Southeast,2020-02-01,59,Electricity+Water,Residential,Condo,1,1,3,Medium,Lease,0
CUST0002855,Customer_2855,66,Female,Southeast,2022-05-02,32,Electricity+Water,Residential,Single Family,0,1,1,Medium,Own,0
CUST0002856,Customer_2856,40,Male,Southeast,2024-10-01,3,Gas,Residential,Single Family,1,0,4,Medium-High,Lease,1
CUST0002857,Customer_2857,37,Female,Northeast,2021-09-01,40,Electricity,Residential,Single Family,1,0,2,Medium-High,Own,0
CUST0002858,Customer_2858,44,Female,Southwest,2016-08-31,100,Electricity+Gas,Small Business,Apartment,1,1,4,Medium,Rent,0
CUST0002859,Customer_2859,65,Female,Northeast,2024-07-02,6,Gas,Commercial,Apartment,0,0,5,Medium-Low,Own,0
CUST0002860,Customer_2860,50,Male,Southeast,2024-09-01,4,Electricity,Residential,Condo,0,1,2,Medium,Own,1
CUST0002861,Customer_2861,40,Female,West,2024-03-02,10,Electricity,Small Business,Single Family,0,1,1,Medium-Low,Own,0
CUST0002862,Customer_2862,55,Female,Southwest,2017-11-01,86,Electricity+Water,Residential,Apartment,1,1,4,Medium-Low,Rent,1
CUST0002863,Customer_2863,31,Female,Northeast,2018-08-02,77,Water,Small Business,Townhouse,1,1,2,Medium,Own,0
CUST0002864,Customer_2864,58,Female,Southwest,2020-12-01,49,Water,Residential,Single Family,1,1,5,Medium,Rent,1
CUST0002865,Customer_2865,54,Female,Gulf Coast,2021-12-01,37,Gas,Residential,Single Family,0,1,2,High,Own,0
CUST0002866,Customer_2866,43,Male,Northeast,2014-01-31,131,Water,Commercial,Townhouse,1,0,4,Medium,Own,0
CUST0002867,Customer_2867,35,Female,Midwest,2017-10-01,87,Electricity+Gas,Residential,Townhouse,0,1,4,High,Own,0
CUST0002868,Customer_2868,34,Male,West,2016-08-31,100,Gas,Residential,Mobile Home,0,1,1,Medium-Low,Rent,1
CUST0002869,Customer_2869,56,Female,Southwest,2016-08-31,100,Water,Residential,Condo,1,1,2,Medium,Lease,0
CUST0002870,Customer_2870,66,Male,Southeast,2019-12-02,61,Electricity+Water,Small Business,Condo,0,1,3,High,Lease,0
CUST0002871,Customer_2871,38,Female,Northeast,2022-01-01,36,Electricity+Water,Small Business,Townhouse,0,1,4,Medium,Own,0
CUST0002872,Customer_2872,54,Female,West,2015-01-01,120,Water,Residential,Single Family,0,1,2,Medium,Own,0
CUST0002873,Customer_2873,18,Female,Gulf Coast,2012-01-01,156,Electricity+Gas,Residential,Condo,1,0,7,Medium,Rent,0
CUST0002874,Customer_2874,39,Female,West,2024-12-01,1,Electricity+Gas,Small Business,Mobile Home,0,1,2,Medium-High,Rent,1
CUST0002875,Customer_2875,47,Female,Gulf Coast,2024-10-01,3,Electricity+Water,Residential,Single Family,0,0,2,High,Own,1
CUST0002876,Customer_2876,34,Female,Southwest,2009-01-30,191,Gas,Residential,Single Family,0,0,2,Medium,Rent,1
CUST0002877,Customer_2877,33,Male,Gulf Coast,2023-06-02,19,Electricity,Residential,Apartment,0,0,2,Medium-High,Own,1
CUST0002878,Customer_2878,37,Male,West,2014-10-01,123,Water,Residential,Mobile Home,1,1,3,High,Rent,0
CUST0002879,Customer_2879,52,Male,Gulf Coast,2022-08-02,29,Electricity+Water,Residential,Single Family,1,1,1,Medium-Low,Own,0
CUST0002880,Customer_2880,45,Male,Northeast,2024-06-01,7,Electricity,Residential,Townhouse,0,1,1,Medium,Own,0
CUST0002881,Customer_2881,18,Female,West,2024-08-01,5,Water,Residential,Condo,1,0,2,High,Own,1
CUST0002882,Customer_2882,18,Female,Southeast,2024-03-02,10,Electricity,Commercial,Townhouse,0,0,1,Medium-Low,Lease,1
CUST0002883,Customer_2883,38,Female,Northeast,2023-08-02,17,Electricity+Water,Residential,Apartment,0,1,1,Medium,Own,0
CUST0002884,Customer_2884,54,Male,Midwest,2021-09-01,40,Electricity+Gas,Small Business,Mobile Home,1,0,5,Medium,Lease,1
CUST0002885,Customer_2885,18,Male,Southeast,2019-01-01,72,Electricity+Gas,Residential,Single Family,1,1,3,Medium-Low,Own,1
CUST0002886,Customer_2886,40,Female,Northeast,2003-08-01,257,Water,Commercial,Single Family,0,1,3,Medium-High,Rent,0
CUST0002887,Customer_2887,40,Female,Gulf Coast,2022-03-03,34,Water,Residential,Single Family,0,0,5,Medium,Rent,1
CUST0002888,Customer_2888,68,Male,Southwest,2021-06-02,43,Electricity+Water,Residential,Single Family,1,1,3,Medium,Rent,0
CUST0002889,Customer_2889,42,Female,Gulf Coast,2021-05-02,44,Electricity+Water,Small Business,Single Family,1,1,5,Medium,Rent,0
CUST0002890,Customer_2890,53,Female,Gulf Coast,2021-03-02,46,Electricity,Residential,Single Family,1,1,3,Medium,Rent,1
CUST0002891,Customer_2891,50,Male,Southeast,2021-06-02,43,Electricity,Residential,Townhouse,1,1,3,Medium-Low,Rent,0
CUST0002892,Customer_2892,18,Female,Southeast,2024-12-01,1,Water,Residential,Apartment,1,0,1,Medium,Lease,0
CUST0002893,Customer_2893,59,Male,Southeast,2024-12-01,1,Electricity+Water,Residential,Townhouse,1,0,4,Medium-Low,Own,0
CUST0002894,Customer_2894,51,Female,Midwest,2024-07-02,6,Electricity,Residential,Single Family,1,0,1,Medium,Own,0
CUST0002895,Customer_2895,55,Male,Southwest,2024-07-02,6,Electricity,Residential,Single Family,1,0,2,Low,Rent,1
CUST0002896,Customer_2896,90,Male,Midwest,2018-12-01,73,Electricity,Residential,Single Family,1,0,3,Medium-High,Own,1
CUST0002897,Customer_2897,18,Female,Southeast,2023-12-02,13,Gas,Small Business,Single Family,1,0,5,Medium,Rent,0
CUST0002898,Customer_2898,73,Male,Northeast,2013-10-01,135,Water,Commercial,Single Family,0,1,1,Low,Own,1
CUST0002899,Customer_2899,43,Female,Midwest,2011-11-01,158,Electricity,Residential,Single Family,1,1,1,Medium-High,Own,0
CUST0002900,Customer_2900,52,Male,Northeast,2006-06-01,223,Electricity,Residential,Apartment,1,0,1,Low,Rent,0
CUST0002901,Customer_2901,47,Male,Gulf Coast,2011-01-31,167,Electricity+Water,Commercial,Single Family,0,0,1,Medium,Own,0
CUST0002902,Customer_2902,41,Male,Northeast,2023-06-02,19,Electricity,Small Business,Single Family,0,1,1,Medium-High,Own,1
CUST0002903,Customer_2903,39,Female,Southeast,2021-07-02,42,Water,Commercial,Single Family,0,1,1,Medium-Low,Own,0
CUST0002904,Customer_2904,52,Female,Northeast,2024-02-01,11,Gas,Residential,Condo,1,1,2,Low,Own,1
CUST0002905,Customer_2905,25,Male,West,2016-10-31,98,Electricity+Gas,Small Business,Single Family,1,0,2,Low,Lease,1
CUST0002906,Customer_2906,59,Female,Southeast,2014-01-31,131,Electricity,Small Business,Single Family,0,1,2,High,Rent,1
CUST0002907,Customer_2907,41,Female,Northeast,2015-07-02,114,Electricity,Residential,Single Family,0,0,5,Medium-High,Rent,1
CUST0002908,Customer_2908,31,Female,Midwest,2022-03-03,34,Gas,Residential,Townhouse,1,1,2,Medium-Low,Rent,1
CUST0002909,Customer_2909,41,Female,Gulf Coast,2017-12-01,85,Electricity+Water,Residential,Apartment,1,1,5,Medium-Low,Lease,0
CUST0002910,Customer_2910,66,Female,Gulf Coast,2024-07-02,6,Electricity+Gas,Residential,Single Family,0,1,3,Medium,Own,0
CUST0002911,Customer_2911,39,Female,Southeast,2024-11-01,2,Electricity,Commercial,Townhouse,1,0,5,Medium,Own,0
CUST0002912,Customer_2912,53,Male,West,2018-01-31,83,Water,Residential,Apartment,1,1,5,Medium-Low,Own,1
CUST0002913,Customer_2913,37,Male,Northeast,2022-04-02,33,Electricity,Small Business,Single Family,1,1,2,Low,Rent,0
CUST0002914,Customer_2914,59,Male,Northeast,1997-12-31,324,Electricity+Water,Small Business,Single Family,1,0,4,Medium-High,Own,0
CUST0002915,Customer_2915,58,Male,Midwest,2024-07-02,6,Electricity,Residential,Mobile Home,0,0,2,Medium-High,Own,1
CUST0002916,Customer_2916,75,Female,Southeast,2015-05-02,116,Gas,Small Business,Apartment,1,1,2,Medium-Low,Own,1
CUST0002917,Customer_2917,45,Male,West,2021-10-01,39,Electricity,Residential,Apartment,1,1,2,Low,Own,0
CUST0002918,Customer_2918,58,Male,Gulf Coast,2016-04-01,105,Electricity+Gas,Residential,Single Family,1,1,4,Low,Own,1
CUST0002919,Customer_2919,49,Female,Northeast,2016-08-01,101,Gas,Commercial,Condo,0,1,4,Medium,Lease,0
CUST0002920,Customer_2920,67,Male,Southeast,2012-08-31,148,Gas,Residential,Single Family,1,0,1,Medium-Low,Own,1
CUST0002921,Customer_2921,37,Male,Midwest,2023-04-02,21,Electricity,Residential,Single Family,1,1,3,Low,Own,0
CUST0002922,Customer_2922,59,Male,Southwest,2010-01-31,179,Electricity+Water,Small Business,Apartment,1,0,3,Medium,Own,0
CUST0002923,Customer_2923,45,Female,Gulf Coast,2024-04-02,9,Water,Small Business,Apartment,1,0,3,Medium-Low,Own,0
CUST0002924,Customer_2924,47,Male,Gulf Coast,2024-08-01,5,Electricity+Gas,Residential,Mobile Home,0,0,3,Low,Rent,1
CUST0002925,Customer_2925,49,Male,Southwest,2022-04-02,33,Electricity+Gas,Commercial,Single Family,0,1,1,Medium,Own,0
CUST0002926,Customer_2926,51,Female,Southeast,2016-04-01,105,Electricity+Gas,Residential,Apartment,0,1,2,Medium,Own,1
CUST0002927,Customer_2927,46,Female,West,2021-11-01,38,Electricity,Small Business,Single Family,1,0,3,Medium-High,Rent,0
CUST0002928,Customer_2928,51,Female,Southeast,2016-03-02,106,Electricity+Water,Commercial,Townhouse,1,1,2,Medium-Low,Own,0
CUST0002929,Customer_2929,71,Female,Gulf Coast,2018-07-02,78,Electricity,Residential,Single Family,0,1,1,Low,Own,1
CUST0002930,Customer_2930,62,Male,Northeast,2023-11-01,14,Electricity+Gas,Residential,Apartment,1,0,5,Medium-Low,Own,1
CUST0002931,Customer_2931,61,Male,Southwest,2010-03-02,178,Electricity+Gas,Residential,Single Family,1,0,3,Medium-High,Own,1
CUST0002932,Customer_2932,41,Male,Northeast,2024-10-01,3,Electricity+Gas,Residential,Apartment,1,0,1,Medium-Low,Own,0
CUST0002933,Customer_2933,34,Male,Midwest,2013-08-01,137,Electricity+Water,Residential,Apartment,1,1,2,Medium-Low,Own,0
CUST0002934,Customer_2934,62,Male,Southwest,2023-04-02,21,Electricity,Residential,Single Family,1,1,1,Low,Own,0
CUST0002935,Customer_2935,61,Male,West,2021-08-01,41,Electricity+Gas,Commercial,Apartment,0,1,1,High,Own,1
CUST0002936,Customer_2936,70,Female,West,2022-05-02,32,Electricity+Gas,Residential,Single Family,0,0,1,High,Own,1
CUST0002937,Customer_2937,38,Female,Southwest,2024-02-01,11,Electricity,Commercial,Condo,0,1,2,Medium,Own,1
CUST0002938,Customer_2938,44,Male,Southeast,2022-11-01,26,Gas,Residential,Apartment,1,1,2,Medium-Low,Own,0
CUST0002939,Customer_2939,23,Female,Gulf Coast,2024-01-01,12,Water,Residential,Condo,1,1,1,Medium-High,Own,0
CUST0002940,Customer_2940,42,Male,West,2023-12-02,13,Electricity,Commercial,Single Family,0,0,1,Medium,Rent,0
CUST0002941,Customer_2941,62,Male,Northeast,2024-01-01,12,Gas,Commercial,Single Family,0,1,4,Medium-High,Own,0
CUST0002942,Customer_2942,41,Female,West,2021-09-01,40,Gas,Residential,Single Family,0,1,3,Medium-High,Rent,1
CUST0002943,Customer_2943,57,Male,Gulf Coast,2017-01-31,95,Electricity+Gas,Residential,Single Family,0,1,3,Medium-Low,Own,0
CUST0002944,Customer_2944,45,Male,Southwest,2020-10-31,50,Electricity+Water,Residential,Single Family,1,1,2,High,Own,1
CUST0002945,Customer_2945,52,Male,Southeast,2013-11-01,134,Electricity,Residential,Single Family,1,1,1,Medium-High,Rent,0
CUST0002946,Customer_2946,30,Female,Southwest,2020-01-01,60,Electricity+Gas,Commercial,Condo,0,0,3,Medium,Own,0
CUST0002947,Customer_2947,49,Female,Southeast,2019-03-03,70,Gas,Small Business,Apartment,0,1,2,Medium,Own,1
CUST0002948,Customer_2948,18,Male,West,2019-07-02,66,Electricity,Residential,Apartment,1,0,2,Medium,Rent,0
CUST0002949,Customer_2949,45,Female,Midwest,2022-01-31,35,Electricity+Water,Residential,Townhouse,0,0,5,Medium,Rent,0
CUST0002950,Customer_2950,23,Female,Gulf Coast,2019-03-03,70,Electricity,Residential,Single Family,1,0,1,Medium,Own,0
CUST0002951,Customer_2951,66,Female,Southwest,2024-09-01,4,Electricity,Small Business,Condo,0,0,3,Medium-Low,Rent,1
CUST0002952,Customer_2952,59,Female,Southeast,2015-04-02,117,Electricity+Gas,Residential,Apartment,1,0,3,Medium-Low,Rent,0
CUST0002953,Customer_2953,55,Male,West,2017-07-02,90,Electricity,Commercial,Single Family,1,1,2,Medium,Own,0
CUST0002954,Customer_2954,70,Male,Southeast,2023-09-01,16,Electricity+Gas,Small Business,Condo,0,1,5,High,Rent,1
CUST0002955,Customer_2955,33,Female,Southeast,2017-10-01,87,Water,Residential,Apartment,0,0,2,Medium-Low,Rent,0
CUST0002956,Customer_2956,74,Female,Southeast,2024-12-01,1,Electricity,Small Business,Apartment,1,1,3,Medium-Low,Own,1
CUST0002957,Customer_2957,61,Female,Northeast,2023-11-01,14,Electricity,Residential,Condo,1,1,2,Medium-High,Rent,1
CUST0002958,Customer_2958,44,Female,Gulf Coast,2024-09-01,4,Electricity,Residential,Condo,1,1,3,Low,Own,1
CUST0002959,Customer_2959,65,Female,Midwest,2017-07-02,90,Electricity,Residential,Condo,1,1,1,High,Own,0
CUST0002960,Customer_2960,31,Female,West,2018-01-01,84,Electricity,Commercial,Apartment,1,1,1,Medium,Rent,1
CUST0002961,Customer_2961,35,Female,Southeast,2016-08-31,100,Electricity+Water,Residential,Townhouse,0,0,2,High,Rent,0
CUST0002962,Customer_2962,38,Female,West,2024-12-01,1,Water,Small Business,Single Family,0,1,2,Medium-High,Rent,0
CUST0002963,Customer_2963,40,Female,Southwest,2021-08-01,41,Electricity,Residential,Condo,0,1,3,Medium-High,Own,1
CUST0002964,Customer_2964,32,Male,Midwest,2018-12-01,73,Electricity+Water,Residential,Single Family,0,0,6,Low,Rent,1
CUST0002965,Customer_2965,66,Male,Gulf Coast,2024-03-02,10,Electricity,Small Business,Apartment,1,1,3,Medium,Own,1
CUST0002966,Customer_2966,44,Female,Midwest,2019-11-01,62,Electricity+Gas,Small Business,Condo,0,1,4,Medium-Low,Rent,1
CUST0002967,Customer_2967,53,Female,Southwest,2024-08-01,5,Electricity,Residential,Condo,0,0,2,Medium-High,Rent,1
CUST0002968,Customer_2968,39,Female,Northeast,2024-01-01,12,Electricity,Residential,Mobile Home,0,1,1,Medium,Rent,0
CUST0002969,Customer_2969,20,Female,Southeast,2021-11-01,38,Water,Residential,Single Family,0,0,3,Low,Own,1
CUST0002970,Customer_2970,52,Male,Gulf Coast,2019-10-02,63,Gas,Residential,Single Family,0,0,1,Medium-Low,Rent,0
CUST0002971,Customer_2971,19,Male,West,2024-04-02,9,Electricity+Gas,Small Business,Condo,0,1,1,Low,Own,0
CUST0002972,Customer_2972,46,Female,Midwest,2024-01-01,12,Gas,Residential,Apartment,1,1,4,Medium-High,Rent,0
CUST0002973,Customer_2973,27,Male,Gulf Coast,2023-12-02,13,Electricity,Small Business,Condo,1,1,1,Medium,Own,0
CUST0002974,Customer_2974,77,Male,Midwest,2023-09-01,16,Electricity+Gas,Residential,Townhouse,1,1,2,Medium-Low,Own,1
CUST0002975,Customer_2975,61,Male,Southwest,2023-10-02,15,Water,Residential,Condo,1,0,1,Medium,Own,1
CUST0002976,Customer_2976,49,Male,Southeast,2022-07-02,30,Electricity,Residential,Townhouse,1,0,1,Low,Rent,1
CUST0002977,Customer_2977,66,Female,Southwest,2019-10-02,63,Gas,Residential,Condo,0,1,1,Medium-Low,Own,1
CUST0002978,Customer_2978,35,Male,Southeast,2022-03-03,34,Electricity+Gas,Residential,Single Family,1,0,3,Medium-Low,Own,0
CUST0002979,Customer_2979,56,Female,Southeast,2017-08-01,89,Electricity+Gas,Small Business,Mobile Home,1,1,4,High,Rent,1
CUST0002980,Customer_2980,50,Male,Gulf Coast,2018-09-01,76,Electricity+Gas,Residential,Single Family,0,0,2,Medium-Low,Own,0
CUST0002981,Customer_2981,51,Female,Northeast,2024-05-02,8,Electricity+Gas,Small Business,Single Family,1,1,2,Medium,Own,0
CUST0002982,Customer_2982,67,Male,Northeast,2024-10-01,3,Electricity+Water,Residential,Apartment,0,1,3,Medium,Rent,0
CUST0002983,Customer_2983,58,Female,Northeast,2014-07-02,126,Gas,Residential,Townhouse,0,0,3,Medium,Own,0
CUST0002984,Customer_2984,52,Female,Southeast,2024-09-01,4,Electricity+Gas,Residential,Townhouse,0,1,6,Medium-Low,Rent,0
CUST0002985,Customer_2985,23,Male,Southeast,2024-04-02,9,Electricity+Gas,Small Business,Single Family,0,1,1,Low,Own,1
CUST0002986,Customer_2986,33,Female,Northeast,2024-12-01,1,Electricity+Gas,Residential,Townhouse,1,1,1,Low,Own,0
CUST0002987,Customer_2987,46,Female,Midwest,2020-02-01,59,Gas,Residential,Condo,0,1,2,Medium-Low,Own,1
CUST0002988,Customer_2988,49,Male,Southwest,2020-09-01,52,Electricity+Gas,Residential,Apartment,1,0,3,Medium,Own,0
CUST0002989,Customer_2989,31,Male,West,2003-05-02,260,Electricity+Gas,Residential,Single Family,0,1,3,Medium-Low,Rent,1
CUST0002990,Customer_2990,84,Female,Gulf Coast,2014-03-02,130,Electricity+Gas,Residential,Apartment,0,1,3,Medium,Rent,0
CUST0002991,Customer_2991,70,Female,Southwest,2022-06-02,31,Electricity,Residential,Condo,0,1,1,Low,Own,0
CUST0002992,Customer_2992,57,Male,Northeast,2022-10-02,27,Electricity+Gas,Small Business,Condo,1,1,3,Medium,Own,0
CUST0002993,Customer_2993,49,Male,Northeast,2023-04-02,21,Electricity+Water,Residential,Single Family,1,0,4,Medium-High,Rent,0
CUST0002994,Customer_2994,44,Female,West,2024-04-02,9,Electricity+Water,Residential,Single Family,0,0,4,Low,Rent,1
CUST0002995,Customer_2995,33,Female,Southwest,2024-05-02,8,Water,Residential,Single Family,1,1,4,Medium-Low,Rent,1
CUST0002996,Customer_2996,49,Female,Northeast,2024-05-02,8,Electricity+Gas,Residential,Apartment,1,1,2,Medium-Low,Own,0
CUST0002997,Customer_2997,51,Male,Southeast,2024-06-01,7,Electricity,Residential,Apartment,0,1,1,Medium-Low,Rent,0
CUST0002998,Customer_2998,29,Female,West,2023-09-01,16,Gas,Small Business,Apartment,1,1,2,Low,Own,0
CUST0002999,Customer_2999,53,Male,Southwest,2023-04-02,21,Electricity,Residential,Townhouse,1,1,3,Low,Own,0
CUST0003000,Customer_3000,45,Male,Southwest,2008-10-01,195,Water,Commercial,Single Family,1,0,2,High,Lease,0
CUST0003001,Customer_3001,19,Female,Southeast,2020-10-01,51,Electricity,Residential,Single Family,1,1,2,Medium-High,Own,0
CUST0003002,Customer_3002,35,Other,Southwest,2003-01-31,263,Water,Residential,Single Family,0,1,3,High,Own,0
CUST0003003,Customer_3003,41,Male,West,2022-10-02,27,Water,Commercial,Single Family,0,1,4,Medium,Own,1
CUST0003004,Customer_3004,76,Male,Gulf Coast,2022-01-01,36,Electricity+Water,Small Business,Condo,0,0,4,Medium-High,Own,0
CUST0003005,Customer_3005,56,Female,West,2023-01-31,23,Water,Residential,Single Family,1,0,1,Medium-High,Own,1
CUST0003006,Customer_3006,27,Female,Southwest,2024-01-01,12,Electricity+Gas,Residential,Apartment,1,0,1,Medium-High,Own,0
CUST0003007,Customer_3007,55,Female,West,2024-04-02,9,Electricity+Gas,Residential,Single Family,1,1,1,Low,Rent,0
CUST0003008,Customer_3008,24,Female,Midwest,2010-07-02,174,Electricity,Residential,Apartment,1,0,3,Medium,Rent,0
CUST0003009,Customer_3009,64,Male,Southeast,2003-06-02,259,Electricity,Small Business,Apartment,0,1,2,Medium,Rent,0
CUST0003010,Customer_3010,40,Other,Gulf Coast,2024-11-01,2,Electricity,Residential,Single Family,0,0,3,Medium,Own,0
CUST0003011,Customer_3011,46,Female,Midwest,2024-04-02,9,Electricity,Residential,Apartment,1,0,4,Medium,Own,1
CUST0003012,Customer_3012,67,Female,Southwest,2022-04-02,33,Electricity+Water,Residential,Single Family,0,1,2,Medium-High,Rent,1
CUST0003013,Customer_3013,28,Female,Gulf Coast,2024-01-01,12,Electricity,Residential,Apartment,1,1,1,High,Own,0
CUST0003014,Customer_3014,27,Female,Gulf Coast,2022-10-02,27,Electricity+Gas,Residential,Townhouse,0,0,4,Medium-High,Rent,0
CUST0003015,Customer_3015,39,Male,Southwest,2024-05-02,8,Electricity,Residential,Apartment,0,0,1,Medium-High,Own,1
CUST0003016,Customer_3016,63,Male,Northeast,2022-01-01,36,Electricity+Water,Residential,Townhouse,0,1,2,Medium,Rent,0
CUST0003017,Customer_3017,25,Female,Southeast,2023-06-02,19,Gas,Residential,Single Family,1,0,6,Medium,Rent,1
CUST0003018,Customer_3018,18,Male,Gulf Coast,2022-11-01,26,Gas,Residential,Single Family,1,1,2,Medium,Own,0
CUST0003019,Customer_3019,41,Male,Southeast,2024-08-01,5,Gas,Commercial,Single Family,1,1,2,Medium-Low,Own,1
CUST0003020,Customer_3020,56,Female,Gulf Coast,2022-04-02,33,Water,Small Business,Single Family,1,1,1,Medium-High,Lease,1
CUST0003021,Customer_3021,66,Female,Northeast,2004-08-01,245,Electricity,Residential,Apartment,0,0,5,High,Own,0
CUST0003022,Customer_3022,41,Male,Southwest,2023-01-31,23,Water,Commercial,Apartment,0,0,8,Medium,Own,0
CUST0003023,Customer_3023,41,Female,Midwest,2014-08-01,125,Electricity+Gas,Commercial,Townhouse,0,1,1,Medium-High,Lease,1
CUST0003024,Customer_3024,65,Female,Southeast,2015-10-02,111,Electricity,Residential,Condo,0,0,2,Medium-Low,Lease,1
CUST0003025,Customer_3025,19,Female,Gulf Coast,2009-10-31,182,Electricity,Small Business,Townhouse,1,1,5,Medium,Own,0
CUST0003026,Customer_3026,42,Female,Southwest,2017-04-02,93,Water,Residential,Apartment,1,1,3,Medium-High,Own,0
CUST0003027,Customer_3027,50,Male,Southeast,2019-09-01,64,Electricity,Residential,Single Family,1,0,4,Medium-Low,Own,0
CUST0003028,Customer_3028,54,Male,Southeast,2015-05-02,116,Electricity+Water,Residential,Apartment,1,1,1,Low,Own,0
CUST0003029,Customer_3029,40,Male,West,2024-09-01,4,Electricity,Residential,Single Family,1,1,3,Medium-Low,Rent,1
CUST0003030,Customer_3030,48,Female,Southeast,2021-12-01,37,Electricity+Gas,Residential,Apartment,1,1,5,Medium-Low,Own,1
CUST0003031,Customer_3031,18,Female,Gulf Coast,2002-05-02,272,Electricity+Gas,Small Business,Condo,0,1,1,Medium-Low,Own,1
CUST0003032,Customer_3032,38,Female,Northeast,2017-09-01,88,Electricity+Gas,Residential,Apartment,1,0,5,Medium-Low,Own,0
CUST0003033,Customer_3033,54,Female,Southeast,2008-08-31,196,Electricity,Commercial,Single Family,1,0,2,High,Own,1
CUST0003034,Customer_3034,33,Female,Northeast,2017-07-02,90,Electricity+Water,Small Business,Mobile Home,1,0,5,Medium-High,Rent,1
CUST0003035,Customer_3035,48,Female,Northeast,2014-09-01,124,Water,Small Business,Single Family,0,1,3,Medium,Rent,0
CUST0003036,Customer_3036,54,Male,Southeast,2018-12-01,73,Electricity+Gas,Residential,Condo,0,0,5,Medium-High,Rent,1
CUST0003037,Customer_3037,42,Male,Gulf Coast,2017-12-01,85,Electricity+Gas,Small Business,Condo,1,1,3,Medium-Low,Rent,0
CUST0003038,Customer_3038,50,Female,Northeast,2021-05-02,44,Electricity+Gas,Residential,Apartment,0,1,1,Medium-High,Own,1
CUST0003039,Customer_3039,33,Male,Southeast,2012-03-02,154,Electricity+Water,Residential,Single Family,1,1,3,Medium,Own,1
CUST0003040,Customer_3040,44,Male,Southeast,2016-05-02,104,Electricity+Water,Residential,Mobile Home,0,1,4,Medium-High,Lease,0
CUST0003041,Customer_3041,57,Female,Southwest,2015-10-02,111,Electricity,Small Business,Townhouse,1,1,3,Medium,Rent,1
CUST0003042,Customer_3042,50,Male,West,2019-06-02,67,Electricity,Residential,Single Family,0,1,3,Medium-Low,Rent,0
CUST0003043,Customer_3043,39,Female,West,2023-04-02,21,Electricity+Water,Small Business,Apartment,1,0,2,Medium-High,Rent,1
CUST0003044,Customer_3044,51,Male,Northeast,2024-11-01,2,Electricity,Small Business,Apartment,0,1,2,Medium,Own,1
CUST0003045,Customer_3045,58,Male,Southwest,2011-05-02,164,Electricity+Water,Residential,Single Family,1,0,2,Medium-High,Rent,0
CUST0003046,Customer_3046,18,Male,Southwest,2020-09-01,52,Electricity+Gas,Residential,Single Family,0,1,1,Low,Rent,0
CUST0003047,Customer_3047,65,Female,Midwest,2023-04-02,21,Electricity,Residential,Single Family,0,0,2,Medium,Own,1
CUST0003048,Customer_3048,42,Male,Southeast,2024-04-02,9,Electricity,Residential,Single Family,1,1,5,Medium-Low,Own,1
CUST0003049,Customer_3049,54,Female,West,2016-03-02,106,Gas,Residential,Single Family,0,0,2,Medium-High,Own,0
CUST0003050,Customer_3050,65,Female,Southeast,2016-01-01,108,Water,Residential,Single Family,1,1,1,High,Rent,0
CUST0003051,Customer_3051,27,Female,Southeast,2016-08-01,101,Electricity,Residential,Single Family,0,1,1,Low,Own,0
CUST0003052,Customer_3052,37,Male,Southeast,2019-11-01,62,Electricity,Small Business,Single Family,1,0,1,Medium-High,Own,0
CUST0003053,Customer_3053,43,Male,Midwest,2022-10-02,27,Electricity+Water,Residential,Mobile Home,1,0,2,Low,Own,1
CUST0003054,Customer_3054,36,Female,Southeast,2023-04-02,21,Electricity,Commercial,Apartment,1,0,1,Medium-High,Own,0
CUST0003055,Customer_3055,74,Female,Southwest,2024-12-01,1,Electricity+Gas,Residential,Apartment,1,1,1,Low,Rent,1
CUST0003056,Customer_3056,35,Other,Gulf Coast,2016-01-31,107,Electricity+Gas,Small Business,Apartment,1,1,3,Medium-Low,Own,1
CUST0003057,Customer_3057,39,Male,Southwest,2024-08-01,5,Electricity,Residential,Single Family,1,0,1,Medium-Low,Rent,1
CUST0003058,Customer_3058,51,Female,Midwest,2020-02-01,59,Electricity,Commercial,Condo,0,1,1,Medium-High,Own,0
CUST0003059,Customer_3059,29,Male,West,2021-07-02,42,Gas,Residential,Apartment,1,1,2,Medium-Low,Rent,0
CUST0003060,Customer_3060,42,Male,West,2021-05-02,44,Electricity,Residential,Apartment,1,1,2,Medium,Rent,0
CUST0003061,Customer_3061,52,Male,Southeast,2012-01-01,156,Gas,Residential,Mobile Home,0,0,1,Medium,Rent,1
CUST0003062,Customer_3062,43,Male,Southwest,2024-12-01,1,Electricity+Gas,Residential,Townhouse,1,1,1,Medium,Rent,0
CUST0003063,Customer_3063,46,Female,West,2017-08-01,89,Electricity+Gas,Residential,Single Family,0,1,1,Medium,Own,0
CUST0003064,Customer_3064,40,Male,Southeast,2024-10-01,3,Electricity+Gas,Small Business,Mobile Home,1,0,2,Low,Lease,1
CUST0003065,Customer_3065,25,Female,Southeast,2024-11-01,2,Gas,Residential,Condo,1,1,3,Medium-High,Own,1
CUST0003066,Customer_3066,52,Male,Northeast,2022-04-02,33,Electricity,Small Business,Mobile Home,1,0,3,Medium-Low,Lease,0
CUST0003067,Customer_3067,74,Female,Gulf Coast,2024-10-01,3,Electricity,Small Business,Single Family,1,1,3,Medium-High,Own,0
CUST0003068,Customer_3068,48,Male,Northeast,2017-04-02,93,Gas,Commercial,Mobile Home,0,1,3,Medium,Own,0
CUST0003069,Customer_3069,51,Male,Northeast,2021-04-02,45,Electricity+Water,Residential,Apartment,0,1,1,Medium,Rent,1
CUST0003070,Customer_3070,58,Male,Midwest,2024-12-01,1,Electricity,Residential,Townhouse,0,1,3,Medium-Low,Rent,1
CUST0003071,Customer_3071,28,Male,Gulf Coast,2024-11-01,2,Gas,Residential,Single Family,0,1,4,Medium-Low,Own,0
CUST0003072,Customer_3072,73,Female,Southeast,2020-05-02,56,Electricity+Gas,Residential,Single Family,1,1,1,Medium,Rent,0
CUST0003073,Customer_3073,51,Male,West,2016-10-31,98,Electricity+Gas,Residential,Single Family,1,0,2,Medium-Low,Own,0
CUST0003074,Customer_3074,72,Female,West,2022-03-03,34,Electricity+Water,Residential,Apartment,0,1,5,Medium,Own,0
CUST0003075,Customer_3075,37,Male,Southwest,2020-12-31,48,Electricity,Residential,Single Family,0,1,3,Medium,Rent,0
CUST0003076,Customer_3076,75,Female,West,2016-12-31,96,Electricity,Residential,Single Family,0,0,1,Medium-Low,Own,1
CUST0003077,Customer_3077,59,Female,Northeast,2020-05-02,56,Electricity,Residential,Mobile Home,0,0,8,Medium-Low,Own,0
CUST0003078,Customer_3078,56,Male,Gulf Coast,2023-10-02,15,Electricity,Residential,Townhouse,1,1,1,High,Lease,1
CUST0003079,Customer_3079,51,Male,West,2020-05-02,56,Electricity+Gas,Residential,Apartment,0,0,1,Medium,Rent,1
CUST0003080,Customer_3080,44,Male,Gulf Coast,2020-02-01,59,Electricity+Water,Residential,Townhouse,1,1,2,Medium-High,Own,0
CUST0003081,Customer_3081,66,Female,West,2018-06-02,79,Electricity+Gas,Small Business,Apartment,1,0,3,Low,Own,1
CUST0003082,Customer_3082,50,Male,Gulf Coast,2020-03-02,58,Electricity,Small Business,Single Family,1,1,3,Low,Rent,0
CUST0003083,Customer_3083,18,Female,Southeast,2007-09-01,208,Electricity,Commercial,Apartment,0,1,2,Medium,Rent,0
CUST0003084,Customer_3084,31,Female,Southeast,2023-12-02,13,Electricity+Water,Small Business,Townhouse,0,1,1,Medium-High,Rent,0
CUST0003085,Customer_3085,45,Female,Southeast,2009-12-01,181,Gas,Residential,Single Family,1,0,4,Medium,Rent,1
CUST0003086,Customer_3086,52,Female,Northeast,2021-03-02,46,Electricity+Water,Residential,Single Family,0,1,1,Medium,Own,0
CUST0003087,Customer_3087,47,Female,West,2019-07-02,66,Electricity+Gas,Commercial,Single Family,1,1,3,Low,Own,0
CUST0003088,Customer_3088,66,Male,Northeast,2024-07-02,6,Electricity+Water,Small Business,Apartment,1,1,4,High,Rent,1
CUST0003089,Customer_3089,18,Female,Northeast,2022-09-01,28,Electricity+Water,Small Business,Single Family,0,0,1,Medium,Rent,1
CUST0003090,Customer_3090,50,Female,West,2017-09-01,88,Gas,Small Business,Townhouse,0,0,2,Low,Own,1
CUST0003091,Customer_3091,20,Male,Gulf Coast,2018-12-01,73,Water,Residential,Single Family,0,0,3,Medium,Lease,1
CUST0003092,Customer_3092,59,Female,West,2024-11-01,2,Gas,Small Business,Townhouse,1,1,1,Low,Own,0
CUST0003093,Customer_3093,46,Male,West,2021-01-31,47,Electricity,Residential,Mobile Home,1,1,1,Medium,Own,0
CUST0003094,Customer_3094,54,Female,Southwest,2024-08-01,5,Electricity,Residential,Condo,1,1,2,Medium-High,Own,0
CUST0003095,Customer_3095,35,Female,Gulf Coast,1997-08-01,329,Gas,Residential,Townhouse,0,0,1,Medium-Low,Rent,0
CUST0003096,Customer_3096,67,Male,Midwest,2013-09-01,136,Electricity,Residential,Single Family,0,1,3,Medium-Low,Own,0
CUST0003097,Customer_3097,63,Female,Gulf Coast,2024-12-01,1,Electricity,Residential,Townhouse,0,1,4,Medium,Lease,1
CUST0003098,Customer_3098,56,Male,Northeast,2015-04-02,117,Electricity+Gas,Residential,Apartment,1,1,1,Medium,Lease,1
CUST0003099,Customer_3099,46,Male,West,2012-06-01,151,Electricity+Water,Residential,Townhouse,1,1,1,Medium,Own,1
CUST0003100,Customer_3100,56,Male,Southwest,2022-11-01,26,Electricity+Gas,Residential,Condo,0,1,1,Medium,Own,0
CUST0003101,Customer_3101,37,Female,Southwest,2018-09-01,76,Gas,Residential,Single Family,0,0,4,Low,Own,0
CUST0003102,Customer_3102,60,Male,West,2022-01-31,35,Electricity,Small Business,Apartment,1,1,3,Medium,Own,0
CUST0003103,Customer_3103,72,Male,West,2019-10-02,63,Electricity,Small Business,Single Family,0,0,3,High,Own,0
CUST0003104,Customer_3104,64,Female,Gulf Coast,2023-01-01,24,Electricity+Gas,Residential,Single Family,1,1,5,Medium-High,Rent,1
CUST0003105,Customer_3105,37,Male,Northeast,2023-01-31,23,Water,Residential,Apartment,0,1,1,Medium-Low,Own,0
CUST0003106,Customer_3106,53,Male,Southeast,2022-04-02,33,Gas,Residential,Apartment,0,1,4,Medium,Lease,0
CUST0003107,Customer_3107,28,Male,Northeast,2024-04-02,9,Electricity+Gas,Residential,Apartment,0,0,2,Medium-Low,Lease,1
CUST0003108,Customer_3108,56,Male,Northeast,2016-03-02,106,Electricity+Gas,Residential,Townhouse,0,1,3,Medium-Low,Rent,1
CUST0003109,Customer_3109,54,Male,Southeast,2022-12-01,25,Electricity,Residential,Apartment,0,0,2,Medium-High,Own,1
CUST0003110,Customer_3110,19,Male,West,2022-07-02,30,Gas,Small Business,Mobile Home,0,1,3,Medium-Low,Rent,1
CUST0003111,Customer_3111,30,Other,Midwest,2013-11-01,134,Electricity+Gas,Residential,Townhouse,0,1,4,Medium-High,Own,1
CUST0003112,Customer_3112,43,Female,West,2021-08-01,41,Electricity+Gas,Residential,Mobile Home,0,0,3,Medium-Low,Rent,1
CUST0003113,Customer_3113,43,Male,Midwest,2021-01-31,47,Electricity,Residential,Townhouse,0,1,1,Medium-High,Own,0
CUST0003114,Customer_3114,29,Male,Southwest,2009-05-02,188,Electricity,Commercial,Apartment,0,1,2,Medium-Low,Own,1
CUST0003115,Customer_3115,53,Male,Northeast,2014-03-02,130,Electricity+Gas,Residential,Apartment,1,1,2,Medium,Own,0
CUST0003116,Customer_3116,51,Female,West,2024-02-01,11,Electricity,Commercial,Townhouse,1,1,1,Medium-Low,Own,1
CUST0003117,Customer_3117,45,Male,West,2021-11-01,38,Water,Commercial,Townhouse,0,1,6,Low,Rent,1
CUST0003118,Customer_3118,36,Male,Southeast,2007-04-02,213,Electricity,Small Business,Townhouse,0,1,5,Medium-High,Rent,0
CUST0003119,Customer_3119,63,Female,Southeast,2022-10-02,27,Electricity,Small Business,Townhouse,0,1,1,Medium-High,Own,0
CUST0003120,Customer_3120,72,Male,Southeast,2022-10-02,27,Electricity,Residential,Condo,1,1,1,Medium-High,Own,0
CUST0003121,Customer_3121,40,Male,West,2023-12-02,13,Electricity+Water,Residential,Single Family,0,0,3,Low,Rent,1
CUST0003122,Customer_3122,38,Female,West,2024-06-01,7,Water,Commercial,Apartment,0,0,3,Medium-High,Rent,1
CUST0003123,Customer_3123,55,Female,Southwest,2018-05-02,80,Electricity+Water,Residential,Apartment,1,0,2,Medium-High,Rent,1
CUST0003124,Customer_3124,42,Male,Southeast,2017-09-01,88,Gas,Residential,Single Family,0,0,3,Medium-Low,Rent,0
CUST0003125,Customer_3125,45,Female,Northeast,2007-09-01,208,Water,Residential,Mobile Home,1,1,1,Medium,Own,1
CUST0003126,Customer_3126,59,Male,Northeast,2017-08-01,89,Electricity+Water,Small Business,Townhouse,1,0,4,Medium,Own,0
CUST0003127,Customer_3127,19,Female,Northeast,2023-09-01,16,Gas,Residential,Single Family,1,0,1,Medium,Own,0
CUST0003128,Customer_3128,67,Female,Southeast,2024-11-01,2,Electricity+Water,Residential,Single Family,1,1,2,Medium-High,Lease,0
CUST0003129,Customer_3129,49,Female,Northeast,2003-12-01,253,Electricity+Water,Small Business,Townhouse,0,1,2,Medium,Own,0
CUST0003130,Customer_3130,41,Female,Southwest,2023-01-01,24,Electricity+Water,Residential,Single Family,1,0,1,Medium-Low,Rent,1
CUST0003131,Customer_3131,46,Female,Southeast,2023-03-03,22,Electricity+Water,Residential,Apartment,0,1,4,Low,Own,1
CUST0003132,Customer_3132,47,Female,Midwest,2013-04-01,141,Water,Residential,Single Family,1,1,5,Medium,Rent,0
CUST0003133,Customer_3133,22,Female,Southwest,2020-09-01,52,Electricity+Water,Residential,Condo,0,0,1,Low,Own,0
CUST0003134,Customer_3134,70,Male,Southwest,2023-11-01,14,Gas,Residential,Townhouse,0,0,6,Low,Own,0
CUST0003135,Customer_3135,48,Male,Southwest,2014-01-31,131,Water,Residential,Single Family,1,1,2,Medium,Own,0
CUST0003136,Customer_3136,54,Female,Southeast,1999-12-31,300,Electricity,Small Business,Condo,1,0,2,Medium,Rent,0
CUST0003137,Customer_3137,62,Female,West,2024-08-01,5,Electricity+Gas,Small Business,Condo,0,1,3,Medium-Low,Own,0
CUST0003138,Customer_3138,32,Male,Gulf Coast,2015-03-03,118,Water,Residential,Apartment,1,1,2,High,Own,1
CUST0003139,Customer_3139,55,Female,Southeast,2022-08-02,29,Electricity+Gas,Commercial,Single Family,1,1,3,Medium-High,Own,1
CUST0003140,Customer_3140,43,Female,Northeast,2021-05-02,44,Water,Residential,Townhouse,1,0,3,Medium,Own,0
CUST0003141,Customer_3141,60,Other,Gulf Coast,2012-10-01,147,Gas,Residential,Single Family,1,1,3,Medium-High,Own,1
CUST0003142,Customer_3142,18,Female,Gulf Coast,2006-12-01,217,Electricity+Gas,Small Business,Apartment,1,0,3,Medium,Rent,1
CUST0003143,Customer_3143,46,Male,Northeast,2023-07-03,18,Electricity,Residential,Single Family,1,1,4,Medium,Own,0
CUST0003144,Customer_3144,38,Male,Northeast,2023-11-01,14,Electricity,Small Business,Apartment,1,0,3,Medium-High,Own,0
CUST0003145,Customer_3145,54,Male,West,2024-08-01,5,Electricity+Gas,Residential,Single Family,1,1,4,Low,Own,0
CUST0003146,Customer_3146,55,Male,Southeast,2020-12-01,49,Electricity+Gas,Residential,Townhouse,0,1,2,Medium-High,Own,0
CUST0003147,Customer_3147,37,Female,Gulf Coast,2024-12-01,1,Electricity,Residential,Single Family,0,1,3,Medium,Rent,1
CUST0003148,Customer_3148,37,Female,Southeast,2022-06-02,31,Electricity,Residential,Apartment,1,0,1,Medium,Own,1
CUST0003149,Customer_3149,46,Female,Gulf Coast,2024-09-01,4,Electricity,Residential,Townhouse,0,1,1,Medium-Low,Lease,1
CUST0003150,Customer_3150,34,Female,Northeast,2022-06-02,31,Electricity+Gas,Residential,Single Family,1,1,4,Medium,Rent,0
CUST0003151,Customer_3151,60,Male,Southeast,2024-11-01,2,Electricity+Gas,Residential,Townhouse,0,1,3,Medium,Own,0
CUST0003152,Customer_3152,42,Male,Gulf Coast,2016-01-01,108,Electricity,Small Business,Single Family,1,0,3,Medium-Low,Lease,1
CUST0003153,Customer_3153,18,Male,Southeast,2023-11-01,14,Water,Small Business,Townhouse,1,0,2,Medium,Rent,0
CUST0003154,Customer_3154,42,Male,Northeast,2023-01-31,23,Electricity,Residential,Apartment,0,1,2,Medium,Own,0
CUST0003155,Customer_3155,32,Female,Gulf Coast,2014-11-01,122,Electricity+Gas,Residential,Apartment,1,0,2,Medium-High,Own,0
CUST0003156,Customer_3156,23,Male,Northeast,2018-03-02,82,Electricity,Residential,Single Family,1,1,1,Medium,Own,0
CUST0003157,Customer_3157,29,Male,Northeast,2023-11-01,14,Electricity+Water,Small Business,Single Family,1,1,4,Medium,Own,0
CUST0003158,Customer_3158,49,Male,Southeast,2024-09-01,4,Electricity,Residential,Single Family,0,0,6,Medium,Rent,1
CUST0003159,Customer_3159,67,Female,Southwest,2018-10-01,75,Electricity+Gas,Residential,Condo,1,0,3,Medium,Own,0
CUST0003160,Customer_3160,52,Male,West,2022-08-02,29,Electricity+Gas,Small Business,Apartment,1,1,1,High,Rent,1
CUST0003161,Customer_3161,38,Female,Gulf Coast,2017-10-01,87,Electricity,Residential,Mobile Home,0,1,3,Medium-Low,Own,0
CUST0003162,Customer_3162,54,Male,Midwest,2022-01-31,35,Electricity,Residential,Condo,0,1,1,Low,Rent,1
CUST0003163,Customer_3163,41,Female,Southeast,2022-12-01,25,Gas,Residential,Condo,0,0,3,Medium,Own,1
CUST0003164,Customer_3164,37,Male,Southeast,2022-01-01,36,Water,Small Business,Apartment,1,1,3,Medium,Rent,1
CUST0003165,Customer_3165,30,Female,West,2018-03-02,82,Electricity,Residential,Single Family,0,1,4,High,Rent,1
CUST0003166,Customer_3166,21,Female,West,2013-06-01,139,Electricity+Gas,Commercial,Condo,1,0,1,Low,Rent,1
CUST0003167,Customer_3167,42,Female,Gulf Coast,2024-10-01,3,Electricity+Gas,Residential,Single Family,0,1,1,Medium,Rent,0
CUST0003168,Customer_3168,50,Female,Gulf Coast,2021-05-02,44,Electricity,Commercial,Apartment,0,1,3,Medium-Low,Own,1
CUST0003169,Customer_3169,46,Male,Southeast,2024-11-01,2,Electricity,Residential,Condo,1,1,2,Medium,Own,0
CUST0003170,Customer_3170,41,Male,Midwest,2021-12-01,37,Electricity+Water,Residential,Apartment,1,1,2,Medium-High,Own,0
CUST0003171,Customer_3171,33,Male,Southwest,2014-04-02,129,Electricity,Small Business,Single Family,1,0,1,Medium-High,Rent,0
CUST0003172,Customer_3172,57,Female,Northeast,2022-11-01,26,Electricity,Residential,Single Family,0,0,2,Medium-High,Own,0
CUST0003173,Customer_3173,28,Male,Northeast,2011-08-02,161,Electricity+Gas,Residential,Mobile Home,0,0,2,Medium,Own,0
CUST0003174,Customer_3174,59,Male,Gulf Coast,2020-02-01,59,Electricity,Commercial,Mobile Home,1,1,3,Medium,Rent,0
CUST0003175,Customer_3175,32,Female,Midwest,2011-06-02,163,Gas,Residential,Townhouse,0,1,3,Medium,Own,0
CUST0003176,Customer_3176,36,Female,Southwest,2018-01-01,84,Electricity,Small Business,Condo,1,1,2,Medium,Own,1
CUST0003177,Customer_3177,25,Male,Southwest,2024-07-02,6,Electricity+Water,Residential,Single Family,0,1,3,Medium-High,Rent,1
CUST0003178,Customer_3178,40,Female,West,2023-10-02,15,Gas,Small Business,Single Family,1,1,2,Medium-Low,Lease,0
CUST0003179,Customer_3179,62,Female,Northeast,2022-07-02,30,Electricity+Water,Residential,Single Family,1,0,1,Medium,Own,0
CUST0003180,Customer_3180,55,Male,Southwest,2024-02-01,11,Gas,Small Business,Single Family,1,1,1,Medium,Rent,0
CUST0003181,Customer_3181,62,Male,Midwest,2021-09-01,40,Electricity,Residential,Single Family,0,1,4,Medium-High,Own,0
CUST0003182,Customer_3182,55,Female,Gulf Coast,2021-11-01,38,Electricity+Water,Residential,Single Family,1,0,1,Medium-High,Own,0
CUST0003183,Customer_3183,31,Female,Midwest,2009-06-01,187,Electricity,Residential,Apartment,0,0,1,Low,Own,1
CUST0003184,Customer_3184,43,Male,Gulf Coast,2022-03-03,34,Gas,Residential,Single Family,0,0,1,Medium-Low,Rent,0
CUST0003185,Customer_3185,36,Male,Southeast,2017-05-02,92,Electricity,Residential,Single Family,0,0,3,High,Lease,1
CUST0003186,Customer_3186,67,Female,Gulf Coast,2010-11-01,170,Electricity+Water,Residential,Condo,1,1,2,Medium-Low,Own,1
CUST0003187,Customer_3187,30,Female,Gulf Coast,2014-08-01,125,Electricity,Small Business,Single Family,1,0,1,Low,Rent,1
CUST0003188,Customer_3188,61,Female,Southwest,2023-11-01,14,Water,Residential,Single Family,1,1,2,Medium-Low,Own,0
CUST0003189,Customer_3189,61,Male,Southeast,2021-08-01,41,Electricity+Gas,Commercial,Single Family,1,1,1,High,Lease,0
CUST0003190,Customer_3190,75,Male,Southeast,2022-12-01,25,Electricity,Small Business,Condo,0,1,2,Medium-Low,Own,0
CUST0003191,Customer_3191,41,Female,West,2022-07-02,30,Electricity,Residential,Apartment,0,1,2,Medium,Rent,0
CUST0003192,Customer_3192,58,Male,Southwest,2022-11-01,26,Electricity+Water,Residential,Apartment,1,1,4,Medium-High,Own,1
CUST0003193,Customer_3193,82,Other,Midwest,2016-04-01,105,Electricity+Gas,Small Business,Single Family,1,0,1,Medium,Lease,0
CUST0003194,Customer_3194,38,Female,Southwest,2022-01-01,36,Electricity+Gas,Residential,Apartment,1,0,2,Medium-Low,Own,0
CUST0003195,Customer_3195,24,Male,West,2021-05-02,44,Gas,Small Business,Single Family,1,1,4,Medium,Own,1
CUST0003196,Customer_3196,19,Female,Northeast,2004-10-31,242,Electricity,Residential,Single Family,1,0,2,Medium-High,Rent,1
CUST0003197,Customer_3197,58,Male,Northeast,2024-10-01,3,Electricity+Gas,Residential,Apartment,0,1,2,Medium,Rent,1
CUST0003198,Customer_3198,19,Female,Northeast,2021-09-01,40,Electricity+Gas,Residential,Condo,0,1,2,Low,Lease,0
CUST0003199,Customer_3199,42,Male,Southeast,2017-08-01,89,Electricity+Gas,Commercial,Single Family,1,1,2,Medium-Low,Own,1
CUST0003200,Customer_3200,54,Male,Midwest,2024-04-02,9,Gas,Small Business,Townhouse,1,1,1,Medium-Low,Own,1
CUST0003201,Customer_3201,50,Female,West,2020-05-02,56,Electricity+Water,Residential,Single Family,1,1,1,Medium-Low,Rent,0
CUST0003202,Customer_3202,54,Female,Southeast,2023-09-01,16,Electricity,Commercial,Single Family,0,1,3,Medium,Own,0
CUST0003203,Customer_3203,51,Male,Northeast,2014-12-01,121,Electricity,Residential,Single Family,0,0,1,Medium-Low,Rent,0
CUST0003204,Customer_3204,67,Female,Midwest,2023-01-31,23,Electricity+Water,Small Business,Condo,0,1,1,Medium-High,Own,0
CUST0003205,Customer_3205,33,Male,Gulf Coast,2023-01-31,23,Electricity+Gas,Small Business,Single Family,0,0,1,Medium,Rent,0
CUST0003206,Customer_3206,37,Male,Southeast,2020-07-02,54,Electricity,Small Business,Apartment,1,1,1,Medium,Own,1
CUST0003207,Customer_3207,36,Male,Gulf Coast,2024-01-01,12,Water,Residential,Single Family,1,1,2,Medium,Rent,0
CUST0003208,Customer_3208,60,Male,Northeast,2023-05-03,20,Gas,Residential,Apartment,1,0,4,Medium-Low,Rent,1
CUST0003209,Customer_3209,61,Male,Northeast,2022-05-02,32,Electricity,Residential,Apartment,0,1,2,Medium-High,Rent,1
CUST0003210,Customer_3210,54,Male,West,2022-11-01,26,Electricity+Gas,Residential,Single Family,0,0,2,Medium-Low,Rent,0
CUST0003211,Customer_3211,65,Male,Midwest,2021-05-02,44,Electricity,Residential,Condo,0,1,1,Medium,Rent,0
CUST0003212,Customer_3212,30,Male,West,2020-07-02,54,Electricity,Small Business,Townhouse,0,1,3,Medium,Rent,0
CUST0003213,Customer_3213,73,Male,Gulf Coast,2020-10-31,50,Electricity,Residential,Single Family,1,1,3,Low,Rent,0
CUST0003214,Customer_3214,70,Female,Southeast,2019-10-02,63,Gas,Residential,Apartment,0,1,1,Low,Rent,0
CUST0003215,Customer_3215,59,Male,West,2023-03-03,22,Electricity,Residential,Single Family,0,1,1,Medium-Low,Rent,1
CUST0003216,Customer_3216,74,Female,Southwest,2024-05-02,8,Electricity+Water,Residential,Townhouse,1,0,4,Medium-High,Own,0
CUST0003217,Customer_3217,23,Female,Gulf Coast,2017-12-01,85,Electricity+Gas,Small Business,Townhouse,0,0,3,Medium-Low,Rent,1
CUST0003218,Customer_3218,40,Female,Midwest,2015-07-02,114,Electricity,Small Business,Single Family,0,1,1,Medium-High,Lease,1
CUST0003219,Customer_3219,36,Female,Northeast,2023-08-02,17,Electricity+Gas,Small Business,Condo,1,0,1,Medium,Own,0
CUST0003220,Customer_3220,58,Female,Southwest,2022-06-02,31,Water,Small Business,Single Family,1,1,4,Low,Rent,0
CUST0003221,Customer_3221,32,Male,Gulf Coast,2021-08-01,41,Electricity+Gas,Small Business,Single Family,1,1,1,Medium-High,Own,0
CUST0003222,Customer_3222,59,Female,Northeast,2021-04-02,45,Electricity,Residential,Townhouse,1,1,2,High,Own,0
CUST0003223,Customer_3223,68,Female,Southeast,2019-09-01,64,Electricity,Residential,Single Family,1,0,6,Low,Own,0
CUST0003224,Customer_3224,58,Female,Southeast,2024-11-01,2,Electricity+Water,Small Business,Single Family,0,1,5,Medium-Low,Rent,1
CUST0003225,Customer_3225,52,Female,West,2018-09-01,76,Electricity,Residential,Single Family,0,0,1,Medium-High,Own,1
CUST0003226,Customer_3226,33,Male,Southeast,2024-10-01,3,Electricity,Commercial,Condo,1,1,5,High,Own,1
CUST0003227,Customer_3227,35,Female,Southeast,2021-12-01,37,Electricity+Gas,Commercial,Single Family,1,1,2,Medium-High,Own,0
CUST0003228,Customer_3228,66,Female,Southwest,2016-04-01,105,Electricity,Residential,Single Family,1,1,2,Low,Own,1
CUST0003229,Customer_3229,59,Male,Northeast,2022-01-01,36,Electricity+Water,Residential,Single Family,1,0,1,Medium,Rent,0
CUST0003230,Customer_3230,47,Male,Northeast,2024-04-02,9,Electricity+Water,Residential,Single Family,0,1,1,Medium,Own,0
CUST0003231,Customer_3231,41,Female,Midwest,2004-01-01,252,Electricity+Gas,Small Business,Townhouse,0,1,5,Medium,Lease,1
CUST0003232,Customer_3232,18,Female,Southeast,2013-12-31,132,Water,Small Business,Apartment,0,0,1,Medium,Own,0
CUST0003233,Customer_3233,31,Female,Southeast,2017-09-01,88,Gas,Residential,Townhouse,0,1,4,Medium-Low,Own,1
CUST0003234,Customer_3234,76,Female,Northeast,2022-06-02,31,Water,Small Business,Apartment,1,1,5,Medium,Own,0
CUST0003235,Customer_3235,28,Male,Southeast,2024-01-01,12,Electricity+Gas,Residential,Single Family,0,0,1,Medium-High,Lease,1
CUST0003236,Customer_3236,50,Male,West,2010-11-01,170,Electricity,Residential,Apartment,0,0,4,Medium,Own,0
CUST0003237,Customer_3237,63,Male,Midwest,2021-04-02,45,Electricity+Water,Residential,Townhouse,1,0,1,Medium,Rent,0
CUST0003238,Customer_3238,29,Male,Southwest,2015-07-02,114,Electricity+Water,Residential,Apartment,0,0,2,Medium-Low,Rent,1
CUST0003239,Customer_3239,50,Male,Northeast,2022-12-01,25,Electricity+Water,Residential,Condo,0,0,4,Medium,Own,1
CUST0003240,Customer_3240,62,Male,Northeast,2023-01-01,24,Electricity+Gas,Residential,Mobile Home,1,0,1,Low,Own,1
CUST0003241,Customer_3241,48,Female,Gulf Coast,2003-11-01,254,Gas,Residential,Townhouse,1,0,2,Low,Own,0
CUST0003242,Customer_3242,90,Female,Southeast,2021-05-02,44,Electricity,Commercial,Mobile Home,0,1,7,Medium-High,Rent,0
CUST0003243,Customer_3243,22,Male,Southeast,2024-04-02,9,Electricity,Residential,Apartment,1,0,1,Medium,Own,1
CUST0003244,Customer_3244,63,Male,Gulf Coast,2023-11-01,14,Electricity,Residential,Single Family,0,0,3,Medium,Own,0
CUST0003245,Customer_3245,45,Male,West,2021-10-01,39,Electricity,Residential,Apartment,1,0,1,High,Rent,1
CUST0003246,Customer_3246,59,Female,West,2024-11-01,2,Electricity+Gas,Small Business,Single Family,0,1,2,Medium-Low,Lease,1
CUST0003247,Customer_3247,54,Male,West,2021-12-01,37,Electricity+Gas,Small Business,Single Family,0,1,2,Medium-Low,Rent,1
CUST0003248,Customer_3248,37,Male,Northeast,2022-05-02,32,Electricity,Small Business,Apartment,1,1,5,Medium,Own,0
CUST0003249,Customer_3249,51,Female,Gulf Coast,2017-07-02,90,Electricity+Gas,Residential,Single Family,1,1,2,Medium,Own,1
CUST0003250,Customer_3250,20,Female,Gulf Coast,2022-11-01,26,Electricity,Residential,Single Family,1,0,4,Medium,Own,0
CUST0003251,Customer_3251,57,Male,Southeast,2004-10-31,242,Electricity+Gas,Residential,Apartment,1,1,1,Medium-High,Own,0
CUST0003252,Customer_3252,52,Male,West,2024-02-01,11,Electricity+Water,Residential,Single Family,0,0,1,Medium-Low,Own,1
CUST0003253,Customer_3253,57,Male,Midwest,2020-08-01,53,Electricity+Gas,Residential,Single Family,1,1,3,Medium,Rent,0
CUST0003254,Customer_3254,63,Female,West,2024-08-01,5,Electricity,Small Business,Townhouse,0,0,2,Medium,Rent,1
CUST0003255,Customer_3255,53,Female,Northeast,2018-06-02,79,Gas,Residential,Single Family,1,1,2,Medium-Low,Rent,1
CUST0003256,Customer_3256,50,Male,Midwest,1998-10-01,315,Water,Commercial,Condo,1,0,3,Medium-High,Own,1
CUST0003257,Customer_3257,34,Female,Northeast,2016-07-02,102,Electricity+Gas,Residential,Condo,0,1,2,Low,Own,0
CUST0003258,Customer_3258,37,Male,Midwest,2020-12-31,48,Electricity+Water,Residential,Townhouse,0,0,1,Medium,Own,0
CUST0003259,Customer_3259,65,Male,Southeast,2021-10-01,39,Electricity,Residential,Single Family,1,1,5,Medium-Low,Rent,0
CUST0003260,Customer_3260,69,Male,Midwest,2016-01-01,108,Electricity,Small Business,Townhouse,0,0,5,Low,Rent,1
CUST0003261,Customer_3261,44,Female,Southwest,2011-05-02,164,Electricity,Residential,Single Family,0,1,3,Medium-Low,Own,0
CUST0003262,Customer_3262,48,Male,Gulf Coast,2002-06-01,271,Water,Residential,Townhouse,1,0,3,Medium,Own,0
CUST0003263,Customer_3263,34,Male,Northeast,2022-07-02,30,Electricity+Gas,Residential,Apartment,0,1,3,Medium-High,Own,0
CUST0003264,Customer_3264,65,Male,Gulf Coast,2001-07-01,282,Electricity,Residential,Townhouse,0,1,5,Medium,Lease,1
CUST0003265,Customer_3265,57,Male,Southeast,2024-03-02,10,Electricity,Residential,Townhouse,0,1,2,High,Own,1
CUST0003266,Customer_3266,77,Female,West,2023-08-02,17,Electricity+Gas,Residential,Apartment,0,1,3,Medium-High,Own,0
CUST0003267,Customer_3267,34,Male,Midwest,2024-08-01,5,Electricity+Water,Commercial,Apartment,1,1,4,Medium-Low,Own,1
CUST0003268,Customer_3268,42,Male,Gulf Coast,2023-06-02,19,Gas,Small Business,Single Family,1,0,3,Medium-Low,Own,1
CUST0003269,Customer_3269,51,Female,Southwest,2017-10-01,87,Electricity,Residential,Apartment,0,0,3,Medium-Low,Lease,1
CUST0003270,Customer_3270,57,Female,Midwest,2015-06-02,115,Gas,Residential,Apartment,0,1,2,Medium-Low,Own,1
CUST0003271,Customer_3271,44,Female,Southeast,2017-07-02,90,Electricity,Residential,Apartment,1,1,1,Medium,Own,1
CUST0003272,Customer_3272,34,Female,Gulf Coast,2020-02-01,59,Electricity+Gas,Residential,Apartment,0,1,1,Low,Own,1
CUST0003273,Customer_3273,61,Male,West,2021-06-02,43,Gas,Small Business,Single Family,0,1,2,Medium,Own,1
CUST0003274,Customer_3274,58,Female,Southeast,2018-11-01,74,Electricity+Gas,Residential,Single Family,0,0,5,Medium,Rent,0
CUST0003275,Customer_3275,34,Female,Northeast,2022-08-02,29,Electricity+Water,Commercial,Townhouse,1,0,4,Medium,Own,1
CUST0003276,Customer_3276,68,Male,West,2015-11-01,110,Electricity,Residential,Apartment,0,1,3,Medium,Rent,0
CUST0003277,Customer_3277,65,Female,Gulf Coast,2019-06-02,67,Water,Residential,Single Family,1,1,2,Medium-High,Rent,1
CUST0003278,Customer_3278,50,Male,Southeast,2019-01-31,71,Electricity+Water,Commercial,Single Family,0,1,5,Medium,Own,0
CUST0003279,Customer_3279,49,Other,Gulf Coast,2021-03-02,46,Gas,Residential,Apartment,1,0,2,High,Rent,1
CUST0003280,Customer_3280,56,Female,Northeast,2014-04-02,129,Electricity,Residential,Condo,0,1,3,Medium-High,Own,0
CUST0003281,Customer_3281,35,Female,Gulf Coast,2023-08-02,17,Water,Residential,Single Family,1,1,1,Medium,Own,0
CUST0003282,Customer_3282,48,Female,West,2022-09-01,28,Electricity+Gas,Residential,Apartment,1,1,1,Medium-Low,Own,0
CUST0003283,Customer_3283,18,Female,Southeast,2017-07-02,90,Electricity,Residential,Condo,0,0,3,Low,Own,1
CUST0003284,Customer_3284,61,Male,Southeast,2021-09-01,40,Gas,Commercial,Single Family,0,1,3,Low,Own,1
CUST0003285,Customer_3285,24,Male,Southwest,2013-12-31,132,Electricity+Gas,Commercial,Single Family,0,0,1,Medium-Low,Own,0
CUST0003286,Customer_3286,70,Male,Southwest,2022-12-01,25,Electricity,Small Business,Condo,1,1,5,Medium-Low,Rent,0
CUST0003287,Customer_3287,43,Male,Gulf Coast,2022-10-02,27,Electricity+Gas,Residential,Single Family,0,1,5,Medium-High,Own,0
CUST0003288,Customer_3288,44,Female,West,2014-01-31,131,Electricity+Gas,Commercial,Apartment,1,1,4,Medium-Low,Rent,1
CUST0003289,Customer_3289,38,Male,Midwest,2021-12-01,37,Electricity+Water,Small Business,Apartment,0,1,5,Medium-Low,Rent,0
CUST0003290,Customer_3290,43,Male,Gulf Coast,2021-06-02,43,Electricity+Gas,Residential,Single Family,1,0,4,Low,Own,0
CUST0003291,Customer_3291,69,Female,Southwest,2023-01-01,24,Electricity+Gas,Residential,Single Family,1,1,1,Medium,Own,0
CUST0003292,Customer_3292,18,Female,West,2023-06-02,19,Electricity+Gas,Small Business,Apartment,1,1,4,Medium,Own,1
CUST0003293,Customer_3293,67,Male,West,2019-09-01,64,Electricity,Small Business,Townhouse,1,1,1,Medium-High,Own,0
CUST0003294,Customer_3294,53,Male,Gulf Coast,2024-06-01,7,Water,Residential,Single Family,1,0,2,Medium,Rent,0
CUST0003295,Customer_3295,29,Male,Northeast,2014-07-02,126,Electricity+Gas,Residential,Townhouse,0,1,2,Low,Own,0
CUST0003296,Customer_3296,31,Female,Southwest,2017-07-02,90,Water,Commercial,Apartment,1,1,4,Low,Own,1
CUST0003297,Customer_3297,73,Male,Midwest,2024-01-01,12,Water,Residential,Single Family,0,0,2,Medium-Low,Rent,1
CUST0003298,Customer_3298,33,Female,Midwest,2019-01-31,71,Electricity+Gas,Residential,Townhouse,0,1,3,Low,Rent,0
CUST0003299,Customer_3299,30,Male,Midwest,2020-06-01,55,Electricity,Commercial,Single Family,1,1,1,Medium-High,Own,1
CUST0003300,Customer_3300,65,Male,West,2024-01-01,12,Electricity+Water,Residential,Apartment,0,1,5,Low,Own,0
CUST0003301,Customer_3301,53,Female,Southeast,2023-06-02,19,Gas,Commercial,Apartment,1,1,2,Medium-Low,Own,0
CUST0003302,Customer_3302,33,Male,Midwest,2022-06-02,31,Electricity+Water,Small Business,Apartment,1,1,1,Medium,Own,0
CUST0003303,Customer_3303,51,Male,Southeast,2019-01-01,72,Gas,Residential,Single Family,0,0,3,Medium-Low,Own,0
CUST0003304,Customer_3304,32,Male,Southeast,2019-12-02,61,Electricity,Residential,Townhouse,1,1,3,High,Rent,1
CUST0003305,Customer_3305,64,Female,Southwest,2021-04-02,45,Electricity+Water,Residential,Townhouse,0,1,3,Medium-High,Rent,0
CUST0003306,Customer_3306,63,Female,Northeast,2017-10-01,87,Water,Residential,Apartment,1,0,2,Medium-High,Rent,1
CUST0003307,Customer_3307,55,Male,Southeast,2017-12-01,85,Water,Small Business,Condo,1,0,2,Medium-Low,Rent,1
CUST0003308,Customer_3308,53,Male,Midwest,2020-04-01,57,Electricity,Residential,Mobile Home,1,0,2,Low,Own,0
CUST0003309,Customer_3309,74,Male,Northeast,2017-05-02,92,Electricity+Water,Small Business,Apartment,1,1,1,Medium-Low,Own,1
CUST0003310,Customer_3310,47,Female,Northeast,2023-01-01,24,Electricity+Gas,Small Business,Single Family,0,0,2,Medium-Low,Own,1
CUST0003311,Customer_3311,30,Female,Gulf Coast,2014-06-02,127,Gas,Residential,Townhouse,1,1,3,Low,Rent,0
CUST0003312,Customer_3312,54,Female,West,2020-04-01,57,Electricity+Water,Commercial,Single Family,1,1,1,Low,Rent,0
CUST0003313,Customer_3313,79,Female,Southeast,2016-06-01,103,Electricity+Gas,Small Business,Apartment,1,1,5,Medium,Own,0
CUST0003314,Customer_3314,32,Male,Southeast,2021-01-31,47,Electricity,Commercial,Apartment,0,1,4,Medium-Low,Own,0
CUST0003315,Customer_3315,42,Male,Gulf Coast,2023-11-01,14,Electricity+Gas,Residential,Mobile Home,1,0,4,Medium,Rent,0
CUST0003316,Customer_3316,54,Male,Northeast,2021-03-02,46,Electricity+Gas,Small Business,Mobile Home,0,0,1,Medium,Rent,1
CUST0003317,Customer_3317,47,Male,Southwest,2022-10-02,27,Electricity+Water,Residential,Townhouse,0,1,2,High,Rent,1
CUST0003318,Customer_3318,33,Male,Southwest,2019-01-31,71,Electricity,Commercial,Apartment,1,1,2,Medium-High,Own,0
CUST0003319,Customer_3319,64,Female,West,2021-11-01,38,Water,Residential,Apartment,1,1,2,Medium-Low,Own,1
CUST0003320,Customer_3320,82,Female,Gulf Coast,2016-01-01,108,Water,Residential,Single Family,1,0,2,Medium,Own,0
CUST0003321,Customer_3321,50,Female,Southeast,2019-05-03,68,Electricity,Residential,Condo,1,0,1,Medium,Rent,1
CUST0003322,Customer_3322,34,Male,Midwest,2019-04-02,69,Electricity,Residential,Townhouse,1,1,1,Medium-High,Lease,0
CUST0003323,Customer_3323,24,Female,West,2023-11-01,14,Electricity+Gas,Residential,Townhouse,0,0,2,Medium,Own,0
CUST0003324,Customer_3324,51,Female,Gulf Coast,2004-04-01,249,Water,Residential,Single Family,0,0,3,Low,Rent,0
CUST0003325,Customer_3325,64,Female,Gulf Coast,2015-11-01,110,Electricity+Gas,Commercial,Single Family,1,0,1,Medium-Low,Own,0
CUST0003326,Customer_3326,55,Male,Southwest,2017-04-02,93,Water,Residential,Apartment,0,1,3,Medium,Own,0
CUST0003327,Customer_3327,47,Male,Gulf Coast,2023-01-01,24,Electricity+Gas,Residential,Single Family,1,1,2,High,Own,0
CUST0003328,Customer_3328,39,Male,Northeast,2021-03-02,46,Electricity+Gas,Commercial,Single Family,0,0,1,Medium-High,Rent,1
CUST0003329,Customer_3329,31,Male,Southeast,2024-05-02,8,Electricity,Residential,Single Family,0,1,1,Medium-Low,Own,0
CUST0003330,Customer_3330,60,Female,Northeast,2021-03-02,46,Electricity,Commercial,Mobile Home,1,1,3,Medium-High,Rent,1
CUST0003331,Customer_3331,61,Male,Northeast,2024-04-02,9,Electricity+Gas,Residential,Townhouse,1,1,2,Medium,Own,0
CUST0003332,Customer_3332,24,Male,Southwest,2020-12-31,48,Water,Residential,Apartment,0,1,2,Medium,Rent,0
CUST0003333,Customer_3333,71,Female,Gulf Coast,2019-11-01,62,Electricity+Gas,Residential,Single Family,0,1,1,Medium-Low,Rent,0
CUST0003334,Customer_3334,56,Female,Southwest,2022-08-02,29,Electricity+Gas,Commercial,Single Family,1,1,5,Medium,Rent,0
CUST0003335,Customer_3335,68,Male,Southwest,2021-08-01,41,Electricity+Gas,Commercial,Single Family,1,1,1,Medium,Own,1
CUST0003336,Customer_3336,27,Female,Northeast,2014-08-01,125,Electricity,Small Business,Apartment,1,1,3,Medium-Low,Rent,1
CUST0003337,Customer_3337,27,Male,Southwest,2024-07-02,6,Electricity+Gas,Residential,Condo,0,1,2,Medium-High,Rent,0
CUST0003338,Customer_3338,45,Male,Midwest,2017-03-02,94,Gas,Commercial,Single Family,0,1,3,Medium-Low,Own,0
CUST0003339,Customer_3339,55,Male,Southwest,2024-02-01,11,Electricity+Gas,Commercial,Single Family,0,1,2,Medium,Own,0
CUST0003340,Customer_3340,74,Female,Southeast,2024-11-01,2,Electricity+Gas,Residential,Single Family,0,0,3,Medium-Low,Lease,1
CUST0003341,Customer_3341,58,Female,Southwest,2024-01-01,12,Water,Small Business,Townhouse,0,1,4,Low,Rent,1
CUST0003342,Customer_3342,44,Male,Midwest,2017-11-01,86,Electricity,Commercial,Condo,0,1,3,Medium-Low,Own,0
CUST0003343,Customer_3343,32,Female,Southwest,2022-06-02,31,Gas,Residential,Townhouse,1,1,1,Medium,Own,1
CUST0003344,Customer_3344,66,Male,Northeast,2014-10-01,123,Gas,Residential,Apartment,0,1,2,Medium-High,Own,0
CUST0003345,Customer_3345,33,Female,Southeast,2021-05-02,44,Water,Commercial,Single Family,1,0,1,Medium,Own,0
CUST0003346,Customer_3346,72,Male,Southeast,2024-12-01,1,Gas,Residential,Townhouse,1,1,1,Medium-Low,Lease,0
CUST0003347,Customer_3347,43,Male,West,2018-10-01,75,Electricity,Commercial,Single Family,0,0,2,Medium-Low,Own,1
CUST0003348,Customer_3348,71,Female,West,2024-06-01,7,Electricity+Water,Residential,Single Family,0,0,1,Medium,Own,1
CUST0003349,Customer_3349,58,Female,Gulf Coast,2017-04-02,93,Gas,Residential,Single Family,0,1,1,Medium,Own,1
CUST0003350,Customer_3350,45,Male,Southwest,2024-02-01,11,Electricity,Residential,Single Family,1,0,2,Low,Rent,1
CUST0003351,Customer_3351,40,Male,Southeast,2022-12-01,25,Electricity+Gas,Small Business,Single Family,1,1,3,Medium-High,Lease,1
CUST0003352,Customer_3352,42,Male,West,2017-12-01,85,Electricity+Gas,Residential,Townhouse,1,1,1,Low,Own,0
CUST0003353,Customer_3353,54,Male,Midwest,2009-08-01,185,Electricity+Gas,Residential,Single Family,1,0,3,Medium,Rent,0
CUST0003354,Customer_3354,49,Female,Southeast,2022-10-02,27,Electricity+Gas,Residential,Condo,0,0,2,Medium-Low,Lease,0
CUST0003355,Customer_3355,39,Other,West,2016-03-02,106,Electricity,Residential,Condo,0,1,3,Medium,Own,0
CUST0003356,Customer_3356,45,Male,Northeast,2024-01-01,12,Gas,Commercial,Apartment,1,0,4,Medium-High,Own,0
CUST0003357,Customer_3357,49,Male,Northeast,2016-10-31,98,Electricity,Residential,Single Family,1,1,2,Medium-Low,Own,0
CUST0003358,Customer_3358,18,Female,West,2019-09-01,64,Gas,Small Business,Apartment,0,0,2,Medium-High,Own,0
CUST0003359,Customer_3359,54,Male,West,2024-01-01,12,Electricity+Gas,Residential,Condo,0,1,1,Low,Own,1
CUST0003360,Customer_3360,33,Female,West,2023-04-02,21,Gas,Residential,Single Family,1,0,2,High,Rent,1
CUST0003361,Customer_3361,30,Male,Southeast,2024-05-02,8,Electricity+Gas,Residential,Condo,0,1,1,Medium-Low,Lease,1
CUST0003362,Customer_3362,22,Female,Gulf Coast,2022-09-01,28,Electricity+Gas,Small Business,Townhouse,1,1,1,Medium-High,Rent,0
CUST0003363,Customer_3363,21,Female,West,2023-12-02,13,Electricity,Commercial,Mobile Home,1,1,3,Low,Own,1
CUST0003364,Customer_3364,27,Female,West,2019-12-02,61,Electricity,Small Business,Condo,1,1,3,Medium-Low,Own,0
CUST0003365,Customer_3365,37,Female,West,1998-12-31,312,Electricity,Commercial,Single Family,1,0,1,Medium,Own,0
CUST0003366,Customer_3366,77,Male,Southwest,2024-12-01,1,Electricity,Small Business,Apartment,1,0,3,Medium,Own,0
CUST0003367,Customer_3367,40,Female,Northeast,2021-03-02,46,Electricity+Gas,Residential,Single Family,0,1,2,Medium,Own,0
CUST0003368,Customer_3368,50,Female,West,2020-10-01,51,Water,Residential,Single Family,0,1,2,Medium-Low,Own,1
CUST0003369,Customer_3369,54,Male,West,2012-10-01,147,Electricity+Gas,Commercial,Townhouse,0,1,2,Medium,Own,1
CUST0003370,Customer_3370,49,Male,Southeast,2021-07-02,42,Electricity+Gas,Commercial,Condo,1,1,2,Medium,Own,0
CUST0003371,Customer_3371,46,Male,West,2021-01-31,47,Electricity,Residential,Mobile Home,1,1,3,Medium,Own,1
CUST0003372,Customer_3372,30,Male,Southwest,2021-11-01,38,Electricity+Gas,Small Business,Single Family,1,1,3,Medium,Rent,1
CUST0003373,Customer_3373,69,Male,Southwest,2023-07-03,18,Electricity+Gas,Residential,Single Family,1,1,2,Medium-Low,Rent,0
CUST0003374,Customer_3374,75,Female,Southeast,2024-10-01,3,Electricity,Residential,Apartment,0,1,3,Medium-High,Rent,1
CUST0003375,Customer_3375,22,Male,Northeast,2022-06-02,31,Electricity+Water,Commercial,Single Family,1,1,3,Medium-High,Own,1
CUST0003376,Customer_3376,32,Female,Southeast,2024-10-01,3,Electricity,Commercial,Single Family,0,0,1,Medium-Low,Own,0
CUST0003377,Customer_3377,43,Male,West,2021-01-31,47,Electricity+Gas,Residential,Condo,0,0,2,Medium,Own,0
CUST0003378,Customer_3378,33,Male,Southeast,2023-03-03,22,Electricity+Gas,Residential,Condo,1,1,4,Medium,Own,1
CUST0003379,Customer_3379,55,Female,Northeast,2021-04-02,45,Water,Small Business,Condo,0,1,3,Medium,Own,1
CUST0003380,Customer_3380,37,Female,Gulf Coast,2024-05-02,8,Electricity+Water,Residential,Apartment,1,0,3,Low,Own,1
CUST0003381,Customer_3381,80,Male,Southeast,2011-08-02,161,Electricity+Water,Residential,Apartment,1,1,3,Medium-High,Rent,0
CUST0003382,Customer_3382,65,Male,Southwest,2013-11-01,134,Electricity+Gas,Residential,Townhouse,1,1,1,Medium-High,Rent,1
CUST0003383,Customer_3383,51,Male,Gulf Coast,2024-01-01,12,Electricity+Gas,Residential,Single Family,1,0,3,Low,Own,0
CUST0003384,Customer_3384,63,Female,Southwest,2022-12-01,25,Electricity,Small Business,Condo,1,1,1,Medium-High,Own,1
CUST0003385,Customer_3385,64,Female,West,2020-04-01,57,Gas,Residential,Single Family,1,1,3,Medium-High,Own,0
CUST0003386,Customer_3386,39,Male,Gulf Coast,2024-07-02,6,Electricity+Water,Residential,Townhouse,1,0,1,Medium,Own,1
CUST0003387,Customer_3387,35,Female,Gulf Coast,2022-11-01,26,Gas,Commercial,Townhouse,1,1,4,Medium-Low,Own,0
CUST0003388,Customer_3388,49,Female,Southwest,2023-08-02,17,Electricity,Commercial,Single Family,1,1,2,Medium-Low,Own,1
CUST0003389,Customer_3389,60,Male,Southeast,2012-08-31,148,Electricity,Residential,Townhouse,1,1,4,Medium,Rent,0
CUST0003390,Customer_3390,50,Other,Midwest,2015-07-02,114,Gas,Residential,Single Family,0,1,2,Medium,Rent,0
CUST0003391,Customer_3391,24,Female,West,2020-09-01,52,Electricity,Residential,Apartment,1,0,1,Medium,Own,0
CUST0003392,Customer_3392,35,Male,Gulf Coast,2021-05-02,44,Gas,Residential,Townhouse,0,1,4,Medium-High,Own,0
CUST0003393,Customer_3393,46,Male,West,2011-09-01,160,Electricity,Residential,Townhouse,0,0,1,High,Rent,0
CUST0003394,Customer_3394,46,Male,Southwest,2011-08-02,161,Electricity,Residential,Mobile Home,1,0,3,Medium-High,Own,1
CUST0003395,Customer_3395,77,Male,Midwest,2007-08-02,209,Electricity,Commercial,Single Family,0,1,2,High,Lease,1
CUST0003396,Customer_3396,27,Female,Southeast,2024-05-02,8,Electricity+Water,Commercial,Apartment,1,1,1,Medium,Own,0
CUST0003397,Customer_3397,55,Male,Northeast,2024-03-02,10,Electricity+Gas,Small Business,Condo,0,1,4,Low,Rent,1
CUST0003398,Customer_3398,70,Female,West,2019-06-02,67,Electricity+Gas,Small Business,Apartment,1,1,6,Low,Own,0
CUST0003399,Customer_3399,82,Female,Southeast,2021-03-02,46,Electricity+Gas,Small Business,Condo,1,1,2,Medium-Low,Rent,1
CUST0003400,Customer_3400,41,Female,Southeast,2024-12-01,1,Gas,Residential,Apartment,0,0,1,Medium,Own,1
CUST0003401,Customer_3401,55,Female,West,2024-10-01,3,Water,Residential,Townhouse,1,1,1,Medium-Low,Own,0
CUST0003402,Customer_3402,56,Male,Northeast,2014-01-31,131,Electricity+Water,Residential,Condo,0,0,2,Medium-Low,Lease,1
CUST0003403,Customer_3403,50,Male,Gulf Coast,2014-12-01,121,Electricity,Small Business,Condo,0,1,1,Medium-High,Rent,0
CUST0003404,Customer_3404,46,Female,Northeast,2022-11-01,26,Electricity,Residential,Condo,1,0,2,High,Lease,1
CUST0003405,Customer_3405,54,Male,Gulf Coast,2013-12-01,133,Electricity+Gas,Residential,Single Family,0,1,2,Low,Own,0
CUST0003406,Customer_3406,18,Male,Midwest,2020-07-02,54,Electricity,Commercial,Apartment,1,0,2,Low,Rent,0
CUST0003407,Customer_3407,58,Female,Northeast,2016-10-31,98,Electricity+Water,Residential,Single Family,0,1,1,Medium,Own,1
CUST0003408,Customer_3408,49,Female,West,2022-04-02,33,Electricity+Gas,Residential,Single Family,0,1,3,Medium-Low,Own,0
CUST0003409,Customer_3409,44,Male,Gulf Coast,2024-06-01,7,Gas,Residential,Apartment,0,0,4,Medium-High,Rent,1
CUST0003410,Customer_3410,78,Female,Midwest,2022-03-03,34,Gas,Residential,Mobile Home,0,1,1,Medium,Own,1
CUST0003411,Customer_3411,37,Female,West,2022-01-01,36,Electricity+Gas,Residential,Apartment,1,0,3,Low,Own,1
CUST0003412,Customer_3412,41,Male,Gulf Coast,2020-12-31,48,Electricity,Residential,Condo,0,1,3,Medium,Own,1
CUST0003413,Customer_3413,77,Male,Southeast,2024-07-02,6,Electricity+Water,Residential,Mobile Home,1,1,3,Medium-Low,Own,0
CUST0003414,Customer_3414,35,Female,West,2001-04-01,285,Electricity,Residential,Single Family,1,1,3,High,Own,0
CUST0003415,Customer_3415,39,Male,Southeast,2023-09-01,16,Electricity+Water,Residential,Single Family,1,1,2,Medium,Rent,0
CUST0003416,Customer_3416,45,Male,Midwest,2023-12-02,13,Electricity,Residential,Single Family,1,0,5,High,Own,0
CUST0003417,Customer_3417,60,Female,Southeast,2021-05-02,44,Electricity+Gas,Residential,Apartment,1,0,6,Low,Rent,1
CUST0003418,Customer_3418,51,Female,Midwest,2021-03-02,46,Electricity,Commercial,Single Family,1,1,2,Low,Own,0
CUST0003419,Customer_3419,28,Male,Northeast,2022-03-03,34,Gas,Small Business,Townhouse,0,1,2,Medium-Low,Own,1
CUST0003420,Customer_3420,40,Male,Southeast,2017-09-01,88,Electricity+Gas,Small Business,Single Family,1,1,1,Medium-High,Rent,0
CUST0003421,Customer_3421,38,Male,Midwest,2021-06-02,43,Electricity,Residential,Single Family,0,1,3,Medium,Rent,1
CUST0003422,Customer_3422,46,Other,Southwest,2020-05-02,56,Gas,Residential,Single Family,0,1,1,Medium-High,Own,1
CUST0003423,Customer_3423,54,Male,Southwest,2018-08-02,77,Electricity,Small Business,Apartment,1,1,3,Medium-Low,Rent,0
CUST0003424,Customer_3424,54,Female,Southwest,2024-12-01,1,Gas,Residential,Condo,1,1,2,Low,Rent,1
CUST0003425,Customer_3425,21,Female,Southeast,2020-10-31,50,Electricity+Gas,Small Business,Mobile Home,0,0,4,Medium-Low,Lease,1
CUST0003426,Customer_3426,63,Male,Gulf Coast,2014-04-02,129,Water,Residential,Condo,0,0,3,Medium,Rent,0
CUST0003427,Customer_3427,51,Other,Southeast,2024-12-01,1,Electricity,Small Business,Single Family,1,1,1,Medium-High,Rent,1
CUST0003428,Customer_3428,68,Female,Southeast,2022-06-02,31,Electricity,Residential,Apartment,1,1,2,Medium,Rent,1
CUST0003429,Customer_3429,54,Female,Southwest,2012-01-01,156,Gas,Residential,Apartment,1,1,2,Medium-Low,Own,1
CUST0003430,Customer_3430,64,Male,West,2022-11-01,26,Electricity+Water,Residential,Single Family,1,0,4,Medium,Rent,1
CUST0003431,Customer_3431,54,Female,Northeast,2022-01-01,36,Electricity+Water,Small Business,Apartment,1,0,1,Medium-Low,Own,1
CUST0003432,Customer_3432,68,Female,Southeast,2005-01-30,239,Electricity+Gas,Small Business,Single Family,1,0,2,Medium,Rent,1
CUST0003433,Customer_3433,55,Other,West,2023-12-02,13,Electricity+Water,Residential,Single Family,0,1,2,Low,Own,0
CUST0003434,Customer_3434,46,Male,Midwest,2024-09-01,4,Water,Residential,Single Family,1,0,2,Medium-High,Rent,1
CUST0003435,Customer_3435,82,Female,Midwest,2015-04-02,117,Electricity,Residential,Mobile Home,1,1,2,Medium-High,Own,0
CUST0003436,Customer_3436,61,Male,Gulf Coast,2014-12-01,121,Electricity,Residential,Townhouse,1,1,1,Medium,Rent,0
CUST0003437,Customer_3437,56,Male,Northeast,2021-11-01,38,Electricity,Residential,Single Family,1,1,1,Low,Own,0
CUST0003438,Customer_3438,28,Male,Southwest,2021-06-02,43,Electricity,Commercial,Condo,0,1,3,Medium-Low,Rent,0
CUST0003439,Customer_3439,28,Female,Southeast,2016-01-01,108,Electricity+Gas,Residential,Mobile Home,1,1,1,Low,Own,0
CUST0003440,Customer_3440,52,Male,Northeast,2018-05-02,80,Electricity+Gas,Commercial,Condo,1,1,2,Medium,Own,0
CUST0003441,Customer_3441,50,Female,Southeast,2023-07-03,18,Electricity+Gas,Small Business,Townhouse,0,1,4,Low,Own,0
CUST0003442,Customer_3442,38,Other,Southwest,2024-12-01,1,Electricity,Residential,Single Family,0,1,1,Medium-High,Own,1
CUST0003443,Customer_3443,50,Male,Northeast,2021-10-01,39,Water,Residential,Apartment,1,1,1,Medium-High,Own,0
CUST0003444,Customer_3444,71,Female,Southwest,2015-04-02,117,Gas,Commercial,Apartment,0,1,3,Medium-Low,Own,0
CUST0003445,Customer_3445,58,Male,Gulf Coast,2013-10-01,135,Gas,Residential,Mobile Home,1,0,2,Medium,Own,0
CUST0003446,Customer_3446,30,Male,West,2009-06-01,187,Electricity+Water,Residential,Townhouse,1,1,4,Medium,Rent,1
CUST0003447,Customer_3447,46,Female,Southeast,2014-07-02,126,Electricity,Commercial,Single Family,1,1,3,Medium-Low,Own,0
CUST0003448,Customer_3448,35,Female,Northeast,2020-09-01,52,Gas,Residential,Apartment,1,1,1,Medium-Low,Rent,0
CUST0003449,Customer_3449,42,Female,Midwest,2022-01-31,35,Electricity+Gas,Residential,Apartment,1,1,3,Low,Own,0
CUST0003450,Customer_3450,41,Female,Southeast,2017-08-01,89,Electricity+Water,Residential,Condo,0,0,3,Medium-High,Rent,1
CUST0003451,Customer_3451,40,Male,Gulf Coast,2018-05-02,80,Electricity,Small Business,Single Family,1,0,2,Medium-Low,Rent,0
CUST0003452,Customer_3452,29,Male,Gulf Coast,2021-03-02,46,Electricity+Gas,Residential,Townhouse,0,1,3,Medium,Rent,0
CUST0003453,Customer_3453,46,Female,Midwest,2024-08-01,5,Electricity+Water,Residential,Single Family,0,1,1,Medium-High,Own,0
CUST0003454,Customer_3454,39,Male,Northeast,2012-01-01,156,Gas,Residential,Single Family,1,0,3,Medium,Rent,1
CUST0003455,Customer_3455,18,Male,Gulf Coast,2022-01-01,36,Electricity,Small Business,Townhouse,1,1,4,High,Own,0
CUST0003456,Customer_3456,78,Female,West,2022-10-02,27,Electricity+Gas,Small Business,Single Family,1,0,4,Medium,Rent,0
CUST0003457,Customer_3457,64,Male,Midwest,2020-02-01,59,Electricity,Residential,Townhouse,1,0,4,Medium-Low,Rent,1
CUST0003458,Customer_3458,42,Male,Southeast,2019-06-02,67,Gas,Small Business,Single Family,0,1,1,Medium-High,Lease,0
CUST0003459,Customer_3459,48,Female,Midwest,2023-11-01,14,Electricity+Water,Residential,Mobile Home,0,1,4,Medium-Low,Own,0
CUST0003460,Customer_3460,30,Female,Gulf Coast,2016-01-01,108,Electricity+Gas,Residential,Condo,0,1,3,High,Own,0
CUST0003461,Customer_3461,73,Female,Southeast,2023-05-03,20,Electricity,Commercial,Single Family,0,1,4,Medium,Own,0
CUST0003462,Customer_3462,76,Female,West,2024-01-01,12,Electricity,Residential,Townhouse,1,1,1,High,Lease,1
CUST0003463,Customer_3463,50,Male,Northeast,2022-06-02,31,Electricity+Gas,Commercial,Single Family,0,1,4,Medium-Low,Own,0
CUST0003464,Customer_3464,63,Female,Gulf Coast,2018-07-02,78,Gas,Small Business,Townhouse,1,0,1,Low,Own,1
CUST0003465,Customer_3465,50,Female,Midwest,2008-04-01,201,Electricity+Gas,Residential,Single Family,1,1,5,Medium-Low,Own,1
CUST0003466,Customer_3466,27,Male,Southeast,2016-10-01,99,Water,Small Business,Single Family,1,1,4,Low,Own,1
CUST0003467,Customer_3467,41,Male,Northeast,2010-12-01,169,Gas,Residential,Mobile Home,1,1,1,Medium-High,Own,1
CUST0003468,Customer_3468,49,Female,Southwest,2024-04-02,9,Electricity+Water,Residential,Single Family,1,0,2,Medium-Low,Rent,0
CUST0003469,Customer_3469,41,Female,Southeast,2024-09-01,4,Electricity+Water,Residential,Apartment,0,1,4,Medium,Own,1
CUST0003470,Customer_3470,44,Female,Southwest,2020-12-31,48,Electricity,Commercial,Single Family,1,0,1,Medium,Own,1
CUST0003471,Customer_3471,46,Female,Southeast,2023-05-03,20,Electricity,Residential,Townhouse,0,1,4,Medium,Own,0
CUST0003472,Customer_3472,46,Female,Northeast,2016-04-01,105,Electricity,Commercial,Single Family,0,1,2,Medium-High,Rent,0
CUST0003473,Customer_3473,48,Other,Midwest,2019-07-02,66,Electricity,Commercial,Single Family,0,1,3,Low,Rent,0
CUST0003474,Customer_3474,32,Female,Southwest,2007-06-02,211,Electricity,Residential,Single Family,0,1,1,Low,Rent,1
CUST0003475,Customer_3475,37,Male,Midwest,2023-08-02,17,Gas,Commercial,Single Family,1,1,5,Low,Rent,1
CUST0003476,Customer_3476,28,Female,Midwest,2021-10-01,39,Electricity,Residential,Mobile Home,0,1,3,Low,Lease,0
CUST0003477,Customer_3477,62,Male,Southwest,2021-08-01,41,Electricity,Residential,Condo,1,0,6,Medium-Low,Own,0
CUST0003478,Customer_3478,18,Female,Midwest,2023-09-01,16,Electricity,Commercial,Condo,1,1,2,High,Rent,1
CUST0003479,Customer_3479,65,Female,Northeast,2020-08-01,53,Electricity,Residential,Single Family,1,1,2,Medium-Low,Own,0
CUST0003480,Customer_3480,68,Female,Southeast,2022-01-31,35,Gas,Residential,Single Family,1,1,3,Medium,Own,1
CUST0003481,Customer_3481,43,Female,Northeast,2022-01-31,35,Electricity,Residential,Apartment,1,0,3,Medium-High,Own,0
CUST0003482,Customer_3482,18,Male,West,2022-10-02,27,Electricity+Water,Residential,Mobile Home,0,0,2,High,Own,0
CUST0003483,Customer_3483,42,Male,Midwest,2024-12-01,1,Electricity,Small Business,Apartment,1,0,3,High,Own,0
CUST0003484,Customer_3484,47,Male,Midwest,2021-05-02,44,Electricity+Water,Residential,Single Family,0,1,3,Medium-High,Lease,0
CUST0003485,Customer_3485,32,Female,West,2023-01-01,24,Electricity,Residential,Condo,1,1,3,Medium,Own,1
CUST0003486,Customer_3486,40,Female,Southeast,2024-12-01,1,Electricity+Gas,Commercial,Single Family,1,1,3,Medium-Low,Rent,0
CUST0003487,Customer_3487,70,Female,Southwest,2023-03-03,22,Electricity,Commercial,Condo,1,1,1,Medium,Rent,0
CUST0003488,Customer_3488,57,Male,Northeast,2023-06-02,19,Water,Residential,Mobile Home,0,1,1,Medium-Low,Own,0
CUST0003489,Customer_3489,34,Female,West,2022-08-02,29,Electricity,Residential,Mobile Home,1,0,1,Low,Own,0
CUST0003490,Customer_3490,24,Female,West,2024-05-02,8,Electricity+Water,Residential,Single Family,0,0,5,High,Rent,1
CUST0003491,Customer_3491,43,Male,West,2021-07-02,42,Electricity,Commercial,Apartment,1,1,1,Medium,Own,1
CUST0003492,Customer_3492,44,Female,Gulf Coast,2019-03-03,70,Electricity,Residential,Apartment,1,1,2,Medium,Rent,0
CUST0003493,Customer_3493,55,Female,West,2020-02-01,59,Gas,Residential,Single Family,1,1,5,Medium,Own,0
CUST0003494,Customer_3494,39,Female,West,2016-12-01,97,Water,Commercial,Apartment,1,0,2,Medium,Own,1
CUST0003495,Customer_3495,55,Male,Southeast,2022-01-01,36,Electricity+Water,Residential,Apartment,0,1,2,Medium,Rent,1
CUST0003496,Customer_3496,77,Female,Southeast,2021-06-02,43,Gas,Residential,Single Family,1,0,1,High,Lease,0
CUST0003497,Customer_3497,60,Male,Gulf Coast,2016-10-01,99,Water,Residential,Single Family,1,0,3,Medium-High,Own,0
CUST0003498,Customer_3498,47,Other,Gulf Coast,2022-04-02,33,Electricity+Gas,Commercial,Single Family,1,0,3,Medium-Low,Rent,1
CUST0003499,Customer_3499,45,Male,Midwest,2019-01-01,72,Electricity+Gas,Residential,Mobile Home,1,1,2,Medium-Low,Own,0
CUST0003500,Customer_3500,42,Male,Southeast,2022-03-03,34,Electricity+Gas,Residential,Condo,0,1,1,Medium,Rent,1
CUST0003501,Customer_3501,65,Female,Gulf Coast,2022-05-02,32,Electricity,Commercial,Townhouse,1,1,2,Medium,Own,1
CUST0003502,Customer_3502,38,Male,Southeast,2017-12-01,85,Gas,Small Business,Single Family,1,1,3,Medium-High,Lease,1
CUST0003503,Customer_3503,48,Female,Northeast,2024-02-01,11,Water,Residential,Apartment,1,1,3,Medium-High,Own,1
CUST0003504,Customer_3504,48,Female,Southwest,2023-01-01,24,Gas,Residential,Single Family,0,0,1,Medium-High,Lease,0
CUST0003505,Customer_3505,40,Female,Northeast,2023-10-02,15,Electricity+Water,Residential,Townhouse,1,0,1,Medium-High,Rent,0
CUST0003506,Customer_3506,27,Other,Southeast,2022-11-01,26,Water,Residential,Apartment,0,1,1,Medium-High,Rent,0
CUST0003507,Customer_3507,52,Male,West,2023-10-02,15,Electricity+Water,Residential,Condo,0,0,3,Medium-Low,Rent,0
CUST0003508,Customer_3508,47,Female,Southeast,2020-10-01,51,Electricity,Residential,Single Family,1,1,2,Medium-High,Rent,0
CUST0003509,Customer_3509,55,Male,Gulf Coast,2016-12-31,96,Electricity,Residential,Single Family,1,0,3,Medium-Low,Rent,1
CUST0003510,Customer_3510,39,Male,Gulf Coast,2017-05-02,92,Electricity,Residential,Condo,1,0,3,High,Rent,0
CUST0003511,Customer_3511,66,Female,West,2022-10-02,27,Electricity+Water,Residential,Condo,1,1,2,Medium-High,Own,0
CUST0003512,Customer_3512,34,Male,Gulf Coast,2002-08-01,269,Electricity,Residential,Apartment,1,1,1,Low,Lease,1
CUST0003513,Customer_3513,73,Female,Midwest,2020-07-02,54,Gas,Commercial,Single Family,1,1,2,Medium-High,Own,0
CUST0003514,Customer_3514,21,Female,Southwest,2022-07-02,30,Electricity,Residential,Apartment,0,1,1,Medium,Rent,0
CUST0003515,Customer_3515,54,Female,West,2016-01-01,108,Electricity,Residential,Apartment,1,1,4,High,Rent,0
CUST0003516,Customer_3516,55,Other,Midwest,2018-07-02,78,Electricity,Residential,Condo,0,1,4,Medium,Rent,1
CUST0003517,Customer_3517,36,Male,Midwest,2018-01-31,83,Electricity,Small Business,Townhouse,1,1,3,Low,Rent,0
CUST0003518,Customer_3518,54,Female,Southwest,2023-12-02,13,Gas,Residential,Single Family,0,1,5,Medium-Low,Own,0
CUST0003519,Customer_3519,67,Female,Southwest,2021-12-01,37,Electricity+Water,Residential,Townhouse,1,1,1,Medium,Rent,1
CUST0003520,Customer_3520,18,Female,West,2015-03-03,118,Electricity+Gas,Residential,Single Family,1,1,1,Medium,Own,1
CUST0003521,Customer_3521,55,Male,Southwest,2021-07-02,42,Electricity+Gas,Residential,Single Family,1,1,2,Medium-Low,Own,0
CUST0003522,Customer_3522,18,Female,West,2019-04-02,69,Gas,Residential,Single Family,1,0,8,Medium,Rent,0
CUST0003523,Customer_3523,33,Male,West,2020-08-01,53,Water,Residential,Single Family,1,0,1,Medium,Rent,0
CUST0003524,Customer_3524,72,Male,Midwest,2015-11-01,110,Electricity+Water,Residential,Condo,0,1,5,Medium-High,Rent,1
CUST0003525,Customer_3525,39,Female,Northeast,2023-05-03,20,Electricity+Water,Small Business,Apartment,1,0,3,Medium-Low,Rent,0
CUST0003526,Customer_3526,30,Female,West,2020-10-01,51,Electricity,Residential,Apartment,0,1,3,Medium,Own,1
CUST0003527,Customer_3527,45,Female,Northeast,2024-06-01,7,Electricity+Water,Residential,Apartment,1,1,2,Medium-Low,Own,1
CUST0003528,Customer_3528,79,Female,Gulf Coast,2019-03-03,70,Electricity,Residential,Mobile Home,0,1,2,Medium,Own,1
CUST0003529,Customer_3529,20,Female,West,2018-07-02,78,Gas,Residential,Condo,1,0,2,Medium-High,Own,0
CUST0003530,Customer_3530,32,Male,West,2024-11-01,2,Electricity,Residential,Condo,0,1,3,Medium,Own,1
CUST0003531,Customer_3531,70,Male,Gulf Coast,2019-06-02,67,Electricity+Gas,Residential,Single Family,1,0,2,Medium,Rent,1
CUST0003532,Customer_3532,75,Male,Southwest,2022-05-02,32,Electricity+Gas,Residential,Single Family,0,1,5,Medium,Own,0
CUST0003533,Customer_3533,46,Female,Northeast,2024-06-01,7,Electricity,Commercial,Apartment,0,0,3,Medium-Low,Rent,0
CUST0003534,Customer_3534,29,Male,Southwest,2022-05-02,32,Water,Residential,Apartment,1,1,3,Low,Own,1
CUST0003535,Customer_3535,79,Male,Southeast,2024-01-01,12,Gas,Commercial,Single Family,0,1,2,Medium-Low,Rent,0
CUST0003536,Customer_3536,71,Female,Southeast,2022-05-02,32,Electricity,Small Business,Single Family,0,1,1,Medium,Own,0
CUST0003537,Customer_3537,58,Male,Midwest,2022-08-02,29,Gas,Residential,Apartment,1,1,2,Medium,Lease,1
CUST0003538,Customer_3538,35,Male,West,2018-05-02,80,Electricity+Gas,Residential,Townhouse,1,1,7,Medium-High,Own,1
CUST0003539,Customer_3539,47,Female,Midwest,2017-08-01,89,Electricity,Residential,Apartment,0,1,2,High,Rent,1
CUST0003540,Customer_3540,45,Male,Midwest,2020-05-02,56,Electricity,Residential,Townhouse,0,1,3,Medium-Low,Rent,0
CUST0003541,Customer_3541,52,Male,Southeast,2024-12-01,1,Electricity+Water,Small Business,Apartment,1,1,5,Low,Rent,1
CUST0003542,Customer_3542,69,Male,Midwest,2011-09-01,160,Electricity+Water,Residential,Single Family,1,1,3,Low,Own,0
CUST0003543,Customer_3543,61,Female,Southeast,2019-04-02,69,Electricity,Residential,Apartment,0,1,4,Low,Lease,0
CUST0003544,Customer_3544,31,Female,Southeast,2024-11-01,2,Electricity+Gas,Residential,Mobile Home,0,1,3,High,Rent,0
CUST0003545,Customer_3545,68,Male,West,2016-07-02,102,Gas,Small Business,Single Family,0,1,1,High,Rent,1
CUST0003546,Customer_3546,52,Female,Southeast,2023-12-02,13,Electricity+Gas,Residential,Apartment,1,1,2,Low,Own,0
CUST0003547,Customer_3547,58,Male,Northeast,2020-10-01,51,Gas,Commercial,Single Family,0,1,6,Medium-Low,Rent,1
CUST0003548,Customer_3548,69,Female,Southeast,2021-12-01,37,Electricity,Residential,Single Family,0,0,1,Medium,Rent,1
CUST0003549,Customer_3549,31,Male,Southwest,2022-05-02,32,Electricity,Residential,Apartment,1,0,3,Medium-Low,Own,0
CUST0003550,Customer_3550,47,Female,West,2013-12-31,132,Electricity,Commercial,Apartment,1,1,1,Medium,Rent,0
CUST0003551,Customer_3551,40,Female,Gulf Coast,2022-03-03,34,Gas,Residential,Apartment,0,1,1,Medium-High,Rent,1
CUST0003552,Customer_3552,24,Female,West,2024-09-01,4,Electricity+Water,Small Business,Single Family,1,1,4,Medium-High,Own,1
CUST0003553,Customer_3553,53,Male,Midwest,2010-06-01,175,Electricity+Water,Residential,Apartment,1,1,5,Medium-High,Own,0
CUST0003554,Customer_3554,85,Male,Southeast,2012-06-01,151,Electricity+Water,Commercial,Single Family,0,1,1,Low,Rent,1
CUST0003555,Customer_3555,20,Female,Northeast,2019-04-02,69,Electricity+Water,Commercial,Single Family,1,0,1,Medium-Low,Lease,0
CUST0003556,Customer_3556,47,Male,Southwest,2021-12-01,37,Electricity,Residential,Single Family,1,0,4,High,Lease,1
CUST0003557,Customer_3557,57,Female,Midwest,2024-08-01,5,Electricity+Gas,Residential,Condo,1,1,1,Medium-Low,Rent,1
CUST0003558,Customer_3558,49,Female,West,2017-04-02,93,Electricity,Residential,Single Family,1,1,3,Medium,Own,1
CUST0003559,Customer_3559,46,Female,Southeast,2024-09-01,4,Electricity+Water,Commercial,Single Family,0,0,3,Medium-Low,Own,1
CUST0003560,Customer_3560,28,Male,Southeast,2024-09-01,4,Water,Residential,Single Family,1,1,5,Medium-Low,Own,0
CUST0003561,Customer_3561,51,Female,Southeast,2021-03-02,46,Gas,Commercial,Apartment,1,1,1,Medium-Low,Own,0
CUST0003562,Customer_3562,36,Female,West,2024-03-02,10,Gas,Residential,Townhouse,1,1,2,Medium-Low,Own,1
CUST0003563,Customer_3563,18,Female,Northeast,2024-12-01,1,Electricity,Commercial,Townhouse,0,1,1,Medium-High,Own,1
CUST0003564,Customer_3564,65,Male,Southwest,2022-04-02,33,Electricity,Residential,Townhouse,1,1,5,Medium-Low,Own,0
CUST0003565,Customer_3565,62,Male,Northeast,2024-05-02,8,Electricity+Water,Residential,Single Family,0,0,3,Medium,Rent,0
CUST0003566,Customer_3566,48,Male,Midwest,2024-03-02,10,Electricity+Water,Residential,Condo,1,0,3,High,Own,0
CUST0003567,Customer_3567,51,Male,Northeast,2024-09-01,4,Electricity,Small Business,Apartment,1,0,1,High,Own,1
CUST0003568,Customer_3568,64,Female,Northeast,2023-12-02,13,Electricity,Residential,Single Family,1,1,1,Medium,Own,0
CUST0003569,Customer_3569,51,Female,Northeast,2018-10-01,75,Electricity,Commercial,Townhouse,1,0,4,Medium-Low,Own,1
CUST0003570,Customer_3570,61,Male,Southeast,2016-10-01,99,Electricity+Water,Commercial,Apartment,0,1,1,Medium-Low,Rent,0
CUST0003571,Customer_3571,43,Female,Southeast,2022-01-01,36,Electricity+Water,Small Business,Single Family,0,1,4,Medium-High,Own,0
CUST0003572,Customer_3572,67,Male,West,2021-07-02,42,Electricity+Gas,Residential,Mobile Home,1,0,3,High,Own,0
CUST0003573,Customer_3573,52,Male,Southeast,2024-12-01,1,Electricity+Gas,Residential,Apartment,0,1,2,Low,Rent,1
CUST0003574,Customer_3574,50,Male,Northeast,2024-09-01,4,Electricity+Gas,Residential,Apartment,0,0,2,Medium-High,Own,1
CUST0003575,Customer_3575,28,Male,Southwest,2023-08-02,17,Electricity,Small Business,Single Family,1,0,2,Low,Rent,0
CUST0003576,Customer_3576,52,Female,West,2021-01-31,47,Electricity+Water,Residential,Single Family,1,1,1,Medium-Low,Own,0
CUST0003577,Customer_3577,35,Male,Southeast,2018-05-02,80,Electricity+Gas,Residential,Mobile Home,1,1,4,Medium,Own,0
CUST0003578,Customer_3578,38,Female,Southwest,2020-06-01,55,Electricity,Residential,Townhouse,0,1,1,Medium-Low,Own,0
CUST0003579,Customer_3579,35,Male,West,2022-08-02,29,Gas,Small Business,Apartment,0,1,2,Medium,Own,1
CUST0003580,Customer_3580,32,Female,Southeast,2024-06-01,7,Electricity+Gas,Residential,Apartment,1,0,2,Medium,Own,0
CUST0003581,Customer_3581,79,Male,Midwest,2017-06-01,91,Gas,Small Business,Condo,1,1,2,Medium-Low,Own,0
CUST0003582,Customer_3582,67,Male,Northeast,2022-10-02,27,Electricity+Gas,Residential,Apartment,1,1,2,Medium,Own,1
CUST0003583,Customer_3583,76,Male,Northeast,2018-06-02,79,Electricity+Water,Residential,Single Family,1,1,3,Low,Rent,0
CUST0003584,Customer_3584,29,Male,Gulf Coast,2021-06-02,43,Water,Commercial,Townhouse,0,1,4,Medium-High,Own,1
CUST0003585,Customer_3585,49,Male,Southeast,2018-05-02,80,Electricity+Gas,Residential,Apartment,0,1,2,Medium,Own,1
CUST0003586,Customer_3586,28,Female,Southeast,2013-03-02,142,Electricity+Gas,Commercial,Mobile Home,0,1,3,High,Lease,0
CUST0003587,Customer_3587,37,Female,Gulf Coast,2012-05-02,152,Electricity,Residential,Townhouse,0,0,4,Low,Own,0
CUST0003588,Customer_3588,34,Female,West,2021-04-02,45,Gas,Residential,Single Family,1,0,2,Medium-High,Own,1
CUST0003589,Customer_3589,66,Female,Southwest,2021-07-02,42,Electricity,Residential,Single Family,0,0,1,Medium-Low,Rent,1
CUST0003590,Customer_3590,42,Male,West,2023-07-03,18,Electricity+Water,Commercial,Apartment,0,1,1,Medium-Low,Own,0
CUST0003591,Customer_3591,64,Male,West,2011-05-02,164,Electricity+Water,Commercial,Townhouse,1,1,1,Medium-Low,Rent,0
CUST0003592,Customer_3592,57,Other,West,2022-01-01,36,Electricity,Residential,Single Family,1,1,4,Medium-Low,Own,0
CUST0003593,Customer_3593,82,Female,Northeast,2024-05-02,8,Water,Residential,Apartment,0,0,1,Medium,Own,1
CUST0003594,Customer_3594,25,Female,Midwest,2022-03-03,34,Electricity+Gas,Small Business,Condo,0,1,3,Low,Own,1
CUST0003595,Customer_3595,66,Female,Southeast,2024-05-02,8,Electricity+Water,Commercial,Single Family,1,1,2,Medium-High,Rent,0
CUST0003596,Customer_3596,65,Male,Northeast,2021-08-01,41,Gas,Small Business,Townhouse,1,1,4,Medium-High,Own,0
CUST0003597,Customer_3597,33,Male,Midwest,2020-12-01,49,Electricity+Gas,Commercial,Single Family,1,1,3,Low,Own,0
CUST0003598,Customer_3598,63,Male,Southwest,2023-01-01,24,Electricity+Gas,Residential,Single Family,0,1,2,Medium-High,Lease,1
CUST0003599,Customer_3599,53,Male,Northeast,2024-09-01,4,Electricity,Residential,Single Family,1,1,4,Low,Own,1
CUST0003600,Customer_3600,44,Male,Southeast,2010-09-01,172,Electricity,Small Business,Apartment,1,1,2,Medium-High,Rent,1
CUST0003601,Customer_3601,35,Male,Southwest,2017-08-01,89,Electricity,Residential,Mobile Home,0,0,2,Medium,Rent,0
CUST0003602,Customer_3602,37,Female,Southwest,2015-12-02,109,Electricity,Small Business,Townhouse,1,1,4,Medium-Low,Own,1
CUST0003603,Customer_3603,78,Female,Gulf Coast,2022-10-02,27,Electricity,Commercial,Single Family,1,1,2,Medium,Rent,0
CUST0003604,Customer_3604,48,Female,West,2017-12-01,85,Electricity+Gas,Commercial,Single Family,0,0,3,Medium,Lease,0
CUST0003605,Customer_3605,59,Female,Gulf Coast,2021-10-01,39,Electricity+Gas,Residential,Apartment,0,0,7,Medium,Rent,0
CUST0003606,Customer_3606,36,Male,Southwest,2023-12-02,13,Electricity+Water,Residential,Single Family,1,1,1,Medium,Own,1
CUST0003607,Customer_3607,36,Male,West,2024-06-01,7,Electricity,Residential,Townhouse,0,0,2,Medium-High,Own,0
CUST0003608,Customer_3608,64,Female,Gulf Coast,2022-12-01,25,Electricity+Water,Residential,Single Family,0,1,1,Low,Own,0
CUST0003609,Customer_3609,27,Male,West,2024-05-02,8,Electricity+Gas,Commercial,Single Family,1,1,1,Medium-Low,Rent,0
CUST0003610,Customer_3610,41,Male,West,1994-12-31,360,Gas,Residential,Single Family,1,0,2,Medium,Own,0
CUST0003611,Customer_3611,48,Male,Midwest,2024-10-01,3,Electricity+Gas,Small Business,Townhouse,1,1,2,Medium,Own,1
CUST0003612,Customer_3612,49,Male,Southeast,2022-03-03,34,Electricity+Gas,Residential,Single Family,0,1,3,Medium-Low,Own,0
CUST0003613,Customer_3613,45,Female,Gulf Coast,2022-01-01,36,Electricity,Residential,Single Family,1,0,1,Low,Own,0
CUST0003614,Customer_3614,53,Male,West,2023-04-02,21,Water,Residential,Apartment,1,0,1,Low,Rent,1
CUST0003615,Customer_3615,58,Female,West,2020-10-31,50,Electricity+Gas,Residential,Apartment,0,1,7,Medium,Rent,0
CUST0003616,Customer_3616,59,Female,Northeast,2024-04-02,9,Electricity+Water,Residential,Mobile Home,0,1,5,Medium-Low,Own,0
CUST0003617,Customer_3617,33,Male,Southeast,2017-06-01,91,Electricity+Water,Small Business,Single Family,0,0,4,Medium,Own,0
CUST0003618,Customer_3618,43,Male,Midwest,2023-01-01,24,Electricity+Gas,Small Business,Single Family,0,1,4,Medium,Rent,1
CUST0003619,Customer_3619,65,Male,West,2020-08-01,53,Electricity+Gas,Residential,Apartment,1,1,1,Medium-Low,Rent,0
CUST0003620,Customer_3620,61,Male,Gulf Coast,2018-10-01,75,Electricity+Water,Residential,Single Family,0,1,3,Medium-High,Rent,0
CUST0003621,Customer_3621,27,Female,Southeast,2014-01-31,131,Electricity+Water,Small Business,Apartment,0,1,5,Medium,Own,0
CUST0003622,Customer_3622,53,Female,West,2016-01-01,108,Water,Small Business,Single Family,1,1,1,Medium,Own,0
CUST0003623,Customer_3623,18,Female,Northeast,2020-05-02,56,Water,Residential,Condo,1,1,3,Medium-Low,Own,1
CUST0003624,Customer_3624,48,Male,Midwest,2022-08-02,29,Electricity,Residential,Single Family,0,1,3,Medium-High,Rent,0
CUST0003625,Customer_3625,76,Female,Midwest,2021-08-01,41,Water,Residential,Townhouse,1,1,1,Medium-Low,Own,1
CUST0003626,Customer_3626,33,Female,West,2017-10-01,87,Electricity,Residential,Mobile Home,0,1,1,Medium,Lease,0
CUST0003627,Customer_3627,35,Female,Gulf Coast,2014-07-02,126,Electricity+Gas,Residential,Mobile Home,0,1,2,Low,Own,0
CUST0003628,Customer_3628,59,Female,Southeast,2024-07-02,6,Gas,Residential,Apartment,0,0,2,Low,Own,0
CUST0003629,Customer_3629,24,Female,Midwest,2022-08-02,29,Electricity,Commercial,Mobile Home,0,1,1,Low,Own,0
CUST0003630,Customer_3630,38,Female,Southwest,2017-08-01,89,Electricity,Residential,Townhouse,0,0,1,Medium,Own,1
CUST0003631,Customer_3631,56,Female,Southeast,2022-04-02,33,Electricity+Water,Small Business,Single Family,1,1,2,Medium,Rent,1
CUST0003632,Customer_3632,38,Male,Gulf Coast,2023-01-01,24,Water,Residential,Condo,0,0,4,Medium-Low,Own,0
CUST0003633,Customer_3633,44,Female,Gulf Coast,2022-06-02,31,Electricity+Gas,Commercial,Apartment,0,1,2,Low,Own,0
CUST0003634,Customer_3634,59,Male,Southeast,2020-06-01,55,Electricity+Gas,Small Business,Single Family,1,1,4,Medium-High,Own,1
CUST0003635,Customer_3635,54,Male,Midwest,1994-12-31,360,Electricity+Water,Commercial,Townhouse,0,1,1,Medium-Low,Own,1
CUST0003636,Customer_3636,52,Other,Southeast,2021-09-01,40,Gas,Residential,Apartment,0,1,3,Medium-High,Own,0
CUST0003637,Customer_3637,42,Female,Midwest,2023-11-01,14,Electricity+Gas,Small Business,Condo,0,0,1,Low,Own,0
CUST0003638,Customer_3638,53,Male,West,2024-03-02,10,Electricity+Gas,Residential,Condo,1,0,5,Medium-Low,Own,1
CUST0003639,Customer_3639,46,Male,Northeast,2024-11-01,2,Electricity+Water,Residential,Single Family,0,0,2,Medium,Own,1
CUST0003640,Customer_3640,54,Male,Gulf Coast,2020-12-01,49,Gas,Commercial,Single Family,1,0,1,Medium-High,Lease,0
CUST0003641,Customer_3641,40,Female,Southwest,2021-01-31,47,Electricity+Water,Small Business,Townhouse,0,1,2,Medium-High,Own,0
CUST0003642,Customer_3642,45,Female,Gulf Coast,2023-12-02,13,Electricity,Residential,Apartment,1,1,2,Medium,Rent,0
CUST0003643,Customer_3643,33,Female,Northeast,2019-01-31,71,Electricity,Commercial,Single Family,1,0,2,Medium-High,Rent,0
CUST0003644,Customer_3644,47,Female,West,2018-04-02,81,Electricity,Residential,Single Family,1,0,1,Medium,Rent,0
CUST0003645,Customer_3645,35,Male,West,2023-08-02,17,Gas,Residential,Single Family,0,0,4,Medium-High,Own,0
CUST0003646,Customer_3646,31,Female,Northeast,2022-12-01,25,Electricity+Gas,Residential,Apartment,1,0,3,Medium-High,Own,0
CUST0003647,Customer_3647,51,Male,Southeast,2001-10-01,279,Electricity+Gas,Residential,Single Family,1,0,1,High,Own,0
CUST0003648,Customer_3648,51,Female,Gulf Coast,2022-09-01,28,Gas,Residential,Single Family,0,0,2,Low,Own,0
CUST0003649,Customer_3649,59,Female,Midwest,2017-12-01,85,Electricity+Gas,Residential,Apartment,1,1,3,Medium-Low,Own,0
CUST0003650,Customer_3650,41,Female,Midwest,2022-01-01,36,Water,Commercial,Single Family,1,1,3,Medium-Low,Own,1
CUST0003651,Customer_3651,54,Male,Gulf Coast,2017-03-02,94,Water,Commercial,Single Family,0,0,1,Medium,Rent,0
CUST0003652,Customer_3652,56,Male,Northeast,2017-10-01,87,Electricity+Gas,Residential,Condo,1,1,2,Medium,Own,0
CUST0003653,Customer_3653,54,Male,Midwest,2019-07-02,66,Electricity+Water,Residential,Townhouse,1,1,4,Medium-Low,Rent,1
CUST0003654,Customer_3654,35,Female,Southwest,2015-06-02,115,Electricity+Gas,Residential,Single Family,1,1,1,Medium,Own,0
CUST0003655,Customer_3655,50,Male,Southwest,2011-01-01,168,Electricity,Commercial,Condo,0,1,1,Medium,Rent,1
CUST0003656,Customer_3656,53,Male,Southeast,2020-09-01,52,Electricity,Commercial,Single Family,0,0,1,Medium,Rent,0
CUST0003657,Customer_3657,48,Male,Southwest,2023-09-01,16,Electricity,Residential,Apartment,1,1,4,Low,Own,0
CUST0003658,Customer_3658,18,Female,West,2022-07-02,30,Electricity+Gas,Small Business,Single Family,1,0,1,High,Lease,0
CUST0003659,Customer_3659,50,Male,Southwest,2017-12-01,85,Electricity+Water,Small Business,Townhouse,0,1,1,Low,Own,0
CUST0003660,Customer_3660,81,Female,West,2019-10-02,63,Water,Residential,Single Family,1,0,4,High,Lease,0
CUST0003661,Customer_3661,42,Female,Southeast,2024-02-01,11,Electricity,Residential,Single Family,1,1,1,Medium-Low,Own,0
CUST0003662,Customer_3662,37,Female,West,2024-10-01,3,Electricity+Gas,Residential,Apartment,0,1,1,Medium-Low,Rent,1
CUST0003663,Customer_3663,53,Male,Midwest,2019-05-03,68,Electricity+Gas,Residential,Townhouse,0,1,3,Medium,Own,0
CUST0003664,Customer_3664,52,Male,Gulf Coast,2023-08-02,17,Electricity+Water,Residential,Apartment,1,1,2,Medium,Own,0
CUST0003665,Customer_3665,65,Male,Northeast,2021-08-01,41,Electricity,Residential,Townhouse,1,1,3,Medium-Low,Own,1
CUST0003666,Customer_3666,29,Male,Southeast,2018-03-02,82,Gas,Residential,Apartment,1,1,2,Medium-Low,Own,1
CUST0003667,Customer_3667,58,Male,Southeast,2020-12-01,49,Electricity+Water,Residential,Townhouse,0,1,1,High,Own,1
CUST0003668,Customer_3668,56,Female,Southwest,2024-08-01,5,Electricity+Water,Residential,Apartment,1,1,2,Medium-High,Rent,0
CUST0003669,Customer_3669,45,Male,Southeast,2024-01-01,12,Electricity,Commercial,Single Family,1,1,3,Medium-Low,Rent,0
CUST0003670,Customer_3670,53,Female,West,2023-11-01,14,Electricity,Commercial,Condo,1,1,3,Medium,Own,0
CUST0003671,Customer_3671,63,Male,Gulf Coast,2023-08-02,17,Electricity+Gas,Small Business,Condo,1,1,4,Medium-Low,Own,0
CUST0003672,Customer_3672,61,Female,Southeast,2020-10-31,50,Electricity+Water,Small Business,Mobile Home,0,1,2,Medium,Own,1
CUST0003673,Customer_3673,30,Female,Northeast,2021-07-02,42,Electricity,Residential,Apartment,0,1,3,Medium-Low,Rent,0
CUST0003674,Customer_3674,60,Female,Gulf Coast,2023-12-02,13,Electricity+Water,Residential,Townhouse,0,0,3,Medium-Low,Own,1
CUST0003675,Customer_3675,47,Female,Southeast,2024-09-01,4,Electricity,Residential,Condo,0,1,4,Medium,Rent,1
CUST0003676,Customer_3676,49,Female,Midwest,2024-02-01,11,Electricity+Gas,Residential,Single Family,0,1,2,Medium-Low,Rent,1
CUST0003677,Customer_3677,49,Female,Southeast,2004-04-01,249,Electricity+Gas,Residential,Condo,1,0,1,Medium,Rent,0
CUST0003678,Customer_3678,45,Male,Midwest,2021-12-01,37,Electricity,Residential,Single Family,0,0,3,High,Rent,0
CUST0003679,Customer_3679,65,Female,Southeast,2014-12-01,121,Gas,Small Business,Single Family,0,0,1,Medium-High,Lease,1
CUST0003680,Customer_3680,46,Male,Southwest,2015-08-02,113,Gas,Residential,Single Family,1,1,1,Medium-Low,Lease,1
CUST0003681,Customer_3681,31,Male,Midwest,2021-07-02,42,Water,Residential,Apartment,1,0,1,Medium-Low,Rent,1
CUST0003682,Customer_3682,42,Male,West,2018-12-01,73,Electricity,Commercial,Single Family,0,1,1,Medium,Own,0
CUST0003683,Customer_3683,50,Male,Southeast,2024-01-01,12,Electricity+Gas,Residential,Single Family,0,1,4,Medium-High,Own,1
CUST0003684,Customer_3684,66,Male,Midwest,2019-04-02,69,Electricity+Gas,Residential,Apartment,1,1,3,Medium-High,Own,0
CUST0003685,Customer_3685,57,Male,Southeast,2023-06-02,19,Electricity+Gas,Residential,Apartment,0,1,1,Medium,Own,0
CUST0003686,Customer_3686,35,Male,Gulf Coast,2016-01-31,107,Electricity+Water,Residential,Condo,1,1,3,Medium,Rent,1
CUST0003687,Customer_3687,85,Female,Midwest,2024-08-01,5,Electricity+Gas,Residential,Single Family,1,0,1,Medium-High,Lease,1
CUST0003688,Customer_3688,51,Male,Northeast,2017-08-01,89,Electricity+Gas,Residential,Single Family,1,0,2,Medium-Low,Own,1
CUST0003689,Customer_3689,67,Female,Southeast,2024-07-02,6,Electricity+Gas,Residential,Single Family,1,1,1,Medium-High,Own,1
CUST0003690,Customer_3690,45,Male,Northeast,2014-06-02,127,Electricity+Gas,Commercial,Apartment,1,1,1,Low,Own,0
CUST0003691,Customer_3691,56,Female,Northeast,2023-04-02,21,Electricity,Small Business,Single Family,1,1,4,Medium,Rent,1
CUST0003692,Customer_3692,60,Female,Midwest,2019-10-02,63,Electricity+Water,Residential,Single Family,1,0,2,Medium,Own,0
CUST0003693,Customer_3693,66,Female,Southeast,2021-09-01,40,Electricity,Residential,Apartment,1,1,2,Medium-Low,Own,1
CUST0003694,Customer_3694,63,Female,Gulf Coast,2022-10-02,27,Electricity+Gas,Small Business,Condo,1,0,6,Low,Own,1
CUST0003695,Customer_3695,61,Male,Northeast,2019-11-01,62,Electricity+Gas,Small Business,Single Family,0,1,4,Medium-High,Rent,1
CUST0003696,Customer_3696,43,Other,West,2010-05-02,176,Electricity,Residential,Apartment,0,0,2,Low,Own,1
CUST0003697,Customer_3697,39,Female,Southeast,2024-11-01,2,Electricity,Residential,Single Family,0,0,2,Medium-Low,Rent,1
CUST0003698,Customer_3698,52,Female,Southeast,2012-07-01,150,Electricity,Residential,Single Family,0,1,2,Medium,Own,1
CUST0003699,Customer_3699,61,Female,Gulf Coast,2020-05-02,56,Electricity,Residential,Single Family,1,1,5,High,Rent,1
CUST0003700,Customer_3700,44,Male,West,2016-10-31,98,Electricity+Water,Residential,Apartment,0,0,3,Low,Own,0
CUST0003701,Customer_3701,63,Female,Southwest,2022-08-02,29,Electricity+Water,Commercial,Apartment,0,0,1,Medium,Rent,0
CUST0003702,Customer_3702,69,Male,West,2021-11-01,38,Electricity,Small Business,Condo,0,1,3,Medium-Low,Rent,0
CUST0003703,Customer_3703,34,Female,Gulf Coast,2014-12-01,121,Electricity,Small Business,Condo,1,1,1,Medium,Own,0
CUST0003704,Customer_3704,35,Male,Southwest,2022-05-02,32,Electricity+Water,Residential,Apartment,1,1,3,High,Own,0
CUST0003705,Customer_3705,45,Female,Northeast,2021-04-02,45,Electricity,Residential,Single Family,1,0,3,Medium-Low,Own,0
CUST0003706,Customer_3706,52,Male,Northeast,2024-12-01,1,Electricity+Water,Residential,Condo,1,1,1,High,Own,0
CUST0003707,Customer_3707,40,Male,Southwest,2024-03-02,10,Electricity,Residential,Townhouse,1,1,1,Medium-High,Rent,1
CUST0003708,Customer_3708,68,Female,Southwest,2019-12-02,61,Electricity+Gas,Residential,Townhouse,1,1,2,Medium,Lease,0
CUST0003709,Customer_3709,54,Female,West,2018-10-01,75,Gas,Residential,Single Family,0,0,4,Medium-High,Rent,0
CUST0003710,Customer_3710,48,Female,Northeast,2020-09-01,52,Electricity,Residential,Townhouse,1,1,2,Medium-High,Own,0
CUST0003711,Customer_3711,26,Male,Gulf Coast,2024-04-02,9,Electricity,Commercial,Condo,1,1,4,Medium-High,Rent,1
CUST0003712,Customer_3712,28,Male,Southwest,2022-01-31,35,Electricity+Gas,Residential,Apartment,1,1,2,Medium-Low,Rent,0
CUST0003713,Customer_3713,52,Female,Southwest,2022-11-01,26,Electricity,Residential,Townhouse,1,0,1,Medium-High,Lease,1
CUST0003714,Customer_3714,18,Other,Northeast,2021-08-01,41,Electricity+Gas,Small Business,Townhouse,1,1,2,Medium-Low,Own,0
CUST0003715,Customer_3715,63,Female,Gulf Coast,2014-11-01,122,Electricity,Small Business,Apartment,1,1,3,Medium-High,Own,0
CUST0003716,Customer_3716,45,Male,Southwest,2017-08-01,89,Gas,Residential,Condo,1,1,4,Medium-Low,Own,0
CUST0003717,Customer_3717,90,Female,Southwest,2024-08-01,5,Electricity+Gas,Residential,Townhouse,1,1,1,Medium,Own,1
CUST0003718,Customer_3718,82,Male,Gulf Coast,2013-12-31,132,Gas,Small Business,Condo,0,1,1,Medium,Own,0
CUST0003719,Customer_3719,45,Female,Gulf Coast,2021-11-01,38,Electricity,Residential,Mobile Home,0,0,1,Medium,Own,0
CUST0003720,Customer_3720,46,Male,Southeast,2018-04-02,81,Gas,Small Business,Apartment,1,1,2,Medium-High,Own,0
CUST0003721,Customer_3721,62,Male,Gulf Coast,2024-04-02,9,Electricity+Gas,Residential,Single Family,1,1,1,High,Own,1
CUST0003722,Customer_3722,73,Female,West,2019-07-02,66,Electricity+Water,Residential,Single Family,0,0,1,Medium-Low,Own,1
CUST0003723,Customer_3723,23,Female,Northeast,2023-09-01,16,Water,Residential,Mobile Home,1,1,5,Low,Rent,1
CUST0003724,Customer_3724,21,Male,Southeast,2022-03-03,34,Electricity,Small Business,Single Family,1,0,2,Medium,Own,1
CUST0003725,Customer_3725,38,Male,Midwest,2024-12-01,1,Electricity,Commercial,Single Family,1,1,2,Medium,Rent,0
CUST0003726,Customer_3726,56,Male,Southwest,2024-04-02,9,Electricity,Residential,Apartment,1,0,1,Medium-Low,Own,1
CUST0003727,Customer_3727,55,Female,West,2024-08-01,5,Electricity,Residential,Single Family,0,1,6,Medium-High,Own,1
CUST0003728,Customer_3728,64,Male,Southeast,2023-09-01,16,Electricity,Residential,Apartment,1,1,1,Medium-High,Lease,1
CUST0003729,Customer_3729,30,Male,West,2024-07-02,6,Electricity,Commercial,Townhouse,1,0,2,Medium-Low,Rent,0
CUST0003730,Customer_3730,18,Female,West,2019-03-03,70,Electricity,Small Business,Single Family,1,1,2,Medium,Rent,0
CUST0003731,Customer_3731,60,Female,Southwest,2024-12-01,1,Electricity,Residential,Townhouse,1,1,1,Medium,Rent,0
CUST0003732,Customer_3732,35,Female,Gulf Coast,2020-04-01,57,Electricity,Commercial,Townhouse,0,1,3,Medium-Low,Own,0
CUST0003733,Customer_3733,18,Female,West,2024-04-02,9,Electricity,Residential,Apartment,0,0,4,High,Rent,1
CUST0003734,Customer_3734,50,Female,Southeast,2010-07-02,174,Electricity,Residential,Single Family,0,0,5,Medium-Low,Own,1
CUST0003735,Customer_3735,59,Female,West,2011-07-02,162,Electricity+Gas,Residential,Condo,0,1,6,Medium,Rent,1
CUST0003736,Customer_3736,46,Female,Gulf Coast,2023-10-02,15,Electricity,Residential,Apartment,1,1,6,Medium-Low,Rent,1
CUST0003737,Customer_3737,41,Female,Northeast,2020-04-01,57,Electricity,Small Business,Single Family,1,0,3,Low,Rent,1
CUST0003738,Customer_3738,45,Male,Gulf Coast,2024-12-01,1,Electricity,Residential,Apartment,0,0,4,Low,Rent,1
CUST0003739,Customer_3739,42,Other,Northeast,2011-08-02,161,Gas,Commercial,Mobile Home,1,1,3,Medium-Low,Rent,1
CUST0003740,Customer_3740,27,Male,Midwest,2021-05-02,44,Water,Small Business,Apartment,0,0,1,Medium-High,Own,0
CUST0003741,Customer_3741,37,Male,West,2024-11-01,2,Electricity,Small Business,Townhouse,1,0,1,Medium,Own,1
CUST0003742,Customer_3742,55,Male,West,2022-12-01,25,Electricity+Gas,Residential,Apartment,0,0,3,Medium,Rent,1
CUST0003743,Customer_3743,52,Male,West,2024-09-01,4,Electricity+Gas,Commercial,Single Family,1,1,6,High,Own,0
CUST0003744,Customer_3744,50,Other,Midwest,2022-08-02,29,Electricity+Gas,Residential,Single Family,0,0,5,Low,Own,0
CUST0003745,Customer_3745,33,Female,Southwest,2019-07-02,66,Electricity+Water,Commercial,Single Family,0,1,2,Medium-High,Own,1
CUST0003746,Customer_3746,45,Female,West,2021-11-01,38,Electricity+Water,Residential,Single Family,1,0,1,Medium-Low,Own,0
CUST0003747,Customer_3747,18,Female,Midwest,2022-08-02,29,Electricity,Commercial,Apartment,1,1,6,Medium-Low,Rent,1
CUST0003748,Customer_3748,50,Female,Southwest,2024-06-01,7,Gas,Small Business,Single Family,0,1,1,Medium,Lease,0
CUST0003749,Customer_3749,69,Male,West,2023-09-01,16,Electricity+Gas,Commercial,Condo,0,1,4,Medium-High,Own,0
CUST0003750,Customer_3750,25,Female,Southeast,2024-07-02,6,Electricity+Water,Residential,Mobile Home,0,1,2,Medium-Low,Rent,0
CUST0003751,Customer_3751,39,Female,Midwest,2016-10-31,98,Water,Residential,Apartment,1,1,3,Medium-High,Own,0
CUST0003752,Customer_3752,52,Male,Northeast,2024-05-02,8,Electricity,Residential,Apartment,1,1,5,Low,Rent,1
CUST0003753,Customer_3753,66,Female,West,2020-07-02,54,Electricity,Residential,Single Family,1,1,2,Medium,Rent,0
CUST0003754,Customer_3754,41,Male,Southeast,2022-12-01,25,Water,Residential,Apartment,0,0,1,Medium,Rent,0
CUST0003755,Customer_3755,37,Male,Midwest,2023-10-02,15,Gas,Commercial,Apartment,1,0,1,Medium,Own,0
CUST0003756,Customer_3756,18,Male,Southeast,2019-12-02,61,Electricity+Gas,Small Business,Single Family,0,0,6,High,Own,0
CUST0003757,Customer_3757,49,Male,Northeast,2022-01-01,36,Electricity+Gas,Residential,Single Family,1,1,3,High,Lease,0
CUST0003758,Customer_3758,78,Female,Midwest,2022-07-02,30,Electricity,Commercial,Apartment,1,1,2,Medium-Low,Own,0
CUST0003759,Customer_3759,52,Female,Midwest,2020-08-01,53,Electricity+Water,Small Business,Apartment,1,0,2,Medium,Own,0
CUST0003760,Customer_3760,47,Male,Midwest,2021-09-01,40,Electricity+Water,Commercial,Townhouse,1,1,1,Medium-High,Own,0
CUST0003761,Customer_3761,52,Female,Southeast,2023-04-02,21,Gas,Commercial,Mobile Home,0,1,3,Medium-High,Rent,1
CUST0003762,Customer_3762,47,Female,Gulf Coast,2020-12-01,49,Electricity+Gas,Small Business,Townhouse,0,1,6,Medium,Rent,1
CUST0003763,Customer_3763,35,Male,Northeast,2019-07-02,66,Electricity+Gas,Residential,Single Family,0,0,3,Medium-Low,Rent,0
CUST0003764,Customer_3764,60,Male,Gulf Coast,2024-12-01,1,Electricity,Commercial,Townhouse,1,0,2,Medium-High,Rent,1
CUST0003765,Customer_3765,51,Other,West,2021-12-01,37,Electricity,Residential,Apartment,1,0,3,Medium-Low,Rent,1
CUST0003766,Customer_3766,48,Female,Northeast,2024-10-01,3,Electricity,Small Business,Townhouse,0,1,1,Medium,Own,1
CUST0003767,Customer_3767,33,Other,Midwest,2024-01-01,12,Electricity+Water,Small Business,Condo,0,0,3,Low,Own,0
CUST0003768,Customer_3768,67,Male,Gulf Coast,2020-12-01,49,Electricity,Residential,Single Family,1,1,2,Medium,Own,1
CUST0003769,Customer_3769,57,Female,Southwest,2015-01-01,120,Electricity,Residential,Single Family,0,1,1,Medium-Low,Own,0
CUST0003770,Customer_3770,39,Male,Northeast,2014-05-02,128,Gas,Residential,Apartment,0,1,4,Medium,Own,1
CUST0003771,Customer_3771,63,Male,Midwest,2024-09-01,4,Electricity,Residential,Single Family,0,1,4,Medium,Rent,1
CUST0003772,Customer_3772,40,Female,Midwest,2022-05-02,32,Electricity,Residential,Townhouse,0,1,6,Medium-High,Rent,0
CUST0003773,Customer_3773,36,Male,West,2020-09-01,52,Gas,Commercial,Townhouse,0,1,2,Medium-Low,Rent,0
CUST0003774,Customer_3774,36,Male,Gulf Coast,2024-04-02,9,Electricity+Gas,Residential,Single Family,1,1,3,Medium-Low,Own,1
CUST0003775,Customer_3775,21,Male,Northeast,2017-10-01,87,Electricity+Gas,Commercial,Apartment,0,1,1,Medium-High,Rent,1
CUST0003776,Customer_3776,55,Male,Southeast,2018-04-02,81,Electricity+Gas,Residential,Apartment,1,1,3,Medium-Low,Own,0
CUST0003777,Customer_3777,20,Female,Southeast,2013-05-02,140,Electricity+Gas,Residential,Single Family,1,1,7,Medium,Rent,1
CUST0003778,Customer_3778,29,Female,Gulf Coast,2024-12-01,1,Gas,Small Business,Townhouse,1,1,3,High,Lease,1
CUST0003779,Customer_3779,18,Male,Southwest,2023-11-01,14,Electricity+Gas,Residential,Apartment,0,1,4,Medium,Rent,1
CUST0003780,Customer_3780,46,Male,Gulf Coast,2016-04-01,105,Electricity,Residential,Apartment,0,1,6,Medium-Low,Own,0
CUST0003781,Customer_3781,45,Male,Midwest,2019-07-02,66,Gas,Residential,Townhouse,0,1,3,Medium,Own,1
CUST0003782,Customer_3782,43,Female,West,2013-11-01,134,Gas,Residential,Townhouse,1,1,2,Medium,Rent,0
CUST0003783,Customer_3783,32,Male,Southeast,2024-10-01,3,Electricity,Residential,Single Family,0,1,2,Medium-High,Own,1
CUST0003784,Customer_3784,30,Female,Gulf Coast,2020-07-02,54,Electricity,Residential,Townhouse,1,0,1,Medium-Low,Own,0
CUST0003785,Customer_3785,54,Male,Midwest,2020-10-31,50,Electricity,Residential,Apartment,1,1,1,Medium-Low,Own,0
CUST0003786,Customer_3786,39,Male,West,2024-11-01,2,Electricity+Gas,Residential,Townhouse,1,0,3,Low,Rent,1
CUST0003787,Customer_3787,52,Female,Southeast,2021-06-02,43,Electricity+Gas,Small Business,Single Family,0,1,1,Medium-High,Own,0
CUST0003788,Customer_3788,34,Female,West,2020-05-02,56,Electricity,Residential,Single Family,0,1,3,Medium-High,Own,1
CUST0003789,Customer_3789,50,Male,Midwest,2024-01-01,12,Electricity+Water,Commercial,Condo,1,0,2,Medium,Own,0
CUST0003790,Customer_3790,67,Female,Northeast,2023-06-02,19,Electricity+Gas,Residential,Single Family,0,0,1,Medium,Own,0
CUST0003791,Customer_3791,56,Female,Midwest,2019-12-02,61,Electricity+Water,Commercial,Apartment,0,0,5,Medium-High,Own,1
CUST0003792,Customer_3792,41,Female,Southwest,2021-12-01,37,Electricity+Gas,Residential,Apartment,0,1,3,Medium-Low,Rent,1
CUST0003793,Customer_3793,51,Female,Northeast,2015-04-02,117,Electricity,Residential,Apartment,1,0,3,Medium,Rent,0
CUST0003794,Customer_3794,44,Female,Southeast,2022-12-01,25,Electricity+Water,Residential,Single Family,1,1,5,High,Lease,0
CUST0003795,Customer_3795,48,Other,Midwest,2023-07-03,18,Electricity+Water,Residential,Single Family,0,1,1,Medium,Own,0
CUST0003796,Customer_3796,43,Male,Southeast,2004-01-31,251,Gas,Commercial,Single Family,1,1,6,Low,Own,1
CUST0003797,Customer_3797,45,Female,Midwest,2012-12-01,145,Electricity,Residential,Apartment,1,0,3,Medium-Low,Own,0
CUST0003798,Customer_3798,51,Male,Midwest,2024-12-01,1,Electricity,Residential,Condo,1,1,1,Medium,Own,0
CUST0003799,Customer_3799,33,Male,Northeast,2017-09-01,88,Water,Small Business,Single Family,0,0,4,Low,Own,0
CUST0003800,Customer_3800,32,Male,Southeast,2024-06-01,7,Electricity,Residential,Townhouse,1,1,3,Medium,Own,1
CUST0003801,Customer_3801,27,Male,West,2024-12-01,1,Electricity+Gas,Residential,Single Family,0,1,2,Medium,Rent,1
CUST0003802,Customer_3802,23,Female,Northeast,2023-06-02,19,Electricity+Gas,Residential,Condo,0,0,1,Medium-High,Own,0
CUST0003803,Customer_3803,29,Female,Southwest,2023-07-03,18,Electricity,Residential,Apartment,1,0,4,Medium,Own,0
CUST0003804,Customer_3804,50,Female,Midwest,2016-07-02,102,Electricity+Gas,Residential,Single Family,0,0,5,Medium,Rent,1
CUST0003805,Customer_3805,34,Male,Gulf Coast,2018-11-01,74,Electricity+Gas,Small Business,Townhouse,1,1,4,Medium-Low,Rent,0
CUST0003806,Customer_3806,55,Male,Northeast,2005-01-30,239,Gas,Residential,Apartment,0,0,1,Low,Own,1
CUST0003807,Customer_3807,48,Female,West,2018-11-01,74,Gas,Small Business,Single Family,1,0,2,Medium-Low,Lease,0
CUST0003808,Customer_3808,18,Male,Midwest,2022-05-02,32,Water,Small Business,Single Family,1,1,3,Low,Own,0
CUST0003809,Customer_3809,57,Female,Northeast,2019-01-01,72,Electricity+Gas,Small Business,Single Family,1,0,2,Medium,Own,0
CUST0003810,Customer_3810,60,Female,Southeast,1994-12-31,360,Electricity+Gas,Residential,Townhouse,1,0,3,Medium,Own,0
CUST0003811,Customer_3811,33,Female,Midwest,2018-11-01,74,Gas,Residential,Mobile Home,0,0,2,Medium,Own,0
CUST0003812,Customer_3812,54,Female,Southeast,2017-11-01,86,Electricity,Residential,Single Family,0,1,3,Low,Own,1
CUST0003813,Customer_3813,35,Female,Southeast,2011-01-31,167,Electricity+Water,Commercial,Apartment,1,1,1,Medium-Low,Rent,0
CUST0003814,Customer_3814,49,Male,Gulf Coast,2024-06-01,7,Electricity+Gas,Small Business,Single Family,1,1,2,Medium-High,Rent,0
CUST0003815,Customer_3815,29,Female,Southeast,2018-12-01,73,Electricity,Residential,Single Family,1,0,4,Medium,Own,0
CUST0003816,Customer_3816,21,Male,Midwest,2015-07-02,114,Electricity+Gas,Commercial,Apartment,1,1,2,Low,Own,0
CUST0003817,Customer_3817,42,Male,West,2009-08-01,185,Electricity+Gas,Residential,Townhouse,1,1,1,Medium-High,Lease,0
CUST0003818,Customer_3818,46,Male,West,2023-11-01,14,Electricity,Small Business,Single Family,1,0,5,Medium,Own,1
CUST0003819,Customer_3819,42,Female,Northeast,2021-07-02,42,Electricity+Water,Small Business,Townhouse,1,1,1,Medium-Low,Own,1
CUST0003820,Customer_3820,30,Male,West,2019-05-03,68,Electricity,Commercial,Single Family,0,1,2,Medium-Low,Own,0
CUST0003821,Customer_3821,42,Male,Midwest,2023-08-02,17,Electricity+Gas,Commercial,Townhouse,1,1,1,Medium,Own,0
CUST0003822,Customer_3822,52,Male,Northeast,2020-06-01,55,Gas,Residential,Apartment,1,1,2,Medium,Own,0
CUST0003823,Customer_3823,47,Female,Southeast,2023-08-02,17,Electricity,Residential,Single Family,0,1,1,Medium-High,Own,0
CUST0003824,Customer_3824,50,Female,Northeast,2023-01-01,24,Water,Residential,Townhouse,1,1,1,Medium-Low,Own,0
CUST0003825,Customer_3825,37,Female,Southeast,2022-03-03,34,Electricity+Gas,Commercial,Single Family,0,1,1,Medium,Lease,0
CUST0003826,Customer_3826,65,Female,Southeast,2021-04-02,45,Water,Small Business,Single Family,0,1,3,Medium,Own,0
CUST0003827,Customer_3827,30,Male,Southeast,2022-01-31,35,Gas,Residential,Single Family,0,0,1,Medium,Rent,1
CUST0003828,Customer_3828,55,Male,Southwest,2021-09-01,40,Electricity+Water,Residential,Single Family,1,0,2,Low,Own,0
CUST0003829,Customer_3829,65,Female,West,2023-04-02,21,Electricity,Residential,Single Family,0,1,2,Medium,Own,0
CUST0003830,Customer_3830,55,Male,Southwest,2024-03-02,10,Electricity+Gas,Residential,Apartment,1,1,2,Medium-Low,Own,0
CUST0003831,Customer_3831,44,Male,West,2024-11-01,2,Electricity+Water,Residential,Single Family,1,0,5,High,Lease,0
CUST0003832,Customer_3832,40,Male,Gulf Coast,2023-12-02,13,Electricity,Small Business,Single Family,1,1,1,Medium,Rent,0
CUST0003833,Customer_3833,63,Female,Gulf Coast,2020-09-01,52,Electricity,Residential,Mobile Home,1,1,4,Medium,Own,0
CUST0003834,Customer_3834,26,Male,Gulf Coast,2017-05-02,92,Electricity+Water,Residential,Townhouse,0,1,1,Medium,Lease,0
CUST0003835,Customer_3835,33,Female,Northeast,2024-02-01,11,Electricity+Water,Residential,Single Family,0,1,4,High,Rent,1
CUST0003836,Customer_3836,42,Male,Southeast,2024-07-02,6,Water,Commercial,Townhouse,1,1,2,Medium,Lease,0
CUST0003837,Customer_3837,66,Female,Midwest,2018-01-31,83,Gas,Small Business,Townhouse,1,0,2,Medium-Low,Rent,0
CUST0003838,Customer_3838,53,Male,Southeast,2023-04-02,21,Electricity+Gas,Residential,Single Family,1,0,5,High,Own,1
CUST0003839,Customer_3839,33,Male,Northeast,2009-12-01,181,Electricity,Residential,Single Family,0,1,2,High,Rent,0
CUST0003840,Customer_3840,43,Male,Southeast,2018-10-01,75,Gas,Residential,Condo,0,1,2,Medium-Low,Lease,1
CUST0003841,Customer_3841,38,Female,Gulf Coast,2023-01-31,23,Gas,Commercial,Townhouse,1,1,1,Medium-Low,Own,0
CUST0003842,Customer_3842,37,Male,Southeast,2023-05-03,20,Electricity,Small Business,Townhouse,1,1,4,High,Rent,0
CUST0003843,Customer_3843,62,Female,Midwest,2021-05-02,44,Gas,Small Business,Apartment,0,0,1,Medium,Own,0
CUST0003844,Customer_3844,27,Female,Northeast,2024-09-01,4,Gas,Residential,Townhouse,1,1,2,Medium,Own,1
CUST0003845,Customer_3845,72,Female,West,2024-06-01,7,Electricity+Gas,Residential,Apartment,1,1,4,Medium-Low,Own,0
CUST0003846,Customer_3846,60,Male,Midwest,2024-02-01,11,Electricity+Gas,Residential,Townhouse,0,1,7,Medium-Low,Own,0
CUST0003847,Customer_3847,64,Male,Northeast,2017-08-01,89,Electricity+Water,Residential,Townhouse,1,0,3,Medium,Rent,0
CUST0003848,Customer_3848,41,Male,Gulf Coast,2021-06-02,43,Gas,Small Business,Single Family,1,1,6,Low,Own,0
CUST0003849,Customer_3849,45,Female,West,2024-12-01,1,Gas,Residential,Apartment,1,1,1,Low,Own,0
CUST0003850,Customer_3850,26,Female,West,2019-06-02,67,Electricity+Gas,Residential,Apartment,1,1,2,Low,Rent,1
CUST0003851,Customer_3851,40,Female,Gulf Coast,2022-04-02,33,Electricity,Residential,Single Family,1,1,3,Medium-Low,Lease,0
CUST0003852,Customer_3852,55,Female,Midwest,2021-07-02,42,Gas,Commercial,Apartment,1,1,1,Medium-Low,Own,0
CUST0003853,Customer_3853,67,Male,West,2023-11-01,14,Electricity+Gas,Commercial,Condo,0,1,3,Medium-High,Own,1
CUST0003854,Customer_3854,31,Male,Southeast,2020-12-31,48,Gas,Residential,Mobile Home,0,0,1,Medium-Low,Own,0
CUST0003855,Customer_3855,42,Female,West,2005-08-31,232,Electricity+Water,Residential,Townhouse,1,1,1,Medium,Own,0
CUST0003856,Customer_3856,45,Male,Northeast,2024-09-01,4,Electricity+Gas,Residential,Single Family,1,1,2,Low,Rent,1
CUST0003857,Customer_3857,27,Male,Northeast,2023-05-03,20,Electricity,Residential,Single Family,1,0,2,Medium,Lease,0
CUST0003858,Customer_3858,56,Female,Midwest,2023-09-01,16,Gas,Commercial,Single Family,1,1,2,Medium,Own,0
CUST0003859,Customer_3859,37,Male,Northeast,2023-08-02,17,Water,Small Business,Townhouse,0,1,3,Medium,Own,1
CUST0003860,Customer_3860,45,Female,Midwest,2022-09-01,28,Electricity+Gas,Commercial,Townhouse,0,1,2,Medium-High,Rent,0
CUST0003861,Customer_3861,41,Female,Midwest,2016-07-02,102,Electricity+Water,Commercial,Condo,1,0,2,Medium-Low,Own,1
CUST0003862,Customer_3862,36,Female,Southwest,2012-10-31,146,Electricity+Gas,Small Business,Condo,0,0,3,Medium,Own,1
CUST0003863,Customer_3863,47,Male,Northeast,2023-12-02,13,Electricity,Small Business,Single Family,1,0,1,Medium-High,Rent,1
CUST0003864,Customer_3864,44,Male,Southeast,2021-03-02,46,Electricity,Commercial,Single Family,0,1,2,Medium-High,Own,1
CUST0003865,Customer_3865,42,Female,Southwest,2020-01-01,60,Electricity+Gas,Small Business,Condo,1,0,2,High,Own,0
CUST0003866,Customer_3866,37,Male,Southwest,2021-05-02,44,Electricity,Residential,Condo,0,0,3,Low,Own,1
CUST0003867,Customer_3867,52,Male,Northeast,2022-03-03,34,Electricity+Gas,Residential,Apartment,0,0,2,Medium-High,Lease,0
CUST0003868,Customer_3868,72,Male,Midwest,2024-01-01,12,Water,Residential,Apartment,1,1,3,Medium,Own,0
CUST0003869,Customer_3869,50,Male,West,2021-09-01,40,Electricity+Gas,Commercial,Apartment,1,1,4,Low,Own,0
CUST0003870,Customer_3870,62,Male,Northeast,2022-07-02,30,Gas,Residential,Apartment,0,1,5,Medium,Own,1
CUST0003871,Customer_3871,27,Female,Midwest,2017-01-31,95,Electricity+Gas,Residential,Single Family,1,0,1,Medium-High,Own,0
CUST0003872,Customer_3872,50,Male,Southeast,2017-11-01,86,Electricity,Residential,Apartment,0,1,1,Medium-Low,Own,0
CUST0003873,Customer_3873,31,Male,Gulf Coast,2024-05-02,8,Electricity+Gas,Commercial,Apartment,1,1,3,Medium,Rent,0
CUST0003874,Customer_3874,25,Female,Southeast,2024-08-01,5,Electricity+Gas,Commercial,Single Family,0,0,3,Low,Own,1
CUST0003875,Customer_3875,36,Other,Southeast,2013-01-31,143,Electricity+Gas,Small Business,Mobile Home,1,0,2,Medium-High,Rent,1
CUST0003876,Customer_3876,65,Male,Gulf Coast,2021-03-02,46,Electricity,Residential,Single Family,0,0,1,Medium,Own,0
CUST0003877,Customer_3877,62,Male,Southeast,2015-04-02,117,Water,Residential,Apartment,0,0,5,Low,Own,1
CUST0003878,Customer_3878,51,Female,Midwest,2024-10-01,3,Electricity+Gas,Residential,Apartment,0,1,1,Low,Own,0
CUST0003879,Customer_3879,25,Female,Northeast,2021-05-02,44,Electricity,Commercial,Apartment,0,1,1,Medium-High,Own,1
CUST0003880,Customer_3880,45,Female,Gulf Coast,2021-03-02,46,Electricity+Water,Commercial,Single Family,1,0,1,Low,Rent,0
CUST0003881,Customer_3881,52,Female,West,2015-03-03,118,Water,Commercial,Apartment,1,1,2,Medium-Low,Own,0
CUST0003882,Customer_3882,50,Male,Southwest,2024-07-02,6,Electricity+Gas,Residential,Single Family,0,1,2,Medium,Rent,0
CUST0003883,Customer_3883,20,Female,Northeast,2023-09-01,16,Gas,Commercial,Single Family,1,1,6,Medium-Low,Rent,1
CUST0003884,Customer_3884,34,Male,Northeast,2022-06-02,31,Electricity+Water,Residential,Single Family,1,0,2,Medium-Low,Own,1
CUST0003885,Customer_3885,47,Female,Midwest,2015-01-01,120,Water,Residential,Single Family,1,1,3,Medium-High,Own,0
CUST0003886,Customer_3886,56,Female,Southeast,2011-01-31,167,Electricity+Gas,Commercial,Mobile Home,1,1,1,Medium-Low,Own,1
CUST0003887,Customer_3887,18,Other,Southwest,2000-06-01,295,Electricity+Gas,Residential,Townhouse,0,0,1,Low,Own,1
CUST0003888,Customer_3888,45,Male,Southwest,2009-01-30,191,Electricity,Small Business,Single Family,0,1,1,Medium-High,Rent,1
CUST0003889,Customer_3889,50,Male,West,2024-12-01,1,Electricity,Small Business,Mobile Home,0,1,2,High,Rent,1
CUST0003890,Customer_3890,60,Female,Southeast,2024-11-01,2,Electricity,Residential,Single Family,1,1,1,Medium-High,Rent,1
CUST0003891,Customer_3891,58,Female,Southwest,2024-04-02,9,Electricity,Residential,Single Family,1,1,3,Medium,Own,1
CUST0003892,Customer_3892,56,Female,West,2022-12-01,25,Electricity+Gas,Residential,Single Family,1,1,2,Medium,Own,0
CUST0003893,Customer_3893,36,Male,Midwest,2016-03-02,106,Electricity,Small Business,Townhouse,1,1,5,High,Rent,1
CUST0003894,Customer_3894,19,Male,West,2013-12-01,133,Water,Residential,Apartment,0,1,3,Medium-High,Lease,0
CUST0003895,Customer_3895,42,Female,Northeast,2024-01-01,12,Electricity+Gas,Residential,Single Family,1,1,5,Medium,Rent,0
CUST0003896,Customer_3896,63,Male,West,2020-03-02,58,Gas,Small Business,Single Family,0,1,1,Medium-High,Own,0
CUST0003897,Customer_3897,68,Female,Gulf Coast,2012-08-01,149,Electricity,Residential,Apartment,1,0,3,Medium,Own,0
CUST0003898,Customer_3898,58,Male,Southeast,2021-12-01,37,Electricity+Gas,Residential,Townhouse,0,1,1,High,Rent,1
CUST0003899,Customer_3899,54,Female,Southeast,2024-07-02,6,Electricity,Residential,Condo,0,0,2,Medium-High,Own,1
CUST0003900,Customer_3900,53,Female,Northeast,2022-01-01,36,Gas,Residential,Apartment,1,0,2,Medium,Own,1
CUST0003901,Customer_3901,39,Female,Southwest,2022-09-01,28,Electricity+Gas,Residential,Townhouse,0,0,1,High,Rent,0
CUST0003902,Customer_3902,46,Male,Southwest,2020-10-01,51,Electricity+Gas,Commercial,Townhouse,1,1,2,Medium-Low,Own,0
CUST0003903,Customer_3903,73,Female,Northeast,2022-03-03,34,Electricity+Gas,Residential,Apartment,1,1,1,Medium-High,Own,0
CUST0003904,Customer_3904,33,Male,West,2024-12-01,1,Electricity+Gas,Commercial,Single Family,0,1,1,Medium-Low,Own,1
CUST0003905,Customer_3905,72,Female,West,1999-07-02,306,Water,Residential,Single Family,0,1,1,Medium-High,Lease,0
CUST0003906,Customer_3906,43,Male,Gulf Coast,2021-01-31,47,Electricity,Small Business,Apartment,0,1,3,Medium-Low,Own,1
CUST0003907,Customer_3907,67,Male,Midwest,2021-11-01,38,Electricity+Water,Commercial,Townhouse,0,1,5,High,Lease,0
CUST0003908,Customer_3908,26,Male,Midwest,2009-08-01,185,Gas,Residential,Single Family,0,1,1,Low,Own,0
CUST0003909,Customer_3909,56,Male,Gulf Coast,2024-03-02,10,Electricity+Gas,Residential,Apartment,1,1,3,Medium,Rent,1
CUST0003910,Customer_3910,36,Other,Southeast,2024-01-01,12,Electricity+Gas,Residential,Single Family,0,0,7,Medium-Low,Lease,0
CUST0003911,Customer_3911,26,Male,Southwest,2016-10-01,99,Electricity+Gas,Small Business,Single Family,1,1,3,Medium-High,Own,0
CUST0003912,Customer_3912,51,Female,Southwest,2023-07-03,18,Electricity+Water,Residential,Single Family,0,1,1,Medium,Rent,1
CUST0003913,Customer_3913,63,Other,Southeast,2016-12-31,96,Electricity,Residential,Single Family,1,1,1,High,Own,0
CUST0003914,Customer_3914,35,Male,Northeast,2023-06-02,19,Gas,Residential,Apartment,1,0,4,Medium-High,Own,0
CUST0003915,Customer_3915,25,Female,Northeast,2024-11-01,2,Electricity,Residential,Single Family,0,0,1,Medium-High,Rent,1
CUST0003916,Customer_3916,46,Male,Midwest,2021-06-02,43,Electricity,Small Business,Apartment,1,1,1,Low,Rent,1
CUST0003917,Customer_3917,46,Male,Midwest,2023-12-02,13,Electricity+Gas,Small Business,Single Family,0,0,2,Low,Rent,0
CUST0003918,Customer_3918,56,Male,West,2017-12-01,85,Electricity,Residential,Apartment,0,1,8,Medium-High,Own,1
CUST0003919,Customer_3919,62,Female,Midwest,2019-12-02,61,Electricity+Water,Residential,Single Family,0,0,2,Medium-Low,Own,0
CUST0003920,Customer_3920,47,Male,Southeast,2012-03-02,154,Electricity+Gas,Residential,Single Family,1,1,2,Medium-High,Rent,1
CUST0003921,Customer_3921,75,Female,Midwest,2017-06-01,91,Gas,Residential,Apartment,0,1,1,Low,Own,0
CUST0003922,Customer_3922,51,Female,Southeast,2024-02-01,11,Electricity,Small Business,Townhouse,0,1,2,Medium-Low,Own,1
CUST0003923,Customer_3923,42,Female,Northeast,2016-12-31,96,Electricity,Residential,Townhouse,1,0,2,High,Own,0
CUST0003924,Customer_3924,23,Male,Northeast,2019-12-02,61,Electricity+Water,Commercial,Single Family,1,0,3,Medium-High,Own,1
CUST0003925,Customer_3925,44,Female,Southeast,2019-07-02,66,Electricity+Gas,Residential,Apartment,1,1,3,Low,Own,0
CUST0003926,Customer_3926,42,Female,Northeast,2016-01-31,107,Electricity,Commercial,Single Family,0,1,7,Medium,Rent,0
CUST0003927,Customer_3927,62,Female,Southeast,2020-10-01,51,Electricity,Small Business,Townhouse,1,1,2,High,Rent,1
CUST0003928,Customer_3928,54,Female,West,2021-12-01,37,Electricity,Small Business,Single Family,0,0,3,Low,Rent,0
CUST0003929,Customer_3929,30,Female,Southeast,2020-01-01,60,Electricity,Residential,Townhouse,0,0,3,Low,Rent,1
CUST0003930,Customer_3930,50,Male,Northeast,2023-04-02,21,Water,Residential,Apartment,1,1,1,Medium,Own,0
CUST0003931,Customer_3931,58,Male,Gulf Coast,2024-01-01,12,Electricity+Gas,Small Business,Townhouse,1,0,1,Low,Own,1
CUST0003932,Customer_3932,70,Male,Southwest,2020-04-01,57,Gas,Small Business,Mobile Home,0,0,1,Medium,Rent,1
CUST0003933,Customer_3933,61,Male,Northeast,2023-10-02,15,Electricity+Water,Residential,Condo,1,1,3,Medium,Lease,0
CUST0003934,Customer_3934,59,Male,Northeast,2024-09-01,4,Electricity,Residential,Apartment,1,1,5,Medium-High,Own,0
CUST0003935,Customer_3935,48,Male,Southwest,2024-12-01,1,Gas,Small Business,Condo,0,0,5,High,Lease,0
CUST0003936,Customer_3936,53,Male,Midwest,2020-05-02,56,Electricity+Gas,Commercial,Single Family,0,0,2,Medium,Lease,0
CUST0003937,Customer_3937,66,Other,Northeast,2022-11-01,26,Electricity,Residential,Single Family,0,1,1,Medium,Own,0
CUST0003938,Customer_3938,28,Male,Southeast,2018-01-31,83,Gas,Residential,Apartment,1,1,7,Medium-High,Lease,1
CUST0003939,Customer_3939,42,Female,Gulf Coast,2022-09-01,28,Electricity+Gas,Commercial,Mobile Home,1,0,2,Medium-Low,Rent,0
CUST0003940,Customer_3940,36,Female,Southwest,2021-10-01,39,Gas,Small Business,Townhouse,0,1,1,High,Own,0
CUST0003941,Customer_3941,53,Female,Midwest,2022-06-02,31,Gas,Residential,Single Family,1,1,4,Low,Own,1
CUST0003942,Customer_3942,66,Female,Southeast,2019-10-02,63,Electricity+Gas,Residential,Townhouse,1,1,2,Low,Rent,0
CUST0003943,Customer_3943,39,Male,Northeast,2022-11-01,26,Gas,Small Business,Single Family,0,0,3,Medium,Rent,0
CUST0003944,Customer_3944,18,Male,Midwest,2008-06-01,199,Electricity,Residential,Apartment,1,1,1,Medium-Low,Own,0
CUST0003945,Customer_3945,41,Male,Gulf Coast,2011-04-02,165,Electricity,Residential,Single Family,1,1,3,Medium-Low,Own,0
CUST0003946,Customer_3946,61,Male,Northeast,2015-08-02,113,Electricity+Gas,Residential,Single Family,0,0,1,Medium-Low,Rent,0
CUST0003947,Customer_3947,56,Female,Gulf Coast,2012-06-01,151,Electricity,Residential,Single Family,1,1,5,Medium,Own,0
CUST0003948,Customer_3948,54,Female,Southeast,2022-01-31,35,Electricity+Water,Residential,Townhouse,0,1,1,Medium-High,Rent,1
CUST0003949,Customer_3949,43,Male,Midwest,2021-03-02,46,Water,Residential,Apartment,0,0,1,Medium,Lease,1
CUST0003950,Customer_3950,28,Male,Northeast,2018-04-02,81,Electricity,Small Business,Single Family,1,0,3,Low,Rent,0
CUST0003951,Customer_3951,55,Male,Southwest,2019-01-31,71,Water,Residential,Apartment,1,1,1,Low,Own,1
CUST0003952,Customer_3952,35,Male,Midwest,2013-12-31,132,Electricity+Gas,Residential,Townhouse,1,1,4,Medium,Lease,0
CUST0003953,Customer_3953,80,Female,Southwest,2018-10-01,75,Electricity,Residential,Mobile Home,0,0,4,Medium-High,Rent,0
CUST0003954,Customer_3954,56,Male,Midwest,1994-12-31,360,Electricity+Gas,Residential,Condo,0,1,4,Medium,Own,0
CUST0003955,Customer_3955,39,Female,Southeast,2022-12-01,25,Electricity+Gas,Small Business,Single Family,1,0,1,Medium-High,Rent,0
CUST0003956,Customer_3956,38,Male,West,2016-01-31,107,Electricity,Commercial,Single Family,1,1,4,Low,Own,0
CUST0003957,Customer_3957,46,Male,Northeast,2019-01-31,71,Electricity,Small Business,Single Family,0,1,3,Medium,Own,1
CUST0003958,Customer_3958,44,Female,Midwest,2019-03-03,70,Electricity,Residential,Apartment,1,0,1,Medium-High,Own,0
CUST0003959,Customer_3959,64,Female,Northeast,2023-01-31,23,Electricity,Residential,Apartment,0,0,2,High,Own,0
CUST0003960,Customer_3960,50,Other,Midwest,2017-05-02,92,Electricity,Residential,Single Family,0,1,5,Low,Rent,1
CUST0003961,Customer_3961,37,Female,West,2013-07-02,138,Electricity+Gas,Residential,Condo,0,1,4,Medium-Low,Own,0
CUST0003962,Customer_3962,76,Male,Northeast,2023-11-01,14,Electricity,Residential,Townhouse,1,1,2,Medium-Low,Rent,0
CUST0003963,Customer_3963,48,Male,Gulf Coast,2020-03-02,58,Electricity,Residential,Apartment,0,1,2,Medium,Lease,0
CUST0003964,Customer_3964,59,Female,Gulf Coast,2022-08-02,29,Electricity,Commercial,Apartment,0,1,1,Medium,Rent,0
CUST0003965,Customer_3965,38,Female,Midwest,2002-04-01,273,Water,Commercial,Apartment,0,1,4,Medium-High,Rent,0
CUST0003966,Customer_3966,53,Female,Northeast,2021-10-01,39,Gas,Residential,Apartment,1,0,3,High,Lease,1
CUST0003967,Customer_3967,52,Male,West,2023-10-02,15,Gas,Residential,Condo,1,1,3,Low,Rent,1
CUST0003968,Customer_3968,19,Other,Gulf Coast,2022-09-01,28,Gas,Small Business,Single Family,1,1,3,Medium,Rent,1
CUST0003969,Customer_3969,78,Male,Northeast,2019-10-02,63,Water,Residential,Townhouse,0,0,3,Low,Own,0
CUST0003970,Customer_3970,67,Female,Gulf Coast,2024-09-01,4,Gas,Residential,Single Family,0,0,3,Medium-High,Own,0
CUST0003971,Customer_3971,42,Female,Gulf Coast,2020-06-01,55,Electricity,Residential,Apartment,0,0,1,Low,Own,1
CUST0003972,Customer_3972,31,Male,Midwest,2011-09-01,160,Electricity,Residential,Apartment,1,0,1,High,Own,0
CUST0003973,Customer_3973,53,Female,West,2015-08-02,113,Electricity,Residential,Single Family,0,1,1,Medium,Own,0
CUST0003974,Customer_3974,49,Male,Midwest,2024-09-01,4,Electricity+Gas,Residential,Single Family,1,0,6,Medium-Low,Lease,1
CUST0003975,Customer_3975,53,Other,Southwest,1999-12-01,301,Electricity,Residential,Single Family,0,1,2,Medium,Rent,0
CUST0003976,Customer_3976,50,Male,Southeast,2019-01-31,71,Electricity,Commercial,Single Family,1,0,2,Medium-Low,Own,1
CUST0003977,Customer_3977,55,Female,Northeast,2024-03-02,10,Electricity+Gas,Residential,Apartment,0,1,1,Medium-Low,Own,0
CUST0003978,Customer_3978,69,Male,West,2024-12-01,1,Gas,Residential,Mobile Home,1,1,4,Medium,Lease,1
CUST0003979,Customer_3979,56,Female,Northeast,2024-02-01,11,Electricity+Gas,Residential,Single Family,1,0,5,Medium-High,Rent,0
CUST0003980,Customer_3980,32,Female,Southwest,2015-12-02,109,Gas,Residential,Single Family,0,1,8,High,Rent,1
CUST0003981,Customer_3981,68,Male,Gulf Coast,2024-12-01,1,Electricity+Water,Residential,Apartment,1,1,1,Medium,Own,0
CUST0003982,Customer_3982,72,Male,Southeast,2023-10-02,15,Electricity+Water,Residential,Single Family,1,1,2,Medium-High,Own,0
CUST0003983,Customer_3983,90,Female,Southeast,2018-01-01,84,Water,Residential,Single Family,0,1,1,Medium-High,Own,1
CUST0003984,Customer_3984,31,Male,Southwest,2020-09-01,52,Electricity+Water,Residential,Apartment,1,1,3,Medium-High,Own,0
CUST0003985,Customer_3985,51,Female,Southeast,2017-06-01,91,Electricity,Small Business,Condo,0,1,2,Low,Lease,0
CUST0003986,Customer_3986,18,Male,West,2018-03-02,82,Water,Residential,Condo,1,0,2,Medium-Low,Own,1
CUST0003987,Customer_3987,56,Female,Southeast,2024-10-01,3,Electricity,Residential,Single Family,0,1,4,Low,Own,0
CUST0003988,Customer_3988,39,Male,Southwest,2013-12-01,133,Electricity+Gas,Commercial,Single Family,0,0,6,Medium,Rent,1
CUST0003989,Customer_3989,76,Male,Southeast,2023-10-02,15,Gas,Small Business,Apartment,1,1,2,Medium-High,Own,0
CUST0003990,Customer_3990,36,Male,Northeast,2020-12-31,48,Electricity,Commercial,Single Family,0,0,1,Medium-High,Own,1
CUST0003991,Customer_3991,22,Male,Northeast,2019-11-01,62,Electricity+Water,Commercial,Townhouse,0,0,4,Medium-High,Rent,0
CUST0003992,Customer_3992,40,Male,Northeast,2024-02-01,11,Electricity,Residential,Apartment,1,1,3,Medium-Low,Rent,0
CUST0003993,Customer_3993,18,Female,Midwest,2006-05-02,224,Water,Residential,Single Family,1,0,1,Low,Lease,0
CUST0003994,Customer_3994,59,Female,Southwest,2021-09-01,40,Electricity+Gas,Small Business,Single Family,0,0,3,Medium-Low,Rent,0
CUST0003995,Customer_3995,18,Female,Northeast,2024-10-01,3,Electricity,Small Business,Condo,1,1,5,Medium,Rent,0
CUST0003996,Customer_3996,48,Female,Northeast,2011-03-02,166,Gas,Residential,Apartment,0,1,2,Low,Own,1
CUST0003997,Customer_3997,18,Male,Midwest,2020-09-01,52,Electricity,Small Business,Townhouse,1,1,3,Low,Own,1
CUST0003998,Customer_3998,43,Female,West,2019-01-01,72,Electricity+Water,Residential,Apartment,1,0,1,Medium-Low,Own,0
CUST0003999,Customer_3999,72,Male,Southwest,2021-05-02,44,Electricity+Water,Residential,Townhouse,1,1,3,Low,Rent,0
CUST0004000,Customer_4000,53,Female,Northeast,2016-01-01,108,Electricity+Gas,Residential,Single Family,0,1,3,Medium-Low,Own,0
CUST0004001,Customer_4001,35,Male,Gulf Coast,2024-11-01,2,Water,Residential,Townhouse,1,1,1,High,Lease,0
CUST0004002,Customer_4002,47,Male,Gulf Coast,2023-07-03,18,Electricity,Commercial,Townhouse,1,1,4,Low,Rent,1
CUST0004003,Customer_4003,48,Male,Southeast,2021-11-01,38,Gas,Commercial,Single Family,1,1,2,Medium-High,Own,0
CUST0004004,Customer_4004,55,Female,Southwest,2024-09-01,4,Electricity,Residential,Single Family,1,1,6,High,Own,1
CUST0004005,Customer_4005,27,Male,Midwest,2018-12-01,73,Electricity+Gas,Residential,Apartment,1,1,1,Medium,Rent,1
CUST0004006,Customer_4006,56,Female,Gulf Coast,2022-07-02,30,Electricity,Residential,Apartment,0,1,4,High,Rent,1
CUST0004007,Customer_4007,18,Male,Midwest,2023-06-02,19,Electricity+Gas,Residential,Apartment,1,0,3,Medium-Low,Rent,0
CUST0004008,Customer_4008,38,Female,Gulf Coast,2024-12-01,1,Electricity+Gas,Residential,Townhouse,0,0,2,High,Rent,1
CUST0004009,Customer_4009,40,Female,Southeast,2018-09-01,76,Electricity,Residential,Townhouse,0,0,3,Medium-High,Own,0
CUST0004010,Customer_4010,57,Male,Southeast,2016-01-31,107,Electricity,Residential,Apartment,1,1,3,Medium-High,Rent,0
CUST0004011,Customer_4011,48,Female,West,2022-07-02,30,Electricity,Residential,Apartment,0,0,2,Low,Rent,0
CUST0004012,Customer_4012,26,Female,West,2020-12-01,49,Water,Small Business,Single Family,0,0,4,Medium-High,Rent,0
CUST0004013,Customer_4013,33,Female,West,2023-10-02,15,Electricity,Commercial,Single Family,1,1,1,High,Own,0
CUST0004014,Customer_4014,50,Female,Gulf Coast,2020-03-02,58,Electricity,Residential,Apartment,1,0,1,Medium-High,Rent,1
CUST0004015,Customer_4015,46,Female,West,2024-12-01,1,Water,Residential,Townhouse,1,1,4,Low,Lease,0
CUST0004016,Customer_4016,39,Female,Southwest,2021-09-01,40,Electricity,Commercial,Condo,1,1,2,Low,Own,0
CUST0004017,Customer_4017,40,Male,Midwest,2019-11-01,62,Gas,Commercial,Townhouse,0,1,2,Medium-Low,Rent,0
CUST0004018,Customer_4018,58,Female,Midwest,2012-07-01,150,Electricity+Gas,Residential,Apartment,1,0,3,Medium-High,Own,1
CUST0004019,Customer_4019,40,Male,Midwest,2022-09-01,28,Electricity+Gas,Residential,Single Family,1,0,2,Low,Own,0
CUST0004020,Customer_4020,46,Male,Southwest,2017-11-01,86,Electricity+Gas,Residential,Apartment,0,1,4,High,Own,0
CUST0004021,Customer_4021,80,Female,Midwest,2020-07-02,54,Electricity,Residential,Single Family,1,1,2,Medium,Rent,0
CUST0004022,Customer_4022,26,Male,Northeast,2011-12-01,157,Electricity,Residential,Apartment,0,1,2,Medium-Low,Own,1
CUST0004023,Customer_4023,20,Male,Northeast,2022-07-02,30,Electricity+Gas,Residential,Single Family,0,1,4,Medium,Lease,0
CUST0004024,Customer_4024,59,Female,Gulf Coast,2023-01-31,23,Electricity,Small Business,Single Family,0,0,3,Medium-High,Rent,0
CUST0004025,Customer_4025,37,Female,Northeast,2014-03-02,130,Electricity+Water,Residential,Apartment,1,1,2,Medium-Low,Own,1
CUST0004026,Customer_4026,43,Female,Northeast,2024-10-01,3,Gas,Small Business,Single Family,0,1,3,Medium-Low,Own,0
CUST0004027,Customer_4027,36,Female,Midwest,2024-05-02,8,Gas,Residential,Apartment,0,0,1,Medium,Own,1
CUST0004028,Customer_4028,44,Female,Southeast,2024-08-01,5,Electricity,Residential,Apartment,1,1,5,Medium,Rent,1
CUST0004029,Customer_4029,71,Male,Midwest,2015-10-02,111,Electricity+Water,Residential,Townhouse,0,0,2,Medium-High,Own,0
CUST0004030,Customer_4030,60,Male,Northeast,2024-12-01,1,Electricity+Gas,Small Business,Single Family,0,0,1,Medium-Low,Own,1
CUST0004031,Customer_4031,60,Female,Northeast,2015-03-03,118,Gas,Residential,Single Family,0,0,7,Medium-Low,Own,0
CUST0004032,Customer_4032,26,Male,West,2022-01-01,36,Electricity+Gas,Residential,Townhouse,0,0,4,Medium,Own,1
CUST0004033,Customer_4033,30,Female,West,2024-12-01,1,Gas,Residential,Single Family,0,1,1,Medium,Rent,0
CUST0004034,Customer_4034,18,Female,Northeast,2022-07-02,30,Gas,Residential,Condo,1,1,5,Medium,Own,1
CUST0004035,Customer_4035,35,Male,Southwest,2024-01-01,12,Gas,Residential,Single Family,0,0,1,Medium,Own,0
CUST0004036,Customer_4036,62,Female,Southwest,2020-03-02,58,Gas,Residential,Apartment,1,1,4,Medium-Low,Own,0
CUST0004037,Customer_4037,55,Female,West,2019-05-03,68,Electricity,Residential,Single Family,1,1,4,Medium-Low,Own,1
CUST0004038,Customer_4038,44,Male,Midwest,2021-09-01,40,Electricity,Residential,Apartment,1,0,2,Medium-Low,Rent,0
CUST0004039,Customer_4039,47,Other,Southeast,2024-11-01,2,Electricity,Small Business,Condo,1,0,5,Medium,Rent,1
CUST0004040,Customer_4040,37,Female,Southwest,2019-09-01,64,Electricity,Residential,Apartment,1,0,2,Medium,Rent,0
CUST0004041,Customer_4041,51,Male,Southeast,2015-11-01,110,Electricity,Residential,Townhouse,1,1,3,Low,Own,0
CUST0004042,Customer_4042,59,Female,Southeast,2018-09-01,76,Electricity+Water,Residential,Single Family,1,1,3,Low,Own,1
CUST0004043,Customer_4043,23,Female,Midwest,2016-03-02,106,Electricity+Gas,Small Business,Mobile Home,0,1,2,Low,Rent,0
CUST0004044,Customer_4044,52,Female,West,2023-12-02,13,Electricity+Water,Residential,Apartment,1,0,4,Medium-High,Own,0
CUST0004045,Customer_4045,61,Female,Midwest,2014-01-31,131,Electricity,Residential,Single Family,1,1,1,Medium,Own,0
CUST0004046,Customer_4046,41,Female,Southeast,2023-01-31,23,Gas,Residential,Single Family,0,1,2,Medium,Own,0
CUST0004047,Customer_4047,58,Male,West,2024-12-01,1,Electricity+Gas,Commercial,Single Family,1,0,3,High,Own,1
CUST0004048,Customer_4048,90,Female,Gulf Coast,2015-10-02,111,Electricity+Gas,Residential,Single Family,0,1,2,Low,Rent,0
CUST0004049,Customer_4049,46,Female,Midwest,2010-11-01,170,Electricity+Gas,Small Business,Condo,0,0,1,Medium,Own,0
CUST0004050,Customer_4050,53,Male,Southeast,2019-10-02,63,Electricity+Gas,Commercial,Single Family,0,0,1,Medium,Own,0
CUST0004051,Customer_4051,36,Male,Southwest,2023-10-02,15,Electricity+Gas,Residential,Single Family,0,1,2,Medium-High,Rent,0
CUST0004052,Customer_4052,50,Other,Northeast,2023-08-02,17,Water,Residential,Apartment,1,1,2,High,Rent,1
CUST0004053,Customer_4053,54,Female,West,2021-12-01,37,Electricity+Gas,Small Business,Apartment,1,1,2,Medium-High,Own,0
CUST0004054,Customer_4054,50,Female,West,2013-09-01,136,Electricity+Water,Residential,Single Family,0,0,2,Medium,Own,0
CUST0004055,Customer_4055,32,Female,Southeast,2024-04-02,9,Electricity+Water,Residential,Single Family,0,1,3,High,Own,0
CUST0004056,Customer_4056,51,Female,Northeast,2016-05-02,104,Gas,Residential,Single Family,1,0,1,Medium-High,Own,1
CUST0004057,Customer_4057,69,Female,Northeast,2023-05-03,20,Electricity,Residential,Apartment,0,1,2,Medium-High,Own,0
CUST0004058,Customer_4058,54,Female,Southwest,2016-10-01,99,Electricity,Residential,Single Family,1,1,2,Low,Own,0
CUST0004059,Customer_4059,62,Male,Southeast,2012-06-01,151,Electricity,Small Business,Condo,1,1,3,Medium,Own,0
CUST0004060,Customer_4060,44,Female,Midwest,2022-04-02,33,Electricity,Commercial,Apartment,1,0,1,Medium-High,Rent,1
CUST0004061,Customer_4061,59,Female,Southeast,2022-10-02,27,Gas,Residential,Apartment,0,1,5,Medium-Low,Own,0
CUST0004062,Customer_4062,52,Female,Northeast,2016-12-01,97,Electricity,Residential,Mobile Home,1,1,1,Medium-High,Rent,1
CUST0004063,Customer_4063,33,Female,Midwest,2021-04-02,45,Electricity+Gas,Small Business,Apartment,0,1,3,Low,Own,0
CUST0004064,Customer_4064,52,Female,Midwest,2019-04-02,69,Electricity,Residential,Apartment,0,1,4,Medium,Rent,0
CUST0004065,Customer_4065,33,Male,Southwest,2020-03-02,58,Electricity+Gas,Small Business,Single Family,1,1,1,Medium-High,Lease,0
CUST0004066,Customer_4066,38,Male,Southeast,2024-04-02,9,Electricity,Residential,Townhouse,1,1,4,Medium,Lease,1
CUST0004067,Customer_4067,50,Male,Southeast,2015-10-02,111,Water,Commercial,Single Family,0,0,3,Medium-High,Own,0
CUST0004068,Customer_4068,52,Male,West,2023-12-02,13,Water,Residential,Apartment,1,1,3,Medium,Own,0
CUST0004069,Customer_4069,30,Other,West,2011-08-02,161,Gas,Residential,Apartment,1,1,2,Medium,Lease,0
CUST0004070,Customer_4070,63,Male,West,2023-08-02,17,Electricity+Water,Residential,Apartment,1,1,2,Medium,Own,1
CUST0004071,Customer_4071,56,Male,Northeast,2018-06-02,79,Electricity,Residential,Condo,1,1,4,Medium,Lease,1
CUST0004072,Customer_4072,37,Female,Southeast,2023-05-03,20,Water,Commercial,Apartment,1,1,4,Medium-High,Rent,0
CUST0004073,Customer_4073,24,Female,Southwest,2023-03-03,22,Electricity+Gas,Commercial,Single Family,1,0,1,Low,Lease,1
CUST0004074,Customer_4074,45,Male,Gulf Coast,2023-03-03,22,Electricity,Commercial,Apartment,1,0,2,Medium,Rent,0
CUST0004075,Customer_4075,41,Female,Gulf Coast,2018-03-02,82,Electricity,Residential,Mobile Home,1,0,5,Low,Lease,0
CUST0004076,Customer_4076,49,Female,West,2020-12-31,48,Electricity,Small Business,Townhouse,0,1,2,Medium,Own,0
CUST0004077,Customer_4077,42,Male,Northeast,2014-05-02,128,Electricity+Water,Residential,Single Family,1,0,3,High,Own,0
CUST0004078,Customer_4078,18,Male,West,2023-03-03,22,Electricity+Gas,Commercial,Mobile Home,1,0,1,Low,Own,0
CUST0004079,Customer_4079,42,Female,Gulf Coast,2019-03-03,70,Electricity,Residential,Single Family,0,0,2,Medium,Own,1
CUST0004080,Customer_4080,43,Female,Northeast,2018-01-31,83,Gas,Residential,Mobile Home,1,1,1,Medium-High,Own,0
CUST0004081,Customer_4081,57,Female,Midwest,2024-04-02,9,Electricity,Small Business,Single Family,1,1,3,Medium-Low,Rent,1
CUST0004082,Customer_4082,37,Male,Midwest,2022-07-02,30,Electricity,Small Business,Mobile Home,1,0,4,Medium,Rent,0
CUST0004083,Customer_4083,73,Male,Southeast,2021-10-01,39,Electricity+Water,Small Business,Single Family,0,1,1,Low,Rent,1
CUST0004084,Customer_4084,19,Female,Midwest,2022-11-01,26,Gas,Residential,Townhouse,1,1,1,Medium-Low,Own,0
CUST0004085,Customer_4085,67,Male,Gulf Coast,2023-01-31,23,Gas,Commercial,Townhouse,1,1,3,Medium,Lease,0
CUST0004086,Customer_4086,44,Male,Gulf Coast,2019-04-02,69,Electricity+Water,Small Business,Townhouse,0,0,2,Medium-High,Own,0
CUST0004087,Customer_4087,60,Female,Gulf Coast,2023-11-01,14,Gas,Small Business,Townhouse,0,1,2,Medium,Own,0
CUST0004088,Customer_4088,49,Male,Midwest,2018-11-01,74,Electricity,Residential,Apartment,0,0,2,Medium-High,Rent,0
CUST0004089,Customer_4089,65,Female,Midwest,2011-05-02,164,Electricity,Small Business,Single Family,0,1,3,Medium,Rent,0
CUST0004090,Customer_4090,42,Female,Southwest,2020-12-01,49,Electricity+Gas,Residential,Single Family,0,1,2,Medium-High,Own,1
CUST0004091,Customer_4091,31,Male,Midwest,2020-05-02,56,Electricity+Gas,Residential,Apartment,1,1,2,High,Own,0
CUST0004092,Customer_4092,69,Female,Northeast,2024-09-01,4,Electricity,Residential,Apartment,0,0,3,Low,Own,1
CUST0004093,Customer_4093,46,Male,West,2015-01-31,119,Electricity+Gas,Small Business,Single Family,1,1,2,Medium,Own,0
CUST0004094,Customer_4094,51,Female,Southeast,2023-05-03,20,Water,Residential,Single Family,1,0,3,Medium-Low,Rent,0
CUST0004095,Customer_4095,66,Male,Northeast,2020-04-01,57,Electricity+Gas,Residential,Apartment,1,1,3,Medium,Rent,0
CUST0004096,Customer_4096,32,Male,Northeast,2005-08-31,232,Electricity+Water,Small Business,Townhouse,0,1,2,Medium,Own,1
CUST0004097,Customer_4097,56,Female,Gulf Coast,2020-07-02,54,Electricity,Residential,Condo,1,1,2,Medium,Own,0
CUST0004098,Customer_4098,39,Male,Southeast,2018-08-02,77,Electricity,Residential,Single Family,0,1,4,Medium,Own,0
CUST0004099,Customer_4099,46,Female,Midwest,2022-01-31,35,Electricity+Gas,Commercial,Mobile Home,0,0,2,Medium-Low,Rent,1
CUST0004100,Customer_4100,49,Male,Gulf Coast,2024-10-01,3,Electricity,Residential,Mobile Home,1,1,3,Low,Lease,1
CUST0004101,Customer_4101,25,Male,Midwest,2017-01-31,95,Electricity,Residential,Single Family,0,1,2,Low,Rent,1
CUST0004102,Customer_4102,36,Female,Northeast,2024-11-01,2,Electricity,Residential,Apartment,1,1,3,Medium-Low,Own,1
CUST0004103,Customer_4103,68,Male,Southwest,2019-01-01,72,Water,Residential,Apartment,1,1,6,Medium,Own,1
CUST0004104,Customer_4104,61,Male,Northeast,2024-12-01,1,Electricity,Residential,Apartment,1,1,4,Medium,Lease,0
CUST0004105,Customer_4105,47,Female,Northeast,2015-03-03,118,Electricity,Commercial,Apartment,0,1,2,Medium-Low,Own,0
CUST0004106,Customer_4106,51,Female,Gulf Coast,2024-03-02,10,Electricity,Small Business,Apartment,0,0,2,Medium-High,Own,1
CUST0004107,Customer_4107,43,Female,Southeast,2021-06-02,43,Water,Residential,Single Family,1,1,2,Medium,Own,1
CUST0004108,Customer_4108,68,Other,West,2020-07-02,54,Electricity+Gas,Residential,Single Family,1,1,2,Medium-Low,Own,0
CUST0004109,Customer_4109,44,Male,Midwest,2022-01-01,36,Electricity,Residential,Single Family,1,1,1,Medium-High,Lease,0
CUST0004110,Customer_4110,51,Female,Southeast,2022-12-01,25,Water,Residential,Townhouse,1,1,1,High,Own,0
CUST0004111,Customer_4111,65,Male,Midwest,2021-12-01,37,Water,Commercial,Single Family,1,1,3,Medium-Low,Rent,0
CUST0004112,Customer_4112,36,Female,Northeast,2023-03-03,22,Electricity+Gas,Residential,Condo,1,1,2,Medium-Low,Own,0
CUST0004113,Customer_4113,71,Male,Southeast,2022-03-03,34,Electricity,Small Business,Apartment,0,1,1,High,Own,0
CUST0004114,Customer_4114,25,Other,Midwest,2022-11-01,26,Electricity+Gas,Small Business,Apartment,1,1,1,Low,Rent,0
CUST0004115,Customer_4115,72,Female,Southeast,2020-10-31,50,Electricity+Water,Small Business,Condo,1,1,1,Low,Rent,1
CUST0004116,Customer_4116,42,Female,Southwest,2023-09-01,16,Electricity,Residential,Single Family,0,0,2,Medium,Own,0
CUST0004117,Customer_4117,44,Female,Northeast,2002-09-01,268,Electricity,Residential,Single Family,1,1,1,Medium,Rent,0
CUST0004118,Customer_4118,19,Female,Midwest,2021-08-01,41,Electricity,Residential,Mobile Home,1,1,4,Low,Lease,0
CUST0004119,Customer_4119,41,Female,West,2024-01-01,12,Electricity+Gas,Small Business,Apartment,0,1,2,Medium-Low,Lease,0
CUST0004120,Customer_4120,32,Male,Midwest,2021-11-01,38,Electricity+Gas,Residential,Single Family,1,0,5,Medium,Own,0
CUST0004121,Customer_4121,38,Male,Gulf Coast,2015-01-01,120,Electricity,Residential,Single Family,0,1,1,Medium-High,Own,0
CUST0004122,Customer_4122,45,Male,Southwest,2024-12-01,1,Electricity,Small Business,Condo,0,1,6,Medium-High,Rent,1
CUST0004123,Customer_4123,62,Male,Gulf Coast,2019-05-03,68,Electricity+Water,Residential,Apartment,1,0,4,High,Rent,1
CUST0004124,Customer_4124,51,Female,Southeast,2021-01-31,47,Water,Residential,Single Family,0,1,3,Medium-Low,Own,0
CUST0004125,Customer_4125,52,Female,Gulf Coast,2024-02-01,11,Electricity+Water,Residential,Condo,1,0,4,Medium-Low,Own,1
CUST0004126,Customer_4126,31,Female,Southwest,2016-07-02,102,Water,Residential,Apartment,0,1,1,Medium,Rent,0
CUST0004127,Customer_4127,34,Other,West,2022-10-02,27,Gas,Commercial,Mobile Home,1,0,3,Low,Own,1
CUST0004128,Customer_4128,74,Female,Gulf Coast,2023-05-03,20,Electricity,Residential,Single Family,1,1,2,Medium-Low,Own,1
CUST0004129,Customer_4129,36,Male,Southwest,2016-04-01,105,Electricity+Gas,Residential,Apartment,1,0,4,Medium-Low,Rent,0
CUST0004130,Customer_4130,72,Male,Gulf Coast,2019-12-02,61,Gas,Commercial,Single Family,1,0,6,Low,Rent,1
CUST0004131,Customer_4131,44,Male,Midwest,2013-08-01,137,Gas,Residential,Apartment,1,0,5,Medium,Own,0
CUST0004132,Customer_4132,48,Male,Southwest,2020-02-01,59,Gas,Residential,Single Family,1,1,2,High,Rent,1
CUST0004133,Customer_4133,64,Female,Midwest,2018-04-02,81,Electricity+Water,Residential,Single Family,1,1,2,Low,Own,1
CUST0004134,Customer_4134,67,Female,Northeast,2016-01-01,108,Electricity,Commercial,Single Family,1,0,5,Medium,Own,1
CUST0004135,Customer_4135,46,Female,Southwest,2024-10-01,3,Electricity,Small Business,Single Family,0,0,1,Medium-High,Lease,0
CUST0004136,Customer_4136,42,Female,Gulf Coast,2017-08-01,89,Electricity+Gas,Residential,Mobile Home,1,1,1,Low,Own,1
CUST0004137,Customer_4137,47,Female,West,2020-04-01,57,Electricity+Water,Residential,Single Family,0,1,3,High,Own,1
CUST0004138,Customer_4138,53,Male,West,2024-09-01,4,Electricity+Water,Commercial,Apartment,0,1,2,Medium-High,Own,0
CUST0004139,Customer_4139,61,Female,Southwest,2021-07-02,42,Electricity+Gas,Residential,Apartment,1,1,6,Medium-Low,Own,1
CUST0004140,Customer_4140,48,Male,Southeast,2024-08-01,5,Electricity,Residential,Townhouse,0,1,2,High,Own,1
CUST0004141,Customer_4141,57,Male,Northeast,2018-06-02,79,Gas,Residential,Townhouse,0,1,1,Medium-High,Lease,0
CUST0004142,Customer_4142,72,Male,Southeast,2021-01-31,47,Electricity+Water,Small Business,Townhouse,0,1,2,Low,Own,1
CUST0004143,Customer_4143,53,Female,Northeast,2009-09-01,184,Gas,Commercial,Mobile Home,1,0,1,Medium-High,Own,0
CUST0004144,Customer_4144,52,Male,West,2024-01-01,12,Electricity+Gas,Small Business,Townhouse,1,1,4,Medium,Rent,0
CUST0004145,Customer_4145,25,Male,West,2020-06-01,55,Electricity,Commercial,Condo,0,1,4,Medium-High,Own,1
CUST0004146,Customer_4146,18,Female,Southeast,2023-11-01,14,Electricity,Small Business,Apartment,1,1,1,Medium,Rent,0
CUST0004147,Customer_4147,53,Female,Northeast,2020-04-01,57,Electricity+Gas,Residential,Townhouse,1,1,1,Medium-Low,Own,0
CUST0004148,Customer_4148,46,Male,Southeast,2018-09-01,76,Water,Residential,Apartment,1,1,2,Medium,Lease,0
CUST0004149,Customer_4149,40,Male,Southeast,2018-09-01,76,Electricity+Water,Commercial,Single Family,0,1,8,Medium,Own,1
CUST0004150,Customer_4150,51,Female,Midwest,2016-08-01,101,Water,Residential,Single Family,0,1,1,Medium-High,Rent,1
CUST0004151,Customer_4151,47,Male,Southeast,2015-06-02,115,Electricity+Gas,Small Business,Single Family,1,0,3,Medium-High,Rent,0
CUST0004152,Customer_4152,64,Female,Southeast,2024-09-01,4,Electricity+Gas,Small Business,Single Family,0,1,3,Medium,Own,1
CUST0004153,Customer_4153,49,Female,Gulf Coast,2022-12-01,25,Water,Residential,Apartment,0,1,1,High,Rent,0
CUST0004154,Customer_4154,36,Male,Southeast,2019-04-02,69,Electricity,Residential,Single Family,0,1,1,Medium-High,Rent,0
CUST0004155,Customer_4155,62,Male,West,2021-08-01,41,Electricity+Water,Residential,Apartment,0,1,1,High,Lease,1
CUST0004156,Customer_4156,44,Male,Southwest,2024-01-01,12,Electricity+Gas,Residential,Condo,1,1,2,Medium-Low,Lease,0
CUST0004157,Customer_4157,55,Male,Southeast,2020-12-31,48,Electricity+Water,Small Business,Apartment,1,0,2,Medium-Low,Own,1
CUST0004158,Customer_4158,40,Male,West,2022-06-02,31,Water,Residential,Single Family,0,1,5,Medium-Low,Rent,0
CUST0004159,Customer_4159,38,Female,Southwest,2022-08-02,29,Electricity,Commercial,Single Family,0,1,5,Medium,Lease,0
CUST0004160,Customer_4160,49,Male,Northeast,2016-10-01,99,Electricity,Residential,Condo,0,1,3,High,Own,1
CUST0004161,Customer_4161,48,Female,Northeast,2022-06-02,31,Gas,Small Business,Mobile Home,1,0,4,Low,Rent,0
CUST0004162,Customer_4162,55,Female,West,2024-12-01,1,Electricity,Residential,Condo,1,1,4,Medium,Own,0
CUST0004163,Customer_4163,43,Male,Midwest,2024-10-01,3,Gas,Residential,Single Family,0,0,1,Medium-Low,Rent,1
CUST0004164,Customer_4164,20,Male,Midwest,2015-05-02,116,Electricity+Gas,Residential,Single Family,0,1,2,Medium-High,Rent,0
CUST0004165,Customer_4165,41,Male,Northeast,2008-10-31,194,Gas,Residential,Mobile Home,0,0,3,Low,Rent,1
CUST0004166,Customer_4166,59,Male,Northeast,2019-04-02,69,Electricity,Small Business,Single Family,0,1,3,Medium,Lease,1
CUST0004167,Customer_4167,43,Female,West,2022-10-02,27,Electricity+Water,Commercial,Single Family,1,0,4,Medium-Low,Own,0
CUST0004168,Customer_4168,44,Male,West,2011-01-31,167,Gas,Residential,Single Family,1,1,3,Low,Rent,0
CUST0004169,Customer_4169,62,Female,Southwest,2019-08-02,65,Electricity+Water,Residential,Mobile Home,1,0,3,Medium-Low,Own,1
CUST0004170,Customer_4170,37,Male,Southeast,2015-10-02,111,Electricity,Small Business,Apartment,0,1,2,Medium-High,Lease,0
CUST0004171,Customer_4171,24,Male,Gulf Coast,2017-10-01,87,Water,Commercial,Mobile Home,0,1,3,Low,Lease,1
CUST0004172,Customer_4172,45,Female,Southwest,2022-09-01,28,Electricity,Residential,Single Family,0,1,3,High,Lease,1
CUST0004173,Customer_4173,40,Female,West,2021-10-01,39,Electricity+Gas,Residential,Townhouse,1,0,2,Low,Lease,1
CUST0004174,Customer_4174,33,Male,Northeast,2024-01-01,12,Electricity+Gas,Residential,Single Family,1,0,3,Medium-Low,Rent,0
CUST0004175,Customer_4175,45,Male,Midwest,2023-05-03,20,Electricity+Water,Residential,Single Family,1,1,3,Medium-High,Lease,0
CUST0004176,Customer_4176,55,Female,Gulf Coast,2017-07-02,90,Electricity,Residential,Apartment,0,1,3,Medium-Low,Own,0
CUST0004177,Customer_4177,47,Male,Southeast,2013-11-01,134,Electricity,Residential,Apartment,1,1,1,Medium,Own,0
CUST0004178,Customer_4178,52,Male,West,2018-08-02,77,Electricity+Water,Residential,Townhouse,1,1,4,Medium-Low,Rent,1
CUST0004179,Customer_4179,75,Female,Southwest,2021-12-01,37,Electricity,Residential,Mobile Home,1,1,5,Medium-High,Rent,1
CUST0004180,Customer_4180,42,Female,Northeast,2024-08-01,5,Electricity,Residential,Single Family,0,1,3,Medium-Low,Rent,0
CUST0004181,Customer_4181,52,Female,West,2024-10-01,3,Gas,Residential,Single Family,0,1,4,Medium-High,Rent,0
CUST0004182,Customer_4182,40,Female,Northeast,2022-09-01,28,Electricity,Residential,Apartment,1,1,6,Medium,Own,1
CUST0004183,Customer_4183,35,Female,West,2021-12-01,37,Electricity,Residential,Condo,0,1,1,Medium,Lease,1
CUST0004184,Customer_4184,39,Female,Gulf Coast,2020-05-02,56,Gas,Residential,Townhouse,1,1,4,High,Rent,0
CUST0004185,Customer_4185,40,Female,Gulf Coast,2024-12-01,1,Electricity,Residential,Apartment,1,1,6,Medium-High,Rent,1
CUST0004186,Customer_4186,53,Female,West,2002-03-02,274,Gas,Small Business,Townhouse,0,0,1,Medium-High,Own,1
CUST0004187,Customer_4187,83,Female,Midwest,2022-10-02,27,Gas,Residential,Single Family,0,1,3,Medium-High,Rent,0
CUST0004188,Customer_4188,37,Male,West,2015-08-02,113,Water,Small Business,Single Family,1,1,3,Low,Own,0
CUST0004189,Customer_4189,41,Male,West,2021-04-02,45,Electricity+Water,Residential,Apartment,0,0,1,Medium-High,Rent,1
CUST0004190,Customer_4190,47,Female,Northeast,2024-05-02,8,Electricity,Residential,Condo,0,0,2,Medium-Low,Lease,0
CUST0004191,Customer_4191,53,Female,Northeast,2017-01-31,95,Water,Residential,Apartment,0,1,1,Medium-Low,Own,1
CUST0004192,Customer_4192,51,Male,Southwest,2018-11-01,74,Electricity+Water,Residential,Apartment,0,0,1,Low,Own,1
CUST0004193,Customer_4193,67,Female,Northeast,2021-05-02,44,Electricity+Gas,Residential,Apartment,1,1,1,Medium-High,Own,1
CUST0004194,Customer_4194,18,Male,Gulf Coast,2021-06-02,43,Electricity+Water,Residential,Apartment,1,1,2,Medium-High,Rent,1
CUST0004195,Customer_4195,18,Female,Midwest,2024-08-01,5,Electricity,Residential,Condo,0,0,5,Low,Rent,1
CUST0004196,Customer_4196,40,Female,Southeast,2019-09-01,64,Water,Residential,Apartment,1,0,3,Medium-Low,Own,0
CUST0004197,Customer_4197,64,Female,Southeast,2012-12-01,145,Electricity+Gas,Small Business,Single Family,1,1,3,Medium,Own,1
CUST0004198,Customer_4198,24,Male,Gulf Coast,2024-08-01,5,Electricity,Residential,Townhouse,0,0,2,Medium,Rent,1
CUST0004199,Customer_4199,18,Female,Gulf Coast,2023-07-03,18,Electricity+Gas,Commercial,Apartment,0,0,3,Medium,Own,1
CUST0004200,Customer_4200,56,Male,Northeast,2013-06-01,139,Electricity+Gas,Residential,Townhouse,1,0,1,Medium,Own,0
CUST0004201,Customer_4201,51,Male,West,2023-05-03,20,Electricity,Residential,Condo,0,0,5,Medium,Own,0
CUST0004202,Customer_4202,31,Male,Southwest,2019-10-02,63,Electricity,Commercial,Single Family,0,1,1,Medium-High,Lease,0
CUST0004203,Customer_4203,33,Female,Southwest,2021-04-02,45,Electricity+Gas,Residential,Apartment,0,0,1,Medium-Low,Own,1
CUST0004204,Customer_4204,33,Male,West,2020-07-02,54,Electricity+Gas,Commercial,Apartment,0,1,6,Medium-High,Own,0
CUST0004205,Customer_4205,49,Male,Southeast,2022-05-02,32,Electricity+Gas,Residential,Single Family,1,1,6,Medium-Low,Lease,1
CUST0004206,Customer_4206,38,Female,Midwest,2023-04-02,21,Electricity+Gas,Residential,Condo,0,1,2,Low,Own,0
CUST0004207,Customer_4207,55,Female,Southeast,2024-11-01,2,Electricity,Residential,Townhouse,1,1,2,Medium-Low,Rent,0
CUST0004208,Customer_4208,18,Female,Northeast,2018-04-02,81,Gas,Residential,Townhouse,0,1,1,Medium-Low,Own,0
CUST0004209,Customer_4209,35,Female,Northeast,2018-03-02,82,Electricity+Water,Residential,Condo,1,1,1,High,Rent,0
CUST0004210,Customer_4210,31,Male,Northeast,2019-07-02,66,Electricity+Water,Residential,Single Family,0,1,2,Medium-Low,Own,0
CUST0004211,Customer_4211,44,Female,Southwest,2019-12-02,61,Electricity+Gas,Residential,Townhouse,1,0,2,Medium,Rent,0
CUST0004212,Customer_4212,39,Female,Northeast,2023-09-01,16,Electricity+Water,Residential,Townhouse,0,1,2,Medium,Own,0
CUST0004213,Customer_4213,59,Male,Southwest,2024-12-01,1,Electricity+Water,Residential,Condo,0,1,2,Medium,Rent,0
CUST0004214,Customer_4214,20,Male,Southwest,2016-10-01,99,Electricity,Commercial,Apartment,0,0,4,Medium-Low,Rent,0
CUST0004215,Customer_4215,48,Male,Gulf Coast,2021-09-01,40,Gas,Residential,Apartment,1,0,2,Medium,Lease,0
CUST0004216,Customer_4216,56,Male,Southwest,2023-04-02,21,Electricity,Small Business,Single Family,0,1,1,Medium,Own,1
CUST0004217,Customer_4217,75,Female,Gulf Coast,2024-07-02,6,Gas,Residential,Condo,1,1,2,High,Rent,1
CUST0004218,Customer_4218,40,Female,Northeast,2024-10-01,3,Water,Residential,Apartment,0,0,3,Medium,Lease,1
CUST0004219,Customer_4219,52,Female,West,2022-12-01,25,Electricity,Residential,Apartment,1,1,3,High,Own,0
CUST0004220,Customer_4220,20,Female,Northeast,2016-10-31,98,Electricity+Water,Small Business,Single Family,0,0,1,Medium,Own,1
CUST0004221,Customer_4221,18,Male,West,2012-07-01,150,Electricity+Gas,Commercial,Apartment,0,0,1,Low,Rent,1
CUST0004222,Customer_4222,60,Female,Southeast,2013-09-01,136,Electricity+Gas,Residential,Single Family,0,1,2,Medium-Low,Own,0
CUST0004223,Customer_4223,47,Male,Southwest,2012-06-01,151,Electricity,Residential,Mobile Home,0,1,1,Medium-High,Own,0
CUST0004224,Customer_4224,65,Other,Southeast,2013-03-02,142,Electricity,Residential,Condo,1,1,2,Medium,Own,0
CUST0004225,Customer_4225,27,Male,Northeast,2021-05-02,44,Electricity+Gas,Small Business,Single Family,0,1,1,Low,Lease,0
CUST0004226,Customer_4226,55,Female,West,2023-11-01,14,Water,Residential,Apartment,1,0,2,Low,Own,0
CUST0004227,Customer_4227,76,Male,Gulf Coast,2017-01-31,95,Electricity+Water,Small Business,Apartment,0,0,4,Medium-Low,Own,0
CUST0004228,Customer_4228,54,Male,Southeast,2023-11-01,14,Electricity+Gas,Residential,Condo,1,1,1,Medium,Own,0
CUST0004229,Customer_4229,52,Male,Gulf Coast,2023-07-03,18,Electricity,Commercial,Townhouse,1,0,3,Medium-High,Rent,0
CUST0004230,Customer_4230,48,Female,Northeast,2023-10-02,15,Electricity,Residential,Mobile Home,1,1,6,Medium,Own,0
CUST0004231,Customer_4231,24,Female,West,2021-06-02,43,Electricity+Water,Small Business,Single Family,0,0,3,Medium-High,Own,0
CUST0004232,Customer_4232,68,Male,Gulf Coast,2023-01-31,23,Electricity,Residential,Single Family,1,0,3,Medium,Lease,0
CUST0004233,Customer_4233,38,Female,Northeast,2024-03-02,10,Electricity+Gas,Residential,Apartment,0,1,4,Medium,Rent,1
CUST0004234,Customer_4234,55,Female,Midwest,2022-01-01,36,Electricity+Gas,Residential,Townhouse,0,0,1,Medium-Low,Rent,0
CUST0004235,Customer_4235,24,Female,Southeast,2014-09-01,124,Gas,Residential,Single Family,1,1,1,Medium-High,Own,0
CUST0004236,Customer_4236,30,Female,Southeast,2020-10-31,50,Gas,Residential,Single Family,0,1,1,Medium-Low,Own,0
CUST0004237,Customer_4237,69,Male,West,2014-07-02,126,Electricity+Water,Small Business,Condo,1,1,1,Medium-Low,Lease,0
CUST0004238,Customer_4238,42,Male,Southwest,2023-12-02,13,Electricity+Water,Small Business,Townhouse,1,1,4,Medium-Low,Lease,0
CUST0004239,Customer_4239,69,Female,Gulf Coast,2024-03-02,10,Electricity+Water,Residential,Single Family,1,1,3,Low,Rent,1
CUST0004240,Customer_4240,46,Female,Southeast,2020-10-01,51,Gas,Residential,Condo,0,1,4,Medium,Lease,0
CUST0004241,Customer_4241,20,Other,Midwest,2021-12-01,37,Electricity,Commercial,Single Family,1,0,3,Medium-Low,Rent,0
CUST0004242,Customer_4242,61,Female,Midwest,2019-09-01,64,Electricity+Water,Residential,Single Family,0,1,1,Medium,Own,0
CUST0004243,Customer_4243,39,Male,Gulf Coast,2017-03-02,94,Electricity,Small Business,Single Family,1,1,1,Medium,Lease,0
CUST0004244,Customer_4244,58,Female,Northeast,2018-01-31,83,Electricity+Gas,Residential,Condo,1,1,1,Medium,Own,0
CUST0004245,Customer_4245,48,Male,Gulf Coast,2010-10-01,171,Electricity,Small Business,Townhouse,1,0,3,Medium-Low,Rent,0
CUST0004246,Customer_4246,24,Other,Midwest,2022-07-02,30,Electricity+Gas,Residential,Single Family,1,1,1,Medium-High,Own,0
CUST0004247,Customer_4247,50,Male,Southwest,2023-12-02,13,Electricity,Residential,Single Family,0,1,3,Medium,Own,1
CUST0004248,Customer_4248,80,Female,Southeast,2020-12-31,48,Electricity+Water,Residential,Townhouse,1,0,2,Medium-Low,Rent,0
CUST0004249,Customer_4249,55,Female,Gulf Coast,2024-06-01,7,Electricity+Water,Small Business,Apartment,1,1,4,High,Lease,0
CUST0004250,Customer_4250,47,Male,Southwest,2023-05-03,20,Gas,Residential,Mobile Home,0,1,1,Low,Own,1
CUST0004251,Customer_4251,64,Male,Southwest,2023-12-02,13,Electricity,Small Business,Townhouse,0,0,1,Medium-High,Own,0
CUST0004252,Customer_4252,51,Female,Southwest,2022-07-02,30,Electricity+Gas,Residential,Single Family,1,1,1,Medium,Rent,0
CUST0004253,Customer_4253,51,Female,Southeast,2024-06-01,7,Gas,Small Business,Townhouse,0,1,5,Low,Own,0
CUST0004254,Customer_4254,31,Male,Northeast,2024-12-01,1,Electricity+Water,Residential,Single Family,0,1,3,High,Own,1
CUST0004255,Customer_4255,51,Female,West,2019-09-01,64,Electricity,Residential,Mobile Home,1,1,4,Medium-Low,Own,0
CUST0004256,Customer_4256,63,Female,Southeast,2020-05-02,56,Electricity,Small Business,Single Family,0,0,5,Medium-High,Own,1
CUST0004257,Customer_4257,35,Male,West,2018-12-01,73,Electricity+Gas,Small Business,Single Family,1,0,3,Medium-Low,Rent,0
CUST0004258,Customer_4258,69,Male,Southwest,2019-09-01,64,Water,Small Business,Apartment,1,0,1,Medium,Own,1
CUST0004259,Customer_4259,46,Female,Southeast,2024-06-01,7,Gas,Commercial,Single Family,1,1,2,High,Rent,1
CUST0004260,Customer_4260,34,Female,Southwest,2023-05-03,20,Electricity,Residential,Single Family,0,0,4,Medium,Own,1
CUST0004261,Customer_4261,62,Female,Southwest,2024-05-02,8,Electricity,Residential,Apartment,1,1,1,Medium-Low,Lease,0
CUST0004262,Customer_4262,43,Female,West,2015-10-02,111,Electricity,Residential,Apartment,1,0,6,Medium,Rent,1
CUST0004263,Customer_4263,59,Male,West,2018-03-02,82,Electricity,Residential,Apartment,1,0,5,Medium,Own,1
CUST0004264,Customer_4264,43,Male,Northeast,2023-12-02,13,Electricity+Water,Residential,Condo,0,0,2,Medium,Own,0
CUST0004265,Customer_4265,47,Male,Gulf Coast,2022-12-01,25,Electricity,Small Business,Apartment,1,1,1,High,Own,1
CUST0004266,Customer_4266,55,Male,Midwest,2008-01-31,203,Gas,Residential,Mobile Home,1,0,4,Medium-High,Own,1
CUST0004267,Customer_4267,52,Female,Gulf Coast,2020-07-02,54,Electricity+Gas,Residential,Single Family,0,1,2,Low,Own,0
CUST0004268,Customer_4268,18,Female,Southeast,2016-12-31,96,Electricity,Residential,Single Family,0,1,2,Medium-High,Rent,1
CUST0004269,Customer_4269,31,Male,Northeast,2023-07-03,18,Electricity+Water,Residential,Townhouse,1,0,3,High,Rent,0
CUST0004270,Customer_4270,61,Male,Southwest,2023-11-01,14,Electricity+Gas,Residential,Single Family,0,1,1,Medium-Low,Own,0
CUST0004271,Customer_4271,46,Female,Southeast,2017-06-01,91,Electricity,Residential,Single Family,1,1,1,Medium-Low,Own,1
CUST0004272,Customer_4272,40,Female,Gulf Coast,2019-04-02,69,Electricity+Water,Commercial,Condo,1,1,4,Low,Rent,0
CUST0004273,Customer_4273,27,Female,Northeast,2019-05-03,68,Gas,Residential,Apartment,1,0,3,Low,Rent,1
CUST0004274,Customer_4274,31,Female,Northeast,2020-12-31,48,Electricity+Gas,Commercial,Single Family,1,1,2,High,Own,0
CUST0004275,Customer_4275,18,Female,Northeast,2020-12-01,49,Electricity+Water,Residential,Townhouse,0,0,1,Medium-Low,Own,0
CUST0004276,Customer_4276,46,Female,Southeast,2018-06-02,79,Electricity+Water,Residential,Single Family,1,1,2,Medium-Low,Own,1
CUST0004277,Customer_4277,39,Male,Southwest,2023-07-03,18,Gas,Residential,Apartment,1,0,2,Medium-Low,Own,0
CUST0004278,Customer_4278,33,Male,Midwest,2022-11-01,26,Electricity,Small Business,Single Family,1,1,1,Medium-Low,Lease,0
CUST0004279,Customer_4279,46,Male,Southeast,2014-10-01,123,Electricity,Commercial,Single Family,1,1,3,Medium,Rent,0
CUST0004280,Customer_4280,53,Female,Northeast,2023-03-03,22,Water,Residential,Single Family,0,1,3,Medium-High,Rent,1
CUST0004281,Customer_4281,79,Female,Southeast,2021-01-31,47,Electricity+Water,Residential,Condo,1,1,2,Medium,Rent,0
CUST0004282,Customer_4282,25,Female,Southeast,2019-01-01,72,Electricity,Residential,Single Family,1,1,3,Low,Own,1
CUST0004283,Customer_4283,65,Male,West,1994-12-31,360,Electricity,Residential,Apartment,0,1,3,Medium-High,Own,1
CUST0004284,Customer_4284,62,Male,West,2022-03-03,34,Water,Small Business,Single Family,0,1,4,High,Lease,1
CUST0004285,Customer_4285,36,Male,West,2022-04-02,33,Gas,Residential,Single Family,1,1,4,Medium,Own,1
CUST0004286,Customer_4286,51,Male,Gulf Coast,2015-11-01,110,Electricity,Residential,Apartment,1,1,3,Medium-Low,Own,1
CUST0004287,Customer_4287,41,Female,Gulf Coast,2016-10-31,98,Electricity,Commercial,Apartment,0,0,2,Medium-Low,Own,1
CUST0004288,Customer_4288,50,Female,Midwest,2018-07-02,78,Electricity,Residential,Townhouse,1,0,6,Medium-Low,Own,0
CUST0004289,Customer_4289,70,Other,Midwest,2021-12-01,37,Electricity+Water,Small Business,Condo,0,0,1,Medium,Own,0
CUST0004290,Customer_4290,57,Female,Gulf Coast,2023-01-31,23,Electricity+Water,Small Business,Single Family,1,1,2,Medium-High,Own,0
CUST0004291,Customer_4291,55,Female,Southwest,2020-05-02,56,Electricity,Residential,Single Family,0,0,2,Medium-Low,Own,0
CUST0004292,Customer_4292,41,Female,Southeast,2014-08-01,125,Electricity+Water,Residential,Condo,0,1,1,Medium-Low,Own,1
CUST0004293,Customer_4293,25,Male,Southwest,2014-04-02,129,Electricity,Residential,Mobile Home,0,1,2,Medium,Own,0
CUST0004294,Customer_4294,44,Female,Gulf Coast,2024-07-02,6,Electricity+Water,Commercial,Apartment,1,1,1,Medium-Low,Own,1
CUST0004295,Customer_4295,66,Female,West,2022-04-02,33,Electricity,Small Business,Apartment,1,0,1,High,Own,1
CUST0004296,Customer_4296,25,Female,Southeast,2021-12-01,37,Water,Residential,Single Family,0,0,2,Medium-High,Rent,1
CUST0004297,Customer_4297,32,Male,Gulf Coast,2006-01-31,227,Gas,Residential,Apartment,0,0,3,Medium,Lease,0
CUST0004298,Customer_4298,49,Male,Gulf Coast,2019-06-02,67,Electricity,Residential,Single Family,1,1,4,Low,Rent,1
CUST0004299,Customer_4299,33,Male,Southeast,2022-06-02,31,Electricity+Water,Residential,Mobile Home,0,0,2,Medium-High,Rent,1
CUST0004300,Customer_4300,36,Female,Gulf Coast,2024-12-01,1,Electricity,Residential,Single Family,0,1,2,Medium,Rent,0
CUST0004301,Customer_4301,41,Male,Gulf Coast,2020-12-01,49,Electricity+Water,Small Business,Single Family,1,1,4,Medium-High,Lease,0
CUST0004302,Customer_4302,27,Female,Northeast,2024-07-02,6,Electricity,Residential,Apartment,1,1,5,Low,Lease,0
CUST0004303,Customer_4303,33,Female,Southwest,2016-01-31,107,Electricity,Commercial,Single Family,0,1,2,Medium-Low,Rent,1
CUST0004304,Customer_4304,58,Male,Southeast,2018-01-31,83,Electricity+Water,Small Business,Apartment,1,1,2,Medium,Rent,0
CUST0004305,Customer_4305,28,Female,West,2021-12-01,37,Electricity+Gas,Residential,Mobile Home,1,1,3,Medium,Own,1
CUST0004306,Customer_4306,24,Female,Gulf Coast,2022-04-02,33,Gas,Commercial,Apartment,1,1,1,Medium-Low,Own,0
CUST0004307,Customer_4307,38,Male,Midwest,2013-09-01,136,Electricity,Residential,Condo,1,0,4,Medium-Low,Own,0
CUST0004308,Customer_4308,58,Female,Midwest,2023-05-03,20,Electricity+Gas,Commercial,Single Family,1,1,4,Medium-Low,Rent,0
CUST0004309,Customer_4309,45,Male,Gulf Coast,2023-08-02,17,Gas,Residential,Single Family,1,1,1,Medium-High,Own,0
CUST0004310,Customer_4310,41,Male,Gulf Coast,2011-01-01,168,Gas,Small Business,Mobile Home,1,1,3,Medium-Low,Rent,0
CUST0004311,Customer_4311,48,Female,Northeast,2016-10-01,99,Electricity+Gas,Small Business,Single Family,1,0,2,Medium,Own,0
CUST0004312,Customer_4312,21,Female,Gulf Coast,2016-06-01,103,Electricity+Gas,Residential,Townhouse,1,0,1,Medium,Own,0
CUST0004313,Customer_4313,55,Other,Northeast,2023-12-02,13,Electricity+Water,Residential,Apartment,0,1,1,Medium-High,Own,1
CUST0004314,Customer_4314,53,Female,Southeast,2024-04-02,9,Electricity+Gas,Residential,Apartment,0,1,2,Medium-Low,Rent,1
CUST0004315,Customer_4315,41,Female,West,2024-12-01,1,Electricity,Residential,Townhouse,1,1,4,Medium-Low,Own,1
CUST0004316,Customer_4316,63,Female,West,2023-09-01,16,Electricity,Residential,Townhouse,1,0,3,Medium-Low,Own,0
CUST0004317,Customer_4317,31,Female,West,2017-08-01,89,Gas,Commercial,Mobile Home,1,1,6,Medium-Low,Rent,1
CUST0004318,Customer_4318,64,Female,Northeast,2023-09-01,16,Electricity,Small Business,Single Family,0,1,2,Medium,Rent,1
CUST0004319,Customer_4319,50,Male,Northeast,2018-07-02,78,Gas,Residential,Townhouse,0,0,8,Medium,Rent,1
CUST0004320,Customer_4320,42,Female,Gulf Coast,2023-08-02,17,Water,Residential,Single Family,0,1,3,High,Own,0
CUST0004321,Customer_4321,47,Male,Northeast,2022-07-02,30,Electricity+Water,Residential,Townhouse,1,0,1,Medium,Rent,0
CUST0004322,Customer_4322,46,Female,Northeast,2004-08-01,245,Electricity+Gas,Commercial,Single Family,0,1,5,Low,Rent,1
CUST0004323,Customer_4323,66,Male,West,2023-09-01,16,Electricity+Gas,Residential,Apartment,1,1,3,Medium,Own,0
CUST0004324,Customer_4324,31,Female,Southwest,2022-09-01,28,Gas,Residential,Single Family,1,1,2,Medium-High,Own,1
CUST0004325,Customer_4325,36,Male,Southeast,2023-04-02,21,Electricity+Gas,Residential,Single Family,1,0,2,Medium-High,Lease,0
CUST0004326,Customer_4326,63,Male,Northeast,2024-07-02,6,Water,Commercial,Townhouse,1,1,4,High,Lease,1
CUST0004327,Customer_4327,39,Female,Gulf Coast,2021-09-01,40,Electricity+Gas,Residential,Single Family,1,1,2,Medium-High,Own,0
CUST0004328,Customer_4328,61,Male,Gulf Coast,2022-09-01,28,Electricity,Residential,Townhouse,1,1,2,Medium-Low,Rent,0
CUST0004329,Customer_4329,73,Female,Northeast,2019-01-31,71,Electricity+Gas,Residential,Apartment,0,1,1,Low,Own,0
CUST0004330,Customer_4330,41,Male,Southwest,2016-07-02,102,Electricity+Gas,Residential,Single Family,1,1,1,Medium,Rent,0
CUST0004331,Customer_4331,58,Male,Southeast,2021-01-31,47,Electricity,Residential,Single Family,0,0,5,Medium-High,Own,0
CUST0004332,Customer_4332,30,Male,West,2024-12-01,1,Electricity,Residential,Condo,0,0,2,Low,Own,1
CUST0004333,Customer_4333,59,Female,Southeast,2020-04-01,57,Water,Residential,Mobile Home,1,0,2,Medium-Low,Own,0
CUST0004334,Customer_4334,50,Male,West,2024-10-01,3,Electricity+Gas,Residential,Single Family,0,1,1,High,Rent,0
CUST0004335,Customer_4335,55,Female,Midwest,2020-04-01,57,Water,Residential,Single Family,1,0,4,High,Own,0
CUST0004336,Customer_4336,38,Male,Midwest,2019-04-02,69,Electricity,Residential,Single Family,1,1,4,Medium-Low,Own,0
CUST0004337,Customer_4337,23,Male,Gulf Coast,2023-12-02,13,Electricity,Residential,Townhouse,1,1,1,Medium-Low,Rent,0
CUST0004338,Customer_4338,55,Male,Midwest,2016-07-02,102,Electricity,Residential,Townhouse,1,1,1,Medium-High,Rent,0
CUST0004339,Customer_4339,18,Male,West,2012-12-01,145,Gas,Residential,Single Family,1,1,1,Medium,Rent,0
CUST0004340,Customer_4340,43,Female,Southeast,2016-08-31,100,Electricity+Gas,Residential,Single Family,0,1,3,Medium-High,Own,0
CUST0004341,Customer_4341,62,Female,Northeast,2023-04-02,21,Electricity+Water,Residential,Condo,0,1,4,Medium-Low,Rent,0
CUST0004342,Customer_4342,50,Female,Midwest,2020-08-01,53,Electricity+Gas,Residential,Apartment,1,0,2,Medium-High,Rent,0
CUST0004343,Customer_4343,77,Male,Midwest,2012-10-01,147,Electricity+Water,Residential,Townhouse,1,0,4,Medium-Low,Lease,0
CUST0004344,Customer_4344,63,Male,Midwest,2023-01-31,23,Electricity,Residential,Single Family,0,1,2,Medium-High,Own,1
CUST0004345,Customer_4345,38,Male,West,2016-07-02,102,Electricity,Residential,Townhouse,1,1,2,Medium-Low,Own,0
CUST0004346,Customer_4346,48,Female,Southwest,2024-12-01,1,Electricity,Residential,Apartment,0,1,2,Medium,Lease,0
CUST0004347,Customer_4347,47,Male,Gulf Coast,2024-12-01,1,Electricity+Gas,Residential,Apartment,0,1,2,Medium,Own,0
CUST0004348,Customer_4348,24,Female,Midwest,2017-12-01,85,Electricity,Residential,Apartment,1,1,2,Medium,Rent,0
CUST0004349,Customer_4349,33,Male,Southeast,2017-12-01,85,Electricity+Gas,Commercial,Apartment,0,1,1,Medium-Low,Lease,0
CUST0004350,Customer_4350,39,Male,Northeast,2017-04-02,93,Electricity,Residential,Apartment,0,0,2,Medium,Rent,1
CUST0004351,Customer_4351,18,Male,Gulf Coast,2011-10-02,159,Electricity,Residential,Single Family,1,1,2,Low,Rent,0
CUST0004352,Customer_4352,48,Male,Northeast,2024-06-01,7,Gas,Residential,Mobile Home,1,1,1,Medium-High,Own,0
CUST0004353,Customer_4353,44,Female,Northeast,2023-10-02,15,Gas,Residential,Condo,1,1,2,Low,Own,0
CUST0004354,Customer_4354,22,Male,Northeast,2013-05-02,140,Water,Residential,Apartment,1,1,2,Medium-High,Rent,0
CUST0004355,Customer_4355,54,Female,Midwest,2024-02-01,11,Water,Small Business,Single Family,1,0,2,Medium,Rent,1
CUST0004356,Customer_4356,58,Male,Midwest,2019-05-03,68,Electricity,Residential,Single Family,1,1,2,Medium-Low,Own,0
CUST0004357,Customer_4357,51,Female,Northeast,2021-04-02,45,Water,Residential,Condo,1,1,2,Medium-Low,Own,1
CUST0004358,Customer_4358,43,Male,Midwest,2024-08-01,5,Electricity+Gas,Commercial,Mobile Home,0,0,1,High,Own,1
CUST0004359,Customer_4359,56,Female,Southeast,2023-05-03,20,Electricity+Gas,Residential,Single Family,0,1,3,Medium-Low,Rent,0
CUST0004360,Customer_4360,58,Female,West,2021-05-02,44,Electricity,Residential,Townhouse,1,1,2,Medium-High,Own,0
CUST0004361,Customer_4361,52,Other,West,2015-07-02,114,Electricity+Gas,Residential,Apartment,0,1,3,Medium-Low,Own,0
CUST0004362,Customer_4362,35,Male,West,2018-12-01,73,Electricity,Residential,Single Family,1,1,6,High,Own,0
CUST0004363,Customer_4363,52,Female,Midwest,2020-03-02,58,Electricity,Small Business,Apartment,0,0,2,Medium-High,Rent,1
CUST0004364,Customer_4364,65,Male,Southeast,2021-08-01,41,Electricity,Residential,Townhouse,0,1,2,High,Own,1
CUST0004365,Customer_4365,39,Male,West,2023-04-02,21,Electricity+Gas,Small Business,Single Family,1,0,2,Medium-High,Own,0
CUST0004366,Customer_4366,79,Male,Southeast,2024-06-01,7,Electricity+Gas,Small Business,Single Family,1,1,3,Medium,Own,0
CUST0004367,Customer_4367,40,Male,Southeast,2022-06-02,31,Electricity+Water,Residential,Single Family,1,1,2,Medium-Low,Rent,1
CUST0004368,Customer_4368,48,Other,Gulf Coast,2024-12-01,1,Electricity+Gas,Residential,Condo,0,0,2,Medium-Low,Own,1
CUST0004369,Customer_4369,37,Male,Gulf Coast,2023-11-01,14,Electricity+Water,Residential,Apartment,1,1,4,Medium-Low,Own,1
CUST0004370,Customer_4370,51,Female,Gulf Coast,2022-04-02,33,Water,Commercial,Apartment,1,0,3,Medium-Low,Own,0
CUST0004371,Customer_4371,21,Female,Gulf Coast,2022-05-02,32,Electricity,Residential,Townhouse,0,1,1,Medium,Own,1
CUST0004372,Customer_4372,39,Female,Gulf Coast,2024-11-01,2,Electricity+Gas,Residential,Mobile Home,1,1,3,Medium-High,Rent,0
CUST0004373,Customer_4373,31,Female,West,2020-08-01,53,Gas,Commercial,Single Family,0,1,3,Low,Own,0
CUST0004374,Customer_4374,50,Male,Southeast,2021-01-31,47,Electricity+Gas,Residential,Single Family,0,0,1,Medium-Low,Lease,0
CUST0004375,Customer_4375,62,Female,Gulf Coast,2024-09-01,4,Electricity+Gas,Residential,Single Family,1,0,3,Medium,Rent,0
CUST0004376,Customer_4376,57,Male,Gulf Coast,2010-09-01,172,Electricity+Gas,Residential,Condo,1,0,2,Medium-High,Rent,1
CUST0004377,Customer_4377,18,Female,Southeast,2024-07-02,6,Electricity,Residential,Apartment,1,0,2,Medium-Low,Own,1
CUST0004378,Customer_4378,78,Female,Midwest,2015-06-02,115,Electricity+Gas,Residential,Townhouse,0,1,3,Medium-Low,Own,0
CUST0004379,Customer_4379,52,Other,Northeast,2024-12-01,1,Electricity,Small Business,Single Family,0,0,1,Medium-Low,Rent,1
CUST0004380,Customer_4380,36,Male,Gulf Coast,2014-05-02,128,Electricity,Residential,Apartment,1,1,3,Medium-Low,Own,0
CUST0004381,Customer_4381,50,Male,Southwest,2024-12-01,1,Electricity+Gas,Residential,Single Family,0,1,2,Medium,Own,1
CUST0004382,Customer_4382,50,Male,Southeast,2017-12-01,85,Electricity+Gas,Residential,Apartment,1,1,2,Medium,Own,1
CUST0004383,Customer_4383,37,Male,Southeast,2022-11-01,26,Electricity,Small Business,Single Family,1,1,4,Medium-High,Own,1
CUST0004384,Customer_4384,50,Male,Gulf Coast,2018-05-02,80,Electricity+Gas,Small Business,Apartment,0,1,3,High,Own,0
CUST0004385,Customer_4385,38,Female,Southwest,2022-07-02,30,Electricity+Gas,Residential,Townhouse,1,0,2,High,Own,0
CUST0004386,Customer_4386,41,Male,Midwest,2024-09-01,4,Electricity,Residential,Mobile Home,0,0,3,Medium,Own,1
CUST0004387,Customer_4387,37,Female,Midwest,2017-10-01,87,Electricity+Gas,Small Business,Single Family,1,1,3,Medium-Low,Rent,1
CUST0004388,Customer_4388,26,Female,Northeast,2024-09-01,4,Electricity,Residential,Townhouse,1,1,4,Medium-Low,Rent,0
CUST0004389,Customer_4389,50,Female,Northeast,2012-04-01,153,Water,Residential,Condo,1,1,2,Medium,Own,0
CUST0004390,Customer_4390,56,Male,Southwest,2024-10-01,3,Electricity,Residential,Single Family,1,1,4,High,Rent,0
CUST0004391,Customer_4391,55,Male,Midwest,2021-10-01,39,Gas,Residential,Apartment,1,0,3,Medium,Lease,1
CUST0004392,Customer_4392,60,Male,Southeast,2018-08-02,77,Electricity+Water,Residential,Apartment,0,1,3,High,Rent,1
CUST0004393,Customer_4393,52,Male,Southwest,2022-08-02,29,Water,Small Business,Single Family,1,1,1,Medium-Low,Rent,0
CUST0004394,Customer_4394,40,Female,Northeast,2023-11-01,14,Water,Residential,Single Family,1,1,1,Low,Own,0
CUST0004395,Customer_4395,60,Male,Gulf Coast,2017-12-01,85,Electricity,Residential,Single Family,0,1,6,Medium-High,Lease,0
CUST0004396,Customer_4396,27,Female,Southeast,2017-05-02,92,Electricity,Residential,Apartment,1,1,2,Medium-High,Own,0
CUST0004397,Customer_4397,34,Female,Northeast,2012-04-01,153,Electricity+Gas,Residential,Single Family,1,1,2,Medium,Rent,0
CUST0004398,Customer_4398,33,Female,Northeast,2022-09-01,28,Gas,Residential,Single Family,0,0,2,Low,Own,0
CUST0004399,Customer_4399,64,Male,Northeast,2021-07-02,42,Electricity+Water,Residential,Townhouse,0,0,3,Low,Own,1
CUST0004400,Customer_4400,62,Male,Northeast,2022-10-02,27,Electricity,Residential,Single Family,0,0,5,Low,Own,1
CUST0004401,Customer_4401,55,Female,Midwest,2023-08-02,17,Gas,Residential,Single Family,1,0,2,Medium,Own,0
CUST0004402,Customer_4402,64,Female,West,2018-01-31,83,Electricity+Gas,Residential,Single Family,1,1,1,Medium-Low,Rent,1
CUST0004403,Customer_4403,34,Male,Southeast,2023-01-01,24,Water,Commercial,Mobile Home,1,0,1,Medium,Lease,0
CUST0004404,Customer_4404,53,Male,Midwest,2022-04-02,33,Electricity,Residential,Single Family,1,1,1,Medium,Own,0
CUST0004405,Customer_4405,46,Male,Gulf Coast,2022-06-02,31,Electricity+Water,Small Business,Single Family,0,1,3,Medium,Rent,1
CUST0004406,Customer_4406,60,Female,Southeast,2018-11-01,74,Electricity+Gas,Residential,Single Family,0,0,2,Medium,Rent,1
CUST0004407,Customer_4407,46,Male,West,2012-08-01,149,Water,Residential,Single Family,1,1,2,Medium,Own,0
CUST0004408,Customer_4408,42,Female,Northeast,2019-08-02,65,Electricity+Gas,Residential,Apartment,1,1,4,Medium-Low,Lease,0
CUST0004409,Customer_4409,56,Male,Northeast,2021-11-01,38,Water,Residential,Mobile Home,1,1,3,Medium-Low,Own,0
CUST0004410,Customer_4410,61,Female,Midwest,2017-07-02,90,Electricity,Residential,Apartment,1,1,3,Medium-Low,Lease,0
CUST0004411,Customer_4411,37,Female,Southeast,2019-12-02,61,Water,Residential,Apartment,1,0,3,Low,Lease,0
CUST0004412,Customer_4412,47,Female,Gulf Coast,2024-10-01,3,Electricity+Gas,Residential,Single Family,1,1,3,Medium-Low,Own,0
CUST0004413,Customer_4413,32,Male,Northeast,2024-07-02,6,Gas,Residential,Single Family,0,0,1,Medium-Low,Rent,1
CUST0004414,Customer_4414,18,Male,Southwest,2024-11-01,2,Electricity,Small Business,Single Family,0,1,1,Medium-Low,Rent,1
CUST0004415,Customer_4415,51,Male,Southwest,2022-01-01,36,Electricity+Gas,Residential,Townhouse,1,1,2,Medium-High,Rent,1
CUST0004416,Customer_4416,57,Female,Northeast,2016-05-02,104,Electricity,Residential,Apartment,0,0,1,High,Own,1
CUST0004417,Customer_4417,51,Female,West,2023-03-03,22,Electricity,Small Business,Single Family,1,0,1,High,Rent,1
CUST0004418,Customer_4418,18,Female,Midwest,2022-08-02,29,Electricity,Residential,Single Family,0,1,4,Medium-High,Rent,0
CUST0004419,Customer_4419,42,Male,West,2012-12-31,144,Electricity,Small Business,Single Family,0,1,1,Medium-High,Own,0
CUST0004420,Customer_4420,18,Female,West,2016-01-01,108,Electricity+Gas,Commercial,Townhouse,1,0,3,High,Rent,0
CUST0004421,Customer_4421,68,Male,Southeast,2019-08-02,65,Electricity,Residential,Apartment,1,1,6,Medium-High,Rent,1
CUST0004422,Customer_4422,31,Female,Midwest,2023-07-03,18,Electricity,Residential,Townhouse,0,0,2,Medium,Own,0
CUST0004423,Customer_4423,66,Male,Southeast,2024-06-01,7,Electricity,Commercial,Apartment,1,1,3,Medium,Lease,0
CUST0004424,Customer_4424,62,Female,Southeast,2024-12-01,1,Gas,Residential,Single Family,0,0,1,Medium-Low,Own,0
CUST0004425,Customer_4425,34,Male,Northeast,2024-07-02,6,Electricity+Gas,Residential,Mobile Home,1,1,3,Low,Rent,0
CUST0004426,Customer_4426,31,Male,Gulf Coast,2023-05-03,20,Gas,Residential,Single Family,1,1,3,Medium-Low,Own,0
CUST0004427,Customer_4427,53,Female,Midwest,2020-12-31,48,Gas,Residential,Single Family,0,0,6,Medium,Lease,0
CUST0004428,Customer_4428,35,Male,Northeast,2024-10-01,3,Gas,Commercial,Condo,1,1,4,Medium-High,Rent,1
CUST0004429,Customer_4429,49,Female,Northeast,2024-05-02,8,Water,Residential,Single Family,1,1,1,Medium-High,Own,1
CUST0004430,Customer_4430,40,Female,Southeast,2024-02-01,11,Electricity,Residential,Apartment,0,1,2,High,Rent,0
CUST0004431,Customer_4431,21,Female,Northeast,2020-02-01,59,Electricity+Water,Residential,Condo,1,1,1,Medium-Low,Own,0
CUST0004432,Customer_4432,18,Male,Southeast,2020-04-01,57,Electricity,Residential,Apartment,1,1,8,High,Own,0
CUST0004433,Customer_4433,51,Female,Northeast,2020-12-31,48,Electricity+Gas,Residential,Single Family,1,0,3,Medium-High,Own,1
CUST0004434,Customer_4434,39,Female,Northeast,2023-08-02,17,Gas,Commercial,Apartment,1,1,3,Low,Own,1
CUST0004435,Customer_4435,39,Male,Southwest,2022-10-02,27,Electricity,Commercial,Condo,0,1,2,Medium,Lease,0
CUST0004436,Customer_4436,58,Female,Gulf Coast,2024-07-02,6,Electricity+Gas,Residential,Apartment,0,1,1,Medium-Low,Own,1
CUST0004437,Customer_4437,65,Male,Midwest,2023-10-02,15,Water,Residential,Apartment,1,1,1,Low,Own,0
CUST0004438,Customer_4438,43,Male,West,2013-09-01,136,Gas,Residential,Mobile Home,1,1,3,Medium,Own,0
CUST0004439,Customer_4439,42,Male,Northeast,2005-08-01,233,Gas,Residential,Mobile Home,1,0,4,Medium,Lease,1
CUST0004440,Customer_4440,55,Male,West,2019-11-01,62,Electricity,Residential,Apartment,1,0,1,Medium-Low,Own,0
CUST0004441,Customer_4441,27,Male,Northeast,2012-08-01,149,Electricity+Water,Small Business,Single Family,0,1,4,High,Own,0
CUST0004442,Customer_4442,51,Female,West,2019-12-02,61,Water,Residential,Townhouse,0,1,1,Medium,Rent,0
CUST0004443,Customer_4443,56,Female,Gulf Coast,2024-11-01,2,Gas,Small Business,Single Family,0,1,1,Medium-Low,Lease,1
CUST0004444,Customer_4444,58,Male,West,1996-06-01,343,Water,Residential,Townhouse,0,0,1,Medium-High,Rent,1
CUST0004445,Customer_4445,18,Female,West,2024-07-02,6,Electricity,Commercial,Single Family,1,1,1,Medium,Rent,0
CUST0004446,Customer_4446,36,Female,Southwest,2019-05-03,68,Electricity+Gas,Residential,Townhouse,0,0,1,Medium,Own,1
CUST0004447,Customer_4447,34,Female,Southeast,2023-08-02,17,Electricity+Gas,Small Business,Single Family,1,1,4,Medium-High,Rent,1
CUST0004448,Customer_4448,49,Female,Southwest,2022-08-02,29,Gas,Residential,Mobile Home,1,0,3,Low,Rent,0
CUST0004449,Customer_4449,55,Female,Midwest,2019-11-01,62,Electricity,Commercial,Single Family,1,1,2,Medium,Rent,1
CUST0004450,Customer_4450,70,Male,Northeast,2022-03-03,34,Electricity+Water,Small Business,Single Family,0,1,1,Medium-High,Own,1
CUST0004451,Customer_4451,40,Male,Midwest,2023-08-02,17,Water,Small Business,Townhouse,1,1,4,Medium,Own,0
CUST0004452,Customer_4452,40,Male,Southwest,2023-01-01,24,Water,Residential,Apartment,1,0,5,Low,Own,0
CUST0004453,Customer_4453,65,Female,Northeast,2022-12-01,25,Electricity,Residential,Apartment,1,0,2,Medium-High,Rent,1
CUST0004454,Customer_4454,52,Male,Southwest,2008-12-31,192,Electricity,Residential,Mobile Home,1,0,1,High,Rent,1
CUST0004455,Customer_4455,67,Female,Southwest,2016-12-31,96,Electricity+Gas,Residential,Apartment,1,1,2,Medium-High,Own,0
CUST0004456,Customer_4456,52,Male,Northeast,2022-01-01,36,Water,Small Business,Townhouse,1,0,2,Medium-High,Own,0
CUST0004457,Customer_4457,30,Female,Midwest,2023-12-02,13,Electricity+Water,Residential,Single Family,0,0,1,Medium-Low,Lease,0
CUST0004458,Customer_4458,28,Male,Gulf Coast,2016-10-01,99,Electricity,Residential,Townhouse,1,1,2,Medium-Low,Own,0
CUST0004459,Customer_4459,24,Male,Gulf Coast,2024-03-02,10,Electricity+Gas,Residential,Single Family,1,1,2,Medium-Low,Rent,1
CUST0004460,Customer_4460,57,Male,Midwest,2023-11-01,14,Electricity+Gas,Residential,Apartment,0,1,3,Medium-High,Own,0
CUST0004461,Customer_4461,65,Male,Southeast,2022-10-02,27,Electricity,Residential,Condo,1,0,3,High,Rent,1
CUST0004462,Customer_4462,75,Male,Northeast,2014-06-02,127,Gas,Residential,Apartment,1,1,5,Medium-High,Own,1
CUST0004463,Customer_4463,60,Female,Northeast,2024-05-02,8,Electricity,Residential,Mobile Home,1,0,4,Medium-Low,Rent,0
CUST0004464,Customer_4464,65,Male,Southeast,2024-06-01,7,Electricity+Gas,Residential,Townhouse,0,1,6,Medium,Rent,1
CUST0004465,Customer_4465,39,Male,Gulf Coast,2021-09-01,40,Electricity+Water,Residential,Townhouse,0,1,1,High,Rent,0
CUST0004466,Customer_4466,30,Female,Gulf Coast,2023-06-02,19,Electricity+Water,Commercial,Apartment,0,1,2,Medium-Low,Own,1
CUST0004467,Customer_4467,60,Male,West,2020-10-31,50,Electricity+Gas,Commercial,Apartment,0,0,1,Medium,Rent,1
CUST0004468,Customer_4468,54,Female,Southeast,2022-01-01,36,Electricity,Residential,Single Family,1,1,1,High,Own,0
CUST0004469,Customer_4469,49,Other,Northeast,2022-03-03,34,Electricity+Gas,Residential,Single Family,0,1,1,Medium-High,Lease,0
CUST0004470,Customer_4470,53,Male,Southwest,2024-06-01,7,Electricity+Water,Residential,Single Family,1,1,3,Medium-Low,Rent,0
CUST0004471,Customer_4471,52,Male,Southwest,2024-04-02,9,Electricity+Gas,Commercial,Mobile Home,1,0,2,Low,Rent,0
CUST0004472,Customer_4472,67,Male,Midwest,2016-06-01,103,Gas,Residential,Single Family,0,1,4,Medium,Own,0
CUST0004473,Customer_4473,67,Female,West,2014-03-02,130,Electricity+Water,Residential,Townhouse,0,0,2,High,Own,0
CUST0004474,Customer_4474,56,Female,West,2023-09-01,16,Water,Commercial,Apartment,1,1,3,Medium,Own,1
CUST0004475,Customer_4475,60,Female,West,2024-06-01,7,Electricity+Water,Commercial,Apartment,1,1,1,Medium,Own,1
CUST0004476,Customer_4476,55,Female,Midwest,2024-10-01,3,Electricity+Water,Small Business,Apartment,0,1,2,Medium-High,Own,1
CUST0004477,Customer_4477,41,Male,West,2020-05-02,56,Gas,Small Business,Single Family,0,1,2,Medium,Own,0
CUST0004478,Customer_4478,59,Female,Northeast,2018-10-01,75,Electricity+Water,Commercial,Condo,1,0,1,Medium,Own,0
CUST0004479,Customer_4479,27,Female,West,2022-10-02,27,Electricity+Gas,Commercial,Condo,0,1,1,Medium-Low,Own,0
CUST0004480,Customer_4480,63,Female,Southeast,2019-05-03,68,Electricity,Residential,Apartment,1,0,4,Medium-Low,Own,0
CUST0004481,Customer_4481,30,Female,Southeast,2018-11-01,74,Electricity+Gas,Commercial,Condo,0,0,4,Medium-Low,Own,1
CUST0004482,Customer_4482,52,Female,Northeast,2011-05-02,164,Gas,Small Business,Single Family,0,1,2,Low,Rent,1
CUST0004483,Customer_4483,35,Male,Southeast,2024-09-01,4,Electricity,Residential,Single Family,1,1,6,Medium-High,Rent,0
CUST0004484,Customer_4484,56,Male,Gulf Coast,2024-01-01,12,Electricity+Water,Residential,Apartment,0,1,4,Medium-Low,Own,0
CUST0004485,Customer_4485,47,Female,Midwest,2024-09-01,4,Electricity,Small Business,Condo,0,1,3,Low,Rent,0
CUST0004486,Customer_4486,24,Male,Gulf Coast,2014-12-01,121,Electricity+Water,Residential,Single Family,1,1,3,Medium,Rent,1
CUST0004487,Customer_4487,54,Female,Northeast,2017-03-02,94,Electricity,Small Business,Apartment,1,0,1,Medium,Own,0
CUST0004488,Customer_4488,39,Male,Southeast,2020-10-01,51,Gas,Residential,Single Family,0,1,1,Medium,Rent,0
CUST0004489,Customer_4489,61,Female,Southwest,2024-08-01,5,Gas,Commercial,Mobile Home,0,0,3,Medium,Rent,1
CUST0004490,Customer_4490,48,Female,Southeast,2023-06-02,19,Electricity+Gas,Residential,Townhouse,0,1,4,Low,Rent,0
CUST0004491,Customer_4491,53,Male,Southwest,2023-04-02,21,Electricity,Residential,Single Family,0,1,4,Low,Own,0
CUST0004492,Customer_4492,33,Female,Midwest,2020-12-01,49,Electricity+Water,Commercial,Mobile Home,0,1,2,Low,Own,0
CUST0004493,Customer_4493,39,Female,West,2023-08-02,17,Electricity+Gas,Residential,Single Family,1,1,3,High,Own,0
CUST0004494,Customer_4494,41,Female,Midwest,2024-09-01,4,Water,Small Business,Apartment,0,1,1,Medium,Rent,1
CUST0004495,Customer_4495,60,Male,Southwest,2018-07-02,78,Electricity,Residential,Single Family,1,1,4,Medium-Low,Rent,0
CUST0004496,Customer_4496,73,Male,Southeast,2023-04-02,21,Gas,Commercial,Single Family,0,0,1,Medium,Own,0
CUST0004497,Customer_4497,35,Male,West,2022-01-01,36,Electricity+Water,Residential,Single Family,0,1,3,Medium,Own,1
CUST0004498,Customer_4498,64,Male,Southwest,2024-05-02,8,Electricity,Residential,Single Family,0,1,1,Medium-Low,Own,1
CUST0004499,Customer_4499,18,Female,Southeast,2016-12-01,97,Electricity,Commercial,Mobile Home,1,0,5,Medium-High,Own,1
CUST0004500,Customer_4500,30,Other,Southeast,2020-10-31,50,Gas,Residential,Apartment,0,1,4,Medium-Low,Own,0
CUST0004501,Customer_4501,33,Female,Southwest,2013-06-01,139,Electricity+Water,Commercial,Single Family,1,1,1,Medium-Low,Own,0
CUST0004502,Customer_4502,27,Female,Gulf Coast,2021-08-01,41,Gas,Small Business,Apartment,1,0,2,High,Own,0
CUST0004503,Customer_4503,24,Female,Northeast,2010-11-01,170,Gas,Residential,Townhouse,0,1,3,Medium-Low,Own,1
CUST0004504,Customer_4504,54,Male,West,2013-12-01,133,Electricity+Gas,Residential,Mobile Home,1,0,3,Medium,Own,0
CUST0004505,Customer_4505,44,Female,Midwest,2020-10-01,51,Electricity+Water,Residential,Apartment,0,1,1,Medium-Low,Rent,1
CUST0004506,Customer_4506,53,Male,Midwest,2011-07-02,162,Electricity,Residential,Townhouse,0,1,1,Medium,Lease,1
CUST0004507,Customer_4507,58,Female,Gulf Coast,2023-01-31,23,Electricity,Residential,Single Family,0,1,4,Low,Rent,1
CUST0004508,Customer_4508,51,Male,Southwest,2022-10-02,27,Electricity,Residential,Single Family,1,0,4,Medium-Low,Rent,0
CUST0004509,Customer_4509,57,Male,West,2024-11-01,2,Electricity,Commercial,Apartment,0,1,1,Low,Rent,0
CUST0004510,Customer_4510,46,Female,Midwest,2020-08-01,53,Electricity,Residential,Apartment,1,1,1,Medium-High,Rent,1
CUST0004511,Customer_4511,30,Female,Southeast,2018-09-01,76,Electricity,Residential,Apartment,0,1,3,High,Own,0
CUST0004512,Customer_4512,63,Female,West,2017-08-01,89,Electricity+Gas,Residential,Townhouse,1,1,3,Low,Own,0
CUST0004513,Customer_4513,39,Female,Gulf Coast,2024-04-02,9,Electricity,Residential,Apartment,1,1,2,Low,Own,1
CUST0004514,Customer_4514,33,Male,West,2022-01-31,35,Gas,Small Business,Mobile Home,0,1,1,Medium,Rent,1
CUST0004515,Customer_4515,45,Female,Southeast,2024-02-01,11,Electricity+Water,Residential,Mobile Home,1,1,1,Medium,Own,1
CUST0004516,Customer_4516,34,Male,Southeast,2019-08-02,65,Electricity,Commercial,Apartment,0,0,5,Medium,Own,0
CUST0004517,Customer_4517,41,Female,Midwest,2024-03-02,10,Gas,Residential,Apartment,0,0,2,Medium-High,Rent,1
CUST0004518,Customer_4518,53,Female,Southwest,2013-05-02,140,Electricity,Residential,Apartment,1,1,1,Medium-High,Own,1
CUST0004519,Customer_4519,53,Male,Southeast,2023-10-02,15,Electricity+Gas,Small Business,Single Family,0,1,2,Low,Own,1
CUST0004520,Customer_4520,34,Female,Southeast,2023-05-03,20,Electricity+Gas,Small Business,Mobile Home,1,1,1,Low,Rent,1
CUST0004521,Customer_4521,40,Female,West,2015-07-02,114,Water,Small Business,Single Family,0,0,3,Medium-High,Own,1
CUST0004522,Customer_4522,64,Male,West,2022-01-01,36,Electricity+Gas,Residential,Apartment,0,1,1,Medium,Own,0
CUST0004523,Customer_4523,55,Female,West,2024-12-01,1,Electricity+Water,Residential,Single Family,0,1,6,High,Own,1
CUST0004524,Customer_4524,79,Female,Gulf Coast,2021-09-01,40,Water,Residential,Townhouse,1,1,2,Medium,Rent,1
CUST0004525,Customer_4525,65,Female,Southeast,2024-08-01,5,Electricity,Residential,Single Family,0,1,1,Medium,Own,0
CUST0004526,Customer_4526,65,Male,Gulf Coast,2003-12-01,253,Electricity,Residential,Condo,0,1,1,Medium,Rent,0
CUST0004527,Customer_4527,27,Male,Southwest,2020-08-01,53,Electricity+Gas,Small Business,Single Family,1,1,1,Medium-Low,Own,0
CUST0004528,Customer_4528,59,Female,Gulf Coast,2023-08-02,17,Electricity+Water,Residential,Condo,0,0,6,Medium-Low,Own,0
CUST0004529,Customer_4529,47,Male,Southeast,2020-12-01,49,Gas,Residential,Mobile Home,1,1,5,High,Own,1
CUST0004530,Customer_4530,39,Other,Southeast,2024-09-01,4,Electricity,Residential,Townhouse,1,1,1,Medium-Low,Rent,1
CUST0004531,Customer_4531,50,Male,West,2016-12-31,96,Electricity+Water,Residential,Apartment,1,0,2,Medium-Low,Rent,1
CUST0004532,Customer_4532,62,Female,Gulf Coast,2012-01-31,155,Electricity,Residential,Single Family,1,1,3,Medium,Own,1
CUST0004533,Customer_4533,55,Female,West,2014-09-01,124,Electricity+Gas,Small Business,Mobile Home,0,1,3,Medium,Own,1
CUST0004534,Customer_4534,34,Male,West,2022-12-01,25,Electricity,Commercial,Townhouse,0,1,8,Low,Own,0
CUST0004535,Customer_4535,59,Male,Southeast,2023-01-31,23,Electricity,Residential,Single Family,0,1,3,Medium,Lease,1
CUST0004536,Customer_4536,38,Female,West,2024-11-01,2,Gas,Residential,Apartment,0,1,3,Medium-Low,Own,1
CUST0004537,Customer_4537,51,Female,West,2019-10-02,63,Electricity+Gas,Small Business,Single Family,0,1,2,Medium-High,Rent,0
CUST0004538,Customer_4538,43,Male,West,2021-04-02,45,Electricity,Residential,Townhouse,1,0,3,Medium-High,Own,1
CUST0004539,Customer_4539,44,Female,West,2022-01-01,36,Water,Residential,Single Family,1,1,1,High,Rent,0
CUST0004540,Customer_4540,59,Male,Northeast,2013-03-02,142,Electricity,Residential,Townhouse,0,0,2,Medium-High,Rent,0
CUST0004541,Customer_4541,32,Male,Southwest,2024-02-01,11,Electricity+Gas,Residential,Townhouse,0,0,3,Medium-High,Rent,1
CUST0004542,Customer_4542,77,Female,Midwest,2024-12-01,1,Electricity,Small Business,Single Family,0,0,1,Medium-High,Lease,1
CUST0004543,Customer_4543,20,Male,Gulf Coast,2024-09-01,4,Water,Commercial,Mobile Home,0,0,2,Medium-Low,Rent,0
CUST0004544,Customer_4544,39,Female,Southwest,2023-10-02,15,Water,Residential,Townhouse,1,1,2,Medium-Low,Lease,1
CUST0004545,Customer_4545,53,Male,Southwest,2024-11-01,2,Electricity,Residential,Apartment,1,1,5,Medium,Rent,1
CUST0004546,Customer_4546,56,Male,Gulf Coast,2021-08-01,41,Electricity,Residential,Condo,0,0,2,High,Rent,1
CUST0004547,Customer_4547,46,Male,Northeast,2023-03-03,22,Electricity+Water,Residential,Condo,1,0,1,Medium,Rent,0
CUST0004548,Customer_4548,47,Female,Southeast,2024-02-01,11,Gas,Commercial,Townhouse,0,0,5,Medium-Low,Own,0
CUST0004549,Customer_4549,54,Female,Southwest,2018-01-31,83,Gas,Residential,Single Family,1,1,1,High,Own,0
CUST0004550,Customer_4550,44,Female,Southeast,2023-12-02,13,Electricity,Residential,Apartment,0,1,5,Medium-High,Own,0
CUST0004551,Customer_4551,68,Male,Southeast,2019-04-02,69,Electricity+Water,Residential,Condo,0,0,2,Medium-High,Own,0
CUST0004552,Customer_4552,60,Male,Gulf Coast,2022-12-01,25,Electricity+Water,Residential,Apartment,1,1,2,Medium-High,Lease,0
CUST0004553,Customer_4553,61,Female,Southwest,2021-06-02,43,Electricity,Residential,Apartment,1,1,1,Medium,Own,0
CUST0004554,Customer_4554,33,Male,Northeast,2011-07-02,162,Electricity+Gas,Residential,Mobile Home,1,0,7,Low,Own,0
CUST0004555,Customer_4555,46,Female,Southeast,2024-11-01,2,Electricity+Water,Small Business,Single Family,0,0,3,Medium-Low,Own,1
CUST0004556,Customer_4556,43,Male,Northeast,2021-08-01,41,Gas,Residential,Single Family,0,1,4,High,Rent,1
CUST0004557,Customer_4557,32,Female,Southwest,2015-06-02,115,Gas,Small Business,Condo,0,1,3,Medium-Low,Rent,0
CUST0004558,Customer_4558,53,Male,Northeast,2020-08-01,53,Gas,Commercial,Single Family,1,0,5,Medium-High,Rent,0
CUST0004559,Customer_4559,39,Female,Gulf Coast,2023-06-02,19,Electricity,Commercial,Single Family,0,1,2,Medium,Rent,0
CUST0004560,Customer_4560,57,Male,Southwest,2022-07-02,30,Water,Residential,Mobile Home,1,0,1,High,Own,0
CUST0004561,Customer_4561,31,Male,Northeast,2019-05-03,68,Gas,Residential,Townhouse,1,1,4,Medium,Lease,0
CUST0004562,Customer_4562,73,Male,Southeast,2013-12-31,132,Electricity+Gas,Small Business,Apartment,1,0,1,Medium,Own,0
CUST0004563,Customer_4563,34,Male,Southwest,2024-11-01,2,Electricity,Residential,Townhouse,1,1,3,Medium-Low,Own,1
CUST0004564,Customer_4564,51,Male,Southeast,2024-09-01,4,Water,Small Business,Single Family,1,1,1,Low,Rent,1
CUST0004565,Customer_4565,59,Female,Midwest,2023-01-31,23,Water,Residential,Apartment,0,1,5,Medium-High,Own,0
CUST0004566,Customer_4566,39,Female,Gulf Coast,2023-10-02,15,Electricity+Gas,Small Business,Apartment,1,0,1,Low,Rent,1
CUST0004567,Customer_4567,60,Female,Southeast,2023-07-03,18,Electricity+Water,Residential,Single Family,1,0,3,Medium-High,Own,0
CUST0004568,Customer_4568,29,Female,Southeast,2023-10-02,15,Electricity,Small Business,Townhouse,1,1,1,Medium,Own,0
CUST0004569,Customer_4569,69,Female,West,2023-12-02,13,Water,Residential,Single Family,0,1,1,Medium-High,Own,0
CUST0004570,Customer_4570,48,Male,Southeast,2024-05-02,8,Electricity+Gas,Residential,Single Family,1,1,3,Medium-Low,Rent,1
CUST0004571,Customer_4571,39,Male,Northeast,2011-06-02,163,Electricity,Residential,Single Family,1,1,1,Medium,Own,0
CUST0004572,Customer_4572,43,Male,Southeast,2024-04-02,9,Electricity,Residential,Apartment,1,1,1,Medium,Own,0
CUST0004573,Customer_4573,60,Female,Gulf Coast,2023-12-02,13,Electricity,Commercial,Condo,0,1,3,Low,Rent,0
CUST0004574,Customer_4574,39,Male,Gulf Coast,2023-09-01,16,Electricity+Water,Residential,Apartment,1,0,3,Medium-High,Rent,0
CUST0004575,Customer_4575,36,Male,Southeast,2011-07-02,162,Water,Residential,Single Family,0,0,1,Medium-Low,Own,0
CUST0004576,Customer_4576,44,Female,Southwest,2018-01-01,84,Electricity+Gas,Small Business,Single Family,0,0,1,Low,Own,0
CUST0004577,Customer_4577,30,Male,Northeast,2017-04-02,93,Electricity,Residential,Apartment,0,1,1,Medium-Low,Rent,1
CUST0004578,Customer_4578,75,Female,West,2024-07-02,6,Electricity+Water,Residential,Single Family,0,1,3,Low,Own,1
CUST0004579,Customer_4579,39,Female,Southeast,2016-01-01,108,Electricity,Residential,Single Family,0,1,4,Medium-High,Lease,0
CUST0004580,Customer_4580,60,Male,Northeast,2022-06-02,31,Electricity+Gas,Residential,Townhouse,1,1,1,Medium,Own,0
CUST0004581,Customer_4581,51,Male,West,2023-07-03,18,Water,Commercial,Townhouse,1,1,2,Low,Own,0
CUST0004582,Customer_4582,33,Female,Southeast,2020-10-01,51,Electricity,Small Business,Condo,1,1,2,Medium-Low,Own,0
CUST0004583,Customer_4583,47,Female,Northeast,2016-06-01,103,Electricity+Gas,Commercial,Condo,1,1,1,Medium-High,Own,0
CUST0004584,Customer_4584,59,Male,West,2017-07-02,90,Electricity,Residential,Single Family,1,1,1,Medium-High,Rent,0
CUST0004585,Customer_4585,45,Female,West,2013-12-31,132,Electricity,Commercial,Townhouse,0,0,2,Low,Rent,0
CUST0004586,Customer_4586,65,Female,West,2011-12-01,157,Electricity+Gas,Residential,Apartment,0,1,3,Low,Own,1
CUST0004587,Customer_4587,63,Male,Gulf Coast,2023-09-01,16,Electricity,Residential,Single Family,1,1,1,High,Lease,0
CUST0004588,Customer_4588,61,Male,Midwest,2022-04-02,33,Gas,Residential,Apartment,1,0,4,Medium-Low,Rent,0
CUST0004589,Customer_4589,41,Female,Northeast,2024-12-01,1,Electricity,Residential,Single Family,1,0,3,Medium-Low,Own,0
CUST0004590,Customer_4590,31,Male,Northeast,2014-07-02,126,Gas,Small Business,Single Family,0,1,2,Low,Own,0
CUST0004591,Customer_4591,38,Female,Southeast,2024-03-02,10,Electricity,Residential,Single Family,0,1,3,Medium,Own,1
CUST0004592,Customer_4592,50,Male,Northeast,2015-03-03,118,Water,Small Business,Mobile Home,0,1,1,Medium-High,Rent,1
CUST0004593,Customer_4593,56,Female,Midwest,2023-01-31,23,Electricity,Residential,Condo,0,0,2,Medium,Rent,0
CUST0004594,Customer_4594,18,Female,Northeast,2022-10-02,27,Water,Residential,Apartment,1,1,5,Low,Own,1
CUST0004595,Customer_4595,47,Female,Midwest,2024-11-01,2,Electricity+Gas,Residential,Single Family,1,1,3,Medium,Rent,0
CUST0004596,Customer_4596,50,Male,Northeast,2023-01-31,23,Gas,Residential,Single Family,1,0,1,Medium-Low,Lease,0
CUST0004597,Customer_4597,43,Male,Southeast,2014-01-31,131,Electricity+Water,Commercial,Apartment,0,0,2,Medium,Rent,0
CUST0004598,Customer_4598,67,Female,West,2024-12-01,1,Electricity,Small Business,Apartment,1,1,1,Medium,Rent,0
CUST0004599,Customer_4599,54,Male,Southeast,2022-06-02,31,Electricity,Residential,Townhouse,1,1,3,High,Own,0
CUST0004600,Customer_4600,67,Male,Southeast,2024-12-01,1,Electricity,Residential,Single Family,0,1,1,Medium,Own,1
CUST0004601,Customer_4601,44,Female,Gulf Coast,2022-10-02,27,Gas,Residential,Apartment,0,1,3,Medium,Lease,1
CUST0004602,Customer_4602,62,Male,West,2024-02-01,11,Electricity+Water,Residential,Mobile Home,0,1,6,Medium,Rent,1
CUST0004603,Customer_4603,72,Male,Midwest,2023-08-02,17,Electricity,Small Business,Single Family,0,1,1,Medium-Low,Rent,0
CUST0004604,Customer_4604,67,Male,Southwest,2014-07-02,126,Water,Residential,Apartment,1,1,1,Medium,Own,0
CUST0004605,Customer_4605,31,Female,Southwest,2022-03-03,34,Electricity+Gas,Residential,Single Family,0,1,1,Medium-Low,Rent,0
CUST0004606,Customer_4606,44,Female,Northeast,2023-06-02,19,Electricity,Small Business,Single Family,1,1,3,Medium-High,Rent,1
CUST0004607,Customer_4607,42,Male,Northeast,2020-08-01,53,Electricity+Water,Residential,Condo,1,1,1,Medium-Low,Rent,1
CUST0004608,Customer_4608,55,Male,Southwest,2024-04-02,9,Electricity+Water,Residential,Townhouse,0,1,2,Medium-Low,Rent,1
CUST0004609,Customer_4609,58,Male,Southeast,2023-07-03,18,Electricity+Water,Small Business,Apartment,1,0,3,Medium,Lease,0
CUST0004610,Customer_4610,35,Female,Northeast,2021-01-31,47,Electricity+Gas,Residential,Single Family,0,1,2,Medium,Own,1
CUST0004611,Customer_4611,49,Male,Southeast,2023-09-01,16,Electricity,Residential,Condo,1,1,4,Medium,Own,0
CUST0004612,Customer_4612,18,Female,Northeast,2019-05-03,68,Gas,Small Business,Single Family,0,1,2,Medium-High,Rent,1
CUST0004613,Customer_4613,69,Male,Gulf Coast,2021-09-01,40,Electricity+Gas,Residential,Single Family,1,1,4,Medium-Low,Own,0
CUST0004614,Customer_4614,40,Other,Southeast,2017-09-01,88,Gas,Residential,Condo,1,1,3,Medium-High,Lease,0
CUST0004615,Customer_4615,48,Male,Northeast,2010-04-02,177,Electricity+Gas,Residential,Condo,0,1,2,Low,Own,1
CUST0004616,Customer_4616,43,Female,Southwest,2024-06-01,7,Water,Commercial,Townhouse,0,1,4,Medium-Low,Rent,0
CUST0004617,Customer_4617,65,Male,Midwest,2023-01-01,24,Electricity,Residential,Apartment,1,0,2,Low,Rent,1
CUST0004618,Customer_4618,18,Male,Southwest,2023-01-31,23,Gas,Residential,Single Family,0,0,3,Medium,Rent,1
CUST0004619,Customer_4619,47,Female,Midwest,2024-04-02,9,Electricity+Water,Residential,Mobile Home,1,1,2,Medium-Low,Rent,0
CUST0004620,Customer_4620,46,Female,Midwest,2016-10-01,99,Electricity,Residential,Apartment,1,1,4,Medium-Low,Own,1
CUST0004621,Customer_4621,41,Male,West,2017-12-01,85,Electricity,Residential,Single Family,1,0,2,Medium,Own,0
CUST0004622,Customer_4622,73,Female,Southeast,2021-10-01,39,Electricity,Residential,Single Family,1,1,3,Medium,Rent,0
CUST0004623,Customer_4623,34,Female,Southeast,2021-03-02,46,Electricity,Residential,Single Family,0,1,1,Medium,Rent,0
CUST0004624,Customer_4624,59,Female,Gulf Coast,2024-10-01,3,Gas,Small Business,Single Family,1,1,5,Medium,Own,0
CUST0004625,Customer_4625,53,Male,Southeast,2020-12-31,48,Electricity,Commercial,Single Family,0,0,1,High,Rent,0
CUST0004626,Customer_4626,66,Female,Southeast,2017-03-02,94,Electricity,Residential,Single Family,0,0,4,Medium-High,Own,0
CUST0004627,Customer_4627,37,Female,Southeast,2020-10-01,51,Electricity+Gas,Commercial,Single Family,1,0,2,Medium-Low,Rent,1
CUST0004628,Customer_4628,37,Male,Northeast,2023-07-03,18,Electricity,Residential,Single Family,1,1,3,Medium-High,Own,1
CUST0004629,Customer_4629,64,Female,Southeast,2019-07-02,66,Electricity,Residential,Single Family,1,0,1,Medium,Own,0
CUST0004630,Customer_4630,54,Male,Northeast,2022-11-01,26,Electricity+Water,Residential,Single Family,1,0,3,Low,Own,0
CUST0004631,Customer_4631,24,Male,Northeast,2021-01-31,47,Electricity+Gas,Residential,Single Family,1,0,1,Low,Rent,1
CUST0004632,Customer_4632,39,Female,Southeast,2021-09-01,40,Electricity,Residential,Single Family,0,1,2,Medium-High,Rent,1
CUST0004633,Customer_4633,53,Female,Northeast,2022-09-01,28,Electricity+Water,Residential,Apartment,1,1,5,Medium,Own,1
CUST0004634,Customer_4634,60,Male,West,2018-09-01,76,Electricity,Small Business,Apartment,0,1,1,Medium,Own,0
CUST0004635,Customer_4635,37,Male,West,2014-04-02,129,Electricity,Residential,Single Family,0,1,2,Medium-Low,Own,1
CUST0004636,Customer_4636,18,Female,Midwest,2024-12-01,1,Electricity+Water,Residential,Single Family,1,1,2,High,Own,1
CUST0004637,Customer_4637,55,Male,Gulf Coast,2011-07-02,162,Electricity,Commercial,Mobile Home,1,1,5,Medium-High,Rent,0
CUST0004638,Customer_4638,29,Female,West,2021-07-02,42,Electricity+Water,Small Business,Apartment,1,0,3,High,Lease,0
CUST0004639,Customer_4639,18,Female,West,2019-01-01,72,Water,Residential,Townhouse,0,1,3,Low,Rent,1
CUST0004640,Customer_4640,18,Male,Southeast,2015-05-02,116,Electricity,Residential,Townhouse,1,1,5,Medium,Own,1
CUST0004641,Customer_4641,60,Female,West,2021-12-01,37,Electricity,Commercial,Single Family,1,1,2,Medium,Rent,0
CUST0004642,Customer_4642,49,Female,Gulf Coast,2016-01-01,108,Electricity,Residential,Apartment,0,0,4,Low,Own,0
CUST0004643,Customer_4643,44,Male,Southeast,2024-02-01,11,Electricity,Residential,Apartment,0,0,3,Medium-Low,Rent,1
CUST0004644,Customer_4644,68,Female,West,2024-03-02,10,Electricity+Water,Small Business,Single Family,0,1,2,Medium-Low,Rent,1
CUST0004645,Customer_4645,57,Female,West,2019-09-01,64,Gas,Residential,Townhouse,0,1,1,High,Own,1
CUST0004646,Customer_4646,72,Female,Southeast,2014-11-01,122,Electricity,Commercial,Townhouse,0,1,2,Medium,Rent,1
CUST0004647,Customer_4647,27,Female,Midwest,2013-12-01,133,Electricity+Gas,Residential,Single Family,1,1,1,Medium-Low,Own,0
CUST0004648,Customer_4648,47,Male,Northeast,2019-12-02,61,Electricity,Small Business,Single Family,1,0,3,Medium,Own,0
CUST0004649,Customer_4649,23,Male,Northeast,2021-05-02,44,Electricity,Residential,Single Family,1,0,3,Medium,Own,1
CUST0004650,Customer_4650,44,Male,Northeast,2023-01-01,24,Electricity,Residential,Single Family,1,1,1,Medium-Low,Rent,0
CUST0004651,Customer_4651,44,Male,Southwest,2005-07-02,234,Water,Commercial,Single Family,1,1,1,High,Own,0
CUST0004652,Customer_4652,57,Male,Southwest,2023-01-31,23,Electricity,Residential,Single Family,0,1,5,Medium-High,Own,1
CUST0004653,Customer_4653,48,Female,Gulf Coast,2018-04-02,81,Gas,Small Business,Single Family,1,0,2,Medium,Lease,1
CUST0004654,Customer_4654,57,Female,Midwest,2021-04-02,45,Electricity,Residential,Mobile Home,1,0,2,Medium,Lease,0
CUST0004655,Customer_4655,58,Female,Southeast,2020-05-02,56,Electricity+Gas,Small Business,Townhouse,0,0,2,Medium-High,Rent,1
CUST0004656,Customer_4656,80,Female,Northeast,2022-07-02,30,Electricity,Small Business,Apartment,0,1,3,Medium-Low,Rent,0
CUST0004657,Customer_4657,43,Female,Gulf Coast,2008-05-01,200,Electricity,Commercial,Single Family,1,0,5,Medium-High,Rent,1
CUST0004658,Customer_4658,33,Female,Midwest,2020-10-31,50,Gas,Commercial,Single Family,0,0,4,Medium-High,Rent,1
CUST0004659,Customer_4659,51,Female,West,2011-03-02,166,Electricity+Gas,Residential,Townhouse,1,0,1,Medium-High,Own,1
CUST0004660,Customer_4660,35,Male,Northeast,2024-12-01,1,Electricity,Residential,Single Family,0,0,2,Medium-Low,Own,0
CUST0004661,Customer_4661,70,Female,Midwest,2020-10-01,51,Water,Commercial,Single Family,1,0,6,Low,Rent,1
CUST0004662,Customer_4662,43,Female,Southeast,2018-10-01,75,Gas,Residential,Condo,1,1,7,Medium-Low,Rent,0
CUST0004663,Customer_4663,39,Male,Northeast,2018-03-02,82,Electricity+Gas,Residential,Single Family,0,1,4,Low,Lease,0
CUST0004664,Customer_4664,40,Female,West,2013-04-01,141,Electricity+Gas,Residential,Single Family,0,0,4,High,Rent,0
CUST0004665,Customer_4665,58,Female,Midwest,2024-12-01,1,Electricity+Water,Residential,Mobile Home,0,1,1,Medium-High,Rent,1
CUST0004666,Customer_4666,45,Male,Southeast,2024-12-01,1,Electricity+Gas,Small Business,Single Family,1,1,6,Low,Own,0
CUST0004667,Customer_4667,38,Female,West,2021-11-01,38,Electricity,Small Business,Townhouse,1,0,2,Medium,Rent,1
CUST0004668,Customer_4668,72,Male,Midwest,2024-12-01,1,Water,Residential,Mobile Home,1,1,1,Medium-Low,Own,0
CUST0004669,Customer_4669,35,Male,Northeast,2006-09-01,220,Water,Residential,Single Family,0,0,1,Low,Own,0
CUST0004670,Customer_4670,48,Female,Gulf Coast,2023-10-02,15,Electricity+Water,Residential,Condo,1,0,2,Medium-Low,Rent,1
CUST0004671,Customer_4671,57,Female,Southeast,2021-11-01,38,Electricity,Commercial,Apartment,0,0,1,Medium,Own,0
CUST0004672,Customer_4672,23,Female,West,2024-10-01,3,Electricity+Gas,Residential,Condo,0,0,4,Low,Rent,1
CUST0004673,Customer_4673,55,Female,West,2021-05-02,44,Gas,Commercial,Single Family,0,1,1,Medium-Low,Rent,0
CUST0004674,Customer_4674,32,Male,Northeast,2022-09-01,28,Electricity+Gas,Residential,Mobile Home,1,0,2,Medium-High,Own,1
CUST0004675,Customer_4675,60,Female,Midwest,2024-11-01,2,Electricity+Water,Commercial,Apartment,1,1,1,Medium-Low,Own,1
CUST0004676,Customer_4676,33,Female,Northeast,2023-01-01,24,Electricity+Gas,Small Business,Apartment,0,1,3,Medium,Own,0
CUST0004677,Customer_4677,58,Other,Southeast,2022-08-02,29,Electricity+Gas,Commercial,Condo,1,1,2,Medium-High,Own,0
CUST0004678,Customer_4678,64,Male,West,2002-01-30,275,Electricity,Small Business,Apartment,1,1,4,Low,Own,0
CUST0004679,Customer_4679,60,Female,Southeast,2023-12-02,13,Electricity,Residential,Single Family,1,1,3,Medium-High,Own,0
CUST0004680,Customer_4680,51,Female,Northeast,2021-01-31,47,Electricity,Commercial,Single Family,1,0,1,Medium-Low,Rent,0
CUST0004681,Customer_4681,44,Female,Midwest,2003-03-02,262,Electricity,Small Business,Single Family,1,0,1,Medium,Own,0
CUST0004682,Customer_4682,39,Female,Midwest,2017-03-02,94,Electricity,Residential,Apartment,1,1,5,Medium-Low,Own,1
CUST0004683,Customer_4683,70,Male,West,1999-12-31,300,Electricity,Residential,Condo,0,0,1,Medium,Lease,0
CUST0004684,Customer_4684,37,Female,West,2007-10-01,207,Gas,Residential,Apartment,0,0,1,Medium-High,Rent,0
CUST0004685,Customer_4685,32,Female,West,2021-09-01,40,Gas,Small Business,Apartment,1,1,6,Medium-Low,Own,0
CUST0004686,Customer_4686,57,Male,West,2019-01-31,71,Water,Residential,Townhouse,1,1,4,Medium-Low,Rent,1
CUST0004687,Customer_4687,36,Female,Southeast,2024-06-01,7,Electricity+Gas,Residential,Single Family,0,0,2,Medium,Own,1
CUST0004688,Customer_4688,33,Female,Southwest,2022-03-03,34,Gas,Residential,Townhouse,1,0,1,Medium,Own,1
CUST0004689,Customer_4689,26,Male,Southeast,2016-10-01,99,Electricity,Residential,Single Family,0,0,1,Medium-Low,Rent,1
CUST0004690,Customer_4690,40,Female,Gulf Coast,2021-07-02,42,Electricity+Water,Residential,Single Family,1,0,3,Medium,Own,1
CUST0004691,Customer_4691,46,Male,Midwest,2019-01-01,72,Electricity,Residential,Apartment,1,1,2,Medium-Low,Lease,1
CUST0004692,Customer_4692,51,Male,Gulf Coast,2018-03-02,82,Electricity+Water,Commercial,Single Family,0,1,1,Medium-Low,Own,0
CUST0004693,Customer_4693,62,Female,West,2023-08-02,17,Gas,Commercial,Single Family,1,0,1,Medium,Rent,1
CUST0004694,Customer_4694,55,Male,West,2014-08-01,125,Electricity,Residential,Apartment,1,0,4,Medium,Rent,0
CUST0004695,Customer_4695,45,Male,Midwest,2022-01-01,36,Gas,Residential,Apartment,0,1,1,Medium,Own,0
CUST0004696,Customer_4696,45,Male,Midwest,2023-11-01,14,Electricity,Residential,Apartment,0,0,2,Medium-High,Rent,1
CUST0004697,Customer_4697,55,Male,Midwest,2015-01-01,120,Electricity,Residential,Mobile Home,0,0,3,High,Lease,1
CUST0004698,Customer_4698,67,Female,Southeast,2022-05-02,32,Electricity,Commercial,Apartment,1,1,4,Medium-Low,Rent,0
CUST0004699,Customer_4699,49,Female,Gulf Coast,2018-01-31,83,Electricity+Gas,Residential,Apartment,0,0,2,Medium,Rent,0
CUST0004700,Customer_4700,40,Female,West,2021-01-31,47,Electricity,Residential,Single Family,1,1,3,Medium,Own,0
CUST0004701,Customer_4701,33,Female,West,2022-09-01,28,Electricity+Gas,Residential,Apartment,1,1,4,Medium-High,Own,1
CUST0004702,Customer_4702,26,Male,Midwest,2016-10-01,99,Water,Residential,Single Family,0,1,1,Medium-High,Own,0
CUST0004703,Customer_4703,57,Female,Northeast,2020-09-01,52,Electricity+Gas,Residential,Apartment,1,0,1,Medium-High,Rent,1
CUST0004704,Customer_4704,56,Female,West,2022-08-02,29,Electricity,Residential,Single Family,1,0,2,Medium,Own,1
CUST0004705,Customer_4705,56,Female,Southeast,2024-07-02,6,Electricity,Residential,Single Family,1,0,3,Medium-Low,Rent,1
CUST0004706,Customer_4706,46,Female,Gulf Coast,2013-10-01,135,Electricity,Residential,Apartment,1,0,1,Medium-Low,Own,0
CUST0004707,Customer_4707,69,Female,West,2024-11-01,2,Electricity+Gas,Commercial,Townhouse,1,1,4,Medium,Own,0
CUST0004708,Customer_4708,40,Female,Northeast,2015-01-31,119,Electricity+Gas,Small Business,Single Family,1,0,5,Low,Own,0
CUST0004709,Customer_4709,62,Male,Southwest,2022-11-01,26,Gas,Commercial,Apartment,0,1,7,Medium-Low,Own,1
CUST0004710,Customer_4710,47,Female,West,2019-12-02,61,Electricity,Small Business,Apartment,0,1,4,High,Own,1
CUST0004711,Customer_4711,38,Male,Southwest,2012-04-01,153,Electricity,Small Business,Townhouse,1,1,3,High,Own,0
CUST0004712,Customer_4712,56,Male,Midwest,2024-04-02,9,Water,Residential,Single Family,0,1,4,Low,Own,1
CUST0004713,Customer_4713,54,Male,Southeast,2020-10-31,50,Gas,Residential,Apartment,1,0,7,Medium-High,Own,0
CUST0004714,Customer_4714,53,Male,Southeast,2017-11-01,86,Electricity+Water,Residential,Single Family,1,1,5,High,Own,0
CUST0004715,Customer_4715,49,Male,West,2017-12-01,85,Electricity+Water,Residential,Single Family,0,0,2,Medium,Own,0
CUST0004716,Customer_4716,47,Male,Northeast,2021-05-02,44,Water,Residential,Apartment,0,1,3,Medium,Rent,1
CUST0004717,Customer_4717,83,Female,West,2020-03-02,58,Electricity,Residential,Single Family,0,1,1,High,Own,1
CUST0004718,Customer_4718,65,Female,Midwest,2017-12-01,85,Electricity,Residential,Apartment,0,0,4,Low,Own,1
CUST0004719,Customer_4719,58,Other,Gulf Coast,2015-11-01,110,Electricity,Residential,Mobile Home,0,1,2,Medium-High,Own,1
CUST0004720,Customer_4720,49,Male,Gulf Coast,2017-11-01,86,Electricity+Water,Residential,Townhouse,1,0,3,Medium-Low,Own,0
CUST0004721,Customer_4721,63,Female,Southwest,2022-11-01,26,Electricity,Small Business,Townhouse,1,1,1,Medium,Own,1
CUST0004722,Customer_4722,55,Female,Midwest,1996-06-01,343,Electricity+Gas,Commercial,Apartment,1,1,1,Medium-Low,Rent,0
CUST0004723,Customer_4723,48,Male,Midwest,2022-03-03,34,Electricity+Water,Small Business,Condo,0,0,2,Medium,Own,0
CUST0004724,Customer_4724,43,Female,Southeast,2024-12-01,1,Water,Small Business,Single Family,0,1,2,Medium-High,Own,0
CUST0004725,Customer_4725,46,Female,Northeast,2022-10-02,27,Electricity+Gas,Residential,Apartment,1,1,4,Medium-Low,Own,1
CUST0004726,Customer_4726,18,Male,Southwest,2024-05-02,8,Electricity,Residential,Apartment,0,1,1,Medium,Own,1
CUST0004727,Customer_4727,51,Female,West,2024-06-01,7,Electricity,Small Business,Condo,0,1,4,Medium-High,Own,0
CUST0004728,Customer_4728,40,Female,Southeast,2023-06-02,19,Gas,Residential,Single Family,1,1,2,High,Own,0
CUST0004729,Customer_4729,71,Male,Midwest,2024-10-01,3,Electricity+Water,Residential,Single Family,1,0,4,Medium-High,Own,0
CUST0004730,Customer_4730,48,Male,Southwest,2019-04-02,69,Electricity+Water,Small Business,Mobile Home,0,0,3,Medium,Own,0
CUST0004731,Customer_4731,30,Male,Gulf Coast,2024-09-01,4,Electricity,Commercial,Single Family,1,1,2,Medium-High,Own,0
CUST0004732,Customer_4732,47,Male,Northeast,2023-12-02,13,Electricity,Residential,Single Family,1,1,5,Medium,Rent,1
CUST0004733,Customer_4733,32,Female,Southeast,2024-08-01,5,Electricity+Gas,Commercial,Apartment,0,1,2,Medium,Lease,0
CUST0004734,Customer_4734,55,Female,Gulf Coast,2024-10-01,3,Gas,Residential,Apartment,1,1,1,Medium-Low,Own,1
CUST0004735,Customer_4735,52,Male,Northeast,2023-07-03,18,Electricity,Residential,Condo,0,1,5,Medium-Low,Own,0
CUST0004736,Customer_4736,62,Female,Southwest,2020-10-31,50,Gas,Residential,Apartment,1,1,3,Low,Rent,0
CUST0004737,Customer_4737,36,Male,Southwest,2008-05-01,200,Electricity+Water,Commercial,Apartment,1,0,4,Medium,Own,0
CUST0004738,Customer_4738,48,Male,Southeast,2014-08-01,125,Electricity+Water,Residential,Single Family,1,0,1,Medium-Low,Rent,0
CUST0004739,Customer_4739,27,Male,Midwest,2014-08-01,125,Electricity+Gas,Small Business,Apartment,0,1,3,Medium-Low,Own,0
CUST0004740,Customer_4740,58,Female,Gulf Coast,2024-02-01,11,Electricity+Gas,Residential,Single Family,0,1,3,Low,Rent,0
CUST0004741,Customer_4741,55,Male,Northeast,2023-07-03,18,Electricity,Residential,Single Family,1,1,2,Medium-Low,Own,0
CUST0004742,Customer_4742,55,Male,Southeast,2024-09-01,4,Electricity+Gas,Residential,Mobile Home,1,1,1,Medium-High,Own,1
CUST0004743,Customer_4743,48,Male,Midwest,2017-07-02,90,Electricity,Residential,Single Family,1,1,2,Medium,Rent,0
CUST0004744,Customer_4744,54,Female,Midwest,2024-09-01,4,Electricity,Residential,Townhouse,1,0,2,Medium,Own,1
CUST0004745,Customer_4745,72,Other,Southwest,2020-12-31,48,Electricity,Residential,Condo,0,0,2,Low,Own,1
CUST0004746,Customer_4746,43,Male,Gulf Coast,2023-08-02,17,Gas,Small Business,Single Family,1,0,1,Medium,Lease,0
CUST0004747,Customer_4747,50,Male,Gulf Coast,2023-09-01,16,Electricity+Water,Small Business,Single Family,1,1,1,Medium,Rent,1
CUST0004748,Customer_4748,31,Female,Southeast,2001-08-31,280,Electricity+Water,Residential,Apartment,0,1,4,Medium-Low,Rent,0
CUST0004749,Customer_4749,34,Female,Southeast,2018-01-01,84,Electricity+Gas,Residential,Single Family,0,1,2,High,Own,0
CUST0004750,Customer_4750,49,Male,Northeast,2016-01-01,108,Electricity+Gas,Residential,Townhouse,1,1,1,High,Own,0
CUST0004751,Customer_4751,64,Female,Gulf Coast,2020-10-31,50,Electricity,Residential,Single Family,0,1,3,High,Own,0
CUST0004752,Customer_4752,44,Female,Southeast,2014-11-01,122,Electricity+Gas,Residential,Mobile Home,1,0,1,Medium-Low,Rent,0
CUST0004753,Customer_4753,44,Male,Midwest,2019-11-01,62,Electricity+Gas,Residential,Condo,0,1,4,Medium-High,Own,1
CUST0004754,Customer_4754,41,Female,West,2010-06-01,175,Gas,Commercial,Condo,0,1,1,Medium-Low,Own,1
CUST0004755,Customer_4755,39,Female,Midwest,2023-06-02,19,Electricity,Commercial,Single Family,1,0,1,Medium-High,Rent,0
CUST0004756,Customer_4756,52,Female,Northeast,2020-07-02,54,Electricity+Gas,Residential,Single Family,0,0,3,High,Rent,0
CUST0004757,Customer_4757,25,Male,Midwest,2019-03-03,70,Electricity,Small Business,Single Family,1,1,2,Medium-Low,Lease,1
CUST0004758,Customer_4758,67,Male,Southwest,2022-08-02,29,Electricity,Residential,Townhouse,1,1,1,Low,Own,0
CUST0004759,Customer_4759,38,Male,West,2014-06-02,127,Gas,Residential,Single Family,0,0,1,Low,Own,1
CUST0004760,Customer_4760,58,Male,Southwest,2005-07-02,234,Electricity,Commercial,Condo,0,1,3,Medium-High,Lease,1
CUST0004761,Customer_4761,28,Female,Northeast,2021-09-01,40,Electricity+Gas,Small Business,Apartment,1,1,1,Medium,Rent,1
CUST0004762,Customer_4762,58,Female,Southeast,2022-08-02,29,Electricity+Gas,Residential,Apartment,0,1,5,Medium,Own,0
CUST0004763,Customer_4763,58,Female,West,2021-11-01,38,Electricity,Small Business,Apartment,1,1,1,Medium-High,Rent,1
CUST0004764,Customer_4764,53,Other,Gulf Coast,2015-07-02,114,Electricity+Water,Small Business,Apartment,0,0,3,Medium-High,Own,1
CUST0004765,Customer_4765,33,Male,Northeast,2019-11-01,62,Water,Commercial,Single Family,0,1,4,High,Own,0
CUST0004766,Customer_4766,51,Female,Northeast,2024-11-01,2,Electricity,Residential,Single Family,0,0,3,Medium-Low,Own,0
CUST0004767,Customer_4767,30,Female,Southwest,2021-03-02,46,Electricity+Gas,Small Business,Apartment,1,0,2,Medium,Own,0
CUST0004768,Customer_4768,44,Male,Midwest,2024-12-01,1,Gas,Commercial,Townhouse,1,1,1,High,Own,0
CUST0004769,Customer_4769,63,Female,Northeast,2017-07-02,90,Water,Residential,Single Family,0,1,1,Medium,Own,1
CUST0004770,Customer_4770,59,Male,Midwest,2023-01-31,23,Water,Residential,Condo,1,1,3,Medium,Own,1
CUST0004771,Customer_4771,48,Female,Gulf Coast,2021-11-01,38,Electricity,Residential,Condo,0,1,3,High,Own,1
CUST0004772,Customer_4772,33,Female,Southwest,2016-12-31,96,Electricity+Gas,Residential,Single Family,1,0,4,Medium-High,Rent,0
CUST0004773,Customer_4773,57,Male,Midwest,2024-11-01,2,Electricity+Water,Residential,Apartment,0,1,3,Medium,Own,1
CUST0004774,Customer_4774,48,Female,West,2024-03-02,10,Electricity,Commercial,Single Family,1,1,3,Medium-Low,Rent,0
CUST0004775,Customer_4775,18,Female,Southeast,2022-07-02,30,Electricity,Small Business,Single Family,1,1,3,High,Rent,0
CUST0004776,Customer_4776,59,Male,Midwest,2023-10-02,15,Electricity,Residential,Condo,0,1,1,Low,Own,0
CUST0004777,Customer_4777,47,Male,Midwest,2023-01-01,24,Electricity,Small Business,Mobile Home,1,1,1,Medium-Low,Own,0
CUST0004778,Customer_4778,66,Male,Midwest,1994-12-31,360,Electricity,Small Business,Apartment,1,0,1,High,Own,0
CUST0004779,Customer_4779,31,Female,Gulf Coast,2016-05-02,104,Electricity,Residential,Condo,1,0,4,Medium,Own,0
CUST0004780,Customer_4780,18,Female,Southeast,2014-04-02,129,Electricity,Residential,Apartment,1,1,1,Medium,Own,0
CUST0004781,Customer_4781,52,Female,Northeast,2011-04-02,165,Electricity,Residential,Apartment,1,1,3,Medium,Own,1
CUST0004782,Customer_4782,52,Female,Gulf Coast,2022-12-01,25,Electricity+Gas,Residential,Apartment,1,0,2,Medium-Low,Own,0
CUST0004783,Customer_4783,22,Female,Southeast,2023-04-02,21,Electricity+Water,Residential,Single Family,1,0,3,Medium,Rent,0
CUST0004784,Customer_4784,33,Male,Southeast,2023-10-02,15,Electricity+Water,Residential,Single Family,1,1,2,Medium-High,Own,0
CUST0004785,Customer_4785,89,Female,Midwest,2016-03-02,106,Electricity,Small Business,Apartment,1,1,5,Medium-Low,Rent,0
CUST0004786,Customer_4786,43,Male,Gulf Coast,2019-05-03,68,Water,Residential,Apartment,1,1,5,Medium,Own,0
CUST0004787,Customer_4787,58,Male,Midwest,2023-09-01,16,Electricity+Water,Residential,Apartment,1,1,1,Low,Rent,1
CUST0004788,Customer_4788,38,Female,Midwest,2022-09-01,28,Electricity+Water,Commercial,Townhouse,0,0,2,Medium,Own,1
CUST0004789,Customer_4789,18,Male,Southwest,2021-07-02,42,Electricity+Water,Small Business,Single Family,1,1,2,Medium-High,Own,1
CUST0004790,Customer_4790,45,Female,Gulf Coast,2021-04-02,45,Water,Small Business,Single Family,0,1,4,Medium,Own,0
CUST0004791,Customer_4791,44,Female,West,2014-01-31,131,Electricity,Residential,Apartment,0,0,1,Medium-High,Own,1
CUST0004792,Customer_4792,42,Male,Northeast,2022-09-01,28,Electricity,Residential,Single Family,1,0,4,Medium-Low,Own,0
CUST0004793,Customer_4793,46,Male,West,2013-01-31,143,Gas,Residential,Condo,0,0,1,Medium,Own,1
CUST0004794,Customer_4794,51,Female,West,2022-03-03,34,Electricity,Residential,Townhouse,1,0,3,Low,Own,0
CUST0004795,Customer_4795,45,Female,West,2018-03-02,82,Electricity+Water,Residential,Single Family,1,1,1,Medium-High,Rent,0
CUST0004796,Customer_4796,29,Male,Southwest,2011-10-02,159,Gas,Residential,Townhouse,0,1,3,Medium,Own,0
CUST0004797,Customer_4797,55,Male,Midwest,2013-03-02,142,Electricity+Water,Commercial,Apartment,0,1,2,Medium,Rent,1
CUST0004798,Customer_4798,18,Female,Southwest,2024-10-01,3,Water,Residential,Apartment,1,0,1,Low,Own,1
CUST0004799,Customer_4799,18,Female,West,2023-12-02,13,Gas,Residential,Mobile Home,1,1,4,High,Own,0
CUST0004800,Customer_4800,59,Male,Northeast,2021-11-01,38,Electricity,Residential,Apartment,1,1,4,Medium-High,Own,0
CUST0004801,Customer_4801,55,Male,Southeast,2022-04-02,33,Electricity,Residential,Condo,1,1,3,Medium,Own,0
CUST0004802,Customer_4802,47,Female,Southeast,2019-12-02,61,Electricity+Gas,Residential,Condo,0,1,2,Medium,Rent,1
CUST0004803,Customer_4803,27,Female,West,2010-08-01,173,Water,Small Business,Single Family,0,0,1,Medium,Own,0
CUST0004804,Customer_4804,37,Other,West,2024-06-01,7,Electricity+Water,Residential,Single Family,1,0,7,High,Own,1
CUST0004805,Customer_4805,44,Female,Midwest,2022-01-01,36,Electricity,Residential,Apartment,1,0,4,Medium-High,Rent,0
CUST0004806,Customer_4806,24,Female,West,2024-01-01,12,Electricity,Small Business,Townhouse,0,1,3,Medium-Low,Lease,0
CUST0004807,Customer_4807,36,Male,West,2013-11-01,134,Electricity,Small Business,Condo,0,1,4,High,Own,1
CUST0004808,Customer_4808,57,Female,Gulf Coast,2008-05-01,200,Electricity,Commercial,Townhouse,0,1,3,Medium-Low,Rent,0
CUST0004809,Customer_4809,69,Male,Northeast,2021-10-01,39,Water,Residential,Apartment,1,1,2,Medium,Own,0
CUST0004810,Customer_4810,41,Female,Midwest,2024-07-02,6,Electricity,Residential,Townhouse,1,1,1,Medium-High,Rent,0
CUST0004811,Customer_4811,59,Male,West,2017-05-02,92,Electricity+Gas,Residential,Townhouse,0,0,4,Medium-Low,Rent,1
CUST0004812,Customer_4812,19,Male,Southeast,2019-01-31,71,Gas,Commercial,Single Family,0,1,4,High,Rent,0
CUST0004813,Customer_4813,57,Female,Southeast,2022-11-01,26,Electricity,Residential,Single Family,0,1,3,Medium-Low,Rent,1
CUST0004814,Customer_4814,35,Female,Midwest,2014-01-31,131,Electricity+Gas,Commercial,Apartment,1,0,1,Medium,Own,0
CUST0004815,Customer_4815,52,Male,West,2006-06-01,223,Electricity+Gas,Commercial,Townhouse,1,1,4,Medium-Low,Own,0
CUST0004816,Customer_4816,44,Female,Midwest,2020-12-31,48,Electricity,Residential,Apartment,1,1,1,Medium-High,Rent,0
CUST0004817,Customer_4817,67,Male,Midwest,2020-10-31,50,Electricity+Gas,Residential,Single Family,0,1,5,Medium-Low,Own,1
CUST0004818,Customer_4818,34,Male,Midwest,2023-04-02,21,Electricity,Residential,Single Family,0,0,2,Low,Rent,1
CUST0004819,Customer_4819,57,Female,Southeast,2020-09-01,52,Electricity+Gas,Residential,Townhouse,0,1,1,Low,Own,1
CUST0004820,Customer_4820,43,Male,Gulf Coast,2022-03-03,34,Electricity+Water,Small Business,Mobile Home,1,0,3,Medium,Rent,1
CUST0004821,Customer_4821,45,Female,Southeast,2023-04-02,21,Electricity+Gas,Residential,Mobile Home,0,0,2,Medium,Own,1
CUST0004822,Customer_4822,45,Male,Southwest,2024-09-01,4,Gas,Residential,Apartment,1,1,3,Low,Rent,0
CUST0004823,Customer_4823,35,Female,Northeast,2023-08-02,17,Electricity+Gas,Residential,Condo,0,1,3,Low,Own,0
CUST0004824,Customer_4824,47,Female,Midwest,2023-12-02,13,Water,Residential,Single Family,1,1,2,Low,Own,0
CUST0004825,Customer_4825,47,Male,Gulf Coast,2021-03-02,46,Electricity,Residential,Condo,1,1,2,Medium,Own,0
CUST0004826,Customer_4826,51,Male,Gulf Coast,2020-06-01,55,Electricity+Gas,Residential,Apartment,1,1,2,Medium-Low,Own,0
CUST0004827,Customer_4827,49,Female,Southeast,2020-05-02,56,Gas,Residential,Townhouse,1,0,5,Medium,Rent,0
CUST0004828,Customer_4828,59,Female,Northeast,2022-08-02,29,Water,Residential,Single Family,1,1,1,Low,Rent,0
CUST0004829,Customer_4829,61,Male,Southeast,2022-05-02,32,Electricity,Small Business,Condo,0,1,2,Medium-High,Rent,0
CUST0004830,Customer_4830,32,Female,Southeast,2016-01-31,107,Electricity+Water,Commercial,Apartment,0,0,4,Medium-Low,Own,1
CUST0004831,Customer_4831,61,Male,Southwest,2021-11-01,38,Electricity+Gas,Commercial,Single Family,1,1,4,Medium-High,Own,0
CUST0004832,Customer_4832,30,Male,Midwest,2002-12-31,264,Gas,Residential,Single Family,0,1,1,Medium-High,Rent,1
CUST0004833,Customer_4833,56,Female,West,2022-03-03,34,Gas,Small Business,Single Family,1,1,1,High,Rent,0
CUST0004834,Customer_4834,57,Male,West,2019-11-01,62,Electricity,Residential,Apartment,1,1,4,Medium-High,Lease,0
CUST0004835,Customer_4835,19,Female,Southeast,2024-10-01,3,Electricity,Residential,Single Family,1,1,4,Medium,Own,0
CUST0004836,Customer_4836,49,Female,West,2019-10-02,63,Electricity,Residential,Apartment,1,1,3,Medium-Low,Own,0
CUST0004837,Customer_4837,40,Female,West,2015-07-02,114,Electricity,Residential,Condo,0,0,1,Low,Rent,0
CUST0004838,Customer_4838,36,Female,Southwest,2010-10-01,171,Gas,Small Business,Mobile Home,1,0,3,Medium-High,Lease,0
CUST0004839,Customer_4839,68,Female,Gulf Coast,1995-06-01,355,Gas,Residential,Single Family,1,1,3,Medium,Lease,1
CUST0004840,Customer_4840,38,Female,West,2023-06-02,19,Electricity,Residential,Single Family,1,1,6,Medium-High,Rent,0
CUST0004841,Customer_4841,35,Female,Southwest,2020-10-01,51,Electricity+Gas,Residential,Single Family,0,1,1,Medium,Own,1
CUST0004842,Customer_4842,49,Other,Gulf Coast,2022-01-31,35,Electricity,Commercial,Single Family,1,1,4,Medium-High,Own,1
CUST0004843,Customer_4843,58,Female,Southwest,2020-12-01,49,Electricity,Residential,Condo,1,0,3,Medium-High,Rent,0
CUST0004844,Customer_4844,45,Male,Midwest,2024-03-02,10,Electricity,Residential,Apartment,1,0,5,Low,Own,0
CUST0004845,Customer_4845,65,Female,Southeast,2015-05-02,116,Electricity+Gas,Commercial,Apartment,0,0,7,Medium-High,Lease,1
CUST0004846,Customer_4846,55,Female,Gulf Coast,2012-12-31,144,Electricity,Residential,Single Family,0,1,3,Medium-Low,Own,1
CUST0004847,Customer_4847,18,Female,Northeast,2022-01-31,35,Electricity,Commercial,Townhouse,1,1,3,Medium-High,Own,1
CUST0004848,Customer_4848,40,Female,Midwest,2023-06-02,19,Gas,Commercial,Mobile Home,1,0,5,High,Own,0
CUST0004849,Customer_4849,39,Female,Midwest,2024-04-02,9,Electricity,Residential,Apartment,1,1,2,High,Own,1
CUST0004850,Customer_4850,55,Other,Southwest,2019-04-02,69,Gas,Small Business,Mobile Home,0,1,2,Low,Rent,1
CUST0004851,Customer_4851,18,Male,Southwest,2023-03-03,22,Electricity,Commercial,Single Family,1,0,1,Low,Rent,0
CUST0004852,Customer_4852,86,Female,Midwest,2012-12-31,144,Electricity+Water,Residential,Single Family,0,0,4,Medium-High,Own,1
CUST0004853,Customer_4853,55,Male,Southeast,2019-07-02,66,Water,Residential,Mobile Home,0,1,1,Medium-High,Rent,0
CUST0004854,Customer_4854,50,Female,Gulf Coast,2019-11-01,62,Electricity+Water,Commercial,Townhouse,1,1,2,Medium-Low,Own,0
CUST0004855,Customer_4855,65,Female,Southwest,2020-12-01,49,Electricity+Gas,Residential,Single Family,0,0,3,Medium,Own,1
CUST0004856,Customer_4856,83,Male,Gulf Coast,2024-11-01,2,Electricity+Gas,Residential,Single Family,1,0,2,Low,Own,0
CUST0004857,Customer_4857,61,Male,Southeast,2011-08-02,161,Electricity+Water,Commercial,Apartment,1,1,3,Medium,Rent,0
CUST0004858,Customer_4858,62,Female,Southwest,2020-02-01,59,Gas,Residential,Townhouse,1,1,1,Medium-High,Lease,0
CUST0004859,Customer_4859,49,Male,West,1999-06-01,307,Electricity+Gas,Small Business,Condo,1,1,1,Medium,Own,1
CUST0004860,Customer_4860,45,Male,Southeast,2021-03-02,46,Gas,Residential,Single Family,0,1,3,Low,Own,1
CUST0004861,Customer_4861,40,Female,West,2018-11-01,74,Electricity+Gas,Small Business,Townhouse,0,1,1,High,Lease,0
CUST0004862,Customer_4862,35,Male,Northeast,2024-10-01,3,Electricity,Residential,Apartment,0,1,2,Medium-Low,Own,1
CUST0004863,Customer_4863,37,Female,Southwest,2020-02-01,59,Water,Residential,Apartment,1,1,1,Medium-Low,Own,1
CUST0004864,Customer_4864,27,Female,Southwest,2017-11-01,86,Electricity+Water,Residential,Apartment,1,0,2,Low,Rent,0
CUST0004865,Customer_4865,46,Male,Midwest,2017-07-02,90,Electricity,Residential,Apartment,0,1,1,Medium-Low,Rent,0
CUST0004866,Customer_4866,22,Male,Southwest,2017-09-01,88,Water,Residential,Single Family,0,0,5,Medium-Low,Own,0
CUST0004867,Customer_4867,50,Female,Northeast,2023-10-02,15,Electricity,Residential,Apartment,1,1,3,Medium-High,Own,1
CUST0004868,Customer_4868,47,Female,West,2006-07-02,222,Electricity,Commercial,Single Family,1,1,1,Medium,Rent,0
CUST0004869,Customer_4869,50,Female,Southeast,1998-05-02,320,Electricity+Gas,Residential,Single Family,1,1,2,Medium,Rent,0
CUST0004870,Customer_4870,40,Female,Midwest,2024-09-01,4,Electricity,Residential,Single Family,1,0,3,Medium-High,Own,1
CUST0004871,Customer_4871,90,Female,Southeast,2011-04-02,165,Gas,Residential,Single Family,1,1,2,High,Rent,0
CUST0004872,Customer_4872,68,Male,Midwest,2023-05-03,20,Electricity,Commercial,Apartment,0,1,4,Medium-Low,Lease,1
CUST0004873,Customer_4873,29,Male,Southwest,2019-03-03,70,Electricity+Gas,Small Business,Single Family,1,0,4,Medium-Low,Own,0
CUST0004874,Customer_4874,51,Male,West,2023-01-01,24,Gas,Small Business,Apartment,1,0,2,Medium-High,Own,0
CUST0004875,Customer_4875,38,Male,Midwest,2007-11-01,206,Electricity+Water,Residential,Mobile Home,1,0,1,Medium,Own,0
CUST0004876,Customer_4876,32,Female,Southeast,2024-07-02,6,Electricity+Gas,Residential,Single Family,0,1,2,Low,Rent,1
CUST0004877,Customer_4877,27,Female,Midwest,2021-08-01,41,Electricity,Residential,Single Family,1,0,2,Medium,Rent,0
CUST0004878,Customer_4878,54,Male,West,2022-04-02,33,Gas,Small Business,Townhouse,1,0,3,Medium-High,Own,1
CUST0004879,Customer_4879,37,Female,Southeast,2023-01-31,23,Electricity+Water,Residential,Single Family,1,0,3,High,Own,0
CUST0004880,Customer_4880,62,Male,Midwest,2019-11-01,62,Electricity+Gas,Small Business,Apartment,1,1,2,Medium,Rent,0
CUST0004881,Customer_4881,62,Male,Southwest,2024-05-02,8,Electricity+Gas,Residential,Single Family,1,1,2,Medium,Own,0
CUST0004882,Customer_4882,68,Female,Southeast,2018-10-01,75,Electricity+Gas,Residential,Single Family,1,0,3,Medium-High,Own,0
CUST0004883,Customer_4883,35,Male,Southeast,2005-05-02,236,Gas,Residential,Condo,1,1,5,Low,Rent,0
CUST0004884,Customer_4884,55,Male,Northeast,2016-12-01,97,Electricity+Gas,Residential,Single Family,1,1,1,Medium-High,Own,0
CUST0004885,Customer_4885,57,Male,Southeast,2015-04-02,117,Water,Residential,Single Family,1,0,3,Medium,Rent,0
CUST0004886,Customer_4886,40,Male,Northeast,2022-11-01,26,Electricity,Residential,Single Family,1,1,2,Low,Own,1
CUST0004887,Customer_4887,36,Female,Southwest,2023-01-31,23,Electricity+Water,Residential,Single Family,1,1,3,Medium,Own,0
CUST0004888,Customer_4888,72,Female,Northeast,2021-06-02,43,Electricity,Small Business,Single Family,0,1,2,Medium-Low,Own,1
CUST0004889,Customer_4889,51,Male,Southeast,2024-11-01,2,Gas,Residential,Single Family,0,1,1,Medium,Rent,1
CUST0004890,Customer_4890,57,Male,Southeast,2010-07-02,174,Electricity,Residential,Apartment,0,1,4,Medium-Low,Rent,0
CUST0004891,Customer_4891,35,Female,Southwest,2024-04-02,9,Electricity+Gas,Residential,Townhouse,1,1,1,Low,Rent,1
CUST0004892,Customer_4892,29,Female,Gulf Coast,2013-06-01,139,Gas,Residential,Apartment,0,1,2,Medium-Low,Own,0
CUST0004893,Customer_4893,39,Male,Southwest,2024-08-01,5,Electricity,Residential,Apartment,0,1,1,Medium,Rent,0
CUST0004894,Customer_4894,46,Male,Midwest,2016-06-01,103,Electricity+Water,Residential,Condo,0,1,2,Medium,Own,1
CUST0004895,Customer_4895,32,Female,Southwest,2024-04-02,9,Gas,Residential,Mobile Home,1,0,6,Low,Rent,1
CUST0004896,Customer_4896,47,Female,Northeast,2024-11-01,2,Gas,Residential,Apartment,0,1,3,Medium-Low,Own,1
CUST0004897,Customer_4897,22,Male,Northeast,2018-09-01,76,Gas,Small Business,Mobile Home,0,1,3,Medium-High,Own,1
CUST0004898,Customer_4898,31,Female,Northeast,2023-06-02,19,Electricity,Residential,Apartment,0,1,3,High,Own,0
CUST0004899,Customer_4899,58,Male,Northeast,2018-10-01,75,Gas,Residential,Townhouse,0,0,2,Medium,Own,1
CUST0004900,Customer_4900,57,Female,Southeast,2020-12-31,48,Electricity,Residential,Apartment,1,0,1,Medium,Rent,0
CUST0004901,Customer_4901,42,Female,Midwest,2024-07-02,6,Gas,Residential,Condo,1,1,1,Medium,Own,0
CUST0004902,Customer_4902,32,Female,Northeast,2011-08-02,161,Electricity+Water,Residential,Apartment,1,1,3,Medium-Low,Own,0
CUST0004903,Customer_4903,32,Male,Gulf Coast,2022-01-01,36,Electricity,Residential,Townhouse,1,0,1,High,Own,0
CUST0004904,Customer_4904,42,Male,Gulf Coast,2018-06-02,79,Electricity+Gas,Residential,Apartment,1,1,2,Medium-High,Own,1
CUST0004905,Customer_4905,57,Male,Gulf Coast,2021-08-01,41,Electricity,Small Business,Condo,0,0,3,Medium-Low,Own,0
CUST0004906,Customer_4906,61,Female,Northeast,2020-06-01,55,Electricity,Residential,Mobile Home,0,0,3,Medium-Low,Own,1
CUST0004907,Customer_4907,40,Male,Gulf Coast,2023-04-02,21,Gas,Small Business,Single Family,1,0,2,Medium,Rent,1
CUST0004908,Customer_4908,30,Male,West,2023-12-02,13,Electricity,Residential,Apartment,1,0,3,Medium-Low,Lease,0
CUST0004909,Customer_4909,52,Male,Gulf Coast,2021-03-02,46,Electricity+Gas,Residential,Single Family,1,1,4,Medium-Low,Own,1
CUST0004910,Customer_4910,35,Female,Midwest,2022-03-03,34,Electricity,Commercial,Single Family,0,0,1,Medium-High,Lease,0
CUST0004911,Customer_4911,40,Male,West,2022-08-02,29,Electricity+Water,Residential,Mobile Home,1,1,4,Medium-Low,Own,1
CUST0004912,Customer_4912,67,Male,Northeast,2019-07-02,66,Electricity+Gas,Residential,Apartment,1,1,3,Medium-High,Rent,0
CUST0004913,Customer_4913,60,Male,Northeast,2019-03-03,70,Electricity,Small Business,Single Family,1,1,4,High,Rent,1
CUST0004914,Customer_4914,50,Female,Northeast,2024-11-01,2,Electricity,Residential,Townhouse,0,1,3,Low,Own,0
CUST0004915,Customer_4915,28,Female,Gulf Coast,2023-01-01,24,Electricity,Commercial,Apartment,0,1,2,Low,Rent,1
CUST0004916,Customer_4916,51,Female,Northeast,2022-06-02,31,Electricity,Residential,Single Family,0,0,4,High,Lease,0
CUST0004917,Customer_4917,63,Female,Northeast,2024-07-02,6,Electricity+Gas,Residential,Single Family,1,1,1,Medium-Low,Lease,1
CUST0004918,Customer_4918,42,Female,Gulf Coast,2023-09-01,16,Electricity+Water,Residential,Apartment,0,1,1,Low,Rent,0
CUST0004919,Customer_4919,68,Male,Northeast,2024-10-01,3,Electricity,Residential,Single Family,1,1,3,Medium-High,Rent,0
CUST0004920,Customer_4920,67,Female,Gulf Coast,1997-01-30,335,Gas,Residential,Single Family,0,1,5,Medium-Low,Own,0
CUST0004921,Customer_4921,72,Male,West,2018-05-02,80,Gas,Commercial,Single Family,0,1,3,Medium-Low,Own,0
CUST0004922,Customer_4922,52,Male,Northeast,2024-08-01,5,Electricity+Gas,Residential,Condo,0,1,2,Medium-Low,Own,1
CUST0004923,Customer_4923,56,Female,Northeast,2024-12-01,1,Electricity,Residential,Single Family,0,1,1,High,Own,0
CUST0004924,Customer_4924,69,Male,Midwest,2018-09-01,76,Electricity+Water,Residential,Condo,0,1,2,Medium-High,Own,1
CUST0004925,Customer_4925,54,Male,Gulf Coast,2022-03-03,34,Electricity+Gas,Residential,Apartment,0,0,2,Medium,Rent,0
CUST0004926,Customer_4926,40,Male,Gulf Coast,2017-05-02,92,Electricity+Water,Residential,Single Family,0,1,5,Medium,Own,0
CUST0004927,Customer_4927,41,Female,Southeast,2012-03-02,154,Electricity,Residential,Apartment,0,1,3,Low,Rent,1
CUST0004928,Customer_4928,51,Male,Southeast,2020-07-02,54,Electricity+Gas,Residential,Apartment,1,1,1,High,Rent,0
CUST0004929,Customer_4929,28,Female,Southeast,2024-01-01,12,Electricity+Gas,Commercial,Condo,0,1,2,Medium-High,Rent,1
CUST0004930,Customer_4930,45,Female,West,2017-06-01,91,Electricity+Gas,Small Business,Condo,0,0,1,Medium-Low,Rent,1
CUST0004931,Customer_4931,64,Female,Southeast,2009-06-01,187,Electricity,Small Business,Single Family,1,1,1,High,Rent,0
CUST0004932,Customer_4932,18,Male,Northeast,2020-09-01,52,Electricity+Water,Residential,Townhouse,0,1,2,High,Rent,1
CUST0004933,Customer_4933,71,Female,West,2019-05-03,68,Electricity+Water,Residential,Single Family,1,1,1,Medium,Own,0
CUST0004934,Customer_4934,64,Male,Midwest,2023-01-01,24,Electricity,Residential,Single Family,1,1,4,High,Rent,1
CUST0004935,Customer_4935,41,Male,Northeast,2022-09-01,28,Electricity+Gas,Small Business,Single Family,1,1,1,Medium-Low,Own,0
CUST0004936,Customer_4936,56,Male,West,2018-06-02,79,Electricity,Residential,Townhouse,0,1,1,Medium-High,Rent,1
CUST0004937,Customer_4937,48,Female,Southwest,2011-12-01,157,Electricity+Water,Residential,Single Family,0,1,3,Medium-Low,Own,0
CUST0004938,Customer_4938,66,Male,Midwest,2020-02-01,59,Electricity+Gas,Residential,Apartment,1,1,4,Medium,Lease,0
CUST0004939,Customer_4939,62,Male,West,2017-04-02,93,Electricity,Residential,Condo,0,0,1,High,Rent,0
CUST0004940,Customer_4940,26,Male,Midwest,2024-02-01,11,Electricity,Small Business,Townhouse,1,1,2,Medium,Own,0
CUST0004941,Customer_4941,56,Male,Southwest,2023-11-01,14,Electricity,Residential,Condo,1,1,4,Medium-High,Own,0
CUST0004942,Customer_4942,44,Female,Gulf Coast,2021-04-02,45,Electricity,Residential,Single Family,1,1,3,Low,Rent,0
CUST0004943,Customer_4943,49,Female,Southwest,2024-02-01,11,Electricity,Small Business,Apartment,1,1,2,Medium,Own,0
CUST0004944,Customer_4944,37,Female,Southwest,2020-01-01,60,Electricity+Gas,Residential,Condo,0,1,2,Low,Own,0
CUST0004945,Customer_4945,74,Male,Southwest,2023-05-03,20,Electricity+Gas,Small Business,Single Family,1,0,3,Low,Own,1
CUST0004946,Customer_4946,63,Male,Midwest,2017-03-02,94,Gas,Commercial,Townhouse,0,0,1,Medium,Rent,0
CUST0004947,Customer_4947,36,Other,Northeast,2016-10-01,99,Electricity+Gas,Residential,Single Family,1,1,1,Medium,Own,1
CUST0004948,Customer_4948,27,Male,Southeast,2021-12-01,37,Electricity,Residential,Townhouse,0,0,2,Medium-Low,Own,1
CUST0004949,Customer_4949,42,Female,West,2024-02-01,11,Electricity,Residential,Townhouse,1,1,2,Medium,Own,0
CUST0004950,Customer_4950,54,Male,Midwest,2019-11-01,62,Electricity+Gas,Residential,Mobile Home,1,0,2,Medium,Own,1
CUST0004951,Customer_4951,51,Female,Midwest,2000-06-01,295,Gas,Small Business,Apartment,1,1,2,Medium,Lease,0
CUST0004952,Customer_4952,66,Male,West,2020-03-02,58,Electricity,Residential,Condo,1,1,2,Low,Own,0
CUST0004953,Customer_4953,59,Male,Northeast,2024-11-01,2,Electricity,Residential,Single Family,0,0,1,Medium,Own,1
CUST0004954,Customer_4954,62,Female,West,2024-12-01,1,Electricity+Gas,Small Business,Apartment,1,1,1,Medium,Rent,0
CUST0004955,Customer_4955,52,Female,Midwest,2023-01-31,23,Water,Residential,Apartment,1,0,3,Medium,Rent,0
CUST0004956,Customer_4956,27,Male,Southeast,2023-12-02,13,Gas,Small Business,Apartment,1,1,1,Medium-High,Lease,0
CUST0004957,Customer_4957,45,Female,Southeast,2016-08-31,100,Electricity,Small Business,Apartment,0,0,3,Medium,Own,0
CUST0004958,Customer_4958,63,Female,Northeast,2015-10-02,111,Water,Residential,Mobile Home,0,0,4,High,Own,0
CUST0004959,Customer_4959,47,Male,Southeast,2023-08-02,17,Electricity,Commercial,Single Family,0,1,6,High,Lease,1
CUST0004960,Customer_4960,55,Male,Southeast,2023-01-31,23,Gas,Residential,Single Family,0,0,3,Medium-High,Own,1
CUST0004961,Customer_4961,43,Male,Midwest,2023-09-01,16,Electricity,Small Business,Mobile Home,1,1,3,Medium-Low,Rent,0
CUST0004962,Customer_4962,32,Male,West,2013-01-31,143,Electricity+Water,Small Business,Apartment,1,0,2,Low,Own,1
CUST0004963,Customer_4963,46,Female,Midwest,2021-08-01,41,Electricity+Gas,Residential,Apartment,0,0,2,Medium-High,Own,1
CUST0004964,Customer_4964,52,Male,West,2019-09-01,64,Electricity+Gas,Residential,Single Family,1,1,2,Low,Lease,1
CUST0004965,Customer_4965,38,Male,Southwest,2022-05-02,32,Electricity+Gas,Residential,Single Family,0,0,1,Low,Rent,1
CUST0004966,Customer_4966,44,Male,Southeast,2020-02-01,59,Electricity+Gas,Residential,Single Family,0,0,1,High,Own,0
CUST0004967,Customer_4967,33,Female,Southeast,2022-08-02,29,Electricity,Residential,Single Family,1,1,1,Medium,Own,0
CUST0004968,Customer_4968,64,Male,Northeast,2023-01-01,24,Electricity+Gas,Residential,Apartment,1,1,2,Medium-Low,Own,0
CUST0004969,Customer_4969,43,Male,Gulf Coast,2020-01-01,60,Gas,Residential,Townhouse,1,1,3,High,Own,1
CUST0004970,Customer_4970,69,Male,Gulf Coast,2020-08-01,53,Electricity+Gas,Residential,Condo,1,0,1,Medium-High,Rent,1
CUST0004971,Customer_4971,70,Female,Northeast,2023-05-03,20,Electricity,Residential,Single Family,0,1,6,Medium,Rent,1
CUST0004972,Customer_4972,46,Male,Southwest,2024-04-02,9,Electricity,Residential,Single Family,0,0,2,Medium-Low,Own,0
CUST0004973,Customer_4973,32,Female,Gulf Coast,2022-10-02,27,Electricity+Gas,Residential,Apartment,1,1,2,Medium,Own,1
CUST0004974,Customer_4974,18,Male,West,2022-05-02,32,Gas,Small Business,Single Family,0,1,3,Medium-High,Rent,0
CUST0004975,Customer_4975,25,Male,Midwest,2020-02-01,59,Electricity,Residential,Condo,1,1,1,Medium-High,Own,1
CUST0004976,Customer_4976,27,Female,Southeast,2012-10-01,147,Electricity,Residential,Apartment,0,0,3,Medium-Low,Own,0
CUST0004977,Customer_4977,68,Male,Southeast,2024-11-01,2,Electricity+Gas,Commercial,Mobile Home,1,1,3,Medium,Own,0
CUST0004978,Customer_4978,49,Female,West,2023-09-01,16,Electricity,Residential,Single Family,1,1,2,Medium,Own,0
CUST0004979,Customer_4979,53,Female,West,2024-01-01,12,Gas,Small Business,Single Family,1,1,3,Medium-High,Own,0
CUST0004980,Customer_4980,18,Female,Midwest,2021-08-01,41,Electricity+Gas,Residential,Single Family,1,0,1,Medium,Lease,1
CUST0004981,Customer_4981,30,Female,Northeast,2022-04-02,33,Electricity,Residential,Single Family,0,1,2,Low,Own,1
CUST0004982,Customer_4982,61,Male,Gulf Coast,2018-07-02,78,Water,Residential,Townhouse,0,0,3,Medium-Low,Rent,1
CUST0004983,Customer_4983,52,Male,West,2023-09-01,16,Electricity,Commercial,Mobile Home,1,1,4,Medium-High,Rent,0
CUST0004984,Customer_4984,45,Female,Northeast,2020-07-02,54,Electricity+Water,Commercial,Single Family,0,1,3,Medium-High,Own,1
CUST0004985,Customer_4985,56,Female,Northeast,2014-04-02,129,Electricity+Gas,Small Business,Single Family,1,1,1,Medium-Low,Rent,0
CUST0004986,Customer_4986,72,Female,Midwest,2012-12-31,144,Gas,Residential,Single Family,0,0,5,Medium-Low,Own,1
CUST0004987,Customer_4987,44,Male,Southeast,2009-01-30,191,Electricity+Water,Residential,Apartment,1,0,5,Low,Lease,1
CUST0004988,Customer_4988,49,Male,Southeast,2017-08-01,89,Electricity+Gas,Residential,Apartment,0,0,4,Medium-Low,Own,0
CUST0004989,Customer_4989,50,Female,Northeast,2013-04-01,141,Electricity+Water,Residential,Townhouse,1,1,3,Low,Lease,0
CUST0004990,Customer_4990,83,Male,Gulf Coast,2023-09-01,16,Gas,Commercial,Townhouse,0,0,7,Medium-High,Rent,0
CUST0004991,Customer_4991,18,Male,West,2023-12-02,13,Gas,Residential,Apartment,0,1,3,Medium,Own,0
CUST0004992,Customer_4992,58,Male,Northeast,2024-12-01,1,Electricity+Gas,Residential,Apartment,0,0,2,High,Own,0
CUST0004993,Customer_4993,46,Female,Gulf Coast,2018-12-01,73,Electricity,Residential,Condo,1,0,5,Medium-High,Own,0
CUST0004994,Customer_4994,56,Male,West,2011-03-02,166,Electricity+Water,Residential,Single Family,1,1,2,Medium,Own,0
CUST0004995,Customer_4995,38,Female,Southeast,2024-01-01,12,Electricity+Gas,Residential,Single Family,0,1,1,Medium,Rent,0
CUST0004996,Customer_4996,47,Male,Gulf Coast,2020-01-01,60,Electricity+Gas,Residential,Single Family,0,0,1,Medium-High,Own,1
CUST0004997,Customer_4997,58,Female,Southwest,2018-03-02,82,Electricity+Water,Residential,Single Family,0,1,4,Medium-Low,Rent,1
CUST0004998,Customer_4998,90,Female,West,2011-12-01,157,Electricity+Water,Small Business,Single Family,1,1,1,Medium-Low,Own,1
CUST0004999,Customer_4999,60,Male,Midwest,2019-11-01,62,Electricity,Residential,Single Family,1,1,2,Medium,Own,0
CUST0005000,Customer_5000,35,Female,Midwest,2007-07-02,210,Electricity+Gas,Residential,Single Family,0,1,1,Low,Rent,0
