customer_id,census_median_income,neighborhood_crime_index,area_avg_property_value,distance_to_service_center_miles,num_competitors_in_area,area_satisfaction_index,renewable_energy_adoption_pct,avg_outages_per_year_area
CUST0000001,31574.0,3.03,394708.0,2.4,1,4.54,21.1,5
CUST0000002,110242.0,7.04,328878.0,40.2,1,3.03,15.5,2
CUST0000003,55638.0,4.3,271120.0,24.4,0,4.1,26.2,1
CUST0000004,56908.0,6.54,413401.0,2.8,0,4.85,25.1,2
CUST0000005,101283.0,9.47,358006.0,11.1,0,4.0,14.8,4
CUST0000006,59202.0,1.88,98880.0,8.2,0,4.77,26.8,3
CUST0000007,107824.0,8.86,545297.0,28.8,3,4.66,20.0,2
CUST0000008,70276.0,9.77,250176.0,30.4,4,2.93,31.3,3
CUST0000009,79341.0,5.6,509255.0,40.6,1,2.28,0.1,0
CUST0000010,62145.0,8.43,520037.0,13.3,2,4.74,15.8,2
CUST0000011,40108.0,5.07,513058.0,31.7,0,3.62,21.0,3
CUST0000012,42771.0,3.58,169649.0,8.3,3,3.44,20.1,3
CUST0000013,70046.0,9.37,94314.0,9.5,1,2.15,13.4,4
CUST0000014,95878.0,4.38,127709.0,27.0,2,3.1,18.7,1
CUST0000015,71409.0,7.24,158242.0,20.4,0,3.75,7.8,4
CUST0000016,83347.0,2.75,111865.0,22.0,2,2.56,39.7,2
CUST0000017,60304.0,8.06,125089.0,46.3,0,4.71,26.6,1
CUST0000018,70899.0,9.46,255504.0,40.1,0,4.02,0.2,2
CUST0000019,46841.0,1.92,240602.0,27.0,0,3.07,3.7,4
CUST0000020,66795.0,2.03,98386.0,25.5,3,3.57,11.8,2
CUST0000021,41889.0,7.08,459292.0,45.8,3,4.46,37.7,2
CUST0000022,33340.0,8.78,480422.0,4.2,0,2.52,3.1,3
CUST0000023,37379.0,7.67,292049.0,6.8,0,2.18,29.2,1
CUST0000024,49210.0,4.52,338023.0,39.4,0,4.61,35.7,4
CUST0000025,79071.0,1.45,466559.0,0.8,1,2.24,5.4,4
CUST0000026,88956.0,9.5,386846.0,14.1,1,3.49,35.1,4
CUST0000027,82991.0,6.78,456532.0,28.5,1,4.08,31.6,3
CUST0000028,81749.0,3.04,319976.0,19.1,1,2.84,0.0,3
CUST0000029,60122.0,7.24,557042.0,23.8,1,3.84,23.4,1
CUST0000030,64252.0,3.85,405516.0,43.5,1,4.05,35.6,5
CUST0000031,66148.0,5.96,488859.0,49.0,3,2.19,34.5,0
CUST0000032,91139.0,8.75,273511.0,26.6,0,3.45,12.0,4
CUST0000033,43156.0,1.36,264865.0,6.0,2,2.08,12.2,3
CUST0000034,100991.0,1.51,458002.0,11.1,2,3.06,25.3,4
CUST0000035,33368.0,5.25,335546.0,25.0,3,4.57,22.7,3
CUST0000036,85227.0,3.82,119408.0,36.9,0,3.23,20.1,0
CUST0000037,43686.0,8.56,390099.0,30.9,3,3.12,0.1,3
CUST0000038,99469.0,9.23,193911.0,2.8,2,4.88,32.7,1
CUST0000039,53681.0,3.42,155855.0,7.2,0,4.26,0.3,3
CUST0000040,99477.0,1.6,336562.0,22.2,0,3.69,20.6,2
CUST0000041,55871.0,7.31,388375.0,6.5,0,3.22,28.3,2
CUST0000042,88651.0,7.64,530451.0,10.3,0,2.1,6.8,1
CUST0000043,115553.0,3.27,277046.0,8.8,4,2.0,14.1,2
CUST0000044,112663.0,7.0,272966.0,1.5,2,4.53,6.3,4
CUST0000045,44831.0,9.64,283363.0,45.0,1,2.64,36.5,4
CUST0000046,60401.0,2.03,551368.0,18.1,0,4.46,14.7,2
CUST0000047,38106.0,7.22,369143.0,41.6,1,3.59,1.6,2
CUST0000048,92355.0,3.36,199621.0,41.5,0,2.25,37.2,3
CUST0000049,91192.0,8.82,216730.0,42.0,3,4.06,13.1,2
CUST0000050,111825.0,9.23,424195.0,16.2,3,4.57,5.0,3
CUST0000051,57547.0,8.37,585226.0,24.6,1,3.01,33.9,7
CUST0000052,46390.0,9.52,277747.0,11.7,0,4.0,24.2,4
CUST0000053,33130.0,6.01,550587.0,11.7,3,2.68,8.5,3
CUST0000054,63318.0,5.52,290580.0,40.3,1,4.57,27.9,2
CUST0000055,116656.0,2.57,382075.0,15.5,2,3.15,12.5,5
CUST0000056,82132.0,1.49,339093.0,4.8,4,2.95,18.6,3
CUST0000057,110060.0,7.45,391015.0,21.9,2,3.77,37.2,4
CUST0000058,76593.0,6.85,580157.0,26.5,1,2.45,22.0,3
CUST0000059,95529.0,2.74,142067.0,44.1,2,2.32,38.7,2
CUST0000060,64451.0,1.53,439096.0,1.0,0,2.36,9.3,3
CUST0000061,119258.0,5.37,440552.0,41.0,1,2.91,16.1,1
CUST0000062,65337.0,5.32,556397.0,24.6,1,3.35,36.8,4
CUST0000063,42840.0,9.65,569941.0,15.4,2,2.29,28.4,2
CUST0000064,111632.0,3.15,119362.0,11.0,3,2.71,22.6,3
CUST0000065,35470.0,5.34,352453.0,37.9,4,4.44,27.8,2
CUST0000066,38248.0,8.32,414581.0,9.3,1,3.25,8.3,0
CUST0000067,72009.0,8.04,114666.0,45.8,0,3.22,21.4,0
CUST0000068,30072.0,7.92,190672.0,36.0,0,3.62,22.9,3
CUST0000069,92047.0,9.49,380587.0,10.2,0,2.61,34.6,0
CUST0000070,64269.0,9.49,395720.0,42.2,2,3.19,9.2,5
CUST0000071,94128.0,3.69,205341.0,25.6,0,3.79,9.6,1
CUST0000072,84609.0,9.26,190839.0,2.4,3,3.79,27.1,4
CUST0000073,113378.0,3.05,536287.0,28.7,0,2.05,26.6,2
CUST0000074,37191.0,7.47,371422.0,23.0,2,2.06,26.2,0
CUST0000075,85486.0,1.11,503594.0,5.1,0,2.55,30.0,3
CUST0000076,83942.0,8.91,158607.0,8.1,2,2.29,0.4,5
CUST0000077,61765.0,4.24,278779.0,10.1,2,2.56,10.5,3
CUST0000078,60393.0,3.91,535089.0,38.8,2,2.84,17.5,0
CUST0000079,31398.0,7.7,498001.0,31.9,1,3.75,19.6,4
CUST0000080,104788.0,5.97,339821.0,32.9,0,2.34,25.6,3
CUST0000081,96993.0,6.01,580875.0,7.4,0,2.11,27.7,6
CUST0000082,61515.0,3.01,417988.0,25.7,0,2.97,18.8,3
CUST0000083,73621.0,4.53,184059.0,39.2,1,2.07,15.4,4
CUST0000084,81654.0,5.97,113947.0,41.6,4,4.04,21.8,2
CUST0000085,55053.0,8.65,200587.0,12.4,2,4.53,26.0,2
CUST0000086,55181.0,1.11,131902.0,40.3,0,3.41,26.1,1
CUST0000087,118575.0,5.53,158416.0,10.8,0,4.12,30.7,5
CUST0000088,70201.0,1.12,251475.0,17.8,0,4.86,11.5,1
CUST0000089,36000.0,1.27,264538.0,34.6,2,4.27,26.2,4
CUST0000090,62499.0,5.39,283074.0,15.1,0,4.98,2.4,4
CUST0000091,33586.0,5.65,471847.0,10.8,3,4.31,13.2,2
CUST0000092,32185.0,6.15,375590.0,12.0,1,3.33,0.1,5
CUST0000093,101918.0,1.71,477346.0,9.9,1,4.18,13.5,3
CUST0000094,102585.0,6.68,235532.0,43.1,0,3.97,14.2,3
CUST0000095,54187.0,5.93,501724.0,47.2,0,4.62,12.4,6
CUST0000096,51737.0,6.06,366589.0,49.6,3,3.61,26.3,4
CUST0000097,53255.0,4.64,433253.0,40.8,2,4.4,17.3,4
CUST0000098,118938.0,4.21,593705.0,38.0,1,3.49,27.0,3
CUST0000099,94315.0,2.64,154586.0,24.8,1,3.41,15.7,0
CUST0000100,84659.0,8.27,239736.0,45.1,0,3.76,29.0,2
CUST0000101,113703.0,4.41,228263.0,23.1,0,4.91,5.8,7
CUST0000102,65404.0,7.04,283320.0,28.3,2,3.84,23.1,2
CUST0000103,47529.0,7.44,185261.0,1.0,2,3.6,33.8,1
CUST0000104,97413.0,6.69,267136.0,4.8,3,2.24,0.5,1
CUST0000105,70619.0,5.12,520624.0,49.7,3,2.86,36.7,6
CUST0000106,40332.0,8.17,138920.0,44.8,0,3.32,25.9,0
CUST0000107,32589.0,9.05,319090.0,0.7,1,3.45,38.2,3
CUST0000108,55112.0,4.38,525220.0,16.5,3,4.34,37.9,6
CUST0000109,104175.0,9.56,511486.0,7.2,0,4.74,23.4,3
CUST0000110,52930.0,3.61,283263.0,23.1,2,2.4,5.6,3
CUST0000111,69339.0,1.84,111877.0,42.8,2,4.17,2.6,6
CUST0000112,51630.0,7.96,541811.0,33.9,0,3.33,34.3,1
CUST0000113,67297.0,3.75,185303.0,24.2,3,3.77,17.6,5
CUST0000114,112520.0,9.56,426787.0,17.9,1,4.76,8.1,1
CUST0000115,55138.0,3.03,515127.0,31.6,0,2.43,25.7,2
CUST0000116,34994.0,1.29,159488.0,16.7,1,3.98,16.5,1
CUST0000117,46680.0,5.73,270843.0,13.8,1,2.82,37.1,2
CUST0000118,41377.0,5.65,466323.0,6.5,1,3.99,17.9,4
CUST0000119,44029.0,5.23,167886.0,11.5,0,3.64,7.9,3
CUST0000120,114156.0,8.58,189237.0,26.7,2,4.89,27.9,3
CUST0000121,80363.0,3.03,557857.0,6.2,2,4.83,5.8,1
CUST0000122,119503.0,6.6,573966.0,48.0,3,3.78,25.7,1
CUST0000123,95170.0,1.6,85731.0,47.3,3,2.4,11.2,1
CUST0000124,60660.0,1.41,301488.0,32.1,0,3.79,21.2,3
CUST0000125,113844.0,1.59,506658.0,24.5,1,3.37,11.2,4
CUST0000126,110948.0,4.5,120772.0,19.8,0,4.07,11.0,3
CUST0000127,117321.0,8.78,196058.0,7.1,0,2.52,30.1,2
CUST0000128,80346.0,9.74,360816.0,49.5,2,4.84,38.3,3
CUST0000129,62355.0,4.89,200639.0,29.3,3,3.5,5.6,2
CUST0000130,67997.0,1.39,527570.0,27.6,4,2.28,8.9,4
CUST0000131,39698.0,2.87,468330.0,5.2,1,2.46,9.8,4
CUST0000132,105131.0,6.61,413644.0,16.1,1,2.17,8.9,2
CUST0000133,112187.0,9.95,596371.0,5.1,0,2.84,38.9,2
CUST0000134,58853.0,2.28,326684.0,29.3,0,4.18,37.9,3
CUST0000135,66715.0,6.98,110757.0,11.4,3,3.49,0.9,2
CUST0000136,59573.0,3.56,584135.0,33.9,3,2.73,25.2,2
CUST0000137,102579.0,2.93,143899.0,41.7,2,2.35,6.0,2
CUST0000138,61453.0,6.09,387653.0,17.6,0,4.81,30.9,1
CUST0000139,72103.0,5.3,107255.0,33.1,3,2.46,1.5,1
CUST0000140,88004.0,5.7,253911.0,26.3,1,2.71,33.4,2
CUST0000141,88091.0,5.33,332089.0,8.4,2,2.2,20.2,5
CUST0000142,106956.0,3.91,83408.0,15.3,4,4.98,0.0,5
CUST0000143,95703.0,9.75,143975.0,38.4,0,3.22,0.6,5
CUST0000144,55566.0,5.38,491242.0,40.5,2,2.06,13.5,4
CUST0000145,85669.0,5.41,141673.0,12.1,2,2.34,8.7,2
CUST0000146,113846.0,4.44,421609.0,19.0,2,4.51,2.7,5
CUST0000147,60264.0,8.0,177711.0,27.8,0,4.55,20.1,1
CUST0000148,33304.0,9.41,210033.0,33.7,1,4.99,21.4,1
CUST0000149,87682.0,6.73,293483.0,24.3,2,3.28,38.3,0
CUST0000150,91473.0,1.92,86841.0,4.4,3,2.97,30.0,0
CUST0000151,78542.0,9.1,84633.0,10.1,0,4.13,27.1,1
CUST0000152,93585.0,5.07,479942.0,13.5,1,2.55,19.8,1
CUST0000153,64566.0,4.09,93119.0,46.1,0,3.64,12.0,5
CUST0000154,91830.0,5.36,413165.0,15.9,3,2.12,17.3,0
CUST0000155,84629.0,4.19,346046.0,44.9,0,2.46,4.2,2
CUST0000156,79561.0,3.15,460338.0,20.0,3,3.02,33.0,5
CUST0000157,63524.0,3.01,320563.0,4.9,0,4.93,37.9,6
CUST0000158,116701.0,8.77,112956.0,16.8,1,2.11,22.1,2
CUST0000159,88124.0,1.03,436641.0,44.3,0,3.15,25.0,3
CUST0000160,111736.0,2.9,521940.0,25.8,0,2.44,32.7,5
CUST0000161,115947.0,6.91,99058.0,41.0,1,3.93,15.7,0
CUST0000162,51381.0,8.59,388368.0,21.4,0,2.21,12.3,2
CUST0000163,50469.0,4.18,135694.0,40.8,1,4.64,9.5,4
CUST0000164,62674.0,9.91,546821.0,47.9,3,2.54,9.9,2
CUST0000165,64462.0,5.34,275070.0,19.6,0,2.73,7.2,2
CUST0000166,86967.0,3.94,156761.0,29.4,1,3.94,16.9,1
CUST0000167,117600.0,7.81,357027.0,31.4,1,4.0,13.4,1
CUST0000168,72488.0,8.4,252664.0,7.0,2,3.21,31.3,3
CUST0000169,67297.0,7.31,467901.0,12.6,3,2.88,25.9,5
CUST0000170,34358.0,6.14,301426.0,20.6,1,3.87,34.4,3
CUST0000171,117502.0,5.98,565657.0,13.0,0,3.66,26.6,3
CUST0000172,118096.0,9.19,314685.0,5.1,0,2.51,33.7,2
CUST0000173,88939.0,1.16,464084.0,23.9,2,2.51,16.8,4
CUST0000174,43042.0,7.36,81649.0,47.3,0,3.68,24.1,1
CUST0000175,110584.0,3.01,538569.0,38.8,1,4.77,35.0,9
CUST0000176,74053.0,8.91,529425.0,11.4,1,3.83,14.2,2
CUST0000177,85931.0,1.56,592264.0,26.7,2,4.53,12.8,4
CUST0000178,39182.0,2.15,534533.0,3.4,1,3.02,9.1,2
CUST0000179,95542.0,7.34,167533.0,20.5,0,3.52,33.8,5
CUST0000180,41295.0,1.63,523233.0,42.8,1,4.48,25.6,4
CUST0000181,67296.0,6.84,95648.0,40.7,0,4.12,8.0,2
CUST0000182,91957.0,3.95,597020.0,7.7,1,4.66,20.8,1
CUST0000183,103582.0,2.68,538329.0,21.0,1,4.19,28.4,5
CUST0000184,50895.0,6.52,231161.0,46.2,0,2.91,4.3,4
CUST0000185,60277.0,1.83,94136.0,36.6,1,3.25,39.2,4
CUST0000186,64742.0,7.64,350196.0,44.0,2,3.28,7.4,3
CUST0000187,74728.0,2.91,183455.0,44.5,2,2.78,26.4,3
CUST0000188,118063.0,2.86,228117.0,43.8,1,3.27,11.4,4
CUST0000189,69996.0,8.21,96728.0,6.8,2,3.12,12.5,0
CUST0000190,108567.0,3.75,518038.0,40.9,3,4.01,9.2,2
CUST0000191,101510.0,6.29,457825.0,26.5,3,4.07,32.5,5
CUST0000192,37139.0,2.71,314749.0,11.8,4,3.72,33.5,2
CUST0000193,117141.0,6.58,192793.0,13.6,0,2.78,13.5,2
CUST0000194,113643.0,6.43,215855.0,5.6,2,3.98,31.3,4
CUST0000195,37906.0,8.62,581057.0,47.8,3,4.26,4.6,2
CUST0000196,77359.0,2.51,126360.0,10.7,1,3.34,31.4,1
CUST0000197,30206.0,9.7,105967.0,22.2,0,2.12,5.4,1
CUST0000198,74695.0,2.04,191233.0,16.4,3,2.42,38.2,3
CUST0000199,113979.0,8.1,158503.0,26.1,0,4.14,30.8,3
CUST0000200,88598.0,4.44,248130.0,11.9,0,2.3,9.2,1
CUST0000201,40054.0,2.1,134575.0,15.6,1,3.35,29.1,1
CUST0000202,78256.0,5.31,249895.0,44.5,1,2.44,33.5,2
CUST0000203,56440.0,8.34,244326.0,30.1,2,2.16,19.7,1
CUST0000204,74789.0,6.98,204504.0,24.3,1,2.75,19.6,1
CUST0000205,87236.0,7.75,207654.0,35.4,1,3.94,38.0,3
CUST0000206,116708.0,6.45,460724.0,29.8,0,3.47,0.1,1
CUST0000207,96833.0,8.24,292269.0,18.7,1,4.09,4.4,3
CUST0000208,64007.0,3.31,249821.0,43.4,1,2.88,24.5,1
CUST0000209,101598.0,2.87,202966.0,13.9,3,4.73,3.2,1
CUST0000210,60509.0,5.09,561860.0,20.6,3,2.16,9.4,2
CUST0000211,91186.0,1.02,217577.0,34.2,1,4.01,13.7,4
CUST0000212,59273.0,8.3,563547.0,23.0,1,2.94,0.3,2
CUST0000213,74878.0,6.19,258914.0,13.8,1,3.75,20.0,3
CUST0000214,74965.0,7.43,166738.0,12.0,4,2.55,21.0,0
CUST0000215,69854.0,4.97,474341.0,12.5,0,4.9,36.7,1
CUST0000216,62661.0,8.61,419359.0,37.8,3,4.53,10.5,6
CUST0000217,39489.0,1.0,83601.0,48.0,1,2.2,9.6,1
CUST0000218,59412.0,5.82,497168.0,1.3,1,3.42,27.1,1
CUST0000219,113384.0,2.26,599697.0,31.8,2,3.87,10.6,2
CUST0000220,76191.0,2.93,350351.0,42.8,3,4.14,28.0,1
CUST0000221,97033.0,3.44,213295.0,2.8,3,2.96,28.2,2
CUST0000222,73979.0,9.34,578014.0,23.2,2,3.15,5.1,1
CUST0000223,38070.0,8.01,257985.0,13.9,1,2.45,19.8,2
CUST0000224,31086.0,1.65,442520.0,37.1,3,2.93,2.6,2
CUST0000225,111077.0,8.11,306846.0,19.8,0,4.85,5.5,2
CUST0000226,64566.0,2.32,463075.0,8.0,0,3.47,36.9,4
CUST0000227,101029.0,3.61,162812.0,23.4,1,2.9,14.9,3
CUST0000228,112827.0,9.05,155824.0,46.8,0,2.65,14.4,5
CUST0000229,109594.0,9.57,541505.0,33.5,3,2.57,23.9,1
CUST0000230,39722.0,6.15,176737.0,16.9,3,4.87,14.6,2
CUST0000231,67204.0,6.54,545989.0,15.4,1,2.69,8.4,3
CUST0000232,33317.0,2.97,564513.0,31.7,2,3.81,22.4,2
CUST0000233,36933.0,8.68,589408.0,34.8,1,3.76,20.9,2
CUST0000234,112188.0,2.54,357153.0,38.0,0,4.53,8.9,4
CUST0000235,106245.0,1.08,396415.0,3.6,0,4.28,35.0,3
CUST0000236,63693.0,7.48,498227.0,19.8,1,2.78,33.4,2
CUST0000237,44263.0,7.31,385822.0,45.7,3,3.95,20.3,1
CUST0000238,61250.0,1.27,525329.0,28.4,4,3.44,0.7,3
CUST0000239,119061.0,4.98,261106.0,13.1,1,2.15,26.3,4
CUST0000240,52617.0,9.23,475397.0,33.4,2,2.25,34.9,0
CUST0000241,71222.0,6.73,179502.0,30.1,2,4.17,2.5,2
CUST0000242,61314.0,6.59,361564.0,19.7,4,4.8,4.4,3
CUST0000243,47741.0,2.71,386962.0,27.8,0,3.98,9.6,2
CUST0000244,108790.0,8.64,442654.0,31.7,0,3.72,33.3,5
CUST0000245,67068.0,6.49,403800.0,29.2,2,4.61,9.9,2
CUST0000246,74463.0,1.99,554547.0,34.7,2,4.71,30.2,3
CUST0000247,115544.0,1.93,185739.0,9.1,0,2.76,15.4,2
CUST0000248,30390.0,5.03,203298.0,36.7,0,3.4,39.6,2
CUST0000249,100819.0,4.02,520074.0,7.7,1,2.39,17.7,6
CUST0000250,62080.0,8.27,213758.0,47.0,0,3.76,22.1,3
CUST0000251,111153.0,2.56,194489.0,27.9,0,3.89,11.5,5
CUST0000252,52575.0,1.74,392346.0,31.3,1,4.08,26.5,3
CUST0000253,106976.0,1.62,151040.0,44.8,3,3.29,33.1,2
CUST0000254,83663.0,5.74,536449.0,18.8,1,2.82,18.7,2
CUST0000255,77210.0,5.97,337490.0,45.4,4,3.84,19.5,5
CUST0000256,97143.0,3.59,584874.0,37.2,2,4.01,5.3,9
CUST0000257,47151.0,8.16,497817.0,28.2,3,3.68,9.7,8
CUST0000258,90216.0,5.52,364152.0,7.8,1,3.08,6.3,2
CUST0000259,86203.0,2.41,538603.0,40.7,2,4.86,16.4,3
CUST0000260,110813.0,7.46,334783.0,40.1,0,4.5,29.8,2
CUST0000261,55819.0,1.77,162649.0,3.6,0,4.8,8.3,0
CUST0000262,74957.0,4.7,555822.0,45.8,1,3.44,17.5,2
CUST0000263,58702.0,2.59,491842.0,11.1,1,4.26,0.7,5
CUST0000264,35500.0,3.82,209453.0,7.5,2,2.5,31.7,3
CUST0000265,75557.0,7.59,421900.0,42.3,1,4.75,37.9,2
CUST0000266,75355.0,1.34,179848.0,13.4,3,3.63,13.1,3
CUST0000267,33715.0,8.72,138090.0,46.5,1,4.39,33.2,3
CUST0000268,64077.0,7.19,244138.0,42.8,3,4.96,39.8,1
CUST0000269,54444.0,8.34,368031.0,11.8,1,4.01,21.0,2
CUST0000270,117152.0,7.13,161717.0,43.1,2,2.43,15.0,1
CUST0000271,75421.0,7.46,541254.0,8.8,1,3.73,10.2,4
CUST0000272,32959.0,9.73,386604.0,9.3,0,4.07,35.8,4
CUST0000273,86131.0,7.89,549291.0,31.5,1,4.22,34.8,4
CUST0000274,72243.0,2.32,424642.0,42.1,2,3.9,34.9,1
CUST0000275,35730.0,1.93,443777.0,33.0,1,3.17,20.4,1
CUST0000276,46888.0,6.81,107558.0,15.2,4,4.31,19.2,2
CUST0000277,62196.0,6.83,379893.0,41.8,1,2.68,22.9,3
CUST0000278,79531.0,5.17,373595.0,12.7,2,3.03,20.5,3
CUST0000279,99239.0,6.03,540905.0,16.7,2,3.35,37.1,2
CUST0000280,75464.0,2.25,440102.0,26.4,2,3.81,9.3,2
CUST0000281,48686.0,4.88,432846.0,20.8,0,4.41,34.7,3
CUST0000282,64617.0,3.6,229228.0,44.4,1,4.2,20.4,3
CUST0000283,82832.0,7.29,117752.0,14.4,2,3.78,27.3,5
CUST0000284,33302.0,8.54,104023.0,25.6,0,4.85,4.2,3
CUST0000285,38029.0,5.17,342643.0,40.7,0,2.11,33.5,7
CUST0000286,101957.0,5.69,250404.0,38.5,2,3.07,17.8,4
CUST0000287,93282.0,6.47,176356.0,31.1,1,3.36,36.6,6
CUST0000288,113942.0,1.57,172493.0,39.7,3,2.46,7.0,4
CUST0000289,70120.0,2.7,576809.0,48.8,1,2.51,6.1,2
CUST0000290,33056.0,7.76,352625.0,19.3,1,3.2,3.8,2
CUST0000291,55409.0,4.99,599952.0,42.2,0,4.49,30.7,3
CUST0000292,69699.0,7.3,298935.0,30.4,3,4.16,12.1,3
CUST0000293,59221.0,3.83,574357.0,46.9,2,2.77,26.6,2
CUST0000294,79246.0,3.62,88469.0,10.3,0,3.89,7.9,1
CUST0000295,88374.0,4.67,116686.0,20.3,1,4.3,5.9,6
CUST0000296,76796.0,6.93,288540.0,43.5,1,2.85,14.0,2
CUST0000297,69524.0,4.23,260397.0,13.9,2,4.32,7.5,3
CUST0000298,51251.0,8.87,380835.0,19.6,1,2.73,10.1,3
CUST0000299,39097.0,6.53,147310.0,8.0,2,4.38,15.4,1
CUST0000300,98968.0,2.12,404673.0,48.0,2,4.57,37.0,3
CUST0000301,51597.0,4.02,477359.0,9.0,1,4.27,32.8,3
CUST0000302,117919.0,5.28,526510.0,8.2,1,2.79,27.3,4
CUST0000303,30742.0,4.83,466795.0,16.0,3,4.46,9.6,3
CUST0000304,63934.0,1.01,423258.0,45.4,3,3.59,30.8,4
CUST0000305,116376.0,5.66,425512.0,5.5,3,4.66,34.6,3
CUST0000306,62204.0,8.63,516338.0,35.7,2,2.12,38.9,5
CUST0000307,74966.0,5.03,243289.0,35.3,1,2.37,9.2,5
CUST0000308,45928.0,1.72,181969.0,1.4,1,2.03,13.5,4
CUST0000309,90046.0,3.14,408895.0,11.6,1,3.23,18.3,2
CUST0000310,37386.0,3.38,380081.0,16.2,1,2.33,36.7,3
CUST0000311,113193.0,2.95,437817.0,40.1,3,3.08,7.3,5
CUST0000312,116217.0,2.9,545398.0,7.0,0,3.69,18.9,1
CUST0000313,49849.0,1.12,300988.0,9.6,1,4.39,32.9,2
CUST0000314,64926.0,7.0,134798.0,29.8,2,2.89,12.4,2
CUST0000315,108146.0,6.88,579970.0,32.5,3,4.38,23.3,2
CUST0000316,100616.0,8.41,168062.0,22.1,2,2.73,17.9,1
CUST0000317,81089.0,5.97,547466.0,44.5,1,4.46,18.8,2
CUST0000318,67348.0,3.96,202174.0,29.1,0,4.13,4.0,2
CUST0000319,102751.0,8.47,494625.0,16.6,3,2.89,19.0,0
CUST0000320,84417.0,1.34,388555.0,8.4,1,3.34,26.1,5
CUST0000321,75813.0,9.23,471252.0,8.9,3,2.83,10.6,1
CUST0000322,75011.0,5.01,228446.0,36.3,1,2.5,26.1,1
CUST0000323,74886.0,8.59,104088.0,43.5,4,3.59,22.3,10
CUST0000324,57619.0,7.71,567361.0,7.7,2,2.88,6.3,8
CUST0000325,100698.0,6.68,237188.0,41.9,1,2.02,7.6,1
CUST0000326,88828.0,6.32,449760.0,37.2,2,4.04,11.6,1
CUST0000327,84577.0,3.76,246451.0,22.4,0,4.12,16.2,3
CUST0000328,31084.0,4.84,226159.0,11.8,2,2.84,0.4,2
CUST0000329,94516.0,3.51,381216.0,10.6,1,3.67,25.8,2
CUST0000330,80949.0,7.53,286271.0,47.4,3,4.17,33.4,3
CUST0000331,63856.0,4.13,536530.0,20.5,0,4.32,38.4,6
CUST0000332,72469.0,8.68,465970.0,43.4,2,2.25,29.0,3
CUST0000333,107794.0,7.46,471611.0,25.7,1,4.53,12.1,4
CUST0000334,106645.0,5.5,304344.0,45.4,1,2.84,25.7,4
CUST0000335,78505.0,1.3,475790.0,12.1,1,4.4,4.1,3
CUST0000336,76295.0,8.88,403248.0,47.2,0,2.92,34.1,2
CUST0000337,79927.0,3.84,515815.0,47.5,1,2.83,15.7,3
CUST0000338,55361.0,4.55,575675.0,38.7,1,3.94,0.6,1
CUST0000339,93192.0,4.93,279190.0,27.2,0,3.24,15.3,5
CUST0000340,100348.0,2.91,169000.0,6.4,3,3.18,13.5,2
CUST0000341,50998.0,5.45,559121.0,41.7,1,2.52,5.5,6
CUST0000342,88202.0,8.41,533265.0,3.0,3,2.12,14.6,3
CUST0000343,103559.0,1.64,164458.0,1.3,1,2.29,25.3,3
CUST0000344,86161.0,4.69,246887.0,20.3,2,3.99,1.5,1
CUST0000345,113111.0,9.09,559237.0,31.9,3,2.51,34.9,3
CUST0000346,94932.0,7.87,304470.0,42.5,3,3.0,19.9,8
CUST0000347,45805.0,3.42,168921.0,3.3,0,2.37,27.1,0
CUST0000348,105609.0,7.41,488366.0,33.3,1,4.09,23.1,5
CUST0000349,66496.0,8.56,553952.0,17.0,1,3.45,24.0,4
CUST0000350,43750.0,8.57,88253.0,46.5,0,2.13,1.7,4
CUST0000351,91071.0,7.67,499122.0,4.1,0,2.14,9.0,5
CUST0000352,46490.0,9.78,158506.0,42.9,1,4.65,15.4,2
CUST0000353,106572.0,1.23,292907.0,42.7,0,4.5,31.6,2
CUST0000354,54816.0,5.46,594581.0,13.3,2,2.97,11.8,3
CUST0000355,116864.0,7.56,483067.0,15.6,2,4.36,14.9,3
CUST0000356,110799.0,2.1,297252.0,49.8,3,3.0,24.5,4
CUST0000357,56342.0,7.09,331689.0,22.1,2,3.47,8.8,2
CUST0000358,35328.0,1.17,428753.0,21.1,1,2.6,8.6,6
CUST0000359,55465.0,2.2,275898.0,2.3,1,2.34,9.4,1
CUST0000360,55171.0,8.57,118959.0,48.8,3,4.58,3.8,1
CUST0000361,96352.0,9.35,365930.0,35.9,2,3.69,39.5,2
CUST0000362,97795.0,9.72,501896.0,9.4,2,4.94,6.2,1
CUST0000363,82784.0,5.93,231046.0,20.7,2,3.15,31.7,2
CUST0000364,118936.0,6.49,422583.0,9.5,0,3.62,0.5,1
CUST0000365,89753.0,4.09,505161.0,9.9,2,4.72,26.9,2
CUST0000366,75954.0,4.23,464242.0,28.6,0,2.53,3.5,2
CUST0000367,117529.0,5.86,526944.0,6.7,0,4.49,4.5,6
CUST0000368,63074.0,5.91,191186.0,11.4,2,3.32,10.8,2
CUST0000369,89301.0,7.55,409045.0,47.6,1,3.43,9.7,1
CUST0000370,107722.0,6.8,468008.0,44.6,1,3.64,25.9,4
CUST0000371,62183.0,2.63,418899.0,24.7,3,2.18,20.1,2
CUST0000372,87539.0,8.13,593377.0,32.1,1,4.68,12.7,2
CUST0000373,101249.0,2.49,473289.0,35.1,2,2.64,5.6,1
CUST0000374,110765.0,9.79,505310.0,43.9,0,4.59,14.8,2
CUST0000375,86184.0,6.52,577231.0,28.2,1,3.28,13.3,6
CUST0000376,102780.0,2.48,378550.0,24.4,1,4.27,7.4,3
CUST0000377,43345.0,5.74,205586.0,12.7,0,3.05,8.4,3
CUST0000378,92064.0,7.58,120727.0,48.4,1,3.86,12.7,3
CUST0000379,40039.0,1.26,477129.0,46.9,1,2.1,16.0,4
CUST0000380,73222.0,8.92,145351.0,20.4,2,2.23,15.2,0
CUST0000381,65547.0,5.21,504189.0,10.6,2,3.54,27.9,7
CUST0000382,37644.0,5.28,122474.0,43.8,0,2.38,26.4,1
CUST0000383,82670.0,5.46,437894.0,25.2,1,2.8,1.5,3
CUST0000384,44032.0,1.34,487199.0,29.3,3,4.34,13.3,0
CUST0000385,99036.0,4.36,306100.0,9.5,0,4.47,9.0,4
CUST0000386,57519.0,6.19,507008.0,4.3,0,3.89,4.5,3
CUST0000387,63495.0,2.22,535435.0,26.1,3,2.84,0.7,3
CUST0000388,43754.0,5.91,597055.0,34.6,2,4.8,3.4,4
CUST0000389,111955.0,1.8,395529.0,33.2,2,2.96,37.6,4
CUST0000390,50315.0,2.8,416527.0,34.7,1,2.61,9.3,1
CUST0000391,111897.0,6.29,340734.0,49.3,2,4.44,32.3,1
CUST0000392,34385.0,2.49,312159.0,47.2,3,2.85,15.4,2
CUST0000393,47533.0,8.88,181915.0,49.9,0,4.67,33.0,4
CUST0000394,65920.0,5.78,87004.0,5.3,1,3.96,19.2,2
CUST0000395,31433.0,9.82,144720.0,32.9,2,2.51,8.9,1
CUST0000396,64461.0,1.4,130404.0,25.9,0,3.61,38.5,4
CUST0000397,119153.0,5.33,343775.0,40.1,0,3.99,35.3,5
CUST0000398,68785.0,4.59,353602.0,14.6,1,4.08,4.8,5
CUST0000399,32980.0,4.82,555321.0,40.3,2,2.36,39.5,1
CUST0000400,50864.0,3.66,594613.0,25.3,1,2.04,12.1,5
CUST0000401,65726.0,3.43,230384.0,27.3,0,3.56,6.5,2
CUST0000402,99134.0,5.29,550760.0,30.0,2,3.9,13.3,3
CUST0000403,87150.0,9.84,516483.0,32.7,2,4.84,19.7,2
CUST0000404,48199.0,7.18,224210.0,22.4,0,3.81,13.6,2
CUST0000405,88123.0,7.09,256385.0,38.2,1,4.48,34.4,3
CUST0000406,109783.0,7.22,507861.0,4.8,1,2.73,11.6,1
CUST0000407,74370.0,2.46,204948.0,13.8,2,2.1,34.1,2
CUST0000408,78897.0,4.79,234982.0,5.1,1,3.33,1.3,1
CUST0000409,39219.0,3.2,490295.0,15.0,0,2.63,14.9,1
CUST0000410,54254.0,6.93,176673.0,41.4,3,2.28,16.2,4
CUST0000411,54474.0,3.88,371938.0,1.1,3,4.21,24.0,6
CUST0000412,98705.0,7.45,303902.0,20.1,2,2.94,28.7,5
CUST0000413,83418.0,4.12,154439.0,17.1,1,2.72,37.0,6
CUST0000414,103307.0,1.35,542320.0,34.8,0,2.04,30.8,3
CUST0000415,102627.0,8.13,208981.0,17.0,1,3.78,30.3,3
CUST0000416,53899.0,3.25,143828.0,20.3,0,3.5,13.5,3
CUST0000417,32714.0,4.62,450441.0,41.8,2,4.94,21.2,6
CUST0000418,85559.0,5.06,503482.0,43.9,0,2.08,38.4,3
CUST0000419,102206.0,8.16,312045.0,31.8,0,3.86,11.3,4
CUST0000420,55436.0,8.74,306215.0,20.1,1,2.48,11.8,3
CUST0000421,117717.0,1.4,204971.0,3.3,2,4.12,10.3,2
CUST0000422,47929.0,9.01,165464.0,40.2,1,2.96,27.3,2
CUST0000423,69242.0,7.52,588841.0,45.2,1,3.92,7.8,1
CUST0000424,108352.0,5.46,292667.0,16.4,1,3.79,11.6,2
CUST0000425,56116.0,7.03,541735.0,18.8,3,4.01,39.7,3
CUST0000426,61396.0,4.59,98252.0,18.5,1,4.39,0.4,2
CUST0000427,35021.0,2.12,378559.0,1.1,2,2.92,28.6,6
CUST0000428,97128.0,1.33,540546.0,32.5,2,3.79,20.6,3
CUST0000429,31024.0,8.15,580624.0,34.0,1,3.59,0.7,2
CUST0000430,114569.0,3.51,120599.0,39.4,2,4.37,36.7,8
CUST0000431,111302.0,2.97,171186.0,0.8,1,2.81,39.6,2
CUST0000432,106180.0,9.92,279771.0,39.2,1,4.45,21.4,3
CUST0000433,117779.0,1.17,502304.0,15.8,0,4.94,27.4,2
CUST0000434,55510.0,7.22,563709.0,8.8,0,4.3,31.1,3
CUST0000435,85224.0,1.22,503057.0,43.7,0,3.23,10.6,4
CUST0000436,62246.0,7.45,236361.0,12.6,2,4.72,35.2,1
CUST0000437,30220.0,3.35,578574.0,16.9,1,3.25,22.2,0
CUST0000438,45156.0,8.37,342807.0,21.3,0,3.99,10.6,6
CUST0000439,44304.0,6.46,464043.0,7.9,0,2.84,36.5,4
CUST0000440,78570.0,2.29,251666.0,4.6,1,3.15,28.2,4
CUST0000441,86201.0,7.52,332831.0,21.8,0,4.57,18.2,4
CUST0000442,111884.0,7.7,223482.0,2.4,2,2.14,18.6,1
CUST0000443,66604.0,1.8,203694.0,43.9,3,2.58,28.3,4
CUST0000444,50974.0,9.62,560132.0,4.0,1,4.51,8.0,2
CUST0000445,107709.0,6.79,417562.0,42.9,0,3.13,36.8,2
CUST0000446,44024.0,1.54,92999.0,23.9,2,2.25,27.1,3
CUST0000447,89312.0,4.52,408273.0,8.7,2,2.1,23.6,1
CUST0000448,89145.0,1.58,278251.0,1.5,0,3.67,27.7,3
CUST0000449,42188.0,9.57,376791.0,23.4,1,2.12,9.3,7
CUST0000450,108645.0,7.03,344310.0,11.8,1,2.98,33.8,2
CUST0000451,83036.0,2.72,568153.0,10.1,2,2.07,28.5,2
CUST0000452,63614.0,6.74,298040.0,40.3,0,3.35,4.5,4
CUST0000453,94167.0,6.87,425017.0,11.3,0,4.37,37.3,5
CUST0000454,108742.0,3.3,343563.0,17.3,3,3.09,3.1,2
CUST0000455,82182.0,3.55,272161.0,27.7,3,3.2,33.9,2
CUST0000456,84399.0,1.63,505016.0,30.2,0,4.28,1.5,1
CUST0000457,38203.0,7.39,595067.0,49.0,0,4.17,8.3,3
CUST0000458,83919.0,6.1,276999.0,1.0,1,4.05,33.7,2
CUST0000459,70085.0,4.21,184321.0,25.3,0,4.73,1.5,2
CUST0000460,57697.0,6.39,515878.0,28.0,3,2.3,3.8,1
CUST0000461,91345.0,6.55,407839.0,11.3,3,3.29,31.2,5
CUST0000462,73103.0,5.24,524486.0,27.4,0,2.16,2.5,4
CUST0000463,64948.0,2.06,189142.0,26.7,3,2.11,18.3,3
CUST0000464,63268.0,1.63,510888.0,14.6,1,4.98,31.8,4
CUST0000465,54260.0,8.58,224532.0,3.8,3,3.13,33.2,3
CUST0000466,33796.0,5.63,240881.0,28.9,0,2.26,2.0,2
CUST0000467,51101.0,9.81,481600.0,44.1,3,4.42,6.8,1
CUST0000468,75243.0,4.44,323991.0,31.2,1,3.18,37.0,4
CUST0000469,69272.0,7.45,518686.0,44.3,1,4.24,20.9,1
CUST0000470,45026.0,1.93,88259.0,49.9,4,4.78,39.9,5
CUST0000471,86105.0,9.33,265321.0,6.1,3,3.08,2.3,3
CUST0000472,38914.0,2.92,116194.0,17.1,1,3.33,21.7,3
CUST0000473,56742.0,1.79,210407.0,33.3,2,3.48,1.6,5
CUST0000474,71772.0,8.44,523443.0,13.1,1,2.19,35.7,5
CUST0000475,98787.0,8.28,568987.0,46.4,1,3.83,7.0,6
CUST0000476,91666.0,7.22,422497.0,46.9,0,4.24,14.1,3
CUST0000477,91001.0,2.2,205123.0,5.2,0,4.7,33.4,5
CUST0000478,107791.0,5.69,321154.0,1.8,0,4.26,23.8,5
CUST0000479,106507.0,7.71,339169.0,17.2,3,3.63,12.5,4
CUST0000480,40396.0,7.19,504486.0,15.6,0,2.92,1.5,2
CUST0000481,98610.0,9.44,136352.0,28.1,0,3.67,8.8,1
CUST0000482,35810.0,4.17,152224.0,44.6,2,2.44,7.6,1
CUST0000483,107838.0,7.75,407909.0,49.2,2,3.92,10.4,2
CUST0000484,61562.0,1.8,170033.0,42.6,0,4.45,16.8,2
CUST0000485,68249.0,5.55,456591.0,43.9,2,3.61,7.8,3
CUST0000486,32773.0,5.85,327160.0,15.0,0,3.14,24.8,3
CUST0000487,58934.0,6.34,477497.0,36.3,1,2.05,8.2,1
CUST0000488,74444.0,6.01,265099.0,48.2,2,4.45,4.5,5
CUST0000489,59072.0,9.94,328100.0,40.0,3,2.68,29.6,2
CUST0000490,42870.0,2.06,553927.0,15.5,1,4.66,12.3,3
CUST0000491,84594.0,2.29,171176.0,41.1,0,2.25,2.0,3
CUST0000492,80565.0,4.46,146318.0,34.2,1,3.12,30.8,0
CUST0000493,119896.0,6.34,542816.0,47.4,1,4.42,30.3,3
CUST0000494,103923.0,8.07,183494.0,49.5,1,2.45,37.7,2
CUST0000495,102060.0,6.88,82911.0,1.9,0,2.92,26.4,5
CUST0000496,116455.0,9.74,80676.0,34.5,1,2.22,35.5,3
CUST0000497,38584.0,8.24,463941.0,7.4,0,3.39,13.3,4
CUST0000498,94423.0,1.65,524335.0,3.6,3,3.89,3.3,3
CUST0000499,35158.0,8.37,369132.0,35.8,0,3.41,21.0,4
CUST0000500,109241.0,1.84,253261.0,38.9,2,3.44,13.1,2
CUST0000501,81706.0,6.42,490029.0,21.1,2,3.56,36.9,2
CUST0000502,33589.0,7.18,402987.0,16.7,1,4.66,14.6,3
CUST0000503,95141.0,3.21,340637.0,9.8,0,4.15,10.4,5
CUST0000504,40657.0,1.09,350297.0,9.3,2,4.78,13.2,2
CUST0000505,61468.0,2.31,339791.0,19.9,2,2.37,1.9,3
CUST0000506,113367.0,6.93,111563.0,36.6,3,2.41,36.1,1
CUST0000507,95646.0,3.34,222499.0,0.6,1,2.95,15.7,3
CUST0000508,42505.0,6.71,440595.0,45.9,1,3.94,38.2,2
CUST0000509,116328.0,6.66,193887.0,33.7,2,2.15,8.0,5
CUST0000510,95797.0,4.41,315466.0,32.8,1,4.13,15.5,4
CUST0000511,65639.0,4.0,396518.0,6.7,0,4.62,15.9,4
CUST0000512,41828.0,4.29,244443.0,22.4,2,4.85,19.6,4
CUST0000513,88487.0,4.39,549629.0,35.3,2,2.71,9.3,7
CUST0000514,62830.0,4.45,123965.0,4.5,1,2.73,5.3,0
CUST0000515,55359.0,8.41,590295.0,41.6,3,2.3,38.8,5
CUST0000516,69761.0,6.79,485111.0,6.9,3,2.27,27.6,0
CUST0000517,107251.0,2.32,399651.0,4.2,2,3.11,39.2,4
CUST0000518,60314.0,7.52,362074.0,15.6,0,2.59,0.9,6
CUST0000519,36077.0,4.74,581274.0,40.0,3,4.19,33.5,6
CUST0000520,53057.0,1.11,438976.0,41.7,0,3.32,11.9,8
CUST0000521,76323.0,6.33,118446.0,26.4,1,3.02,11.2,4
CUST0000522,70101.0,9.58,362712.0,42.8,2,4.92,17.3,5
CUST0000523,63070.0,4.12,405387.0,38.3,2,4.91,19.4,1
CUST0000524,95947.0,9.21,464699.0,48.5,3,2.97,34.1,5
CUST0000525,92613.0,3.08,254840.0,22.0,0,4.46,33.1,1
CUST0000526,45970.0,9.9,338384.0,37.0,2,4.34,31.1,0
CUST0000527,39859.0,4.45,179375.0,28.5,2,2.81,31.4,0
CUST0000528,46433.0,8.62,111960.0,48.8,1,2.29,9.3,3
CUST0000529,98849.0,9.53,377664.0,21.8,3,2.16,12.5,1
CUST0000530,101134.0,8.09,357645.0,42.2,0,4.26,34.7,2
CUST0000531,92958.0,8.22,258639.0,10.2,3,4.08,0.6,6
CUST0000532,114798.0,7.87,590519.0,13.3,3,4.45,30.0,5
CUST0000533,40252.0,2.36,435965.0,7.7,1,4.98,3.8,4
CUST0000534,50092.0,6.46,230729.0,32.0,0,3.84,18.9,4
CUST0000535,40414.0,8.04,557890.0,17.9,1,4.07,39.7,3
CUST0000536,69939.0,6.46,590944.0,4.5,1,4.63,34.0,2
CUST0000537,103834.0,7.87,416185.0,36.7,1,3.69,5.7,3
CUST0000538,37753.0,4.53,545015.0,39.4,0,3.35,20.1,4
CUST0000539,59796.0,7.44,139338.0,35.3,2,4.96,29.4,6
CUST0000540,80468.0,9.21,384632.0,48.7,3,3.91,14.8,2
CUST0000541,107271.0,7.79,283704.0,8.3,2,4.59,1.4,2
CUST0000542,66556.0,9.27,537462.0,32.0,1,3.37,17.7,5
CUST0000543,85801.0,9.93,264505.0,7.0,1,3.87,3.1,1
CUST0000544,49498.0,7.82,204854.0,33.5,1,4.92,1.7,0
CUST0000545,38140.0,2.63,420774.0,10.6,3,3.9,12.0,3
CUST0000546,93206.0,5.9,437554.0,7.3,0,2.9,17.5,2
CUST0000547,112902.0,4.36,213784.0,42.0,4,4.92,31.5,4
CUST0000548,82035.0,6.64,507737.0,21.7,1,4.91,34.4,7
CUST0000549,72939.0,3.11,582501.0,36.5,4,3.68,2.7,3
CUST0000550,109421.0,4.07,150326.0,3.8,1,4.83,16.1,1
CUST0000551,78991.0,2.57,544414.0,45.3,2,2.1,19.9,8
CUST0000552,108581.0,4.46,455309.0,49.4,0,2.16,30.8,1
CUST0000553,39400.0,5.52,315038.0,39.8,0,3.69,22.4,4
CUST0000554,83721.0,9.15,112512.0,33.8,0,3.37,2.7,2
CUST0000555,39945.0,6.78,288256.0,15.0,3,4.23,28.2,1
CUST0000556,89727.0,7.53,490103.0,13.5,1,4.35,7.7,2
CUST0000557,105148.0,5.24,169080.0,11.0,1,4.58,7.4,4
CUST0000558,58524.0,1.34,424786.0,21.4,0,2.07,19.0,3
CUST0000559,63457.0,7.93,352857.0,22.1,1,2.58,35.5,4
CUST0000560,30816.0,1.11,98035.0,37.4,0,4.94,8.4,4
CUST0000561,61066.0,3.47,397320.0,43.6,2,3.4,18.1,5
CUST0000562,119273.0,7.25,566886.0,15.3,2,4.85,22.7,2
CUST0000563,61430.0,1.61,313557.0,36.9,0,4.21,17.8,3
CUST0000564,63288.0,6.14,469778.0,36.3,2,3.45,36.6,2
CUST0000565,36535.0,5.29,560200.0,39.7,1,4.72,8.3,4
CUST0000566,110812.0,9.35,333823.0,11.3,4,2.36,10.7,3
CUST0000567,87876.0,6.66,196780.0,14.4,1,4.82,2.5,1
CUST0000568,34176.0,3.59,132897.0,18.7,1,2.24,29.6,3
CUST0000569,76798.0,3.31,158592.0,45.9,1,2.42,36.3,5
CUST0000570,49283.0,3.6,552728.0,34.1,1,2.52,31.6,4
CUST0000571,62862.0,6.22,597971.0,1.3,0,3.98,24.4,2
CUST0000572,116851.0,3.26,292045.0,6.0,1,2.38,12.2,6
CUST0000573,111553.0,8.25,303832.0,1.4,4,4.54,3.2,5
CUST0000574,95196.0,8.21,380052.0,5.0,3,2.42,19.9,5
CUST0000575,86582.0,4.04,496079.0,13.3,2,3.25,19.7,3
CUST0000576,86345.0,4.57,553380.0,13.8,4,3.45,32.8,2
CUST0000577,93620.0,2.82,500596.0,37.5,3,3.97,1.0,3
CUST0000578,65899.0,9.26,163333.0,3.5,1,2.03,32.0,3
CUST0000579,39210.0,3.18,256997.0,0.6,1,3.49,35.8,1
CUST0000580,118709.0,9.87,351026.0,3.2,1,3.22,11.7,5
CUST0000581,87051.0,1.35,351132.0,20.5,2,2.18,20.3,4
CUST0000582,97528.0,2.39,230378.0,3.8,0,2.7,39.3,3
CUST0000583,103981.0,3.24,400795.0,16.5,1,2.67,23.3,5
CUST0000584,93864.0,1.57,105666.0,40.9,2,2.5,7.9,3
CUST0000585,37954.0,7.8,585749.0,36.0,2,3.05,31.8,1
CUST0000586,114184.0,1.56,239266.0,48.0,2,2.07,18.0,4
CUST0000587,31771.0,5.53,173327.0,41.0,3,2.32,27.8,4
CUST0000588,39305.0,2.47,263127.0,18.6,3,2.16,16.5,2
CUST0000589,32394.0,3.54,349728.0,39.1,1,3.5,32.2,2
CUST0000590,91523.0,9.35,125769.0,5.9,3,2.1,38.7,1
CUST0000591,118758.0,3.44,218066.0,7.2,3,3.92,9.4,0
CUST0000592,40017.0,1.24,457325.0,5.0,1,2.74,29.3,1
CUST0000593,61893.0,8.77,561151.0,5.3,0,4.51,15.7,4
CUST0000594,116776.0,3.2,300313.0,44.6,2,4.29,10.8,3
CUST0000595,84192.0,4.54,444075.0,28.4,1,4.38,5.5,1
CUST0000596,76040.0,1.09,135696.0,41.1,1,3.64,3.7,3
CUST0000597,34572.0,7.33,108050.0,11.1,0,2.11,6.2,1
CUST0000598,38216.0,3.18,103438.0,24.2,2,3.78,24.1,4
CUST0000599,100800.0,7.05,318634.0,41.4,0,3.54,7.0,4
CUST0000600,45233.0,9.39,96787.0,40.1,4,4.62,6.2,6
CUST0000601,96076.0,3.28,300163.0,14.3,2,3.14,13.0,5
CUST0000602,51632.0,7.45,290091.0,14.7,0,3.81,29.2,2
CUST0000603,64316.0,4.38,246544.0,22.6,3,4.99,7.4,5
CUST0000604,84325.0,7.76,488960.0,49.9,1,3.59,24.3,5
CUST0000605,68721.0,9.3,465484.0,2.4,0,3.45,0.8,2
CUST0000606,89838.0,2.66,475029.0,3.1,0,3.53,24.8,3
CUST0000607,101259.0,5.07,376218.0,1.7,0,3.25,14.8,2
CUST0000608,101914.0,5.7,195506.0,10.9,0,2.62,8.1,3
CUST0000609,86322.0,1.66,285376.0,13.4,0,3.11,38.1,3
CUST0000610,50045.0,5.6,316498.0,22.3,2,4.56,0.3,4
CUST0000611,39058.0,7.39,360336.0,22.5,2,3.7,26.4,5
CUST0000612,69597.0,4.04,451582.0,41.3,0,3.63,8.3,4
CUST0000613,85354.0,9.96,297555.0,5.4,0,4.98,25.1,2
CUST0000614,111956.0,5.15,208392.0,10.3,3,2.81,14.8,5
CUST0000615,50771.0,8.42,192355.0,28.5,2,4.7,30.2,4
CUST0000616,89007.0,8.9,370871.0,38.5,2,4.04,1.0,2
CUST0000617,42312.0,1.85,111353.0,23.0,3,2.03,24.5,2
CUST0000618,41010.0,5.99,204133.0,41.7,2,2.6,22.2,3
CUST0000619,32352.0,2.74,163812.0,8.6,0,4.7,20.6,3
CUST0000620,30979.0,8.25,361021.0,24.0,1,4.38,3.3,0
CUST0000621,75178.0,5.14,447643.0,5.7,1,2.62,0.7,4
CUST0000622,53371.0,6.42,215025.0,4.3,1,4.48,15.3,6
CUST0000623,52438.0,6.53,251484.0,12.0,0,4.35,32.4,3
CUST0000624,61540.0,6.13,501765.0,2.9,3,3.51,29.3,3
CUST0000625,112855.0,9.16,412488.0,12.6,1,3.58,38.0,2
CUST0000626,43497.0,1.76,318340.0,3.6,4,2.8,6.5,1
CUST0000627,49253.0,5.01,144806.0,14.8,0,3.09,33.3,3
CUST0000628,79190.0,2.9,348820.0,39.3,3,3.01,20.1,1
CUST0000629,86481.0,1.69,546799.0,42.5,3,2.3,34.3,1
CUST0000630,103919.0,2.52,241585.0,14.7,2,3.13,30.3,7
CUST0000631,69332.0,2.53,150266.0,3.0,1,3.97,26.7,4
CUST0000632,47164.0,1.68,503217.0,25.6,3,3.55,11.9,3
CUST0000633,38792.0,4.5,287220.0,12.8,1,2.22,23.2,3
CUST0000634,107105.0,1.77,236269.0,20.3,2,2.1,9.1,4
CUST0000635,67012.0,6.45,400404.0,46.8,0,3.89,11.6,3
CUST0000636,31092.0,1.36,368930.0,9.3,1,4.77,20.1,3
CUST0000637,37488.0,8.19,233101.0,7.6,1,4.84,34.8,4
CUST0000638,34436.0,6.04,230330.0,49.5,0,3.41,32.5,3
CUST0000639,51872.0,3.47,361557.0,4.4,0,3.79,14.5,2
CUST0000640,53903.0,6.2,569341.0,5.5,0,4.62,15.0,3
CUST0000641,70943.0,9.68,122826.0,8.6,1,3.67,8.2,0
CUST0000642,109130.0,7.77,572429.0,34.1,0,2.32,20.3,1
CUST0000643,85589.0,9.35,313027.0,30.3,3,2.76,0.7,6
CUST0000644,82215.0,3.36,210076.0,7.0,1,2.57,30.9,3
CUST0000645,69032.0,8.7,247034.0,1.3,1,3.29,3.9,6
CUST0000646,99067.0,5.92,494506.0,35.7,2,4.79,11.2,2
CUST0000647,83121.0,3.97,94446.0,13.4,0,2.41,24.9,4
CUST0000648,68721.0,3.14,208099.0,10.4,1,3.56,34.9,5
CUST0000649,47635.0,8.57,567388.0,27.5,0,2.11,13.8,1
CUST0000650,112730.0,9.42,224765.0,17.0,3,2.79,15.5,1
CUST0000651,71501.0,3.98,282061.0,10.4,2,3.75,14.3,1
CUST0000652,36621.0,4.91,457051.0,33.8,1,4.16,28.5,2
CUST0000653,116674.0,8.7,488808.0,11.8,3,3.77,26.2,3
CUST0000654,36989.0,5.29,98038.0,31.0,0,2.46,38.1,3
CUST0000655,90875.0,3.49,97063.0,17.7,0,4.87,11.1,1
CUST0000656,68148.0,7.98,424066.0,43.9,2,4.51,20.5,3
CUST0000657,51995.0,5.63,384705.0,14.8,1,4.93,15.5,4
CUST0000658,73373.0,6.14,473883.0,2.7,1,2.3,19.9,5
CUST0000659,42666.0,3.56,95460.0,18.9,2,4.25,35.8,4
CUST0000660,79333.0,7.2,243206.0,47.3,1,2.69,30.3,0
CUST0000661,47840.0,8.02,528814.0,5.3,2,3.5,18.6,1
CUST0000662,111677.0,7.14,242094.0,24.9,2,4.07,33.9,3
CUST0000663,104811.0,3.29,98892.0,47.3,0,4.89,4.1,3
CUST0000664,39560.0,5.06,382831.0,45.8,1,2.49,22.7,2
CUST0000665,88485.0,5.25,145782.0,16.1,2,2.06,10.6,8
CUST0000666,76374.0,4.78,285307.0,33.7,2,3.66,17.3,3
CUST0000667,117753.0,1.23,444934.0,19.2,1,2.78,35.3,3
CUST0000668,49824.0,7.72,301518.0,7.9,4,2.43,12.2,0
CUST0000669,99110.0,3.22,321169.0,22.3,1,4.43,16.2,4
CUST0000670,38058.0,5.51,423604.0,25.5,4,2.32,7.6,4
CUST0000671,93242.0,3.33,106935.0,40.7,1,4.89,18.0,1
CUST0000672,62728.0,4.8,364540.0,26.3,1,4.13,16.5,2
CUST0000673,54720.0,5.49,545031.0,4.0,0,3.68,14.2,4
CUST0000674,101090.0,3.71,224503.0,23.7,0,3.4,17.9,2
CUST0000675,112537.0,6.28,344152.0,1.2,2,2.73,19.7,2
CUST0000676,92159.0,8.61,121662.0,10.0,0,2.7,5.1,3
CUST0000677,106009.0,2.9,336694.0,1.0,0,3.14,5.0,2
CUST0000678,43758.0,6.65,570172.0,37.2,0,2.37,9.2,0
CUST0000679,31206.0,1.81,376238.0,17.2,0,3.77,9.0,4
CUST0000680,56159.0,6.53,339624.0,33.7,1,3.14,4.1,2
CUST0000681,71587.0,8.12,166637.0,43.1,1,2.53,0.6,4
CUST0000682,91664.0,6.16,402636.0,9.7,0,4.28,33.4,3
CUST0000683,33227.0,5.91,97705.0,4.3,1,3.82,23.0,1
CUST0000684,100961.0,6.62,488059.0,44.0,2,4.5,19.2,3
CUST0000685,114814.0,6.72,486944.0,13.6,1,3.2,10.8,3
CUST0000686,54858.0,7.62,254036.0,3.7,4,3.23,38.7,0
CUST0000687,89889.0,9.08,397716.0,41.2,0,2.52,15.4,3
CUST0000688,109248.0,5.74,213416.0,49.0,3,2.3,18.9,2
CUST0000689,102109.0,3.84,541569.0,46.3,1,4.84,11.4,1
CUST0000690,101286.0,7.9,481318.0,6.2,2,4.26,23.8,2
CUST0000691,79060.0,3.64,344767.0,49.8,3,2.38,28.6,2
CUST0000692,88658.0,6.81,107673.0,4.8,0,2.64,35.7,2
CUST0000693,76417.0,3.28,444614.0,15.4,3,4.68,8.0,2
CUST0000694,37130.0,3.21,279616.0,17.1,4,3.45,9.1,3
CUST0000695,40773.0,4.12,575767.0,34.9,1,4.89,18.2,2
CUST0000696,94919.0,1.02,570880.0,6.9,3,4.61,25.6,1
CUST0000697,97870.0,9.83,581090.0,11.4,0,4.45,13.3,3
CUST0000698,101711.0,3.37,187781.0,7.5,1,4.22,24.2,1
CUST0000699,100561.0,1.59,428070.0,31.0,0,4.43,15.7,8
CUST0000700,71498.0,8.52,532149.0,20.8,1,4.61,0.2,4
CUST0000701,109097.0,9.3,511722.0,9.8,1,3.64,9.1,3
CUST0000702,51650.0,1.45,149975.0,15.5,1,4.25,22.1,3
CUST0000703,48265.0,2.86,168114.0,7.8,4,3.15,10.8,3
CUST0000704,93035.0,9.83,451912.0,4.2,2,2.3,35.1,3
CUST0000705,37807.0,5.33,295233.0,26.9,1,3.01,21.3,2
CUST0000706,90077.0,5.64,254066.0,35.4,0,2.52,17.0,4
CUST0000707,46154.0,8.93,190105.0,37.5,2,2.15,0.1,3
CUST0000708,105739.0,8.16,523174.0,8.9,3,2.97,0.5,6
CUST0000709,34870.0,6.71,385486.0,11.6,0,3.38,34.2,2
CUST0000710,101528.0,8.97,525971.0,2.0,0,2.48,36.3,4
CUST0000711,84272.0,9.82,543640.0,19.1,3,4.88,15.9,4
CUST0000712,103722.0,8.61,167954.0,19.0,0,3.3,6.6,4
CUST0000713,51732.0,6.21,132965.0,21.3,2,3.57,2.2,4
CUST0000714,100156.0,8.97,271316.0,10.1,1,3.49,24.0,6
CUST0000715,38346.0,9.56,467983.0,46.2,0,3.03,4.7,3
CUST0000716,108719.0,3.74,234924.0,46.0,0,4.47,9.4,2
CUST0000717,71219.0,2.09,397625.0,41.4,0,3.87,20.9,5
CUST0000718,51541.0,5.08,399947.0,45.4,0,3.86,9.4,1
CUST0000719,105180.0,4.84,292964.0,33.9,0,4.56,17.7,3
CUST0000720,78426.0,6.25,446394.0,26.4,0,2.51,37.6,4
CUST0000721,55686.0,3.41,412201.0,26.4,0,3.82,31.8,2
CUST0000722,102220.0,6.2,344532.0,41.9,2,3.25,19.1,4
CUST0000723,50415.0,6.58,521824.0,37.5,2,4.43,19.6,5
CUST0000724,37427.0,2.42,249287.0,23.6,1,3.49,24.3,5
CUST0000725,115001.0,8.62,97124.0,7.7,2,2.13,36.8,0
CUST0000726,74640.0,3.53,508565.0,29.7,4,4.08,34.4,2
CUST0000727,40911.0,1.75,131446.0,22.9,1,4.55,3.3,3
CUST0000728,57844.0,2.62,232558.0,48.0,4,2.17,17.7,1
CUST0000729,50072.0,6.41,455900.0,2.5,1,2.93,28.7,4
CUST0000730,105435.0,2.44,125209.0,40.6,0,4.44,31.9,4
CUST0000731,87821.0,3.95,524950.0,20.4,2,2.26,23.5,2
CUST0000732,66018.0,8.34,262121.0,34.3,0,3.17,22.5,7
CUST0000733,73345.0,4.16,103757.0,23.0,2,2.69,6.4,2
CUST0000734,39024.0,1.85,391958.0,7.9,0,3.53,33.0,3
CUST0000735,101013.0,9.29,345761.0,24.0,2,3.54,32.2,4
CUST0000736,70252.0,4.71,448086.0,27.9,4,2.05,13.9,5
CUST0000737,88505.0,6.55,556425.0,11.5,0,3.78,3.8,6
CUST0000738,64520.0,7.27,195521.0,19.6,3,3.21,37.2,5
CUST0000739,57413.0,4.49,556058.0,32.4,2,2.51,11.6,1
CUST0000740,101886.0,3.47,246491.0,23.8,1,3.38,5.8,5
CUST0000741,63128.0,8.52,258381.0,32.9,0,2.7,36.5,3
CUST0000742,42722.0,1.78,539519.0,9.4,3,4.94,1.9,0
CUST0000743,51251.0,7.03,440832.0,18.9,2,4.13,15.4,1
CUST0000744,35715.0,3.36,252336.0,40.6,1,3.51,38.9,3
CUST0000745,33994.0,4.85,461733.0,33.1,3,4.52,23.3,5
CUST0000746,86581.0,6.23,487712.0,45.0,0,4.63,35.8,3
CUST0000747,118571.0,2.65,564334.0,20.5,2,3.61,35.6,4
CUST0000748,100840.0,2.18,151951.0,38.0,1,2.19,36.1,2
CUST0000749,104674.0,8.27,340901.0,49.6,0,4.22,6.1,3
CUST0000750,99374.0,3.8,596863.0,27.5,0,3.95,34.4,1
CUST0000751,93553.0,9.64,314342.0,32.0,1,4.11,26.0,2
CUST0000752,58200.0,1.67,342851.0,39.5,2,3.12,2.1,6
CUST0000753,71397.0,7.53,545528.0,29.7,1,2.18,15.7,4
CUST0000754,94838.0,1.46,546112.0,48.2,0,4.3,6.8,4
CUST0000755,55790.0,6.43,387191.0,21.4,4,4.96,15.9,5
CUST0000756,77263.0,4.39,329624.0,38.1,1,2.94,24.6,3
CUST0000757,49259.0,6.76,594305.0,2.5,1,4.19,23.2,2
CUST0000758,80623.0,9.62,537668.0,28.3,1,2.65,13.1,2
CUST0000759,89593.0,7.05,354133.0,22.0,0,4.97,16.0,0
CUST0000760,82555.0,2.95,525995.0,22.3,3,2.71,28.2,4
CUST0000761,56419.0,1.17,467699.0,44.6,0,3.91,31.6,3
CUST0000762,114419.0,8.78,97862.0,6.1,4,3.38,13.1,4
CUST0000763,65865.0,1.17,479571.0,14.9,0,2.93,16.3,3
CUST0000764,60946.0,4.3,530246.0,28.7,1,4.27,27.4,2
CUST0000765,119953.0,5.54,328475.0,18.2,1,2.03,24.2,1
CUST0000766,51013.0,3.88,153697.0,8.3,1,3.13,2.8,5
CUST0000767,90610.0,7.5,475570.0,18.0,2,2.49,10.9,5
CUST0000768,62278.0,6.74,306358.0,12.6,1,2.66,16.5,2
CUST0000769,119685.0,7.94,467345.0,17.3,0,4.64,17.4,1
CUST0000770,51489.0,3.44,560924.0,25.5,1,4.61,2.2,4
CUST0000771,53152.0,1.93,243128.0,15.3,2,3.4,19.8,0
CUST0000772,100677.0,8.78,372999.0,14.2,0,2.37,31.3,3
CUST0000773,71484.0,7.95,246336.0,28.8,2,2.12,33.2,4
CUST0000774,81489.0,3.29,550903.0,41.0,3,3.07,39.4,2
CUST0000775,54212.0,7.28,185603.0,23.0,1,3.83,23.6,1
CUST0000776,76720.0,8.71,449479.0,42.6,2,3.03,13.3,2
CUST0000777,44239.0,3.93,396084.0,28.2,0,3.73,4.6,1
CUST0000778,118098.0,5.13,241157.0,11.6,1,4.22,2.3,6
CUST0000779,99466.0,8.77,356102.0,34.9,3,2.54,3.8,4
CUST0000780,41390.0,4.38,275605.0,39.5,0,2.49,17.0,3
CUST0000781,71548.0,6.34,125021.0,32.0,0,2.63,14.6,3
CUST0000782,111088.0,9.84,287884.0,33.4,1,4.52,11.0,2
CUST0000783,48385.0,7.06,187132.0,25.1,0,4.38,27.1,4
CUST0000784,45576.0,7.63,373359.0,38.8,2,4.27,28.1,2
CUST0000785,111617.0,5.41,143219.0,8.5,1,4.33,8.1,0
CUST0000786,32297.0,1.97,558878.0,16.0,2,4.15,10.2,1
CUST0000787,85158.0,9.17,217225.0,20.4,3,4.26,2.4,3
CUST0000788,85732.0,3.65,162778.0,20.0,2,3.92,12.2,4
CUST0000789,85746.0,6.37,122529.0,6.1,1,2.8,12.0,2
CUST0000790,104584.0,7.48,390034.0,31.8,0,3.7,6.0,0
CUST0000791,100868.0,1.17,301240.0,23.9,2,3.71,32.0,1
CUST0000792,35856.0,3.14,281687.0,8.6,1,2.63,10.5,2
CUST0000793,75467.0,3.8,432442.0,24.1,0,4.3,18.5,2
CUST0000794,76536.0,4.27,153818.0,33.9,2,4.98,16.3,3
CUST0000795,113975.0,4.08,416722.0,29.5,1,4.5,7.5,2
CUST0000796,119907.0,2.75,208475.0,25.0,1,3.24,29.8,5
CUST0000797,68967.0,7.38,585981.0,26.3,0,4.06,35.4,4
CUST0000798,116559.0,7.07,207961.0,41.4,0,4.97,32.5,0
CUST0000799,64964.0,6.96,449896.0,35.0,0,4.36,34.5,2
CUST0000800,49878.0,2.1,417934.0,6.5,0,2.59,24.5,4
CUST0000801,72263.0,6.03,460717.0,30.6,0,3.88,24.5,2
CUST0000802,33999.0,8.99,452453.0,14.8,4,3.85,32.9,4
CUST0000803,78924.0,2.97,492878.0,2.7,1,2.94,29.9,3
CUST0000804,109763.0,1.52,377138.0,4.3,2,2.54,39.7,1
CUST0000805,39340.0,6.78,355533.0,27.1,0,4.32,25.7,4
CUST0000806,57231.0,7.12,327162.0,37.6,2,3.13,21.0,4
CUST0000807,103992.0,1.95,416488.0,42.3,0,2.42,13.0,2
CUST0000808,62411.0,7.86,90151.0,22.6,1,4.5,0.3,1
CUST0000809,111435.0,5.2,329696.0,16.0,1,2.21,38.9,4
CUST0000810,114843.0,3.12,304354.0,45.7,2,3.13,30.9,3
CUST0000811,31655.0,9.54,179694.0,6.5,1,3.31,6.1,2
CUST0000812,41548.0,7.1,369674.0,44.9,1,4.02,2.2,6
CUST0000813,96998.0,6.07,488044.0,38.4,0,3.61,4.3,2
CUST0000814,64811.0,5.86,363705.0,22.0,1,4.98,26.8,3
CUST0000815,113477.0,1.73,294230.0,2.5,0,3.02,26.8,2
CUST0000816,42654.0,3.87,205685.0,34.1,0,4.66,4.6,1
CUST0000817,119088.0,2.87,405068.0,35.3,2,2.79,13.3,4
CUST0000818,99180.0,1.12,513716.0,14.2,1,4.44,37.9,4
CUST0000819,108430.0,5.7,255831.0,40.0,1,4.42,36.7,5
CUST0000820,77429.0,1.31,88425.0,11.2,2,3.38,34.7,3
CUST0000821,73751.0,7.29,350102.0,9.1,3,4.52,12.8,4
CUST0000822,93302.0,7.74,338475.0,43.8,1,4.25,1.7,3
CUST0000823,34472.0,1.41,90805.0,39.6,3,4.22,20.2,2
CUST0000824,117182.0,5.21,231633.0,4.8,1,4.95,17.0,1
CUST0000825,87436.0,9.12,175534.0,21.8,0,3.79,30.6,2
CUST0000826,98622.0,1.96,495137.0,40.3,1,3.04,38.6,4
CUST0000827,109233.0,6.87,451301.0,24.4,3,4.47,11.4,4
CUST0000828,36177.0,1.49,170081.0,29.3,3,3.92,39.6,3
CUST0000829,82875.0,3.47,480120.0,35.2,0,2.12,12.9,2
CUST0000830,42759.0,9.27,162220.0,21.7,3,3.67,11.0,3
CUST0000831,71799.0,4.11,312876.0,46.2,3,2.72,38.1,3
CUST0000832,54723.0,9.92,266275.0,0.9,0,2.11,3.3,6
CUST0000833,70744.0,1.94,342647.0,29.0,2,4.78,9.9,4
CUST0000834,100669.0,3.18,168123.0,2.5,3,4.77,38.0,1
CUST0000835,48617.0,4.52,390542.0,14.1,1,3.7,22.7,3
CUST0000836,56889.0,3.84,498218.0,11.7,1,3.14,20.6,1
CUST0000837,60778.0,4.61,309464.0,6.1,3,2.64,20.5,2
CUST0000838,67735.0,6.37,287912.0,6.8,1,2.33,37.0,1
CUST0000839,77467.0,3.83,323795.0,38.0,2,4.9,4.7,4
CUST0000840,39913.0,2.46,242488.0,8.5,2,4.42,12.5,4
CUST0000841,38402.0,1.47,375841.0,16.8,0,4.88,11.1,2
CUST0000842,101300.0,6.21,557538.0,7.0,1,2.75,20.4,4
CUST0000843,112983.0,2.72,335926.0,36.6,1,3.64,31.3,2
CUST0000844,110460.0,6.68,311300.0,16.5,1,2.02,15.5,6
CUST0000845,68639.0,6.91,350806.0,7.0,2,3.64,16.8,2
CUST0000846,68861.0,3.0,213200.0,6.2,3,4.28,11.7,5
CUST0000847,69483.0,1.41,570518.0,40.6,1,4.64,34.7,7
CUST0000848,84906.0,2.69,102294.0,7.0,0,2.58,25.7,1
CUST0000849,54435.0,6.75,116411.0,9.2,1,3.25,12.0,2
CUST0000850,113212.0,3.04,397187.0,42.7,2,2.63,12.6,2
CUST0000851,53067.0,7.54,469902.0,46.7,3,3.39,35.2,4
CUST0000852,57184.0,1.49,262431.0,27.8,3,2.73,19.5,4
CUST0000853,54007.0,1.11,556990.0,5.5,2,4.75,13.8,6
CUST0000854,73132.0,9.65,435967.0,39.3,2,3.49,39.4,3
CUST0000855,108967.0,1.2,445918.0,4.4,1,4.02,16.4,2
CUST0000856,74231.0,6.93,336815.0,45.4,4,3.67,9.2,3
CUST0000857,101281.0,6.64,183263.0,11.3,3,3.04,23.2,2
CUST0000858,45401.0,5.66,158629.0,23.8,1,3.54,34.5,4
CUST0000859,59926.0,8.35,524108.0,22.4,3,4.58,29.1,2
CUST0000860,69913.0,4.45,135337.0,40.8,1,2.66,10.0,7
CUST0000861,57677.0,9.28,277027.0,22.2,2,4.15,6.9,1
CUST0000862,48512.0,9.85,309333.0,12.5,1,2.97,27.8,2
CUST0000863,97199.0,2.5,419246.0,19.0,0,2.25,31.8,1
CUST0000864,36400.0,3.71,375246.0,28.8,1,2.14,16.7,5
CUST0000865,30052.0,9.96,278275.0,20.4,0,4.47,4.2,2
CUST0000866,50435.0,9.05,403621.0,14.3,3,4.72,15.8,1
CUST0000867,85573.0,4.38,130045.0,31.6,0,2.23,16.0,0
CUST0000868,85668.0,5.93,319915.0,2.0,1,3.36,16.6,4
CUST0000869,101435.0,1.16,370285.0,0.7,2,4.32,9.6,3
CUST0000870,83242.0,3.17,304705.0,34.7,1,2.82,18.7,3
CUST0000871,69197.0,5.64,374414.0,20.3,3,3.55,35.5,1
CUST0000872,76039.0,7.24,317047.0,33.8,3,3.48,30.7,2
CUST0000873,106076.0,8.01,195673.0,5.5,0,2.6,0.4,4
CUST0000874,69904.0,7.86,406288.0,35.8,3,4.5,30.9,1
CUST0000875,86550.0,8.11,548987.0,25.7,0,4.49,1.9,9
CUST0000876,40002.0,3.41,463249.0,6.5,3,4.32,17.4,0
CUST0000877,104375.0,7.16,463690.0,29.2,1,2.34,36.4,6
CUST0000878,78242.0,8.51,354077.0,47.2,3,4.36,2.0,8
CUST0000879,52651.0,1.57,313004.0,37.0,2,4.45,33.8,4
CUST0000880,85876.0,8.78,437273.0,32.8,0,2.6,33.5,2
CUST0000881,73520.0,8.12,132106.0,49.4,1,4.73,10.0,2
CUST0000882,39454.0,7.79,579229.0,27.5,2,4.04,4.0,1
CUST0000883,59985.0,4.7,478931.0,9.9,2,4.87,13.8,3
CUST0000884,67951.0,4.68,368528.0,31.9,1,4.26,37.1,3
CUST0000885,68023.0,9.56,174986.0,23.7,1,3.75,19.1,3
CUST0000886,30801.0,3.13,160933.0,19.4,3,4.21,13.4,5
CUST0000887,95163.0,7.47,246426.0,28.5,0,4.17,18.0,4
CUST0000888,47796.0,4.93,248281.0,3.1,0,4.26,21.1,1
CUST0000889,79946.0,2.24,431133.0,31.9,1,4.31,23.2,5
CUST0000890,49442.0,6.99,97844.0,47.6,1,3.7,19.4,10
CUST0000891,58212.0,1.66,100846.0,23.0,0,2.31,29.3,3
CUST0000892,72803.0,8.14,267603.0,33.8,2,4.79,27.2,4
CUST0000893,71821.0,6.9,321729.0,39.2,3,4.53,3.8,1
CUST0000894,108753.0,2.63,166852.0,43.7,1,3.77,2.1,3
CUST0000895,67092.0,1.4,449418.0,20.9,0,2.87,15.5,7
CUST0000896,62093.0,4.14,544946.0,36.9,1,4.88,21.5,0
CUST0000897,70295.0,4.08,110109.0,25.0,1,4.63,0.9,5
CUST0000898,96435.0,5.72,128968.0,28.7,3,2.0,2.7,3
CUST0000899,104045.0,7.57,484768.0,5.2,1,3.54,9.5,3
CUST0000900,61378.0,2.05,516882.0,48.1,0,2.07,30.6,3
CUST0000901,85979.0,4.39,228515.0,12.1,1,2.93,19.7,2
CUST0000902,110226.0,4.37,416826.0,22.6,2,4.19,15.3,4
CUST0000903,39533.0,1.01,399987.0,45.7,0,3.67,23.8,3
CUST0000904,44733.0,3.62,347030.0,23.1,1,4.11,21.0,4
CUST0000905,110679.0,8.63,475215.0,15.6,3,3.84,21.3,3
CUST0000906,95158.0,4.36,233375.0,13.5,0,4.75,35.0,3
CUST0000907,88662.0,3.74,579454.0,43.1,1,3.53,15.1,2
CUST0000908,43103.0,9.53,466735.0,9.5,0,2.69,20.7,3
CUST0000909,88437.0,2.95,530829.0,34.0,2,4.28,27.5,1
CUST0000910,43864.0,4.0,527748.0,10.5,1,3.72,29.6,1
CUST0000911,88579.0,3.66,595159.0,3.8,2,3.08,29.5,3
CUST0000912,114011.0,3.22,238963.0,20.7,3,3.63,22.6,1
CUST0000913,65457.0,3.59,346193.0,11.3,0,2.64,8.3,5
CUST0000914,118410.0,4.85,236904.0,12.3,4,3.01,29.7,6
CUST0000915,116830.0,9.69,229058.0,24.8,1,3.91,40.0,1
CUST0000916,117621.0,2.21,596855.0,19.7,0,3.71,37.1,2
CUST0000917,95895.0,2.77,310033.0,12.3,2,3.87,38.2,2
CUST0000918,96472.0,9.66,227862.0,5.3,1,3.45,22.9,2
CUST0000919,53842.0,2.35,478629.0,46.6,0,3.64,7.9,5
CUST0000920,103193.0,9.04,158309.0,22.5,0,2.17,13.5,1
CUST0000921,51240.0,1.86,528826.0,11.2,3,2.64,26.3,6
CUST0000922,70200.0,1.57,175871.0,6.1,3,4.94,19.3,4
CUST0000923,82338.0,8.13,437818.0,42.2,1,4.38,3.0,6
CUST0000924,78696.0,4.22,145738.0,43.4,2,3.44,18.6,4
CUST0000925,99595.0,1.38,533102.0,26.5,2,4.57,32.2,4
CUST0000926,52364.0,2.89,409819.0,6.7,2,3.06,25.3,4
CUST0000927,59512.0,5.94,558629.0,48.3,2,3.58,22.6,1
CUST0000928,52190.0,7.44,112669.0,49.1,1,3.96,2.0,4
CUST0000929,96250.0,6.87,344258.0,4.2,3,4.83,33.5,2
CUST0000930,41021.0,6.52,531735.0,29.7,0,3.21,16.7,4
CUST0000931,73951.0,3.24,209214.0,41.5,1,4.6,3.5,3
CUST0000932,89843.0,4.62,112277.0,43.6,4,3.24,29.5,4
CUST0000933,114973.0,1.8,487815.0,5.5,2,3.3,4.5,5
CUST0000934,67235.0,3.82,292952.0,20.7,1,2.64,19.6,2
CUST0000935,46747.0,1.49,228464.0,40.8,0,3.83,3.1,3
CUST0000936,89332.0,4.28,595208.0,8.9,0,2.64,21.9,3
CUST0000937,74962.0,9.22,227638.0,43.2,1,2.91,35.7,1
CUST0000938,76250.0,6.23,130558.0,11.4,0,4.6,12.2,3
CUST0000939,40464.0,1.66,315223.0,39.0,2,2.05,6.8,6
CUST0000940,86661.0,9.57,438917.0,49.0,1,4.63,16.0,8
CUST0000941,65585.0,1.97,384451.0,45.9,2,3.79,34.0,6
CUST0000942,55930.0,5.69,508495.0,20.3,1,4.11,32.1,4
CUST0000943,109409.0,7.5,214466.0,26.4,0,4.11,26.8,2
CUST0000944,49833.0,4.07,516521.0,23.8,2,4.41,0.8,2
CUST0000945,68015.0,3.93,581912.0,21.4,2,4.39,37.1,1
CUST0000946,70614.0,9.44,557085.0,25.3,3,2.48,13.8,1
CUST0000947,61985.0,2.38,313989.0,2.2,2,2.05,24.8,4
CUST0000948,107741.0,3.26,223523.0,12.6,0,2.66,31.3,4
CUST0000949,51530.0,2.42,237624.0,6.6,0,2.22,35.3,3
CUST0000950,114357.0,6.18,88040.0,43.6,1,4.18,35.8,1
CUST0000951,119723.0,7.17,224639.0,26.2,1,4.67,1.9,2
CUST0000952,113764.0,5.8,110238.0,14.6,3,4.5,38.0,4
CUST0000953,103582.0,2.26,500710.0,43.3,2,4.18,14.7,3
CUST0000954,62731.0,5.77,473766.0,2.0,2,2.67,21.0,3
CUST0000955,93791.0,4.21,428160.0,14.9,3,4.06,38.0,2
CUST0000956,61884.0,3.47,532508.0,31.5,3,2.71,8.4,0
CUST0000957,39899.0,7.43,430900.0,20.5,3,3.0,27.7,3
CUST0000958,55299.0,8.58,502336.0,27.2,1,2.08,18.8,1
CUST0000959,72715.0,7.84,440168.0,10.9,0,4.46,20.4,3
CUST0000960,66019.0,9.77,150332.0,26.8,4,2.4,18.5,1
CUST0000961,55947.0,5.69,375723.0,42.6,1,3.38,17.4,5
CUST0000962,103419.0,8.1,208099.0,45.2,0,4.98,9.7,1
CUST0000963,113416.0,4.43,211077.0,45.7,0,3.28,29.1,1
CUST0000964,54899.0,1.56,212133.0,33.7,2,4.45,25.5,2
CUST0000965,38472.0,8.78,171069.0,37.9,1,4.4,6.7,4
CUST0000966,82388.0,7.07,553563.0,44.6,1,4.41,29.1,0
CUST0000967,56312.0,4.13,482420.0,39.0,0,3.88,2.2,0
CUST0000968,63533.0,3.48,260704.0,5.8,3,3.73,4.7,4
CUST0000969,62615.0,2.54,203894.0,7.2,1,3.32,31.4,5
CUST0000970,54637.0,1.43,505006.0,7.0,2,2.1,38.7,0
CUST0000971,56103.0,9.96,135969.0,10.5,2,4.88,14.3,5
CUST0000972,104073.0,5.93,390500.0,10.8,0,4.08,22.9,8
CUST0000973,92731.0,8.75,432628.0,48.6,0,4.74,20.1,2
CUST0000974,111138.0,1.29,535594.0,17.5,3,3.5,13.6,0
CUST0000975,51350.0,1.11,251078.0,42.7,1,2.7,36.6,2
CUST0000976,35774.0,8.0,391445.0,21.4,2,2.39,11.0,1
CUST0000977,52532.0,2.0,168469.0,18.8,2,3.63,17.0,3
CUST0000978,91708.0,3.07,485741.0,21.0,0,3.8,39.6,6
CUST0000979,114314.0,7.52,171217.0,40.1,2,4.8,7.8,0
CUST0000980,48119.0,8.22,525613.0,48.1,1,2.88,23.4,0
CUST0000981,77710.0,5.43,253233.0,39.5,1,2.22,17.1,3
CUST0000982,116501.0,6.4,153753.0,41.9,3,3.42,3.9,2
CUST0000983,39343.0,9.77,490860.0,16.8,2,3.74,33.0,5
CUST0000984,103862.0,3.12,438520.0,42.9,1,3.45,35.2,3
CUST0000985,62951.0,3.39,389336.0,35.8,1,2.15,10.4,2
CUST0000986,94746.0,8.65,323726.0,2.4,2,4.65,36.4,1
CUST0000987,45418.0,7.68,360650.0,40.3,0,3.21,30.1,5
CUST0000988,113255.0,5.28,236612.0,7.6,0,3.21,33.1,1
CUST0000989,81372.0,2.1,463827.0,38.2,4,2.05,8.7,2
CUST0000990,61735.0,8.92,374248.0,46.0,0,3.99,31.6,4
CUST0000991,40591.0,7.31,412903.0,45.7,1,2.02,7.6,6
CUST0000992,109753.0,6.22,455054.0,25.6,2,4.32,3.3,2
CUST0000993,83455.0,7.91,432290.0,18.8,2,3.93,10.6,3
CUST0000994,59908.0,6.07,294747.0,12.9,2,3.81,27.1,3
CUST0000995,46462.0,5.06,356861.0,29.8,1,4.28,30.4,3
CUST0000996,89568.0,5.98,241684.0,29.6,1,3.47,15.6,2
CUST0000997,34715.0,4.54,219333.0,3.4,0,3.28,39.1,2
CUST0000998,81633.0,4.02,273762.0,34.0,0,2.17,1.5,2
CUST0000999,72779.0,9.3,174321.0,18.8,3,3.87,21.6,4
CUST0001000,90715.0,4.19,394665.0,15.4,2,4.78,2.3,3
CUST0001001,52411.0,7.28,520367.0,5.0,3,3.44,26.4,0
CUST0001002,64485.0,1.93,329116.0,6.0,1,3.94,26.2,4
CUST0001003,41382.0,1.31,194036.0,25.0,3,2.97,11.1,2
CUST0001004,91883.0,7.91,551006.0,10.5,2,3.49,18.1,4
CUST0001005,103407.0,4.74,356957.0,35.7,0,2.37,23.4,2
CUST0001006,83154.0,8.35,555654.0,42.0,2,3.88,39.9,2
CUST0001007,77704.0,8.71,409624.0,15.9,1,4.71,12.3,2
CUST0001008,87015.0,6.15,126594.0,24.4,2,2.69,24.7,1
CUST0001009,78691.0,7.68,119767.0,48.0,1,2.72,25.9,4
CUST0001010,85625.0,8.47,363329.0,26.5,3,3.56,13.9,2
CUST0001011,108122.0,1.25,239969.0,17.2,0,4.07,7.5,1
CUST0001012,115082.0,1.35,321265.0,8.8,3,4.97,23.0,3
CUST0001013,107399.0,3.45,392991.0,49.2,3,3.03,4.1,2
CUST0001014,116492.0,2.43,580973.0,44.4,3,2.43,35.3,4
CUST0001015,48045.0,6.37,465841.0,23.3,3,3.65,29.2,3
CUST0001016,77088.0,9.59,199291.0,3.1,0,3.39,31.1,4
CUST0001017,91237.0,3.5,417110.0,39.7,1,4.69,33.2,2
CUST0001018,111314.0,9.08,278501.0,49.7,2,4.77,33.0,2
CUST0001019,65815.0,9.53,291074.0,15.6,0,3.56,29.3,3
CUST0001020,85886.0,3.0,247296.0,16.3,2,2.44,2.8,1
CUST0001021,79466.0,2.66,472471.0,29.0,1,3.97,35.9,8
CUST0001022,97217.0,7.45,246725.0,13.1,2,2.65,25.5,1
CUST0001023,46184.0,8.46,399433.0,3.0,2,2.95,1.3,4
CUST0001024,43087.0,8.25,425726.0,38.8,1,3.06,1.5,3
CUST0001025,45962.0,9.91,99900.0,45.9,1,2.1,20.2,4
CUST0001026,38132.0,1.72,464670.0,9.5,1,2.08,37.5,5
CUST0001027,106445.0,1.49,350614.0,3.5,0,4.32,5.2,3
CUST0001028,39935.0,9.7,596815.0,47.1,2,4.28,19.0,5
CUST0001029,67200.0,4.65,94697.0,23.8,0,4.44,10.2,2
CUST0001030,66094.0,8.88,249129.0,10.9,0,2.06,17.4,5
CUST0001031,53829.0,8.01,427236.0,9.7,1,4.6,37.6,3
CUST0001032,32420.0,3.13,306410.0,40.2,2,4.44,37.0,4
CUST0001033,107733.0,5.51,474846.0,37.4,2,4.79,28.8,2
CUST0001034,94537.0,4.35,304864.0,21.2,0,2.32,25.9,1
CUST0001035,42099.0,8.53,358525.0,4.6,2,4.14,13.7,2
CUST0001036,37270.0,9.96,413445.0,45.6,0,4.99,13.9,2
CUST0001037,90748.0,9.98,541343.0,15.5,2,2.77,32.2,1
CUST0001038,74218.0,2.36,231503.0,21.0,0,3.92,22.6,3
CUST0001039,100313.0,5.04,172661.0,44.6,0,3.11,2.4,3
CUST0001040,91120.0,2.11,329033.0,34.8,0,3.65,35.9,2
CUST0001041,94383.0,5.62,140788.0,9.6,4,3.43,13.3,2
CUST0001042,106417.0,1.32,350557.0,18.4,0,4.59,17.2,3
CUST0001043,97026.0,7.63,123958.0,37.4,3,4.75,24.5,1
CUST0001044,50853.0,8.1,541294.0,20.6,1,2.37,21.0,8
CUST0001045,51895.0,6.07,537740.0,46.1,2,3.34,21.2,3
CUST0001046,119435.0,4.33,358511.0,35.2,1,3.71,0.3,4
CUST0001047,96608.0,4.96,573040.0,27.0,2,2.04,12.5,1
CUST0001048,73896.0,9.26,409414.0,32.1,1,4.53,16.1,5
CUST0001049,87586.0,9.03,473609.0,48.8,0,4.49,4.3,5
CUST0001050,91432.0,9.89,164416.0,2.5,4,3.0,37.1,5
CUST0001051,36436.0,6.05,392534.0,35.2,1,2.23,10.0,6
CUST0001052,65315.0,9.07,153152.0,16.4,0,2.1,2.2,3
CUST0001053,68846.0,3.57,218552.0,49.4,2,4.51,29.6,5
CUST0001054,80846.0,9.84,338034.0,36.3,1,2.14,11.5,5
CUST0001055,38502.0,6.76,415076.0,9.2,1,3.47,30.3,1
CUST0001056,110502.0,5.08,100130.0,43.6,2,2.35,27.2,0
CUST0001057,87924.0,9.55,358907.0,20.7,2,4.45,12.3,1
CUST0001058,90450.0,9.53,586445.0,40.6,1,4.65,25.6,3
CUST0001059,77233.0,2.15,259928.0,29.7,0,2.4,7.6,3
CUST0001060,78851.0,3.88,187849.0,17.3,1,2.14,14.5,5
CUST0001061,112613.0,3.91,267402.0,47.2,1,4.19,25.1,2
CUST0001062,69284.0,2.59,408899.0,28.8,3,4.45,27.2,3
CUST0001063,74559.0,4.3,524122.0,43.6,2,4.29,2.6,4
CUST0001064,69394.0,3.21,513724.0,24.3,1,4.2,28.2,2
CUST0001065,93921.0,9.53,82232.0,22.3,3,3.28,14.0,4
CUST0001066,103820.0,8.31,464361.0,17.7,3,3.85,16.4,3
CUST0001067,107799.0,4.91,319323.0,50.0,0,3.98,17.0,0
CUST0001068,72062.0,5.19,426626.0,2.4,0,3.01,20.9,1
CUST0001069,60590.0,2.49,204039.0,41.5,0,3.98,33.3,3
CUST0001070,71502.0,8.4,382336.0,40.9,0,4.86,32.2,3
CUST0001071,40397.0,4.95,98185.0,37.2,1,2.78,30.6,5
CUST0001072,35727.0,5.56,585554.0,46.0,1,2.87,24.3,4
CUST0001073,87428.0,4.28,383823.0,26.9,0,2.44,10.7,1
CUST0001074,80085.0,6.79,341320.0,27.4,3,2.61,5.4,5
CUST0001075,53186.0,8.83,283772.0,21.4,0,2.6,27.9,1
CUST0001076,100366.0,1.36,140465.0,40.9,1,4.19,39.0,1
CUST0001077,72786.0,6.74,469017.0,37.0,3,3.62,9.0,3
CUST0001078,94116.0,1.93,494104.0,43.0,1,3.92,8.0,2
CUST0001079,30621.0,7.96,321671.0,14.3,1,3.0,22.6,3
CUST0001080,48032.0,3.34,428717.0,19.7,1,2.27,25.0,4
CUST0001081,44598.0,3.32,330438.0,27.1,1,4.85,39.9,2
CUST0001082,85711.0,7.35,515409.0,13.1,1,4.12,22.5,4
CUST0001083,67557.0,2.53,202209.0,7.2,1,2.13,35.6,2
CUST0001084,114013.0,1.43,187934.0,36.2,2,2.65,31.3,2
CUST0001085,86390.0,8.57,224725.0,20.1,1,3.07,12.4,4
CUST0001086,84351.0,3.96,162943.0,14.6,0,3.63,29.0,3
CUST0001087,31586.0,6.93,128023.0,33.8,0,3.28,19.1,5
CUST0001088,57979.0,9.7,555174.0,17.5,2,2.64,35.0,5
CUST0001089,116666.0,2.67,219462.0,38.9,2,2.26,22.8,6
CUST0001090,105731.0,1.65,229788.0,40.4,2,3.11,33.8,2
CUST0001091,63022.0,4.34,281105.0,42.5,1,2.7,32.4,1
CUST0001092,90349.0,2.91,348121.0,9.3,2,2.18,25.4,3
CUST0001093,118884.0,4.75,506928.0,42.1,3,3.1,26.0,2
CUST0001094,66363.0,2.84,533987.0,46.5,4,4.15,28.7,3
CUST0001095,39652.0,4.0,161610.0,17.8,2,4.69,2.2,1
CUST0001096,96168.0,1.63,441734.0,6.8,4,2.89,28.6,4
CUST0001097,104991.0,9.42,333550.0,26.7,1,2.76,11.5,0
CUST0001098,86236.0,1.46,590512.0,41.1,4,3.65,15.8,3
CUST0001099,52269.0,5.69,132954.0,21.0,3,2.94,15.2,1
CUST0001100,104724.0,8.44,557375.0,46.3,1,4.8,34.3,5
CUST0001101,106796.0,6.77,99147.0,46.2,1,3.21,14.9,3
CUST0001102,105840.0,9.78,317305.0,16.0,1,3.49,12.6,3
CUST0001103,71485.0,5.51,244927.0,43.0,3,2.98,31.1,1
CUST0001104,33107.0,9.1,125693.0,14.2,0,4.0,8.7,2
CUST0001105,75545.0,5.55,257921.0,26.9,1,2.29,27.4,3
CUST0001106,66678.0,8.6,520672.0,3.0,2,4.94,23.9,6
CUST0001107,97575.0,2.08,263232.0,11.5,0,4.55,38.8,3
CUST0001108,56452.0,5.21,478707.0,27.9,3,2.63,3.9,0
CUST0001109,83799.0,6.2,578365.0,7.0,3,3.69,35.2,3
CUST0001110,83905.0,6.86,437850.0,21.5,3,3.62,14.7,4
CUST0001111,91670.0,8.53,113720.0,43.5,1,2.76,31.9,2
CUST0001112,57619.0,1.43,336116.0,21.7,2,2.84,38.0,2
CUST0001113,91955.0,9.36,583047.0,8.2,3,2.34,3.4,0
CUST0001114,96569.0,4.73,593192.0,18.7,0,4.82,6.5,2
CUST0001115,117239.0,4.99,513686.0,42.8,1,3.89,0.9,1
CUST0001116,81088.0,4.34,209518.0,2.2,1,3.22,16.4,10
CUST0001117,71549.0,7.33,458476.0,35.4,0,3.43,12.5,3
CUST0001118,68293.0,4.15,588447.0,13.6,1,3.77,23.4,2
CUST0001119,64166.0,5.69,177561.0,19.5,0,3.1,38.6,4
CUST0001120,77134.0,8.21,278716.0,3.0,1,3.33,24.1,0
CUST0001121,47973.0,9.89,521382.0,32.2,2,3.39,29.5,2
CUST0001122,62621.0,7.87,355130.0,8.9,0,3.34,22.7,2
CUST0001123,90592.0,8.14,530060.0,41.6,1,3.39,2.2,8
CUST0001124,67751.0,9.57,397816.0,15.3,1,4.73,5.5,2
CUST0001125,84124.0,3.79,95527.0,44.3,1,4.46,20.0,1
CUST0001126,54408.0,8.59,230218.0,49.1,1,3.82,36.1,3
CUST0001127,47827.0,4.95,399971.0,30.7,0,4.47,6.3,1
CUST0001128,88112.0,8.38,546326.0,46.6,2,4.9,21.9,3
CUST0001129,104360.0,6.54,384139.0,25.7,2,4.82,15.8,0
CUST0001130,79662.0,1.78,458377.0,32.9,2,4.09,23.4,3
CUST0001131,91646.0,5.67,599214.0,48.9,0,4.56,9.9,1
CUST0001132,96039.0,7.51,587689.0,18.9,2,4.98,22.0,5
CUST0001133,97061.0,9.09,135037.0,8.6,0,2.82,24.8,5
CUST0001134,83136.0,6.63,517037.0,1.9,1,4.42,18.8,2
CUST0001135,45168.0,9.87,368955.0,6.5,1,2.66,26.6,1
CUST0001136,38724.0,6.59,357368.0,9.5,0,2.29,26.4,4
CUST0001137,95167.0,8.95,249275.0,10.0,1,3.38,34.3,2
CUST0001138,105836.0,7.75,169418.0,28.1,0,2.23,36.5,3
CUST0001139,112498.0,4.67,157168.0,23.4,0,3.68,24.0,6
CUST0001140,49159.0,9.42,85372.0,8.9,0,4.01,3.4,2
CUST0001141,75793.0,4.82,554959.0,34.1,1,2.77,3.4,5
CUST0001142,89910.0,7.22,374117.0,15.9,1,3.53,22.8,1
CUST0001143,31244.0,5.62,114433.0,12.9,2,3.25,8.2,4
CUST0001144,97834.0,4.73,99395.0,8.3,4,2.16,39.2,2
CUST0001145,64048.0,8.71,412021.0,49.1,3,2.63,35.6,1
CUST0001146,113868.0,1.64,240176.0,20.9,0,4.63,14.7,0
CUST0001147,81079.0,6.4,155352.0,50.0,1,2.5,4.1,2
CUST0001148,104413.0,7.3,211330.0,43.2,2,3.0,8.8,3
CUST0001149,103697.0,7.79,310949.0,2.9,0,3.06,11.2,1
CUST0001150,97376.0,5.15,478812.0,44.7,0,2.48,17.3,2
CUST0001151,118094.0,1.12,233400.0,16.2,4,3.87,28.6,2
CUST0001152,75198.0,6.93,451492.0,36.9,2,4.97,0.2,5
CUST0001153,88233.0,7.64,467785.0,18.2,1,3.16,9.7,3
CUST0001154,35989.0,7.68,541744.0,26.5,3,4.33,12.0,4
CUST0001155,47084.0,4.67,180309.0,2.7,0,3.3,8.5,2
CUST0001156,35671.0,9.99,384271.0,10.1,1,4.34,35.6,5
CUST0001157,110415.0,6.06,187041.0,28.0,1,3.12,27.7,7
CUST0001158,83379.0,4.0,246966.0,36.6,1,4.28,11.6,1
CUST0001159,34439.0,1.24,498565.0,43.9,3,4.33,7.5,1
CUST0001160,57290.0,9.56,550040.0,29.6,0,3.42,13.4,2
CUST0001161,90339.0,3.67,380019.0,18.2,3,3.58,0.2,3
CUST0001162,117725.0,1.74,151110.0,16.0,2,2.12,15.6,5
CUST0001163,107923.0,5.87,414878.0,22.9,3,3.97,9.3,2
CUST0001164,111712.0,8.43,322750.0,44.3,0,4.52,38.1,4
CUST0001165,99721.0,5.91,509878.0,6.1,0,3.39,2.7,5
CUST0001166,74877.0,7.67,156222.0,19.0,4,3.67,36.4,7
CUST0001167,32820.0,6.09,507860.0,27.6,1,2.55,24.0,2
CUST0001168,44856.0,8.85,204786.0,47.4,0,3.09,37.7,4
CUST0001169,68751.0,8.42,344122.0,42.8,1,4.78,27.6,2
CUST0001170,113754.0,6.53,444255.0,32.9,0,3.55,38.0,3
CUST0001171,41770.0,1.48,590849.0,21.6,3,2.59,24.5,4
CUST0001172,119553.0,6.81,96116.0,2.6,1,2.63,21.0,7
CUST0001173,106246.0,4.94,594934.0,24.2,0,4.15,30.1,2
CUST0001174,111308.0,8.67,237387.0,24.9,4,3.96,18.2,3
CUST0001175,43043.0,2.03,396632.0,19.1,3,2.46,21.5,3
CUST0001176,81470.0,8.86,526890.0,36.4,3,3.96,3.0,2
CUST0001177,105560.0,6.82,590416.0,29.6,1,3.87,36.1,4
CUST0001178,45066.0,9.92,401397.0,14.7,3,2.06,30.6,8
CUST0001179,100820.0,6.24,301673.0,41.4,0,4.89,8.3,7
CUST0001180,73672.0,9.48,189072.0,31.3,0,4.23,15.2,3
CUST0001181,106883.0,8.1,579800.0,23.7,3,2.98,32.6,5
CUST0001182,36227.0,9.44,292136.0,21.0,2,4.32,20.8,6
CUST0001183,86664.0,9.16,450674.0,44.0,0,4.2,2.2,5
CUST0001184,75566.0,1.37,573308.0,31.0,0,4.17,7.7,1
CUST0001185,51033.0,9.25,105108.0,21.4,3,4.74,21.7,3
CUST0001186,106427.0,8.75,282643.0,27.7,3,4.71,2.7,2
CUST0001187,95789.0,6.61,292590.0,8.1,1,3.87,26.1,2
CUST0001188,118606.0,9.36,172831.0,36.1,1,4.89,7.1,6
CUST0001189,56262.0,1.38,476485.0,7.9,1,3.02,16.5,4
CUST0001190,74760.0,3.73,170943.0,8.3,4,3.41,24.4,3
CUST0001191,104032.0,5.12,402372.0,37.0,1,4.66,34.5,4
CUST0001192,74632.0,8.82,130094.0,29.4,1,4.95,14.1,2
CUST0001193,114502.0,6.19,136342.0,49.3,2,2.85,37.8,0
CUST0001194,115312.0,3.41,555767.0,12.0,3,4.82,7.4,7
CUST0001195,65344.0,6.08,416577.0,31.2,1,4.16,31.7,6
CUST0001196,30490.0,4.08,88107.0,28.8,1,3.19,14.1,5
CUST0001197,78811.0,4.48,452478.0,42.5,3,2.35,33.5,2
CUST0001198,115408.0,8.13,210673.0,2.5,3,4.08,34.5,6
CUST0001199,105692.0,8.72,459196.0,45.7,2,2.34,33.0,2
CUST0001200,50850.0,9.49,95357.0,27.6,0,3.65,5.8,2
CUST0001201,67101.0,5.59,336747.0,13.7,1,2.14,31.8,2
CUST0001202,104592.0,3.04,97564.0,23.2,2,3.82,37.8,1
CUST0001203,40304.0,6.66,237594.0,6.5,3,4.33,16.9,2
CUST0001204,63040.0,7.38,497246.0,36.4,4,2.27,11.4,6
CUST0001205,56950.0,7.55,344303.0,27.9,2,4.42,31.7,7
CUST0001206,30282.0,5.53,497028.0,1.4,1,4.79,36.9,1
CUST0001207,34181.0,1.23,539299.0,4.2,0,4.66,24.4,1
CUST0001208,82375.0,2.34,565474.0,5.5,4,4.75,35.3,2
CUST0001209,60670.0,7.57,527545.0,23.3,0,2.98,11.2,3
CUST0001210,64907.0,8.57,350517.0,47.3,2,3.22,23.1,0
CUST0001211,88616.0,2.85,443918.0,48.3,1,2.01,1.7,1
CUST0001212,92159.0,9.74,323730.0,26.6,2,2.99,14.0,3
CUST0001213,49889.0,2.04,398478.0,1.2,1,2.26,39.7,3
CUST0001214,31605.0,6.87,458411.0,44.0,3,3.34,1.8,2
CUST0001215,65917.0,3.09,446804.0,30.5,3,2.53,13.6,2
CUST0001216,84467.0,6.86,183321.0,46.0,0,4.89,17.3,1
CUST0001217,86190.0,7.62,276596.0,49.6,0,4.92,29.6,3
CUST0001218,88835.0,3.46,345465.0,29.0,1,4.76,3.9,0
CUST0001219,46266.0,8.7,468275.0,45.3,4,4.15,35.6,4
CUST0001220,56500.0,2.21,323472.0,28.6,1,4.19,35.4,3
CUST0001221,41075.0,3.19,327686.0,22.4,1,3.79,9.3,3
CUST0001222,74460.0,2.15,187169.0,13.2,2,4.8,9.2,5
CUST0001223,41139.0,9.41,543686.0,14.6,0,2.54,13.3,1
CUST0001224,85042.0,2.05,290546.0,21.2,0,2.23,38.1,4
CUST0001225,70270.0,4.81,314709.0,27.2,0,4.9,37.4,2
CUST0001226,43552.0,3.83,390627.0,9.0,1,3.51,18.5,3
CUST0001227,90755.0,4.26,152020.0,29.6,0,2.77,23.1,2
CUST0001228,107221.0,5.97,476173.0,29.5,0,2.75,34.4,6
CUST0001229,109251.0,9.33,290393.0,44.8,0,4.97,28.8,0
CUST0001230,74920.0,1.31,159095.0,6.3,1,4.53,30.7,3
CUST0001231,45017.0,3.86,301407.0,10.2,0,3.52,18.9,3
CUST0001232,56678.0,3.63,131809.0,47.7,1,2.72,16.9,4
CUST0001233,94262.0,2.92,538605.0,3.9,0,2.17,27.8,4
CUST0001234,112850.0,3.02,353495.0,35.6,0,2.24,23.3,2
CUST0001235,57518.0,1.02,368601.0,3.9,0,2.75,2.3,5
CUST0001236,79734.0,2.19,326711.0,28.8,1,2.28,36.5,3
CUST0001237,41719.0,8.48,339505.0,34.2,2,2.24,27.3,1
CUST0001238,105314.0,3.69,225580.0,11.6,0,2.39,33.8,2
CUST0001239,103734.0,8.04,461853.0,22.0,1,2.8,11.8,1
CUST0001240,73502.0,2.56,571358.0,28.2,0,3.27,3.5,2
CUST0001241,88506.0,9.77,102660.0,21.3,3,3.88,25.9,2
CUST0001242,94596.0,7.34,507502.0,30.2,4,4.5,30.8,4
CUST0001243,36627.0,9.88,446509.0,15.4,2,4.51,28.9,3
CUST0001244,47293.0,3.14,183404.0,12.7,3,4.06,23.5,6
CUST0001245,76459.0,5.99,564277.0,29.7,1,4.11,32.0,5
CUST0001246,87661.0,4.82,246152.0,7.3,0,4.44,23.3,2
CUST0001247,106672.0,9.45,182763.0,3.0,1,4.28,17.9,3
CUST0001248,40384.0,5.01,544991.0,2.5,3,4.69,11.6,2
CUST0001249,78710.0,5.53,133710.0,7.1,1,3.2,34.8,4
CUST0001250,51006.0,4.33,331708.0,47.6,0,3.1,28.4,5
CUST0001251,93454.0,6.56,82911.0,1.2,0,2.29,13.7,3
CUST0001252,102012.0,5.08,439613.0,29.8,3,4.45,29.3,1
CUST0001253,79118.0,2.75,149452.0,21.4,1,2.95,8.1,3
CUST0001254,62182.0,2.18,309071.0,1.9,1,3.98,22.0,3
CUST0001255,77199.0,2.56,204028.0,16.7,1,2.46,32.3,0
CUST0001256,67068.0,7.4,187970.0,17.0,1,2.56,29.8,1
CUST0001257,117959.0,6.22,452754.0,34.7,2,3.29,36.7,1
CUST0001258,108585.0,8.95,85452.0,19.0,1,3.96,4.1,4
CUST0001259,96077.0,3.79,305615.0,25.8,1,2.62,5.0,0
CUST0001260,90421.0,2.19,589535.0,34.7,4,2.64,2.4,3
CUST0001261,51065.0,8.69,217468.0,36.2,2,3.33,6.6,5
CUST0001262,83973.0,2.87,558576.0,19.9,2,2.8,20.8,3
CUST0001263,106443.0,8.41,294843.0,40.6,0,3.42,39.8,1
CUST0001264,107556.0,9.52,146930.0,28.2,3,3.9,9.3,3
CUST0001265,78845.0,2.14,475974.0,26.3,0,3.01,27.3,1
CUST0001266,50888.0,1.41,400684.0,19.3,1,2.06,24.8,5
CUST0001267,114196.0,3.84,186975.0,22.4,3,4.09,39.7,4
CUST0001268,69122.0,2.8,353895.0,37.4,4,3.41,12.5,3
CUST0001269,92107.0,1.66,471675.0,1.4,0,4.7,27.5,2
CUST0001270,53813.0,8.91,295699.0,23.5,2,2.9,8.0,7
CUST0001271,93270.0,2.61,269154.0,43.2,1,4.11,25.9,2
CUST0001272,111522.0,9.02,287992.0,4.6,3,3.85,30.1,4
CUST0001273,71053.0,6.49,435932.0,14.6,0,4.34,8.5,5
CUST0001274,55593.0,8.79,116928.0,4.4,3,4.23,1.2,1
CUST0001275,47378.0,4.85,422380.0,15.8,0,3.15,23.9,1
CUST0001276,33225.0,1.49,439140.0,7.7,2,4.66,34.7,2
CUST0001277,41058.0,3.41,439724.0,37.3,3,4.72,38.5,4
CUST0001278,118472.0,4.13,237329.0,43.1,1,2.59,9.2,5
CUST0001279,65516.0,3.96,519637.0,48.2,1,3.13,8.7,2
CUST0001280,72995.0,9.13,146682.0,15.4,2,2.96,10.3,4
CUST0001281,109607.0,3.73,252832.0,36.3,0,4.53,32.6,3
CUST0001282,38998.0,2.75,174295.0,11.4,3,2.08,1.3,5
CUST0001283,37807.0,7.23,315801.0,18.0,0,3.7,29.0,4
CUST0001284,32806.0,7.67,234410.0,5.6,1,3.21,7.1,7
CUST0001285,57994.0,7.68,148634.0,38.4,0,2.58,6.5,3
CUST0001286,105353.0,2.47,302368.0,19.6,0,2.74,5.0,0
CUST0001287,81162.0,5.11,509269.0,8.9,0,2.2,18.4,2
CUST0001288,99113.0,8.71,520201.0,34.9,3,2.47,10.3,6
CUST0001289,30757.0,1.46,520112.0,14.6,1,2.69,19.9,2
CUST0001290,89515.0,4.36,415413.0,41.0,1,2.42,13.7,3
CUST0001291,95193.0,4.2,438153.0,27.8,1,2.25,15.6,1
CUST0001292,80160.0,9.98,188757.0,28.7,1,3.05,35.2,0
CUST0001293,54959.0,4.96,345569.0,12.1,2,4.82,30.1,5
CUST0001294,39044.0,5.11,393333.0,15.1,1,3.82,2.2,3
CUST0001295,82624.0,3.21,316826.0,20.2,0,3.91,28.4,5
CUST0001296,48688.0,8.07,237188.0,31.9,0,2.36,7.8,1
CUST0001297,117223.0,7.32,197306.0,49.8,0,4.54,39.6,4
CUST0001298,119887.0,3.69,485759.0,19.5,0,3.18,35.4,2
CUST0001299,72037.0,7.01,199963.0,30.3,3,3.28,39.8,3
CUST0001300,55678.0,2.84,348434.0,36.2,0,4.32,8.5,5
CUST0001301,39989.0,2.68,216803.0,22.8,4,4.19,0.0,3
CUST0001302,55454.0,9.81,310748.0,4.6,0,2.21,36.9,4
CUST0001303,53100.0,9.49,587723.0,15.4,0,3.58,26.1,2
CUST0001304,106434.0,6.06,210594.0,40.9,1,2.51,24.1,3
CUST0001305,81156.0,9.09,478219.0,16.7,1,2.22,0.4,6
CUST0001306,81995.0,8.68,133087.0,22.2,0,3.05,31.6,5
CUST0001307,71400.0,2.91,594420.0,17.8,3,2.91,33.3,2
CUST0001308,86067.0,9.77,444833.0,4.3,1,3.24,4.2,3
CUST0001309,91609.0,1.52,558226.0,37.7,0,3.74,33.7,2
CUST0001310,85389.0,6.63,495429.0,40.3,1,2.14,25.3,4
CUST0001311,41669.0,9.5,529593.0,42.3,1,3.86,33.6,6
CUST0001312,116329.0,2.84,134335.0,10.9,0,3.29,38.3,2
CUST0001313,47731.0,5.0,380219.0,11.3,1,5.0,35.0,4
CUST0001314,79249.0,1.04,508608.0,6.9,2,4.47,14.8,3
CUST0001315,108822.0,5.01,437920.0,37.7,4,2.7,40.0,3
CUST0001316,47403.0,1.32,593497.0,24.9,1,4.52,31.2,4
CUST0001317,73635.0,8.18,213276.0,5.1,1,2.03,22.9,3
CUST0001318,75438.0,2.54,107756.0,14.4,2,4.48,21.0,4
CUST0001319,73675.0,7.11,143126.0,44.6,3,3.56,36.2,5
CUST0001320,50467.0,1.73,140012.0,10.7,0,4.75,18.1,1
CUST0001321,107431.0,7.78,513257.0,4.0,3,3.33,27.5,3
CUST0001322,76462.0,8.67,304600.0,13.8,3,2.9,29.2,4
CUST0001323,78887.0,6.37,303048.0,34.9,0,3.12,4.7,6
CUST0001324,112060.0,3.24,160027.0,4.4,1,2.75,25.2,1
CUST0001325,52526.0,9.26,582172.0,0.7,1,4.25,1.6,3
CUST0001326,98544.0,5.67,172447.0,12.7,3,4.11,15.5,3
CUST0001327,94678.0,2.6,257795.0,22.1,0,3.44,28.4,5
CUST0001328,77685.0,5.15,121951.0,38.4,1,3.95,16.9,2
CUST0001329,30192.0,3.52,538044.0,18.4,1,2.92,22.1,1
CUST0001330,33313.0,1.52,272600.0,27.1,2,4.54,9.6,2
CUST0001331,95518.0,6.41,362603.0,45.3,0,3.07,6.4,2
CUST0001332,71666.0,7.88,437347.0,38.2,0,3.25,0.7,3
CUST0001333,114786.0,2.72,524268.0,46.5,1,2.66,38.9,4
CUST0001334,74529.0,3.33,198923.0,3.1,2,3.75,10.4,4
CUST0001335,70706.0,1.41,309932.0,45.4,3,4.31,27.4,4
CUST0001336,102413.0,6.09,430477.0,35.9,3,3.87,13.1,2
CUST0001337,43380.0,4.06,197257.0,5.3,2,3.13,21.7,3
CUST0001338,72595.0,2.13,331051.0,23.0,0,2.02,32.5,2
CUST0001339,61130.0,5.9,123481.0,46.8,1,4.77,20.9,3
CUST0001340,100190.0,3.44,353578.0,2.6,3,3.57,26.9,3
CUST0001341,72253.0,2.93,463425.0,46.8,3,4.09,20.4,3
CUST0001342,71158.0,4.86,238798.0,18.6,4,3.21,3.8,5
CUST0001343,65182.0,5.78,242763.0,28.7,4,4.92,25.2,4
CUST0001344,77259.0,7.12,121521.0,47.8,3,2.64,18.4,2
CUST0001345,61692.0,2.92,309194.0,26.9,2,3.85,32.0,3
CUST0001346,74969.0,2.76,390952.0,37.7,3,3.54,8.9,3
CUST0001347,74174.0,1.12,536515.0,18.9,1,2.54,20.4,2
CUST0001348,117151.0,7.9,243650.0,3.3,0,4.33,32.8,4
CUST0001349,54101.0,5.91,275210.0,39.0,1,2.72,31.4,1
CUST0001350,72018.0,9.72,350754.0,17.9,1,4.08,37.3,4
CUST0001351,92093.0,1.23,348985.0,28.5,0,3.59,37.0,2
CUST0001352,93147.0,4.37,408697.0,45.9,1,2.77,15.2,1
CUST0001353,76117.0,8.62,149607.0,33.2,2,4.12,3.6,2
CUST0001354,99621.0,4.58,586157.0,19.4,1,2.49,9.8,5
CUST0001355,93192.0,1.31,360691.0,20.0,1,2.75,0.6,2
CUST0001356,60536.0,2.56,405223.0,18.4,0,3.15,39.1,3
CUST0001357,74572.0,7.71,517417.0,8.8,1,2.03,19.0,3
CUST0001358,50808.0,8.52,571581.0,26.6,0,4.9,8.4,4
CUST0001359,102127.0,9.19,117755.0,13.5,2,3.6,28.5,3
CUST0001360,106903.0,4.99,262650.0,20.9,1,3.23,4.3,1
CUST0001361,36455.0,6.71,582936.0,12.7,2,4.82,9.9,5
CUST0001362,32314.0,9.04,378974.0,20.1,1,2.49,12.4,2
CUST0001363,94179.0,6.5,524428.0,9.6,1,2.68,13.7,3
CUST0001364,89140.0,7.71,110314.0,31.9,4,4.35,1.9,2
CUST0001365,86997.0,5.39,456945.0,40.2,4,3.67,32.5,2
CUST0001366,97948.0,8.0,240859.0,48.6,1,4.82,32.7,4
CUST0001367,85692.0,2.48,391170.0,7.3,1,4.36,31.9,1
CUST0001368,114060.0,7.22,187885.0,4.0,0,3.45,18.4,2
CUST0001369,109328.0,5.7,230550.0,40.3,0,2.16,18.4,2
CUST0001370,86408.0,6.57,527068.0,36.0,1,4.44,5.7,4
CUST0001371,102422.0,7.27,143383.0,37.4,3,4.34,38.6,7
CUST0001372,117083.0,1.14,282056.0,14.4,0,2.85,20.9,3
CUST0001373,57787.0,9.82,187576.0,6.7,2,2.35,37.8,4
CUST0001374,69493.0,9.11,426025.0,14.6,0,2.31,17.8,1
CUST0001375,95081.0,6.34,503565.0,32.0,3,3.55,6.4,3
CUST0001376,86377.0,6.89,311910.0,12.8,2,3.06,16.6,3
CUST0001377,68882.0,8.58,577673.0,15.0,0,3.01,9.4,3
CUST0001378,79381.0,1.65,150230.0,31.0,1,3.34,3.6,6
CUST0001379,83746.0,5.3,418395.0,33.0,1,4.53,16.4,4
CUST0001380,109794.0,5.61,123168.0,10.5,0,4.58,3.7,7
CUST0001381,82887.0,4.88,556257.0,35.9,0,3.14,26.7,2
CUST0001382,71359.0,7.72,180332.0,41.4,3,2.75,35.5,6
CUST0001383,94264.0,2.84,511202.0,6.9,1,3.07,28.3,2
CUST0001384,82636.0,9.25,244868.0,17.4,1,3.16,1.8,5
CUST0001385,106455.0,7.85,391876.0,33.5,2,2.7,7.4,2
CUST0001386,60862.0,6.83,464865.0,32.8,2,3.45,19.1,1
CUST0001387,64928.0,7.23,349419.0,27.8,1,2.2,16.9,2
CUST0001388,89721.0,9.62,214589.0,14.5,0,2.12,30.7,2
CUST0001389,49611.0,8.83,419956.0,29.5,4,2.17,32.1,2
CUST0001390,34654.0,6.54,540791.0,25.2,1,4.47,24.3,2
CUST0001391,70026.0,7.45,530730.0,24.7,3,3.42,27.4,6
CUST0001392,73484.0,1.05,594752.0,26.8,2,2.09,14.4,2
CUST0001393,117360.0,1.35,114744.0,46.2,1,4.94,8.6,5
CUST0001394,47694.0,6.3,501429.0,5.2,1,2.87,35.2,2
CUST0001395,89961.0,7.68,200981.0,40.8,1,2.52,35.9,9
CUST0001396,65927.0,3.48,485017.0,37.4,3,3.14,36.1,3
CUST0001397,118405.0,4.3,187471.0,28.9,1,3.23,0.1,4
CUST0001398,104395.0,7.87,561241.0,25.1,2,3.4,15.1,4
CUST0001399,63218.0,5.45,479330.0,46.4,3,3.48,25.3,2
CUST0001400,113216.0,8.57,317321.0,9.9,2,3.79,17.3,3
CUST0001401,54903.0,9.82,442660.0,12.9,1,2.99,33.4,3
CUST0001402,52925.0,6.42,156159.0,30.1,0,2.33,25.3,3
CUST0001403,69341.0,6.7,582064.0,2.8,1,2.92,7.3,1
CUST0001404,85823.0,6.69,96213.0,7.1,2,2.79,19.2,1
CUST0001405,76577.0,9.41,370469.0,20.5,1,4.02,22.4,6
CUST0001406,31035.0,1.38,360748.0,16.9,4,2.62,16.4,3
CUST0001407,116439.0,9.45,378293.0,15.4,0,3.12,15.5,0
CUST0001408,115276.0,6.03,250221.0,4.7,2,3.35,4.1,2
CUST0001409,54588.0,5.31,422758.0,1.1,0,4.1,22.0,4
CUST0001410,44097.0,8.11,501355.0,40.2,0,3.48,5.5,0
CUST0001411,64088.0,5.13,193966.0,46.6,1,3.99,16.1,4
CUST0001412,115298.0,8.56,268540.0,6.7,1,4.3,4.1,2
CUST0001413,115507.0,1.93,115632.0,48.7,4,2.03,13.8,5
CUST0001414,45746.0,6.68,424272.0,39.3,1,2.37,5.3,7
CUST0001415,114079.0,9.54,565231.0,35.7,3,4.15,37.7,3
CUST0001416,62343.0,7.13,412662.0,30.2,2,3.41,8.2,3
CUST0001417,50679.0,4.72,330856.0,0.8,2,4.54,13.4,4
CUST0001418,106156.0,6.79,319153.0,4.0,3,4.2,5.0,3
CUST0001419,98764.0,4.11,288324.0,11.4,1,3.69,37.6,5
CUST0001420,102713.0,6.19,174306.0,40.6,0,2.97,8.3,4
CUST0001421,87261.0,4.17,159099.0,7.9,2,2.03,19.2,3
CUST0001422,46576.0,2.98,169089.0,4.8,2,2.77,24.8,4
CUST0001423,117382.0,8.2,194916.0,5.6,2,2.11,23.7,2
CUST0001424,118255.0,7.34,379117.0,46.6,0,2.03,6.5,5
CUST0001425,83661.0,1.15,589217.0,45.8,0,4.59,33.1,3
CUST0001426,71978.0,2.63,250590.0,27.1,1,2.77,27.3,6
CUST0001427,65128.0,6.9,476130.0,33.2,2,4.65,26.1,5
CUST0001428,70908.0,3.9,348785.0,13.1,0,3.95,22.0,1
CUST0001429,32555.0,6.45,154942.0,1.3,2,4.62,24.1,0
CUST0001430,34060.0,4.35,282008.0,37.3,1,4.21,28.8,5
CUST0001431,54617.0,5.67,372967.0,24.5,1,3.62,7.0,3
CUST0001432,45235.0,7.23,359480.0,28.9,2,4.59,6.7,2
CUST0001433,61176.0,2.53,333581.0,26.3,2,2.97,7.4,2
CUST0001434,74482.0,3.79,354847.0,44.0,0,2.77,19.5,3
CUST0001435,102855.0,2.78,187616.0,13.2,0,3.05,1.7,3
CUST0001436,91415.0,9.29,275519.0,45.3,1,3.61,19.1,2
CUST0001437,42648.0,2.81,311872.0,49.4,0,4.67,24.3,1
CUST0001438,97521.0,6.64,361890.0,13.1,0,2.03,16.5,1
CUST0001439,50353.0,4.81,314704.0,9.9,2,4.3,7.8,3
CUST0001440,47170.0,7.05,138069.0,15.3,3,2.43,24.6,3
CUST0001441,95486.0,8.98,109223.0,6.5,2,4.05,14.0,4
CUST0001442,44409.0,4.48,587389.0,1.4,3,2.56,34.6,4
CUST0001443,107714.0,8.48,280516.0,11.6,0,4.45,34.8,9
CUST0001444,110136.0,7.13,587801.0,23.3,1,4.97,21.8,0
CUST0001445,97645.0,4.92,89904.0,41.6,1,4.57,14.6,5
CUST0001446,111551.0,2.4,529178.0,20.2,2,2.78,28.5,5
CUST0001447,51038.0,1.19,168893.0,7.4,1,4.93,9.9,3
CUST0001448,89222.0,4.0,177269.0,40.7,2,2.45,15.0,3
CUST0001449,91332.0,7.65,226002.0,2.8,0,2.24,38.8,2
CUST0001450,51401.0,8.97,91357.0,33.8,1,4.82,19.4,4
CUST0001451,30010.0,5.0,212937.0,30.4,0,3.35,31.2,6
CUST0001452,56137.0,2.16,402393.0,1.7,0,4.48,2.8,1
CUST0001453,55584.0,1.53,585508.0,46.2,2,2.61,30.6,1
CUST0001454,60610.0,6.43,250401.0,37.8,0,3.42,30.7,5
CUST0001455,79312.0,6.69,578531.0,34.9,1,4.19,32.0,4
CUST0001456,111542.0,9.23,433219.0,40.5,1,3.8,36.1,2
CUST0001457,30875.0,1.78,543181.0,22.5,4,3.62,18.2,3
CUST0001458,64000.0,7.45,575544.0,39.0,0,4.59,1.1,0
CUST0001459,35539.0,2.08,414038.0,2.7,3,3.8,0.7,2
CUST0001460,37793.0,7.98,89082.0,5.8,1,4.83,30.5,2
CUST0001461,115613.0,1.31,109533.0,1.2,0,3.52,1.9,5
CUST0001462,115940.0,8.73,271537.0,36.8,0,3.03,6.7,4
CUST0001463,31688.0,5.7,133711.0,24.6,2,4.73,14.1,2
CUST0001464,73604.0,6.17,251048.0,48.9,1,4.69,28.3,4
CUST0001465,75657.0,3.98,143311.0,41.5,1,3.64,35.1,4
CUST0001466,80644.0,9.84,578628.0,44.1,0,2.28,37.6,2
CUST0001467,97111.0,8.34,265132.0,32.5,3,2.34,39.3,4
CUST0001468,104211.0,6.22,578393.0,48.5,0,2.17,8.9,2
CUST0001469,91549.0,5.98,142254.0,2.3,4,2.74,6.9,3
CUST0001470,38691.0,8.88,335533.0,3.5,0,4.49,0.6,4
CUST0001471,47397.0,1.1,510197.0,42.2,3,3.39,20.7,2
CUST0001472,113755.0,5.81,382041.0,35.2,4,2.43,35.9,6
CUST0001473,104706.0,4.23,108101.0,8.4,1,2.24,31.0,1
CUST0001474,35256.0,4.33,342554.0,35.9,3,4.52,37.3,2
CUST0001475,39803.0,5.21,132712.0,5.0,1,2.6,34.9,6
CUST0001476,69071.0,4.3,486781.0,36.6,0,4.36,1.7,1
CUST0001477,97035.0,6.96,85146.0,48.1,0,3.27,7.0,3
CUST0001478,77024.0,9.05,81207.0,38.0,1,2.25,13.9,7
CUST0001479,110360.0,5.06,472174.0,45.5,3,4.87,31.2,6
CUST0001480,104359.0,3.56,467204.0,23.3,0,4.02,5.9,3
CUST0001481,85715.0,9.78,452968.0,21.7,3,3.06,35.7,3
CUST0001482,71943.0,7.1,381124.0,49.3,2,2.46,3.9,5
CUST0001483,64415.0,6.33,368636.0,14.8,0,4.38,29.2,3
CUST0001484,70450.0,2.28,181982.0,27.0,3,4.57,12.7,1
CUST0001485,44526.0,7.37,135462.0,20.7,3,3.09,16.8,4
CUST0001486,76005.0,1.5,102613.0,45.8,4,4.6,7.4,3
CUST0001487,40306.0,8.03,418574.0,20.9,3,2.33,24.8,4
CUST0001488,61486.0,2.22,177094.0,21.3,0,2.63,10.1,2
CUST0001489,64906.0,8.12,282138.0,24.7,3,4.57,19.5,2
CUST0001490,39302.0,7.18,148237.0,26.3,2,3.56,19.3,5
CUST0001491,114394.0,2.56,597660.0,17.0,2,3.36,35.0,3
CUST0001492,76726.0,5.77,135474.0,46.2,3,3.63,13.4,3
CUST0001493,78273.0,9.91,471898.0,27.0,4,3.23,26.4,3
CUST0001494,48883.0,4.98,132271.0,20.0,1,4.03,25.6,7
CUST0001495,86897.0,1.67,132766.0,37.4,2,3.52,11.0,6
CUST0001496,35575.0,4.07,229486.0,7.7,0,4.62,26.5,7
CUST0001497,99888.0,5.28,432975.0,25.8,0,3.31,39.5,5
CUST0001498,113343.0,8.24,407981.0,26.9,1,3.47,36.9,3
CUST0001499,72651.0,8.64,130121.0,32.7,3,4.89,16.9,0
CUST0001500,96699.0,2.48,251275.0,43.5,2,3.81,3.4,2
CUST0001501,73203.0,6.12,97919.0,8.5,0,4.91,34.7,4
CUST0001502,107771.0,4.58,559254.0,41.8,3,3.79,36.4,0
CUST0001503,84148.0,2.78,567914.0,37.9,0,4.57,13.6,1
CUST0001504,70376.0,8.16,559935.0,25.2,1,4.68,1.6,2
CUST0001505,105482.0,2.89,93336.0,15.3,0,4.74,24.1,3
CUST0001506,76022.0,4.6,181522.0,24.6,4,4.4,22.8,6
CUST0001507,36153.0,2.67,441544.0,46.5,1,2.39,9.7,3
CUST0001508,111736.0,9.54,215079.0,44.7,3,3.58,15.3,5
CUST0001509,93108.0,7.2,398384.0,40.8,2,2.07,20.0,4
CUST0001510,35906.0,2.29,472740.0,46.2,1,2.13,17.9,3
CUST0001511,87842.0,8.29,550396.0,16.1,1,4.99,9.9,2
CUST0001512,74798.0,2.62,241530.0,34.4,0,2.71,0.3,4
CUST0001513,59719.0,1.12,186203.0,31.4,1,2.8,34.0,3
CUST0001514,41648.0,8.86,189081.0,30.4,1,4.45,26.5,5
CUST0001515,88276.0,3.15,201564.0,5.8,2,2.57,29.3,5
CUST0001516,101947.0,4.84,584148.0,13.4,1,3.78,38.5,4
CUST0001517,50116.0,1.23,336753.0,18.4,1,2.78,39.9,1
CUST0001518,118317.0,3.64,145323.0,20.9,1,3.22,4.0,6
CUST0001519,90173.0,2.69,369565.0,32.0,1,3.93,39.6,2
CUST0001520,112344.0,6.48,90334.0,20.8,0,4.41,32.1,6
CUST0001521,49105.0,9.47,307729.0,26.0,1,3.25,29.5,0
CUST0001522,104181.0,8.36,95734.0,6.5,1,2.05,3.1,1
CUST0001523,77563.0,1.44,555901.0,17.3,3,2.01,29.9,2
CUST0001524,33467.0,2.49,428925.0,27.9,0,2.98,0.6,4
CUST0001525,95517.0,1.95,217763.0,45.7,1,2.74,0.2,6
CUST0001526,34409.0,6.89,418868.0,43.4,1,2.66,34.2,3
CUST0001527,101228.0,5.17,146094.0,23.1,0,2.12,23.0,2
CUST0001528,98137.0,5.14,196907.0,25.0,0,3.53,12.2,4
CUST0001529,99439.0,9.81,493652.0,39.3,1,4.19,5.7,4
CUST0001530,31907.0,5.36,229667.0,42.8,2,3.8,13.4,5
CUST0001531,89191.0,3.49,520633.0,16.7,0,2.6,23.0,3
CUST0001532,101520.0,2.46,442073.0,15.7,3,2.7,11.5,1
CUST0001533,35698.0,3.08,169206.0,16.3,2,3.75,36.7,5
CUST0001534,42740.0,9.54,93475.0,46.4,1,3.1,9.3,1
CUST0001535,101783.0,1.71,557871.0,19.7,0,3.24,20.9,3
CUST0001536,42298.0,7.63,167599.0,34.8,0,4.8,1.2,2
CUST0001537,31773.0,9.02,488914.0,10.5,2,2.25,16.8,3
CUST0001538,33633.0,9.88,593281.0,14.4,2,4.8,27.2,2
CUST0001539,95267.0,7.8,179778.0,31.6,4,3.6,10.7,6
CUST0001540,74526.0,9.47,137741.0,33.9,2,4.79,32.4,4
CUST0001541,36401.0,7.21,361503.0,8.1,1,3.92,31.9,1
CUST0001542,85385.0,5.97,268667.0,47.0,1,3.53,21.7,3
CUST0001543,112826.0,8.16,472298.0,30.8,1,2.48,3.1,2
CUST0001544,41729.0,8.55,586408.0,12.9,4,2.98,13.2,4
CUST0001545,69322.0,3.28,356935.0,30.4,3,2.33,17.5,4
CUST0001546,117152.0,6.49,490336.0,9.4,0,2.61,37.1,4
CUST0001547,56221.0,6.61,221296.0,46.0,2,3.27,1.2,4
CUST0001548,116282.0,5.58,539924.0,18.1,2,3.36,7.6,1
CUST0001549,101375.0,1.86,579430.0,10.1,1,4.64,22.9,2
CUST0001550,72819.0,9.8,325408.0,8.2,1,4.45,14.5,2
CUST0001551,41230.0,6.06,382001.0,23.1,2,4.51,33.8,1
CUST0001552,119775.0,4.36,494921.0,21.5,0,2.05,29.1,3
CUST0001553,72821.0,7.11,154109.0,26.7,3,4.04,0.9,5
CUST0001554,43934.0,8.05,186886.0,35.9,4,3.82,9.5,1
CUST0001555,79622.0,9.87,370462.0,9.4,3,2.66,30.3,2
CUST0001556,72941.0,6.25,418395.0,10.5,0,2.5,34.5,5
CUST0001557,81657.0,4.85,501242.0,21.8,3,3.49,17.8,1
CUST0001558,113284.0,9.57,370835.0,39.0,0,3.01,14.2,2
CUST0001559,71432.0,9.0,456520.0,19.4,1,3.6,25.4,3
CUST0001560,52019.0,5.06,383234.0,28.4,2,3.02,16.0,4
CUST0001561,112588.0,5.41,265915.0,24.0,0,3.6,13.9,1
CUST0001562,78733.0,5.83,357009.0,2.1,2,4.34,10.0,2
CUST0001563,118080.0,6.63,496388.0,1.3,3,3.34,37.1,3
CUST0001564,34843.0,1.82,498640.0,38.0,2,4.3,27.8,5
CUST0001565,41943.0,7.21,400817.0,34.1,3,4.76,18.2,5
CUST0001566,68127.0,1.16,481193.0,5.2,1,4.76,6.3,3
CUST0001567,95453.0,3.11,86958.0,40.4,3,2.16,1.4,3
CUST0001568,52012.0,6.19,430898.0,25.2,0,3.3,39.5,3
CUST0001569,60283.0,7.34,586968.0,41.1,2,4.79,34.7,4
CUST0001570,96242.0,9.78,323492.0,39.4,2,3.14,16.5,4
CUST0001571,32042.0,1.72,81400.0,13.5,1,4.76,1.9,0
CUST0001572,99178.0,5.41,389292.0,8.0,4,2.73,10.2,5
CUST0001573,117306.0,2.18,275307.0,5.3,1,4.79,24.8,1
CUST0001574,105548.0,8.99,512635.0,13.4,2,2.67,21.3,1
CUST0001575,58808.0,3.35,310265.0,15.4,3,3.32,29.2,3
CUST0001576,110441.0,6.78,107172.0,34.9,0,4.54,33.2,1
CUST0001577,98615.0,8.28,194138.0,31.2,3,2.03,34.6,1
CUST0001578,89137.0,7.55,393884.0,48.5,1,4.45,35.8,1
CUST0001579,82596.0,8.89,411333.0,46.9,3,3.37,4.4,3
CUST0001580,53251.0,4.42,136702.0,25.8,2,4.46,13.5,3
CUST0001581,62681.0,8.26,358057.0,1.0,3,3.31,10.8,2
CUST0001582,97808.0,4.27,458270.0,36.3,0,4.67,26.5,4
CUST0001583,51615.0,7.91,570054.0,46.3,1,3.19,37.4,3
CUST0001584,72186.0,1.35,371740.0,26.9,3,4.61,9.5,4
CUST0001585,102149.0,2.76,447283.0,24.5,0,2.77,3.9,4
CUST0001586,61402.0,9.7,110512.0,7.8,3,4.16,36.8,7
CUST0001587,66396.0,8.99,310999.0,37.5,1,2.3,15.0,5
CUST0001588,35707.0,1.46,288987.0,37.9,0,4.06,13.0,2
CUST0001589,76885.0,5.6,224109.0,25.7,0,3.4,22.2,5
CUST0001590,113302.0,4.59,430735.0,42.1,0,3.57,29.3,3
CUST0001591,57105.0,9.19,440721.0,47.6,3,2.53,39.8,3
CUST0001592,45451.0,2.2,435040.0,21.6,3,4.51,18.7,3
CUST0001593,101479.0,4.29,483727.0,2.2,2,3.09,33.6,2
CUST0001594,90139.0,1.51,526861.0,43.7,1,2.75,31.4,0
CUST0001595,78024.0,2.1,479569.0,4.4,0,3.54,17.8,2
CUST0001596,84687.0,2.2,574583.0,4.6,2,2.12,12.1,3
CUST0001597,110300.0,2.73,162873.0,9.7,0,2.55,3.6,3
CUST0001598,109648.0,3.88,139547.0,20.8,2,3.6,39.3,6
CUST0001599,69793.0,9.2,146523.0,47.3,2,2.87,15.9,1
CUST0001600,113512.0,7.39,368865.0,6.2,3,4.46,7.2,4
CUST0001601,37135.0,9.3,296512.0,24.6,2,3.52,12.6,7
CUST0001602,58855.0,3.49,365193.0,21.6,0,4.73,6.2,2
CUST0001603,86837.0,1.58,191790.0,32.3,0,2.37,25.9,2
CUST0001604,106575.0,7.48,92293.0,22.9,3,3.02,14.4,3
CUST0001605,93851.0,8.0,255258.0,28.6,0,2.07,25.4,2
CUST0001606,109540.0,8.18,319639.0,13.2,1,4.79,36.7,1
CUST0001607,63490.0,1.75,288668.0,45.2,0,2.52,15.3,6
CUST0001608,72710.0,1.55,515520.0,16.7,0,4.59,12.8,2
CUST0001609,90342.0,7.4,486339.0,49.6,2,3.78,18.6,1
CUST0001610,101916.0,2.13,207680.0,43.3,1,3.3,2.3,2
CUST0001611,37879.0,3.16,276070.0,9.9,1,3.47,7.4,4
CUST0001612,100525.0,8.76,342079.0,31.3,3,4.87,36.2,3
CUST0001613,63162.0,2.36,533183.0,25.2,1,3.68,10.8,3
CUST0001614,96098.0,7.26,275476.0,14.9,0,3.77,6.5,2
CUST0001615,98675.0,2.59,242631.0,39.3,0,4.9,14.1,3
CUST0001616,91927.0,7.33,229956.0,29.0,3,3.73,25.2,3
CUST0001617,92727.0,2.63,515742.0,21.9,2,3.96,13.4,5
CUST0001618,34647.0,8.4,416377.0,24.8,1,2.85,27.5,4
CUST0001619,94277.0,6.37,579334.0,45.7,0,2.26,21.2,5
CUST0001620,111364.0,3.25,589858.0,22.5,1,2.92,32.3,3
CUST0001621,63671.0,2.86,530305.0,45.6,2,3.25,37.2,2
CUST0001622,113832.0,4.84,365078.0,31.7,1,3.0,12.2,1
CUST0001623,103526.0,8.98,361470.0,33.0,0,2.37,26.8,4
CUST0001624,33184.0,4.42,564668.0,25.4,1,4.29,15.6,0
CUST0001625,76450.0,6.62,345387.0,43.0,0,4.61,5.6,1
CUST0001626,116701.0,9.31,589065.0,45.5,1,2.48,16.8,3
CUST0001627,62573.0,6.94,101528.0,13.9,1,3.06,36.2,0
CUST0001628,70689.0,1.14,581336.0,14.8,0,3.43,3.5,3
CUST0001629,91948.0,1.97,580294.0,9.0,2,2.55,5.3,3
CUST0001630,35871.0,3.0,394707.0,26.8,0,4.69,39.5,3
CUST0001631,84973.0,9.16,397969.0,18.1,2,3.06,34.7,3
CUST0001632,43302.0,2.74,254418.0,33.3,0,2.66,31.4,3
CUST0001633,93963.0,9.57,95522.0,16.1,0,4.19,29.1,2
CUST0001634,62271.0,6.73,532839.0,7.1,0,4.32,23.5,2
CUST0001635,38989.0,3.35,477553.0,24.1,0,2.01,36.6,2
CUST0001636,105040.0,6.65,478742.0,36.1,3,2.59,34.3,0
CUST0001637,108707.0,7.58,518916.0,34.3,0,4.8,20.8,3
CUST0001638,95825.0,5.65,442748.0,34.5,1,3.77,3.3,3
CUST0001639,85002.0,6.74,453468.0,25.8,0,2.49,4.3,3
CUST0001640,108608.0,2.97,429173.0,38.6,2,4.46,37.0,1
CUST0001641,65441.0,5.49,480878.0,29.6,0,3.09,6.3,3
CUST0001642,31948.0,2.3,318734.0,9.6,0,3.68,18.7,3
CUST0001643,119902.0,8.16,105318.0,7.5,2,2.7,5.3,2
CUST0001644,101233.0,9.72,555529.0,16.7,2,4.49,22.3,5
CUST0001645,82817.0,5.91,414612.0,0.8,1,2.11,5.5,5
CUST0001646,43062.0,5.75,392951.0,34.0,1,3.93,14.6,2
CUST0001647,95632.0,3.93,511421.0,45.5,2,4.66,39.8,4
CUST0001648,65168.0,1.91,215502.0,14.6,0,4.92,25.1,1
CUST0001649,57695.0,2.11,210654.0,22.9,2,2.14,34.6,2
CUST0001650,70427.0,3.99,456722.0,14.4,2,2.06,34.7,9
CUST0001651,41372.0,7.42,150536.0,9.7,2,4.38,2.6,2
CUST0001652,84038.0,5.68,285212.0,43.2,4,2.24,21.9,4
CUST0001653,112988.0,1.65,137996.0,14.7,3,4.97,24.6,4
CUST0001654,54921.0,3.39,222163.0,10.8,2,4.7,9.6,1
CUST0001655,31481.0,6.74,463827.0,16.3,0,2.94,7.8,1
CUST0001656,87530.0,9.98,233799.0,35.3,2,3.5,12.0,2
CUST0001657,56317.0,9.5,377357.0,20.8,1,3.09,1.7,2
CUST0001658,85698.0,2.63,297652.0,1.7,3,2.03,34.0,5
CUST0001659,108852.0,1.45,167389.0,26.8,0,2.41,15.8,6
CUST0001660,101745.0,6.35,295313.0,40.8,1,3.25,23.1,1
CUST0001661,32698.0,8.3,299267.0,2.5,1,3.23,19.7,4
CUST0001662,68398.0,7.7,355544.0,13.2,2,4.81,33.9,2
CUST0001663,31606.0,1.74,86027.0,5.7,3,3.79,27.4,5
CUST0001664,118110.0,1.06,175601.0,15.1,1,3.29,6.9,1
CUST0001665,72562.0,2.89,81915.0,14.1,1,4.17,36.0,2
CUST0001666,32289.0,2.94,423181.0,25.4,1,3.49,19.8,2
CUST0001667,92099.0,4.72,126161.0,29.4,0,4.62,14.3,4
CUST0001668,55389.0,4.7,254943.0,15.3,2,4.95,24.4,5
CUST0001669,107653.0,8.57,339025.0,6.6,0,2.29,5.7,3
CUST0001670,117871.0,8.89,489498.0,3.9,3,3.74,5.7,4
CUST0001671,84264.0,3.0,298381.0,29.8,0,4.7,6.0,2
CUST0001672,64831.0,8.97,593818.0,27.5,4,3.18,6.1,5
CUST0001673,49763.0,6.91,305687.0,5.9,0,2.31,30.9,3
CUST0001674,63705.0,7.21,128447.0,29.5,2,2.63,16.4,3
CUST0001675,52668.0,9.59,406598.0,37.2,0,4.05,5.9,2
CUST0001676,84327.0,3.72,227394.0,23.7,1,3.84,31.9,2
CUST0001677,117150.0,2.3,386498.0,33.5,1,4.53,12.4,2
CUST0001678,65086.0,5.6,442697.0,14.1,0,4.95,32.6,3
CUST0001679,46764.0,7.71,275534.0,32.3,0,2.12,0.4,3
CUST0001680,55139.0,3.25,467925.0,18.9,4,3.21,6.5,1
CUST0001681,83327.0,1.76,574570.0,46.9,1,2.11,21.9,7
CUST0001682,59129.0,7.56,147410.0,29.0,1,3.13,31.8,0
CUST0001683,97462.0,9.01,427520.0,8.2,2,4.49,23.3,3
CUST0001684,84031.0,6.84,435947.0,9.3,2,3.54,32.6,2
CUST0001685,110661.0,1.35,280596.0,10.5,2,2.13,29.2,2
CUST0001686,72355.0,7.67,105911.0,34.4,1,3.73,1.9,5
CUST0001687,99162.0,4.45,378323.0,28.5,4,2.24,29.5,3
CUST0001688,83305.0,3.86,553822.0,11.1,1,3.37,23.0,3
CUST0001689,106739.0,1.12,317777.0,22.6,3,3.03,12.0,4
CUST0001690,55651.0,4.49,409060.0,20.1,3,2.73,9.9,1
CUST0001691,52391.0,4.39,563414.0,24.9,0,4.92,29.0,4
CUST0001692,67143.0,4.17,444205.0,20.1,0,3.4,0.3,2
CUST0001693,79011.0,3.58,448660.0,1.1,0,3.32,34.2,4
CUST0001694,52880.0,6.25,399263.0,48.7,4,3.55,11.7,4
CUST0001695,117451.0,7.96,208399.0,28.0,3,2.88,6.6,2
CUST0001696,67815.0,3.26,535391.0,31.0,1,3.08,14.6,6
CUST0001697,37824.0,6.45,360687.0,12.7,1,3.47,39.9,3
CUST0001698,49581.0,7.39,475743.0,24.9,4,3.85,11.2,3
CUST0001699,102711.0,6.7,543079.0,48.4,3,4.63,8.8,2
CUST0001700,34212.0,9.81,424096.0,47.4,0,2.7,16.1,5
CUST0001701,59652.0,4.77,295495.0,17.5,2,2.85,36.5,1
CUST0001702,80965.0,8.61,165571.0,39.8,3,4.18,33.1,3
CUST0001703,44751.0,6.76,416947.0,30.1,1,2.26,17.5,5
CUST0001704,111995.0,1.43,440946.0,46.8,1,2.42,6.7,0
CUST0001705,74995.0,2.44,359558.0,17.3,3,4.56,31.0,5
CUST0001706,100661.0,2.79,229271.0,3.7,1,3.88,21.8,4
CUST0001707,48317.0,1.47,312538.0,40.7,1,3.94,7.8,3
CUST0001708,41771.0,8.3,202434.0,29.5,1,3.96,33.5,1
CUST0001709,91070.0,6.12,375656.0,23.0,3,4.06,17.6,3
CUST0001710,117014.0,4.01,188932.0,30.0,0,3.7,29.2,1
CUST0001711,66359.0,1.09,347235.0,17.0,0,4.37,27.3,0
CUST0001712,46701.0,2.09,103482.0,38.0,2,4.79,28.7,1
CUST0001713,77533.0,7.38,419194.0,44.1,3,2.72,12.9,3
CUST0001714,75107.0,6.55,559988.0,9.0,0,2.26,9.5,3
CUST0001715,81910.0,9.77,492943.0,13.5,2,2.84,27.1,5
CUST0001716,96245.0,4.68,96898.0,46.4,0,3.28,4.1,4
CUST0001717,68028.0,5.01,565061.0,10.7,2,2.43,36.9,9
CUST0001718,58542.0,3.6,496971.0,3.6,1,4.02,30.8,3
CUST0001719,97707.0,4.38,122972.0,38.8,2,2.72,29.0,3
CUST0001720,35665.0,6.09,556657.0,21.0,0,4.47,21.5,5
CUST0001721,84733.0,8.24,403479.0,4.5,3,2.44,13.6,4
CUST0001722,101760.0,9.16,368399.0,26.1,1,2.98,23.0,5
CUST0001723,32294.0,1.62,239821.0,36.7,0,4.55,17.9,2
CUST0001724,39003.0,6.94,434816.0,8.9,2,3.39,10.2,3
CUST0001725,93117.0,6.77,357229.0,14.0,2,4.5,33.4,3
CUST0001726,59202.0,6.87,553800.0,25.1,4,4.68,18.4,3
CUST0001727,45423.0,9.69,293605.0,6.8,2,4.81,35.9,3
CUST0001728,77793.0,8.62,93828.0,26.3,3,4.95,17.4,5
CUST0001729,41126.0,8.21,120894.0,21.3,4,2.29,25.6,4
CUST0001730,87503.0,4.67,216820.0,8.2,0,3.81,36.9,2
CUST0001731,82281.0,5.55,108971.0,26.1,3,2.1,8.0,3
CUST0001732,47251.0,4.8,201247.0,33.2,1,4.85,27.6,3
CUST0001733,110691.0,7.12,342106.0,15.8,1,4.4,25.5,2
CUST0001734,63111.0,7.84,172931.0,12.6,4,3.98,18.3,4
CUST0001735,104286.0,7.19,268416.0,34.0,2,2.22,12.1,5
CUST0001736,97017.0,1.11,156644.0,14.0,1,4.02,35.5,4
CUST0001737,65016.0,7.09,312908.0,14.0,0,3.56,27.7,1
CUST0001738,38250.0,5.49,488284.0,17.5,1,4.97,24.7,5
CUST0001739,31099.0,6.64,486476.0,48.5,2,2.28,5.6,4
CUST0001740,72725.0,7.93,558209.0,37.8,2,2.04,17.6,4
CUST0001741,111387.0,6.36,131020.0,42.4,0,4.9,27.6,2
CUST0001742,58044.0,6.26,135430.0,11.4,1,4.13,10.0,7
CUST0001743,71906.0,6.82,255160.0,33.4,3,3.19,8.7,2
CUST0001744,86944.0,7.27,131104.0,42.2,0,3.05,23.0,5
CUST0001745,43021.0,2.88,254738.0,30.4,1,4.02,28.6,2
CUST0001746,119999.0,7.22,458638.0,21.6,0,4.73,23.1,3
CUST0001747,31313.0,2.39,422025.0,33.2,2,3.18,19.9,3
CUST0001748,31963.0,2.14,142283.0,1.2,2,3.13,37.8,2
CUST0001749,85397.0,1.58,310178.0,9.4,4,4.31,10.7,3
CUST0001750,47517.0,9.7,321907.0,40.4,0,3.76,26.9,3
CUST0001751,95392.0,5.29,588553.0,39.0,1,4.01,11.1,1
CUST0001752,116938.0,2.86,170432.0,48.7,1,2.82,7.3,1
CUST0001753,41718.0,3.72,350491.0,5.6,1,2.04,0.9,3
CUST0001754,98235.0,1.86,179953.0,42.3,1,3.26,13.4,2
CUST0001755,102203.0,9.55,576938.0,44.4,0,2.33,9.1,2
CUST0001756,68241.0,5.45,557418.0,33.5,1,4.5,35.2,5
CUST0001757,94756.0,5.11,275680.0,23.8,0,2.46,36.8,2
CUST0001758,116435.0,5.88,407452.0,2.5,4,2.48,18.1,3
CUST0001759,77398.0,1.76,279142.0,43.2,1,4.73,35.1,5
CUST0001760,41955.0,8.36,304789.0,11.3,0,2.53,1.1,3
CUST0001761,45252.0,1.55,193767.0,45.8,2,3.69,32.5,1
CUST0001762,46163.0,7.83,514488.0,27.9,1,4.47,3.4,2
CUST0001763,77030.0,8.6,473994.0,28.9,3,4.98,1.7,2
CUST0001764,50154.0,2.73,361970.0,14.6,0,2.68,32.2,5
CUST0001765,42419.0,2.37,564919.0,14.3,1,2.48,21.3,1
CUST0001766,105443.0,6.7,508259.0,15.1,0,3.78,0.7,3
CUST0001767,38586.0,8.76,498692.0,2.7,0,4.23,3.6,4
CUST0001768,44131.0,3.15,515839.0,25.6,1,3.59,29.7,4
CUST0001769,87150.0,6.59,312711.0,24.7,0,3.98,23.5,2
CUST0001770,48034.0,2.25,447139.0,10.9,3,2.24,25.0,1
CUST0001771,88650.0,4.57,544344.0,20.5,1,4.67,4.0,0
CUST0001772,54391.0,2.22,264707.0,2.2,4,3.27,30.9,0
CUST0001773,81966.0,8.45,577081.0,40.9,3,3.87,26.7,3
CUST0001774,70869.0,9.58,258327.0,40.8,1,3.63,21.3,2
CUST0001775,103791.0,3.5,381105.0,1.7,3,4.27,16.0,1
CUST0001776,72299.0,9.04,417766.0,6.4,1,2.27,37.6,6
CUST0001777,111557.0,5.82,433000.0,49.6,3,4.28,19.8,0
CUST0001778,101387.0,1.85,123155.0,24.3,1,2.4,2.2,6
CUST0001779,38263.0,1.45,440184.0,22.5,0,4.24,9.1,2
CUST0001780,36339.0,1.1,183718.0,9.4,3,3.65,38.9,3
CUST0001781,58961.0,7.1,301710.0,37.9,1,2.98,25.1,2
CUST0001782,56422.0,4.66,288989.0,24.8,2,4.85,34.2,3
CUST0001783,51980.0,7.88,196980.0,10.8,1,3.96,12.1,3
CUST0001784,72631.0,1.45,545811.0,7.8,1,3.69,33.1,2
CUST0001785,115705.0,8.74,532444.0,37.7,1,4.06,25.9,1
CUST0001786,75990.0,1.13,542590.0,17.7,0,2.48,7.2,3
CUST0001787,44319.0,3.52,435069.0,43.6,2,3.88,35.4,3
CUST0001788,105525.0,8.11,237983.0,38.0,2,3.33,35.2,3
CUST0001789,36087.0,8.08,156855.0,25.9,1,2.56,3.9,2
CUST0001790,33388.0,2.38,530595.0,17.0,1,2.71,33.9,1
CUST0001791,101363.0,8.59,353077.0,7.3,1,2.46,26.2,4
CUST0001792,51741.0,8.41,237140.0,11.3,1,2.02,13.4,7
CUST0001793,106838.0,1.66,595511.0,5.9,1,2.59,39.4,3
CUST0001794,70933.0,4.94,152833.0,31.4,1,3.23,21.2,1
CUST0001795,44655.0,2.11,156700.0,2.7,2,2.47,16.3,8
CUST0001796,30352.0,7.88,221559.0,29.6,4,4.27,5.7,1
CUST0001797,95073.0,9.82,301754.0,28.4,2,2.46,28.4,3
CUST0001798,116466.0,2.2,375025.0,20.5,0,2.85,27.3,2
CUST0001799,117435.0,3.65,129781.0,45.1,0,3.05,31.0,2
CUST0001800,35638.0,2.03,339343.0,48.9,2,2.16,11.7,6
CUST0001801,112500.0,1.65,426434.0,16.2,3,2.34,33.0,0
CUST0001802,108545.0,9.49,578171.0,44.9,0,3.88,21.1,5
CUST0001803,42109.0,8.04,387808.0,11.5,1,2.98,16.7,4
CUST0001804,99617.0,8.16,583835.0,9.0,1,2.93,6.4,3
CUST0001805,31989.0,3.19,574940.0,42.6,0,4.69,26.3,2
CUST0001806,89970.0,1.02,427827.0,15.0,1,4.04,37.1,5
CUST0001807,30145.0,7.41,128302.0,2.5,1,3.84,1.5,5
CUST0001808,108320.0,9.05,315107.0,49.2,1,4.99,8.6,7
CUST0001809,75669.0,5.45,545143.0,28.9,0,2.43,34.6,5
CUST0001810,65506.0,4.77,431243.0,2.9,1,4.76,17.3,4
CUST0001811,49314.0,5.66,121402.0,36.1,0,2.01,13.4,3
CUST0001812,80171.0,6.82,175987.0,47.5,1,2.49,33.1,1
CUST0001813,48105.0,5.96,282139.0,46.0,2,4.78,12.2,1
CUST0001814,116853.0,7.92,310964.0,11.3,1,4.49,11.9,4
CUST0001815,62017.0,2.49,580460.0,13.9,1,2.02,24.4,3
CUST0001816,33815.0,7.98,352596.0,49.2,3,2.06,4.5,2
CUST0001817,91456.0,8.55,469621.0,25.6,0,3.56,34.3,4
CUST0001818,74930.0,3.29,555308.0,44.6,1,2.81,28.6,4
CUST0001819,113871.0,4.39,189929.0,48.4,0,2.18,15.7,3
CUST0001820,38724.0,3.84,261836.0,45.5,4,2.19,7.9,2
CUST0001821,75893.0,2.2,542199.0,30.4,1,2.56,31.8,5
CUST0001822,39781.0,2.51,553689.0,33.4,3,2.22,11.1,7
CUST0001823,106768.0,7.62,230413.0,28.4,1,3.13,31.1,1
CUST0001824,118129.0,7.31,553928.0,46.1,3,4.47,12.6,4
CUST0001825,53383.0,2.74,424534.0,50.0,1,4.71,30.7,3
CUST0001826,94750.0,1.77,137506.0,33.7,3,4.26,19.7,3
CUST0001827,56958.0,3.54,515278.0,31.2,3,4.92,6.8,6
CUST0001828,105378.0,4.1,477915.0,26.1,3,3.8,17.2,4
CUST0001829,62175.0,3.35,290698.0,7.4,2,4.17,5.7,5
CUST0001830,42538.0,5.95,90831.0,38.5,0,4.12,39.4,3
CUST0001831,32380.0,7.86,333255.0,16.3,1,2.61,4.9,6
CUST0001832,41952.0,9.13,410665.0,0.6,0,4.32,1.0,3
CUST0001833,92157.0,6.8,595220.0,37.5,0,2.48,2.5,2
CUST0001834,98643.0,1.89,184634.0,18.4,2,2.47,34.1,4
CUST0001835,106120.0,3.75,190686.0,15.9,3,2.23,6.5,4
CUST0001836,32069.0,1.48,260346.0,32.8,0,4.63,24.4,4
CUST0001837,107840.0,3.15,221060.0,41.8,0,3.75,3.6,2
CUST0001838,103205.0,8.67,480611.0,46.2,3,2.04,33.3,5
CUST0001839,60971.0,7.76,429481.0,43.8,2,4.82,9.3,7
CUST0001840,108475.0,8.94,313064.0,28.1,4,4.13,32.6,5
CUST0001841,108647.0,1.2,351596.0,4.3,3,3.5,8.6,4
CUST0001842,108940.0,7.51,225844.0,20.8,1,2.65,3.3,5
CUST0001843,42458.0,3.15,492393.0,3.5,4,2.48,14.4,5
CUST0001844,111693.0,1.11,153842.0,7.9,3,2.8,6.3,2
CUST0001845,37629.0,3.26,534232.0,32.5,3,2.63,21.8,3
CUST0001846,73511.0,2.63,199738.0,28.0,1,3.61,11.6,0
CUST0001847,52596.0,2.92,576396.0,38.2,1,3.69,33.7,3
CUST0001848,114420.0,6.97,171988.0,40.9,1,3.69,28.5,5
CUST0001849,52803.0,5.88,478479.0,40.9,1,3.72,17.1,2
CUST0001850,97879.0,1.29,183034.0,36.7,3,2.3,24.1,5
CUST0001851,71731.0,5.67,423240.0,17.9,0,2.35,3.8,1
CUST0001852,93529.0,3.63,496663.0,30.3,0,3.34,37.3,5
CUST0001853,53957.0,7.73,361591.0,26.0,2,2.37,19.9,1
CUST0001854,37082.0,2.35,515692.0,47.1,1,2.86,25.0,3
CUST0001855,54165.0,3.45,254458.0,1.8,4,4.29,18.9,1
CUST0001856,69046.0,2.51,188883.0,29.1,2,3.57,12.1,2
CUST0001857,66001.0,4.31,547893.0,28.6,0,2.91,36.0,1
CUST0001858,44147.0,6.54,513042.0,1.3,2,3.46,0.3,3
CUST0001859,61044.0,1.5,135239.0,29.0,0,2.6,5.8,2
CUST0001860,36688.0,6.28,232457.0,13.4,2,2.43,19.3,3
CUST0001861,98192.0,5.73,206477.0,15.2,2,4.66,26.6,5
CUST0001862,59638.0,6.43,345399.0,21.2,1,3.38,15.3,5
CUST0001863,94179.0,6.18,80646.0,47.5,1,2.12,32.3,1
CUST0001864,85096.0,5.76,384299.0,26.5,1,2.99,10.3,6
CUST0001865,48275.0,7.76,204728.0,11.1,1,2.08,13.2,0
CUST0001866,88733.0,8.13,592803.0,48.6,3,2.15,27.3,2
CUST0001867,104793.0,3.43,83124.0,4.1,0,4.51,3.9,3
CUST0001868,101667.0,3.83,411134.0,48.6,2,3.8,20.5,5
CUST0001869,73778.0,5.23,599151.0,6.9,1,4.55,5.2,2
CUST0001870,67950.0,4.29,226216.0,27.2,2,3.73,18.9,1
CUST0001871,62517.0,1.36,570479.0,20.3,1,2.36,1.2,3
CUST0001872,94583.0,5.93,510872.0,14.4,1,3.0,20.1,2
CUST0001873,81760.0,3.36,262130.0,20.3,1,4.44,5.5,2
CUST0001874,105981.0,3.96,384295.0,48.1,1,2.75,39.7,5
CUST0001875,103138.0,4.89,329719.0,26.9,0,4.15,15.5,5
CUST0001876,59517.0,1.45,142861.0,47.2,2,4.69,32.7,3
CUST0001877,114207.0,4.98,191123.0,28.1,1,3.0,32.1,3
CUST0001878,54166.0,7.81,335399.0,12.4,1,2.88,23.4,2
CUST0001879,95567.0,4.87,466823.0,49.4,2,2.3,38.8,1
CUST0001880,115782.0,7.03,122678.0,33.5,1,3.27,31.4,2
CUST0001881,59061.0,2.16,407452.0,11.1,3,2.88,27.0,7
CUST0001882,34646.0,9.6,448658.0,12.2,1,4.3,6.9,3
CUST0001883,106784.0,1.65,560917.0,0.8,3,2.12,35.2,4
CUST0001884,89254.0,8.37,284668.0,42.4,0,2.25,7.7,2
CUST0001885,103088.0,8.83,476216.0,18.2,0,4.84,37.9,3
CUST0001886,105331.0,5.99,113629.0,14.4,3,4.06,32.2,1
CUST0001887,100867.0,7.81,209931.0,34.4,0,3.37,33.6,6
CUST0001888,61532.0,6.04,414682.0,1.8,1,3.06,39.7,4
CUST0001889,114719.0,2.69,214917.0,49.2,0,3.27,18.8,4
CUST0001890,115655.0,1.45,314927.0,26.2,0,4.34,3.4,4
CUST0001891,73377.0,8.32,423244.0,17.7,1,2.1,6.7,2
CUST0001892,90003.0,4.58,571011.0,1.8,1,4.14,16.9,3
CUST0001893,72914.0,9.08,129820.0,8.2,3,3.78,23.7,3
CUST0001894,30465.0,2.88,221330.0,46.9,0,2.05,11.4,4
CUST0001895,75831.0,3.66,523350.0,12.6,2,3.13,37.9,2
CUST0001896,32351.0,3.02,294741.0,47.0,0,2.71,11.0,2
CUST0001897,57457.0,6.11,322837.0,45.5,0,4.82,25.6,1
CUST0001898,39816.0,5.05,219739.0,39.1,1,3.74,33.3,2
CUST0001899,57078.0,1.26,562779.0,41.7,3,4.9,12.7,4
CUST0001900,106581.0,5.27,325044.0,25.1,1,2.78,20.9,5
CUST0001901,115591.0,7.37,307048.0,10.5,1,2.37,36.1,0
CUST0001902,114562.0,2.07,92012.0,4.9,2,4.78,19.7,3
CUST0001903,40190.0,6.83,505781.0,17.1,0,2.59,24.2,0
CUST0001904,69040.0,1.51,429305.0,6.3,1,3.85,18.1,3
CUST0001905,60107.0,3.39,405420.0,9.0,0,3.4,29.4,1
CUST0001906,79752.0,9.51,99081.0,19.6,1,4.03,32.7,2
CUST0001907,73457.0,3.74,202271.0,41.5,0,4.28,15.4,3
CUST0001908,30928.0,2.9,481457.0,11.8,3,3.73,36.8,4
CUST0001909,69036.0,3.05,432989.0,12.7,1,2.6,15.4,2
CUST0001910,108318.0,5.54,105058.0,7.5,1,2.39,25.6,2
CUST0001911,44748.0,9.29,513261.0,2.9,1,3.94,28.4,1
CUST0001912,76767.0,2.08,583549.0,41.5,1,2.51,17.6,5
CUST0001913,41006.0,4.38,418244.0,35.3,0,4.13,10.9,4
CUST0001914,50557.0,2.54,266006.0,33.0,0,3.26,29.6,3
CUST0001915,97462.0,2.05,422199.0,12.0,0,2.3,10.7,2
CUST0001916,109614.0,2.4,366139.0,29.5,0,4.41,14.0,3
CUST0001917,92769.0,7.23,279302.0,49.7,0,4.77,8.0,3
CUST0001918,112301.0,7.1,328673.0,26.6,2,2.37,35.8,3
CUST0001919,60470.0,6.46,177508.0,0.9,0,4.62,38.4,4
CUST0001920,89326.0,3.86,121666.0,33.8,1,4.29,18.6,7
CUST0001921,118412.0,3.66,167713.0,4.1,2,2.19,5.1,1
CUST0001922,54892.0,9.22,389274.0,31.2,0,2.73,2.9,1
CUST0001923,40690.0,3.93,548143.0,46.0,2,3.21,13.5,2
CUST0001924,76763.0,9.19,443506.0,0.6,2,4.92,16.6,4
CUST0001925,43702.0,5.87,199011.0,11.7,2,2.59,30.1,4
CUST0001926,31367.0,4.58,250981.0,5.1,3,2.03,24.6,2
CUST0001927,95505.0,1.31,592745.0,23.9,0,3.31,25.8,2
CUST0001928,35514.0,7.16,298311.0,16.4,4,4.07,19.6,2
CUST0001929,32704.0,1.85,111526.0,44.9,1,4.4,37.1,1
CUST0001930,85821.0,3.22,175760.0,32.4,0,3.09,30.8,1
CUST0001931,104764.0,4.64,544262.0,45.5,0,4.75,26.0,3
CUST0001932,85343.0,6.68,264312.0,11.6,3,3.91,15.9,3
CUST0001933,80939.0,9.82,371979.0,37.1,2,2.86,39.8,6
CUST0001934,67210.0,9.02,272519.0,9.9,0,3.95,37.2,6
CUST0001935,56310.0,8.47,514132.0,8.2,3,4.25,3.4,5
CUST0001936,68762.0,4.04,464052.0,26.9,2,4.53,4.1,2
CUST0001937,71051.0,3.8,302606.0,22.8,0,4.04,38.6,4
CUST0001938,47842.0,3.4,463206.0,31.8,2,3.53,36.0,1
CUST0001939,54047.0,9.2,517499.0,42.9,0,4.07,3.5,0
CUST0001940,117392.0,6.45,114186.0,25.3,3,4.17,27.8,2
CUST0001941,98644.0,4.72,552806.0,41.0,0,2.76,16.3,3
CUST0001942,111875.0,9.48,146461.0,9.4,1,2.26,32.9,3
CUST0001943,30752.0,8.98,183177.0,25.1,1,4.0,4.0,3
CUST0001944,101433.0,3.65,328144.0,24.7,1,2.6,9.7,5
CUST0001945,78543.0,5.52,97667.0,48.4,0,4.14,12.4,5
CUST0001946,56203.0,4.86,246476.0,34.9,2,4.0,23.3,3
CUST0001947,46739.0,5.6,392283.0,19.0,3,3.02,9.0,5
CUST0001948,35068.0,7.97,527289.0,33.9,2,4.41,14.9,3
CUST0001949,30451.0,5.36,569022.0,7.6,4,3.04,36.4,1
CUST0001950,71606.0,4.12,466751.0,8.8,2,3.33,1.0,5
CUST0001951,93830.0,3.74,80648.0,49.3,2,3.47,17.8,2
CUST0001952,31979.0,7.08,287434.0,16.5,1,4.88,1.3,0
CUST0001953,41937.0,3.73,206490.0,33.4,1,4.41,20.1,2
CUST0001954,92600.0,6.95,523373.0,19.3,0,2.44,2.9,2
CUST0001955,34737.0,3.78,474452.0,33.3,0,4.46,0.6,1
CUST0001956,88144.0,7.27,530323.0,48.7,0,2.19,11.2,3
CUST0001957,49619.0,9.36,492224.0,19.9,1,4.95,12.8,3
CUST0001958,75190.0,1.82,175423.0,49.9,0,3.64,16.1,2
CUST0001959,63861.0,1.06,169666.0,30.5,0,3.61,31.7,5
CUST0001960,55043.0,5.56,511380.0,27.0,3,2.37,14.5,8
CUST0001961,33805.0,1.01,235285.0,42.3,1,2.74,3.5,1
CUST0001962,61067.0,1.69,488851.0,40.3,0,2.12,1.1,2
CUST0001963,91801.0,2.79,413291.0,45.6,0,2.92,27.2,3
CUST0001964,59850.0,1.39,231182.0,15.5,3,2.37,19.7,2
CUST0001965,31066.0,5.52,224437.0,44.2,3,3.29,23.8,4
CUST0001966,95940.0,5.4,170061.0,10.5,1,3.26,12.6,2
CUST0001967,41169.0,9.15,270031.0,23.2,4,5.0,2.2,2
CUST0001968,42959.0,4.77,119235.0,27.5,0,3.63,33.9,5
CUST0001969,90592.0,4.21,386635.0,45.6,3,4.85,38.5,3
CUST0001970,90758.0,1.47,288524.0,25.6,1,3.63,19.5,6
CUST0001971,74772.0,2.87,166692.0,28.7,2,4.83,39.7,2
CUST0001972,78502.0,5.13,99825.0,14.4,1,2.12,28.4,4
CUST0001973,102297.0,9.82,130616.0,3.0,0,3.52,14.0,2
CUST0001974,84880.0,4.59,99159.0,31.9,1,4.05,24.3,6
CUST0001975,96689.0,8.71,245332.0,35.0,0,4.5,26.2,7
CUST0001976,74283.0,5.25,380667.0,37.3,3,3.79,11.4,4
CUST0001977,106735.0,4.59,108371.0,6.7,0,4.48,1.6,4
CUST0001978,33509.0,6.6,513191.0,16.6,0,3.43,28.8,4
CUST0001979,118496.0,1.92,217633.0,38.8,0,2.52,17.1,2
CUST0001980,89022.0,2.45,232795.0,27.8,0,3.54,1.7,4
CUST0001981,54096.0,7.85,434952.0,23.5,4,2.38,27.2,3
CUST0001982,87295.0,8.32,421991.0,10.7,1,2.97,10.0,3
CUST0001983,108820.0,8.21,146739.0,7.5,1,4.61,24.5,6
CUST0001984,65995.0,7.36,148665.0,26.5,0,4.77,39.7,4
CUST0001985,44241.0,8.82,428883.0,15.6,1,4.24,0.5,5
CUST0001986,69373.0,1.97,293178.0,43.9,1,4.71,0.8,2
CUST0001987,99551.0,1.53,197874.0,8.6,1,2.09,38.0,6
CUST0001988,35091.0,9.44,595349.0,29.2,0,4.61,6.3,1
CUST0001989,67037.0,2.92,514466.0,31.5,1,4.47,10.1,3
CUST0001990,91968.0,1.81,480805.0,12.7,1,4.17,5.4,1
CUST0001991,82058.0,9.29,400181.0,6.0,1,3.69,38.9,1
CUST0001992,47335.0,9.32,525095.0,34.3,1,4.44,14.9,4
CUST0001993,70966.0,2.95,388828.0,5.0,0,4.17,17.8,7
CUST0001994,61437.0,4.51,419725.0,9.6,1,3.0,29.7,2
CUST0001995,105703.0,3.95,471078.0,29.4,0,4.8,32.4,2
CUST0001996,110471.0,9.86,541375.0,9.0,3,2.22,0.8,6
CUST0001997,62608.0,3.7,83371.0,25.8,1,4.57,14.5,2
CUST0001998,87534.0,4.02,146010.0,7.6,1,3.3,15.7,3
CUST0001999,87470.0,2.32,401106.0,21.9,0,3.42,20.3,6
CUST0002000,93461.0,9.77,536106.0,12.3,1,2.65,35.3,3
CUST0002001,64533.0,4.75,441987.0,1.6,4,4.38,37.8,3
CUST0002002,51643.0,7.71,349165.0,19.7,0,4.74,16.6,6
CUST0002003,115456.0,3.86,413970.0,50.0,1,4.44,38.9,3
CUST0002004,101106.0,5.54,187000.0,1.1,0,2.67,10.2,4
CUST0002005,70830.0,9.79,541169.0,37.6,4,4.71,14.0,1
CUST0002006,75254.0,1.82,538781.0,5.6,3,2.66,35.8,4
CUST0002007,104110.0,6.23,149871.0,49.8,0,3.87,18.6,0
CUST0002008,41837.0,7.71,437074.0,10.5,1,4.71,36.7,4
CUST0002009,79632.0,8.9,455111.0,4.4,0,3.72,24.3,1
CUST0002010,64030.0,1.22,166307.0,27.2,1,4.41,28.8,4
CUST0002011,61980.0,4.13,135385.0,34.9,1,3.68,24.6,3
CUST0002012,119786.0,3.89,213207.0,10.6,2,3.88,14.4,2
CUST0002013,31790.0,7.35,565901.0,5.4,3,4.23,2.3,3
CUST0002014,94750.0,3.39,487824.0,30.7,0,2.69,6.6,5
CUST0002015,108559.0,7.09,384727.0,5.1,1,3.49,34.6,5
CUST0002016,66080.0,9.74,373964.0,44.2,2,4.8,38.7,1
CUST0002017,48209.0,7.88,410616.0,4.7,2,4.23,32.5,8
CUST0002018,38081.0,7.32,366814.0,43.8,1,2.09,3.9,4
CUST0002019,100634.0,6.37,499100.0,15.3,0,4.11,10.2,5
CUST0002020,97782.0,4.84,392805.0,33.5,1,2.8,21.0,4
CUST0002021,98180.0,2.2,547029.0,11.3,3,2.47,27.2,3
CUST0002022,43315.0,8.88,468453.0,18.6,2,4.41,5.8,2
CUST0002023,116033.0,1.54,177502.0,41.8,3,2.34,11.7,1
CUST0002024,52311.0,1.63,575696.0,39.5,4,4.77,21.0,1
CUST0002025,65278.0,3.25,339979.0,45.5,3,2.58,39.7,3
CUST0002026,119088.0,1.98,599391.0,37.0,4,2.21,4.5,2
CUST0002027,62292.0,5.8,300900.0,21.6,4,2.36,4.1,3
CUST0002028,112883.0,3.35,237767.0,6.3,0,3.79,9.5,0
CUST0002029,116553.0,6.83,408381.0,30.9,3,3.85,39.5,2
CUST0002030,38280.0,5.06,231788.0,2.2,4,2.35,6.5,5
CUST0002031,99871.0,1.92,591892.0,48.7,3,2.11,18.8,3
CUST0002032,103443.0,6.38,503172.0,37.6,0,4.41,15.3,1
CUST0002033,78972.0,6.12,138131.0,1.0,1,4.56,10.9,4
CUST0002034,58160.0,8.33,175251.0,35.0,2,3.57,10.4,3
CUST0002035,69094.0,1.84,218295.0,0.8,1,3.45,29.2,3
CUST0002036,32794.0,2.38,595250.0,0.8,2,3.06,29.2,4
CUST0002037,55349.0,3.7,402417.0,30.5,3,4.51,13.9,4
CUST0002038,76480.0,5.76,369763.0,35.9,1,2.52,4.6,3
CUST0002039,43932.0,1.5,364070.0,12.7,4,2.57,10.1,4
CUST0002040,90556.0,3.13,516453.0,30.9,1,4.96,33.5,5
CUST0002041,39049.0,6.63,588515.0,48.6,4,4.3,4.7,3
CUST0002042,42809.0,8.79,539260.0,15.9,0,4.95,24.8,5
CUST0002043,31099.0,9.22,415508.0,7.2,0,3.84,9.4,1
CUST0002044,93382.0,7.01,396657.0,18.1,0,3.82,3.9,1
CUST0002045,45687.0,7.03,550667.0,33.3,0,2.17,11.0,3
CUST0002046,95055.0,6.53,167829.0,12.2,0,2.92,30.9,2
CUST0002047,114546.0,8.18,228387.0,13.5,2,2.66,35.5,1
CUST0002048,53603.0,4.99,117800.0,20.6,1,3.52,29.9,2
CUST0002049,92075.0,3.32,380919.0,7.7,1,4.61,21.2,2
CUST0002050,65590.0,5.02,583462.0,9.8,0,3.99,26.5,5
CUST0002051,44714.0,2.04,235348.0,20.9,2,4.19,31.4,2
CUST0002052,89403.0,1.63,405148.0,24.8,3,3.12,35.1,2
CUST0002053,70591.0,7.27,202122.0,18.8,4,2.78,8.7,7
CUST0002054,40415.0,4.77,347655.0,43.5,3,3.75,24.5,3
CUST0002055,60703.0,8.42,248178.0,4.9,2,4.54,38.1,2
CUST0002056,103458.0,7.11,155488.0,48.5,1,2.86,28.3,4
CUST0002057,63062.0,6.46,304738.0,22.1,0,3.07,10.0,5
CUST0002058,37259.0,8.46,572430.0,39.5,1,3.16,7.4,0
CUST0002059,31823.0,2.29,552863.0,25.9,2,2.71,38.6,3
CUST0002060,43530.0,2.13,425531.0,10.5,0,2.07,35.0,2
CUST0002061,87845.0,5.87,407885.0,14.4,1,4.19,24.1,2
CUST0002062,60338.0,8.89,472136.0,40.8,0,4.82,14.6,3
CUST0002063,63196.0,9.55,537986.0,46.0,1,3.34,15.0,2
CUST0002064,63249.0,1.23,412581.0,24.6,2,2.09,33.3,1
CUST0002065,108934.0,6.2,489945.0,50.0,3,3.37,28.7,6
CUST0002066,102903.0,9.36,234515.0,6.7,2,4.2,38.9,3
CUST0002067,73739.0,5.25,381141.0,37.8,2,3.36,21.9,2
CUST0002068,49843.0,5.13,508478.0,27.1,1,4.93,18.5,0
CUST0002069,100671.0,3.84,571174.0,25.3,0,3.57,11.0,5
CUST0002070,109794.0,3.68,241460.0,25.3,1,2.78,15.2,2
CUST0002071,108869.0,3.08,526330.0,2.3,2,4.82,30.4,2
CUST0002072,54921.0,2.13,490515.0,25.0,1,3.68,9.7,1
CUST0002073,38524.0,1.42,161684.0,34.6,0,3.25,3.6,3
CUST0002074,63843.0,1.92,374312.0,39.5,0,3.39,16.6,0
CUST0002075,34070.0,7.89,155646.0,2.8,0,3.56,21.9,4
CUST0002076,78041.0,2.85,426670.0,19.4,1,3.26,2.4,4
CUST0002077,104954.0,5.4,122626.0,22.9,1,4.44,35.8,4
CUST0002078,111322.0,6.27,565053.0,39.0,3,3.22,37.7,3
CUST0002079,74244.0,3.44,536122.0,49.1,1,2.29,27.2,2
CUST0002080,109474.0,8.62,186989.0,10.4,2,3.64,16.3,5
CUST0002081,65588.0,3.42,283423.0,41.9,2,3.08,25.0,4
CUST0002082,51632.0,9.94,376298.0,20.5,3,4.24,20.9,3
CUST0002083,92193.0,4.8,260654.0,20.2,2,2.46,37.8,2
CUST0002084,98184.0,9.4,588923.0,47.4,4,3.55,23.6,2
CUST0002085,96682.0,2.37,244748.0,21.5,3,3.75,36.4,7
CUST0002086,77491.0,6.69,390493.0,21.7,1,4.92,37.9,3
CUST0002087,76934.0,7.91,498562.0,38.0,1,4.7,11.6,3
CUST0002088,113853.0,8.92,175305.0,29.3,1,3.48,34.9,3
CUST0002089,91038.0,4.06,99652.0,25.6,0,2.89,24.2,4
CUST0002090,55401.0,5.57,419099.0,7.7,1,2.97,15.3,4
CUST0002091,114372.0,2.55,466264.0,27.0,1,4.01,29.5,5
CUST0002092,40440.0,6.99,261395.0,17.1,0,2.76,16.0,3
CUST0002093,111177.0,4.55,452978.0,40.4,2,3.55,11.9,2
CUST0002094,67774.0,7.81,490469.0,2.7,0,4.48,24.0,4
CUST0002095,58543.0,5.66,184167.0,24.4,1,2.01,36.5,1
CUST0002096,68728.0,5.38,187725.0,1.0,3,4.15,27.8,3
CUST0002097,114647.0,7.42,189845.0,32.0,3,4.29,38.5,4
CUST0002098,34288.0,7.21,406167.0,42.4,0,3.99,36.7,6
CUST0002099,107855.0,3.13,300398.0,44.4,0,3.88,30.3,0
CUST0002100,88013.0,4.32,268432.0,40.2,3,2.45,10.5,3
CUST0002101,119736.0,4.96,221792.0,30.4,2,3.55,24.9,3
CUST0002102,117860.0,1.7,127747.0,15.6,1,2.68,29.7,6
CUST0002103,89601.0,6.21,94684.0,14.5,2,2.8,20.3,3
CUST0002104,117368.0,3.14,457733.0,50.0,2,4.79,35.8,2
CUST0002105,61492.0,6.12,138292.0,47.9,3,3.3,31.7,3
CUST0002106,37882.0,1.26,377764.0,17.9,1,3.7,29.7,3
CUST0002107,48485.0,3.61,249565.0,24.3,1,2.43,17.0,2
CUST0002108,34498.0,9.34,145758.0,27.3,3,3.47,16.3,1
CUST0002109,33250.0,7.97,330413.0,9.1,2,4.84,31.4,2
CUST0002110,105705.0,9.82,439878.0,23.1,1,2.48,36.0,3
CUST0002111,89156.0,4.49,437053.0,49.4,3,3.32,0.7,3
CUST0002112,91387.0,3.78,584102.0,5.9,2,4.76,5.8,4
CUST0002113,110573.0,4.99,528187.0,47.7,2,3.11,23.7,3
CUST0002114,118516.0,5.56,527643.0,49.0,0,3.55,15.9,7
CUST0002115,78849.0,9.45,474408.0,22.3,1,2.51,10.7,1
CUST0002116,50751.0,7.58,468681.0,20.3,1,4.8,37.6,3
CUST0002117,36061.0,7.2,427476.0,8.7,0,4.78,6.9,1
CUST0002118,62475.0,2.1,124759.0,18.4,1,4.87,12.4,3
CUST0002119,91501.0,6.74,312467.0,34.7,0,2.76,15.5,3
CUST0002120,79872.0,3.09,162701.0,44.7,1,2.05,2.2,4
CUST0002121,99610.0,6.87,441407.0,24.4,1,4.93,37.6,1
CUST0002122,35085.0,6.24,514407.0,22.4,2,4.02,21.8,2
CUST0002123,95049.0,9.83,265091.0,32.8,0,2.76,11.1,5
CUST0002124,83628.0,5.13,437564.0,38.9,1,3.52,13.2,3
CUST0002125,66889.0,2.78,436515.0,8.2,0,2.01,16.1,3
CUST0002126,77265.0,7.81,537123.0,32.3,2,2.27,33.3,2
CUST0002127,38212.0,4.74,401131.0,32.7,2,2.39,3.2,6
CUST0002128,102520.0,4.86,98880.0,40.1,0,4.38,32.8,4
CUST0002129,67874.0,3.34,518672.0,10.7,0,3.41,24.4,1
CUST0002130,88105.0,4.39,297590.0,17.7,3,4.45,1.4,2
CUST0002131,111673.0,7.52,349757.0,31.2,1,4.85,5.7,1
CUST0002132,119186.0,3.81,438448.0,10.4,3,2.25,30.9,0
CUST0002133,45996.0,3.63,369476.0,49.4,1,2.23,9.2,3
CUST0002134,102510.0,1.53,116763.0,7.0,1,3.81,28.3,0
CUST0002135,59032.0,1.28,183202.0,19.0,4,3.93,37.8,7
CUST0002136,30735.0,1.06,402143.0,32.3,0,3.05,1.8,1
CUST0002137,101963.0,7.63,162289.0,38.1,3,4.9,34.6,2
CUST0002138,108789.0,4.21,531559.0,5.4,0,3.14,31.2,1
CUST0002139,73097.0,2.56,355932.0,16.3,0,3.6,2.8,2
CUST0002140,39484.0,5.5,478033.0,1.0,4,4.15,33.1,2
CUST0002141,67321.0,5.42,134098.0,27.3,2,2.48,5.7,0
CUST0002142,99364.0,1.86,572442.0,1.5,1,3.75,35.9,6
CUST0002143,65249.0,4.91,144633.0,11.2,3,4.61,15.9,2
CUST0002144,77869.0,9.69,380406.0,14.8,4,3.15,9.1,0
CUST0002145,32519.0,6.38,502898.0,39.1,2,3.6,27.9,2
CUST0002146,42401.0,6.89,289104.0,42.1,2,2.32,32.4,0
CUST0002147,88631.0,9.66,395360.0,6.1,1,2.99,5.0,3
CUST0002148,39803.0,2.37,471223.0,7.6,0,4.0,34.0,1
CUST0002149,107249.0,5.59,329247.0,39.8,2,2.9,4.1,2
CUST0002150,50174.0,1.04,598371.0,6.6,2,4.24,3.6,3
CUST0002151,81965.0,5.94,88149.0,30.5,0,4.6,27.2,5
CUST0002152,100720.0,3.53,525850.0,1.9,3,3.9,20.4,2
CUST0002153,112293.0,4.42,521489.0,17.8,2,3.44,28.8,3
CUST0002154,45255.0,4.85,258772.0,17.9,1,2.77,22.5,5
CUST0002155,110752.0,4.97,375973.0,16.2,2,2.68,19.6,5
CUST0002156,111564.0,9.41,118106.0,46.2,0,2.92,5.6,0
CUST0002157,53698.0,1.97,88031.0,44.3,0,4.75,6.4,2
CUST0002158,112248.0,7.88,418430.0,12.4,1,2.9,0.5,3
CUST0002159,81158.0,9.52,579366.0,19.3,0,3.41,6.1,3
CUST0002160,76943.0,5.7,598359.0,23.6,0,4.18,34.6,4
CUST0002161,88906.0,7.35,335139.0,11.3,0,4.42,33.0,3
CUST0002162,108010.0,6.53,214934.0,14.3,1,3.05,3.0,1
CUST0002163,80767.0,8.77,131491.0,42.4,1,2.13,27.9,2
CUST0002164,81126.0,4.59,556779.0,26.0,0,4.79,12.4,2
CUST0002165,107220.0,4.27,228393.0,45.5,0,2.44,20.0,5
CUST0002166,117417.0,9.02,597457.0,15.0,4,4.63,1.1,3
CUST0002167,95393.0,7.27,405362.0,30.6,0,4.36,17.9,3
CUST0002168,50701.0,9.28,595715.0,27.3,3,4.27,24.8,5
CUST0002169,111007.0,5.72,322158.0,6.2,2,2.44,31.5,5
CUST0002170,46476.0,7.13,514237.0,41.9,3,4.34,28.8,2
CUST0002171,66232.0,4.84,257035.0,24.7,0,3.65,30.7,4
CUST0002172,46598.0,1.46,379535.0,32.8,0,4.43,18.5,3
CUST0002173,31539.0,1.02,578021.0,44.7,1,4.44,32.6,1
CUST0002174,73233.0,9.16,403475.0,39.7,3,3.69,6.2,1
CUST0002175,88898.0,4.49,472404.0,40.8,2,2.45,21.9,4
CUST0002176,67892.0,7.64,143434.0,2.4,3,4.51,38.1,1
CUST0002177,71148.0,7.97,431297.0,2.4,0,2.18,3.7,8
CUST0002178,118448.0,9.06,424899.0,34.5,0,4.2,18.1,2
CUST0002179,88929.0,4.88,569063.0,17.7,1,2.46,21.1,1
CUST0002180,88970.0,2.21,425091.0,17.0,0,3.57,31.6,2
CUST0002181,87625.0,7.31,446772.0,22.3,2,3.7,1.8,3
CUST0002182,43788.0,4.02,424192.0,36.3,2,2.32,13.6,2
CUST0002183,61389.0,2.93,290822.0,39.9,2,2.55,20.0,2
CUST0002184,51901.0,5.29,109198.0,27.5,1,3.17,17.9,6
CUST0002185,55736.0,7.79,523449.0,27.7,4,3.13,0.7,3
CUST0002186,42131.0,10.0,352363.0,43.6,1,2.46,31.6,0
CUST0002187,65679.0,5.49,514904.0,26.4,0,4.83,36.0,2
CUST0002188,78701.0,4.23,183967.0,35.1,0,2.0,27.3,6
CUST0002189,70561.0,1.74,547124.0,19.5,2,2.53,22.2,6
CUST0002190,66266.0,3.13,85321.0,46.7,1,3.41,36.3,3
CUST0002191,100077.0,3.79,569098.0,19.5,0,3.65,14.1,1
CUST0002192,85277.0,8.68,333548.0,44.4,0,3.82,17.0,4
CUST0002193,50350.0,9.69,536152.0,27.0,3,2.58,10.1,0
CUST0002194,109607.0,7.79,578608.0,44.9,0,3.17,23.4,4
CUST0002195,64434.0,8.87,410055.0,36.0,1,4.55,33.8,2
CUST0002196,58854.0,5.61,394799.0,42.7,1,3.22,35.8,4
CUST0002197,77599.0,6.5,114646.0,50.0,0,3.39,27.1,3
CUST0002198,39389.0,3.41,87236.0,21.8,3,2.44,31.3,4
CUST0002199,111366.0,7.87,181543.0,15.6,1,4.07,27.5,3
CUST0002200,84905.0,6.59,340341.0,42.0,4,3.12,32.0,3
CUST0002201,109752.0,5.7,333756.0,44.2,2,4.04,36.7,3
CUST0002202,95389.0,7.1,505464.0,14.0,4,2.06,27.4,2
CUST0002203,30236.0,6.59,398577.0,11.4,2,4.69,7.9,4
CUST0002204,36283.0,9.23,399807.0,44.6,2,3.39,30.0,5
CUST0002205,107944.0,4.9,392616.0,24.9,3,2.0,34.4,5
CUST0002206,37902.0,7.49,522124.0,30.4,0,2.42,0.6,0
CUST0002207,32668.0,7.79,348748.0,39.9,1,3.04,37.2,2
CUST0002208,55784.0,2.57,87246.0,43.6,0,3.2,21.8,3
CUST0002209,65443.0,1.8,200745.0,16.2,0,2.35,33.3,2
CUST0002210,53739.0,2.32,587784.0,15.6,0,4.4,24.0,0
CUST0002211,74684.0,6.07,465435.0,45.0,0,3.95,14.7,7
CUST0002212,98579.0,8.87,143511.0,23.4,3,2.7,34.1,0
CUST0002213,119354.0,3.68,414079.0,4.8,3,4.18,10.1,4
CUST0002214,46451.0,9.68,109445.0,31.2,0,2.26,31.7,2
CUST0002215,88166.0,6.18,215049.0,31.9,2,2.15,29.5,2
CUST0002216,117231.0,9.51,184401.0,16.5,0,2.8,3.0,1
CUST0002217,49876.0,3.48,558370.0,15.3,3,3.5,36.0,5
CUST0002218,93312.0,8.65,257697.0,45.6,0,2.09,35.5,4
CUST0002219,81350.0,3.5,203918.0,16.3,1,2.93,18.1,2
CUST0002220,71866.0,4.02,222456.0,6.1,0,3.52,39.7,5
CUST0002221,67733.0,5.15,453724.0,38.6,0,4.73,9.4,0
CUST0002222,48510.0,7.04,552858.0,14.4,3,3.41,6.6,3
CUST0002223,73686.0,10.0,247897.0,24.2,3,3.59,24.7,2
CUST0002224,49101.0,3.81,320928.0,49.9,0,3.76,17.7,6
CUST0002225,64733.0,8.36,396649.0,41.9,1,4.38,10.9,0
CUST0002226,44704.0,1.8,251866.0,8.3,1,2.14,19.3,3
CUST0002227,68828.0,6.37,108898.0,6.0,0,3.85,14.3,2
CUST0002228,35991.0,9.4,513816.0,16.6,1,2.41,38.7,6
CUST0002229,86551.0,6.27,390854.0,49.9,2,2.35,15.7,6
CUST0002230,56473.0,1.94,186827.0,26.6,3,4.53,23.7,1
CUST0002231,104756.0,9.35,99434.0,10.9,0,2.24,29.3,1
CUST0002232,82415.0,2.2,376142.0,3.5,4,4.43,11.0,1
CUST0002233,90138.0,4.07,155723.0,27.4,3,4.91,5.7,4
CUST0002234,85176.0,3.13,274873.0,2.2,1,4.88,24.8,4
CUST0002235,44532.0,6.43,521913.0,15.6,0,2.27,28.1,1
CUST0002236,82938.0,9.59,391650.0,11.9,0,4.74,36.2,2
CUST0002237,58856.0,2.02,529173.0,7.6,1,3.68,2.0,4
CUST0002238,98291.0,5.27,317066.0,44.0,0,4.13,32.2,0
CUST0002239,35810.0,2.23,233206.0,4.4,0,2.78,13.4,1
CUST0002240,90685.0,7.23,502870.0,47.0,2,4.96,12.5,2
CUST0002241,59661.0,7.95,438552.0,49.4,3,4.84,26.0,2
CUST0002242,112371.0,6.47,200696.0,46.7,0,4.57,8.0,4
CUST0002243,48225.0,1.51,556240.0,31.2,2,4.75,21.2,1
CUST0002244,73892.0,3.15,513178.0,41.4,3,4.22,35.8,2
CUST0002245,65739.0,5.85,546246.0,27.7,3,4.92,19.3,3
CUST0002246,111118.0,8.43,274487.0,45.7,0,4.9,20.9,3
CUST0002247,67993.0,4.05,120545.0,37.2,1,2.36,24.3,1
CUST0002248,43952.0,3.68,251157.0,22.7,3,2.11,29.9,0
CUST0002249,39793.0,1.03,120812.0,9.5,1,2.01,23.1,2
CUST0002250,67882.0,5.19,194766.0,18.3,1,3.01,9.1,3
CUST0002251,76977.0,1.66,525706.0,17.6,1,2.97,35.3,3
CUST0002252,93829.0,4.7,105977.0,34.2,3,2.42,33.4,3
CUST0002253,62755.0,5.35,576712.0,11.7,3,3.51,30.9,3
CUST0002254,71762.0,7.69,466806.0,47.3,2,2.43,3.8,1
CUST0002255,114355.0,9.27,170995.0,30.0,2,3.5,15.1,5
CUST0002256,70520.0,3.39,310119.0,29.1,2,2.59,10.3,3
CUST0002257,47271.0,6.57,214388.0,25.7,0,3.66,28.4,2
CUST0002258,68557.0,2.1,309756.0,44.0,1,4.93,10.1,3
CUST0002259,45007.0,8.76,102125.0,8.7,4,3.75,7.2,3
CUST0002260,41947.0,9.66,350970.0,12.2,1,2.36,35.5,1
CUST0002261,114193.0,4.29,389400.0,18.5,0,2.68,16.0,3
CUST0002262,60678.0,3.22,333058.0,13.9,0,4.53,36.2,2
CUST0002263,103652.0,4.52,448178.0,16.7,1,2.1,37.6,5
CUST0002264,58345.0,3.2,274380.0,47.1,0,2.3,18.5,2
CUST0002265,68078.0,8.79,289076.0,43.7,2,4.98,6.0,5
CUST0002266,111888.0,3.2,473844.0,17.7,3,2.06,15.9,7
CUST0002267,67162.0,9.34,574665.0,26.8,1,4.38,4.8,5
CUST0002268,37579.0,1.12,238730.0,7.2,0,2.15,16.3,6
CUST0002269,65150.0,9.7,214952.0,33.0,1,4.55,0.1,3
CUST0002270,31792.0,4.16,356387.0,17.5,1,3.01,16.7,4
CUST0002271,56166.0,6.96,333241.0,30.3,1,3.29,18.1,5
CUST0002272,87268.0,9.5,285906.0,48.9,1,3.74,11.6,6
CUST0002273,110950.0,8.04,113514.0,33.1,1,4.62,9.6,2
CUST0002274,43807.0,4.83,589539.0,10.0,0,3.91,19.1,3
CUST0002275,31556.0,7.92,457701.0,21.8,3,3.39,9.7,3
CUST0002276,61531.0,9.31,372213.0,6.3,0,3.94,36.8,5
CUST0002277,116438.0,9.49,473178.0,20.0,2,3.06,35.7,4
CUST0002278,34289.0,4.88,569411.0,49.0,0,2.4,17.7,6
CUST0002279,107182.0,3.07,87576.0,32.3,1,2.18,33.8,2
CUST0002280,59163.0,2.11,213380.0,44.8,0,2.23,14.4,2
CUST0002281,87600.0,8.92,203402.0,10.8,1,4.64,26.2,2
CUST0002282,116929.0,1.93,213723.0,13.7,3,3.73,34.1,2
CUST0002283,115864.0,6.03,367709.0,4.3,4,3.92,9.3,3
CUST0002284,39899.0,8.7,300865.0,6.6,0,2.11,11.5,5
CUST0002285,116044.0,9.31,541687.0,49.1,4,3.73,24.0,1
CUST0002286,56573.0,2.5,576064.0,21.2,0,2.78,10.9,2
CUST0002287,81066.0,4.29,290446.0,15.8,3,3.05,0.4,5
CUST0002288,35063.0,5.71,300307.0,21.7,1,4.33,7.2,6
CUST0002289,82825.0,9.52,507206.0,17.4,1,4.5,16.0,4
CUST0002290,31847.0,2.32,465459.0,15.2,1,4.88,34.0,3
CUST0002291,53440.0,5.05,559428.0,40.4,1,2.77,18.3,4
CUST0002292,40063.0,4.31,410585.0,12.0,0,3.33,37.0,2
CUST0002293,90871.0,5.24,261439.0,15.8,1,2.7,3.7,4
CUST0002294,79097.0,5.02,389068.0,15.8,0,4.66,15.4,3
CUST0002295,75569.0,2.25,499392.0,32.7,0,4.11,29.9,4
CUST0002296,96515.0,7.78,480813.0,8.7,1,3.16,11.2,2
CUST0002297,102247.0,4.12,345861.0,4.8,1,2.58,30.8,3
CUST0002298,115859.0,7.4,254420.0,23.4,3,2.32,31.6,4
CUST0002299,84578.0,3.48,511927.0,30.4,3,3.18,34.5,0
CUST0002300,78403.0,1.18,449704.0,17.4,1,4.08,37.4,3
CUST0002301,118922.0,7.8,447563.0,12.8,2,2.69,0.8,2
CUST0002302,93666.0,4.61,80811.0,8.2,0,4.05,13.9,3
CUST0002303,44506.0,3.43,235101.0,27.8,3,4.35,8.7,2
CUST0002304,91575.0,8.79,583923.0,10.2,1,2.47,18.9,1
CUST0002305,56018.0,7.12,246855.0,38.6,0,3.57,10.9,2
CUST0002306,103595.0,8.84,460868.0,38.9,2,3.7,34.2,4
CUST0002307,61455.0,3.73,395725.0,8.8,2,2.53,16.0,3
CUST0002308,63809.0,4.71,265957.0,21.8,3,2.99,35.6,4
CUST0002309,50513.0,7.1,324805.0,41.6,0,4.72,39.7,3
CUST0002310,46157.0,7.32,339594.0,7.1,1,3.69,18.3,5
CUST0002311,67188.0,6.81,82153.0,20.1,2,3.28,19.2,3
CUST0002312,91621.0,9.43,395588.0,44.3,2,4.17,35.0,1
CUST0002313,55553.0,4.38,172951.0,37.9,3,3.24,20.2,3
CUST0002314,68574.0,4.92,389255.0,13.0,0,4.45,10.0,4
CUST0002315,115835.0,1.4,451793.0,4.8,2,4.27,18.6,5
CUST0002316,91333.0,2.0,162983.0,9.2,2,4.08,4.7,1
CUST0002317,102956.0,7.89,196883.0,26.1,0,3.5,1.9,2
CUST0002318,89815.0,8.11,272084.0,32.2,1,4.84,21.4,1
CUST0002319,117729.0,8.52,521494.0,29.5,1,3.54,27.5,2
CUST0002320,94899.0,6.39,491377.0,40.4,3,2.22,38.4,1
CUST0002321,105832.0,2.3,157450.0,17.2,1,2.76,36.8,2
CUST0002322,107703.0,3.09,112660.0,34.5,0,4.27,13.0,3
CUST0002323,39857.0,7.44,175998.0,7.1,0,4.4,27.8,6
CUST0002324,97821.0,4.18,185985.0,10.9,3,4.7,13.7,2
CUST0002325,112389.0,3.01,231050.0,24.9,1,4.58,8.6,1
CUST0002326,46758.0,7.35,143412.0,38.9,2,4.71,8.8,4
CUST0002327,45035.0,9.59,338421.0,48.8,1,3.94,5.8,3
CUST0002328,80072.0,3.62,288466.0,47.8,1,3.66,4.4,3
CUST0002329,91005.0,6.58,387344.0,13.3,2,3.95,6.6,2
CUST0002330,117781.0,8.3,461802.0,18.6,2,4.59,35.1,5
CUST0002331,64122.0,1.58,472285.0,36.7,2,3.84,25.4,3
CUST0002332,75692.0,3.32,154469.0,7.8,3,3.35,32.2,2
CUST0002333,68723.0,4.98,197020.0,17.9,1,3.89,27.3,3
CUST0002334,80807.0,7.67,529213.0,48.0,3,2.35,17.8,3
CUST0002335,84134.0,3.98,555603.0,39.8,3,4.7,5.0,0
CUST0002336,114331.0,8.32,184632.0,19.0,1,4.63,30.5,4
CUST0002337,39817.0,6.78,593420.0,45.8,1,4.44,8.3,7
CUST0002338,109846.0,6.44,404808.0,16.0,0,4.88,7.2,4
CUST0002339,59690.0,4.58,351909.0,23.8,1,4.05,36.3,1
CUST0002340,112665.0,6.06,459478.0,46.0,4,4.45,21.6,2
CUST0002341,55674.0,6.06,173277.0,24.8,2,2.24,13.8,2
CUST0002342,106981.0,5.67,570573.0,40.2,3,4.39,10.1,6
CUST0002343,111929.0,2.52,547686.0,21.3,1,4.85,33.1,4
CUST0002344,85517.0,6.92,321228.0,39.9,1,3.83,36.6,1
CUST0002345,111519.0,2.24,123725.0,17.5,1,4.96,13.0,5
CUST0002346,118746.0,3.23,376465.0,11.3,1,4.25,26.5,3
CUST0002347,107035.0,1.07,506967.0,10.6,1,4.74,18.3,3
CUST0002348,103432.0,8.52,178592.0,26.4,0,3.1,35.0,3
CUST0002349,52590.0,1.79,337850.0,3.3,2,2.76,37.8,2
CUST0002350,49564.0,8.6,308421.0,28.5,3,2.15,4.8,4
CUST0002351,31781.0,1.17,275845.0,34.7,0,2.13,8.7,3
CUST0002352,70864.0,8.66,540251.0,0.8,1,4.87,22.3,3
CUST0002353,83742.0,6.03,274721.0,25.9,1,4.18,27.3,4
CUST0002354,46745.0,9.67,137321.0,30.8,0,2.96,25.1,4
CUST0002355,95691.0,7.63,214323.0,28.6,0,3.06,25.7,1
CUST0002356,109750.0,8.31,407024.0,31.2,0,3.39,3.8,7
CUST0002357,56097.0,3.06,181444.0,5.6,1,2.4,11.5,3
CUST0002358,97860.0,5.17,365305.0,20.1,3,2.51,14.6,1
CUST0002359,96611.0,3.98,441898.0,36.0,3,3.96,31.6,3
CUST0002360,34965.0,8.4,106134.0,17.4,3,2.65,5.3,6
CUST0002361,111623.0,4.9,365972.0,46.4,1,2.98,0.7,1
CUST0002362,34181.0,1.8,115350.0,46.0,0,3.66,37.8,6
CUST0002363,56707.0,9.47,467317.0,4.8,3,4.51,21.5,2
CUST0002364,116429.0,3.66,435729.0,16.9,0,3.82,13.4,4
CUST0002365,95367.0,6.73,188401.0,46.0,3,2.61,4.5,3
CUST0002366,77185.0,9.47,544829.0,3.0,3,3.68,8.7,2
CUST0002367,94140.0,7.94,179514.0,29.8,3,2.47,35.5,3
CUST0002368,97696.0,8.79,381094.0,35.7,4,4.52,10.7,3
CUST0002369,55636.0,6.92,309197.0,22.2,1,4.38,15.0,3
CUST0002370,108340.0,9.48,512888.0,24.1,2,4.78,22.6,4
CUST0002371,89555.0,8.73,157750.0,21.2,1,3.14,6.6,2
CUST0002372,66768.0,5.95,410946.0,28.1,4,2.6,25.3,1
CUST0002373,94597.0,1.1,267279.0,2.5,2,2.73,31.7,3
CUST0002374,88047.0,2.21,359000.0,40.1,2,4.12,38.5,3
CUST0002375,65257.0,5.99,153905.0,6.8,2,2.5,9.5,4
CUST0002376,60704.0,1.22,465892.0,25.9,0,2.23,11.1,2
CUST0002377,93409.0,7.18,276988.0,12.3,0,4.05,1.0,5
CUST0002378,37658.0,1.43,259618.0,26.0,1,4.48,26.9,0
CUST0002379,39483.0,4.51,428685.0,37.0,0,3.13,18.8,4
CUST0002380,44945.0,2.84,436552.0,0.7,0,2.4,32.0,7
CUST0002381,82875.0,3.27,356980.0,34.6,1,2.62,15.5,4
CUST0002382,96053.0,5.01,393289.0,46.6,1,3.35,8.9,5
CUST0002383,73355.0,7.32,209337.0,42.3,4,2.97,14.2,3
CUST0002384,38887.0,7.99,252939.0,5.8,0,4.63,4.3,6
CUST0002385,43789.0,5.78,499480.0,10.4,2,3.92,5.8,3
CUST0002386,93078.0,5.68,208003.0,20.4,2,2.37,38.7,3
CUST0002387,113601.0,5.05,297042.0,38.6,0,4.78,1.1,4
CUST0002388,58169.0,9.42,242051.0,39.1,2,3.32,1.0,6
CUST0002389,54280.0,7.57,494259.0,6.9,0,3.41,37.7,3
CUST0002390,107073.0,1.7,177550.0,4.6,2,4.42,27.0,5
CUST0002391,108924.0,8.52,479227.0,35.5,0,4.58,20.2,3
CUST0002392,55531.0,7.8,416291.0,0.5,4,2.63,7.0,1
CUST0002393,93463.0,6.82,589386.0,20.8,0,2.1,16.3,2
CUST0002394,80802.0,2.49,113955.0,25.9,2,3.93,17.4,4
CUST0002395,64266.0,8.25,578142.0,1.3,0,2.78,36.0,5
CUST0002396,71635.0,3.69,510239.0,42.8,0,3.11,7.3,1
CUST0002397,32452.0,7.97,325501.0,44.9,0,4.03,8.5,4
CUST0002398,36247.0,1.08,293186.0,33.6,0,4.79,5.9,1
CUST0002399,90601.0,1.45,445425.0,17.5,2,4.23,5.2,3
CUST0002400,80408.0,9.52,362409.0,24.7,1,2.81,20.1,3
CUST0002401,70357.0,8.47,102034.0,24.9,2,3.43,6.8,2
CUST0002402,63132.0,5.22,215815.0,30.4,2,3.66,27.2,2
CUST0002403,45007.0,8.69,371512.0,6.5,3,3.61,39.3,4
CUST0002404,44150.0,2.89,305048.0,23.9,1,4.91,25.4,2
CUST0002405,44753.0,6.63,237143.0,45.8,2,4.81,33.9,1
CUST0002406,103347.0,5.36,382578.0,23.1,2,2.98,30.9,6
CUST0002407,72523.0,8.59,522231.0,38.8,2,3.54,32.6,3
CUST0002408,113032.0,1.88,590636.0,44.5,2,2.62,35.3,3
CUST0002409,113464.0,5.21,187808.0,38.5,1,3.74,14.9,0
CUST0002410,75355.0,1.98,194876.0,48.1,0,5.0,33.0,0
CUST0002411,37625.0,7.94,126311.0,27.0,0,2.86,38.3,6
CUST0002412,107543.0,9.35,231398.0,17.9,3,2.42,27.7,2
CUST0002413,75180.0,6.26,91132.0,36.4,1,2.85,8.0,3
CUST0002414,118343.0,3.14,298125.0,1.0,0,3.57,16.4,2
CUST0002415,76911.0,1.85,401354.0,44.6,0,3.12,18.2,2
CUST0002416,46136.0,8.02,170856.0,6.8,0,3.09,13.2,3
CUST0002417,101852.0,5.84,515716.0,28.3,1,3.16,9.1,2
CUST0002418,52869.0,9.43,304311.0,44.6,0,2.02,5.8,3
CUST0002419,51692.0,4.49,287518.0,11.0,0,3.84,25.1,3
CUST0002420,35566.0,8.37,421665.0,25.8,1,3.35,28.1,5
CUST0002421,103540.0,2.0,166610.0,28.3,1,3.59,3.4,3
CUST0002422,49208.0,1.72,440713.0,45.0,0,3.29,24.2,2
CUST0002423,31928.0,6.92,462452.0,15.4,2,3.14,35.0,4
CUST0002424,117039.0,4.57,155128.0,20.7,1,3.34,21.4,1
CUST0002425,65967.0,7.42,288842.0,13.5,0,4.46,14.9,4
CUST0002426,115666.0,4.37,343274.0,6.1,2,2.73,9.4,2
CUST0002427,56637.0,9.53,473533.0,8.1,0,4.12,25.7,4
CUST0002428,66110.0,2.34,558842.0,1.7,3,2.51,14.1,3
CUST0002429,69985.0,1.53,450210.0,36.3,3,4.97,3.7,4
CUST0002430,93023.0,5.01,471829.0,6.5,1,4.28,18.1,4
CUST0002431,57218.0,9.36,510853.0,1.7,1,3.98,21.0,6
CUST0002432,109154.0,7.93,506424.0,27.6,1,4.42,1.3,1
CUST0002433,82740.0,7.37,462317.0,6.6,2,3.94,15.6,5
CUST0002434,35254.0,4.41,599182.0,1.5,3,4.18,37.6,7
CUST0002435,111762.0,3.32,447018.0,48.8,0,4.78,24.4,2
CUST0002436,100096.0,4.05,595176.0,15.6,3,4.07,29.3,2
CUST0002437,65633.0,6.41,302538.0,26.8,3,3.43,22.1,3
CUST0002438,101665.0,3.87,229190.0,25.3,1,3.46,4.0,2
CUST0002439,100976.0,5.11,436997.0,43.4,0,3.3,2.3,5
CUST0002440,118633.0,6.72,86099.0,44.9,0,4.44,26.1,1
CUST0002441,103576.0,2.38,150021.0,14.4,1,4.13,35.4,3
CUST0002442,110994.0,3.83,473667.0,46.4,2,3.47,20.0,9
CUST0002443,61200.0,8.88,220243.0,35.7,1,2.45,1.4,3
CUST0002444,107348.0,3.24,259180.0,17.8,0,4.89,15.7,3
CUST0002445,100300.0,5.38,366138.0,3.5,2,3.22,16.0,6
CUST0002446,41577.0,1.93,470757.0,40.0,3,3.95,11.9,4
CUST0002447,102326.0,9.79,260034.0,20.5,0,2.56,39.9,6
CUST0002448,99185.0,8.0,257341.0,43.8,0,3.45,33.3,2
CUST0002449,81277.0,7.07,133357.0,34.3,0,2.16,29.6,3
CUST0002450,56515.0,5.23,148604.0,6.2,0,2.4,10.1,3
CUST0002451,93929.0,8.33,502900.0,33.8,3,4.41,15.1,1
CUST0002452,118929.0,1.87,232265.0,36.2,0,2.39,12.8,2
CUST0002453,109402.0,2.27,467315.0,22.5,3,2.62,27.9,7
CUST0002454,57533.0,5.07,424164.0,44.8,1,3.03,3.7,4
CUST0002455,45699.0,8.19,447210.0,14.3,0,3.25,30.2,5
CUST0002456,71193.0,4.18,205060.0,31.9,0,3.95,32.2,2
CUST0002457,100038.0,2.18,222017.0,31.4,2,2.56,14.5,4
CUST0002458,50069.0,6.03,359132.0,24.6,4,2.09,39.5,2
CUST0002459,48530.0,7.75,541203.0,10.3,1,3.97,24.8,2
CUST0002460,62526.0,9.05,257768.0,16.6,2,4.29,21.2,7
CUST0002461,63929.0,1.74,514372.0,45.3,1,4.62,24.1,1
CUST0002462,41342.0,1.52,498887.0,44.3,0,3.86,35.4,4
CUST0002463,56460.0,7.41,83890.0,20.7,1,3.54,27.2,3
CUST0002464,72557.0,1.97,277274.0,36.2,2,4.43,7.1,2
CUST0002465,39150.0,4.3,146408.0,28.6,1,2.6,18.3,2
CUST0002466,71350.0,5.23,321111.0,17.5,2,2.32,35.0,3
CUST0002467,57220.0,5.75,232725.0,18.5,0,2.81,11.6,3
CUST0002468,66338.0,8.63,340080.0,6.1,0,2.94,26.9,2
CUST0002469,73932.0,9.33,450019.0,31.8,3,3.42,2.4,2
CUST0002470,91048.0,4.83,217285.0,34.3,1,2.85,29.5,4
CUST0002471,117378.0,9.67,379231.0,46.1,1,4.71,34.4,2
CUST0002472,102021.0,4.46,393987.0,8.0,0,2.73,16.5,1
CUST0002473,62182.0,5.88,152050.0,40.7,0,2.3,13.8,1
CUST0002474,39055.0,3.71,358495.0,10.2,0,4.36,32.7,2
CUST0002475,59827.0,9.18,375336.0,36.1,1,4.55,0.2,3
CUST0002476,102401.0,5.2,263416.0,36.7,3,2.65,23.4,2
CUST0002477,111380.0,6.96,195734.0,6.9,1,2.77,37.7,1
CUST0002478,65973.0,4.54,405169.0,48.3,1,3.01,2.0,1
CUST0002479,60791.0,9.55,192489.0,35.1,3,2.97,29.0,2
CUST0002480,61722.0,5.68,183723.0,39.1,2,3.78,6.7,2
CUST0002481,112329.0,8.15,186057.0,9.3,2,3.98,35.0,2
CUST0002482,110598.0,9.26,186339.0,17.9,2,3.09,8.2,4
CUST0002483,114861.0,8.83,93228.0,15.4,1,2.17,31.2,2
CUST0002484,100837.0,9.2,413876.0,18.8,0,4.59,14.5,3
CUST0002485,86949.0,4.27,511354.0,15.2,3,2.74,9.3,5
CUST0002486,79582.0,7.2,327647.0,32.5,3,2.03,16.8,3
CUST0002487,47564.0,9.16,568592.0,15.3,0,4.1,15.9,2
CUST0002488,53633.0,3.04,534574.0,32.2,0,3.45,21.4,3
CUST0002489,114941.0,4.77,153261.0,17.0,3,2.98,34.1,4
CUST0002490,109539.0,8.24,362551.0,22.3,1,3.15,7.5,5
CUST0002491,31488.0,2.42,478521.0,28.2,3,4.85,10.3,1
CUST0002492,79569.0,6.95,482156.0,23.9,0,3.86,20.9,2
CUST0002493,55867.0,3.82,434418.0,37.1,2,2.63,39.3,3
CUST0002494,114960.0,2.26,108481.0,36.7,1,2.06,19.3,4
CUST0002495,91903.0,9.55,194309.0,28.8,4,3.82,34.8,2
CUST0002496,37322.0,3.21,200646.0,27.6,1,3.91,37.9,3
CUST0002497,90916.0,9.14,281444.0,14.0,2,2.87,15.8,2
CUST0002498,111334.0,1.11,299536.0,20.5,0,2.42,17.9,1
CUST0002499,109585.0,7.9,290971.0,27.1,2,4.47,0.5,0
CUST0002500,59655.0,5.63,523811.0,22.4,1,3.08,32.9,1
CUST0002501,39873.0,4.63,355429.0,26.2,3,3.39,38.0,2
CUST0002502,69758.0,2.02,305990.0,9.0,0,3.53,18.0,1
CUST0002503,44652.0,6.82,484224.0,26.6,0,4.81,24.3,4
CUST0002504,50587.0,1.65,270582.0,30.4,0,3.28,8.7,3
CUST0002505,64507.0,6.42,585732.0,13.1,0,2.0,24.7,4
CUST0002506,103248.0,7.45,577229.0,11.4,2,3.94,38.4,2
CUST0002507,48388.0,7.47,546619.0,40.1,4,2.01,29.3,4
CUST0002508,113766.0,4.36,598580.0,41.4,0,3.22,25.5,4
CUST0002509,95256.0,3.02,419420.0,9.8,0,2.06,37.3,5
CUST0002510,106337.0,8.15,129760.0,49.4,1,4.83,14.6,2
CUST0002511,94584.0,6.57,359304.0,39.3,2,2.92,2.9,2
CUST0002512,47670.0,3.71,228670.0,1.4,1,3.93,30.5,0
CUST0002513,37729.0,1.55,310368.0,28.7,1,3.49,5.6,3
CUST0002514,45313.0,9.13,120174.0,19.3,2,2.99,39.4,4
CUST0002515,37427.0,9.66,308680.0,5.8,1,3.5,34.8,5
CUST0002516,56853.0,3.99,349529.0,4.8,3,2.42,23.7,1
CUST0002517,119909.0,5.29,594954.0,44.6,2,3.01,16.3,1
CUST0002518,55287.0,8.18,348885.0,2.1,1,3.33,38.8,4
CUST0002519,68650.0,4.39,107585.0,4.5,3,2.68,15.7,3
CUST0002520,65449.0,2.93,522919.0,39.5,3,2.22,11.1,2
CUST0002521,88968.0,2.36,254679.0,28.5,3,2.29,18.8,3
CUST0002522,52806.0,3.34,441495.0,33.9,0,3.99,10.0,4
CUST0002523,54480.0,6.41,239876.0,13.9,2,2.85,18.4,5
CUST0002524,57325.0,6.52,288346.0,15.7,1,3.53,32.4,2
CUST0002525,89583.0,5.65,319392.0,11.7,2,3.78,1.3,5
CUST0002526,62866.0,8.01,555763.0,5.5,0,2.37,12.9,3
CUST0002527,79216.0,3.0,325352.0,14.1,0,4.67,9.9,3
CUST0002528,67850.0,3.46,585479.0,14.6,2,2.31,19.2,5
CUST0002529,64141.0,2.73,405299.0,13.0,0,3.9,5.4,4
CUST0002530,66006.0,9.13,405174.0,42.5,2,2.43,7.0,2
CUST0002531,39231.0,6.53,233290.0,22.9,2,4.35,6.2,6
CUST0002532,79241.0,1.26,301199.0,13.3,0,2.99,26.6,4
CUST0002533,87297.0,9.3,150477.0,16.5,2,4.19,13.2,2
CUST0002534,55255.0,3.9,439515.0,22.5,3,2.72,10.3,0
CUST0002535,51970.0,7.61,400406.0,44.9,4,4.94,28.1,4
CUST0002536,35865.0,9.27,221771.0,22.9,0,2.79,16.5,7
CUST0002537,80469.0,8.61,225118.0,42.5,0,4.75,6.3,4
CUST0002538,73618.0,4.26,582711.0,30.5,3,3.5,31.0,8
CUST0002539,114921.0,6.21,444899.0,38.7,1,2.65,11.9,2
CUST0002540,111775.0,3.03,349431.0,32.2,1,2.06,27.7,3
CUST0002541,108963.0,8.04,382329.0,5.2,1,4.97,0.5,2
CUST0002542,102670.0,9.14,492954.0,9.6,4,4.61,34.8,3
CUST0002543,112016.0,3.44,203295.0,39.8,1,3.06,11.9,2
CUST0002544,111398.0,5.01,230496.0,42.0,0,2.89,1.4,5
CUST0002545,44471.0,3.58,562586.0,17.2,0,2.64,20.6,4
CUST0002546,106525.0,7.44,470148.0,34.1,0,4.78,33.8,2
CUST0002547,104597.0,1.33,81273.0,22.3,0,2.55,30.7,1
CUST0002548,63809.0,1.11,530222.0,39.0,0,3.87,2.8,4
CUST0002549,110067.0,4.35,286324.0,7.1,3,4.36,0.1,2
CUST0002550,78030.0,4.08,314478.0,39.4,0,2.11,6.9,2
CUST0002551,82564.0,6.66,403233.0,17.0,3,2.88,27.8,3
CUST0002552,107147.0,9.22,97421.0,12.4,0,4.07,26.8,1
CUST0002553,93714.0,5.94,132637.0,13.6,1,3.13,20.4,4
CUST0002554,64918.0,1.46,148729.0,26.4,4,2.4,6.7,4
CUST0002555,107142.0,7.98,444218.0,42.2,1,3.56,30.8,4
CUST0002556,111152.0,7.23,595329.0,34.6,0,2.66,1.2,2
CUST0002557,52714.0,1.44,511643.0,45.0,3,4.46,19.7,4
CUST0002558,67646.0,5.2,200431.0,29.1,0,2.76,0.3,6
CUST0002559,30579.0,5.99,415904.0,6.8,3,2.9,8.9,3
CUST0002560,30185.0,8.8,425685.0,17.3,1,3.53,7.3,1
CUST0002561,67004.0,5.22,471325.0,42.0,1,3.31,12.2,6
CUST0002562,86441.0,8.63,371268.0,23.7,0,2.89,35.1,1
CUST0002563,52714.0,4.84,434080.0,21.7,1,3.65,2.9,3
CUST0002564,97930.0,5.47,437825.0,49.9,1,3.96,10.7,5
CUST0002565,113002.0,9.0,477935.0,35.8,0,3.11,8.6,1
CUST0002566,108024.0,1.42,437525.0,6.7,2,3.85,37.6,2
CUST0002567,33438.0,1.28,161299.0,41.4,3,4.47,25.2,3
CUST0002568,45666.0,6.97,581945.0,6.8,2,3.74,17.4,1
CUST0002569,45272.0,9.25,271340.0,43.0,2,4.06,17.3,2
CUST0002570,63479.0,2.16,300211.0,27.9,2,2.04,22.7,0
CUST0002571,66059.0,2.92,472105.0,48.1,3,2.97,34.7,6
CUST0002572,35391.0,4.97,434784.0,34.4,2,4.46,23.1,2
CUST0002573,84702.0,5.1,269302.0,23.4,1,4.68,10.1,6
CUST0002574,64973.0,7.22,311280.0,27.6,1,4.49,5.7,4
CUST0002575,96111.0,9.67,136197.0,33.6,3,2.14,29.3,3
CUST0002576,77532.0,1.48,235941.0,5.3,1,3.56,21.6,4
CUST0002577,88213.0,4.89,250256.0,31.4,1,3.97,30.2,2
CUST0002578,46235.0,8.84,490523.0,47.3,0,3.06,30.3,1
CUST0002579,43501.0,8.13,293038.0,36.9,0,4.71,15.7,2
CUST0002580,85726.0,6.77,438058.0,34.3,2,3.52,26.0,6
CUST0002581,116770.0,7.72,329712.0,22.8,2,4.58,30.9,1
CUST0002582,103564.0,9.49,274248.0,1.3,0,4.52,14.6,1
CUST0002583,47310.0,7.06,527948.0,17.2,2,2.98,32.8,1
CUST0002584,76773.0,4.84,456826.0,12.6,3,4.66,14.1,1
CUST0002585,116928.0,2.7,522183.0,3.7,0,3.72,32.2,2
CUST0002586,63224.0,5.07,327397.0,36.6,1,2.38,28.8,4
CUST0002587,82834.0,2.71,170113.0,40.5,0,3.38,9.6,5
CUST0002588,94462.0,8.97,221620.0,36.0,0,3.08,15.5,1
CUST0002589,109026.0,7.4,481135.0,14.4,0,3.63,21.3,3
CUST0002590,31231.0,9.18,449055.0,39.5,1,4.58,8.2,2
CUST0002591,93249.0,4.06,111529.0,34.8,2,4.35,30.3,2
CUST0002592,68186.0,2.54,373255.0,49.5,0,3.71,33.1,4
CUST0002593,46033.0,3.72,525780.0,14.6,3,4.28,19.1,7
CUST0002594,67833.0,9.42,151615.0,48.9,1,4.85,19.7,4
CUST0002595,33636.0,3.84,398420.0,29.2,2,4.68,32.3,2
CUST0002596,41377.0,7.68,232199.0,9.3,0,2.4,17.6,1
CUST0002597,62375.0,4.7,515586.0,14.3,0,3.23,18.6,3
CUST0002598,108752.0,3.26,94313.0,46.7,0,3.71,2.6,4
CUST0002599,113690.0,5.37,303126.0,43.7,4,4.97,15.7,4
CUST0002600,43918.0,3.4,331513.0,37.2,2,2.39,7.4,4
CUST0002601,97256.0,6.11,463397.0,44.4,0,4.53,36.0,4
CUST0002602,37542.0,7.4,216922.0,30.9,1,3.89,17.3,3
CUST0002603,32506.0,9.48,408302.0,16.4,2,2.89,38.6,3
CUST0002604,100127.0,2.05,438524.0,15.3,0,4.41,30.3,1
CUST0002605,85295.0,5.99,153689.0,10.9,4,4.55,12.6,2
CUST0002606,65753.0,7.55,371167.0,14.6,0,2.16,20.7,3
CUST0002607,35493.0,4.06,564387.0,29.6,0,2.52,31.9,2
CUST0002608,44554.0,4.8,427670.0,11.2,0,3.19,37.3,1
CUST0002609,47776.0,3.91,412107.0,17.1,1,4.77,36.3,4
CUST0002610,92729.0,1.29,530899.0,14.8,2,2.38,21.5,6
CUST0002611,92573.0,8.14,411825.0,10.3,1,3.66,34.4,2
CUST0002612,35048.0,4.91,305083.0,10.5,1,2.62,39.5,6
CUST0002613,48925.0,9.84,413351.0,38.7,0,2.68,14.0,8
CUST0002614,68102.0,9.15,119225.0,21.4,1,4.04,39.1,2
CUST0002615,108386.0,4.17,339832.0,39.0,0,3.06,36.4,3
CUST0002616,95642.0,1.4,100535.0,24.9,3,4.53,33.8,5
CUST0002617,56321.0,7.13,523330.0,40.6,1,2.38,33.5,1
CUST0002618,38292.0,4.36,122521.0,27.5,0,4.28,16.2,4
CUST0002619,67192.0,4.46,542016.0,18.6,4,4.88,24.3,4
CUST0002620,79785.0,2.23,269788.0,2.1,1,3.58,16.7,2
CUST0002621,79985.0,3.62,122236.0,41.9,0,3.73,27.8,1
CUST0002622,60203.0,2.16,337981.0,16.0,2,3.3,22.0,2
CUST0002623,98899.0,6.34,86777.0,32.2,0,3.69,21.9,0
CUST0002624,69003.0,3.08,159961.0,33.4,3,4.79,39.9,3
CUST0002625,48219.0,4.05,464350.0,9.4,3,4.77,28.0,4
CUST0002626,45633.0,3.41,113975.0,37.4,2,4.14,6.0,3
CUST0002627,45344.0,8.17,534431.0,44.4,1,3.88,0.2,5
CUST0002628,86980.0,1.03,463966.0,36.2,0,3.24,19.8,5
CUST0002629,69178.0,7.58,277115.0,38.8,2,2.43,35.2,2
CUST0002630,90618.0,2.08,205365.0,4.8,0,3.76,10.3,3
CUST0002631,100543.0,9.3,498065.0,1.9,1,4.56,3.5,3
CUST0002632,31325.0,3.73,296426.0,40.7,0,4.09,27.7,5
CUST0002633,39899.0,8.74,591835.0,19.4,0,4.82,11.7,5
CUST0002634,98391.0,2.58,82387.0,16.0,2,3.82,0.5,2
CUST0002635,49982.0,2.52,376952.0,4.2,1,4.71,4.0,3
CUST0002636,76920.0,1.38,542973.0,11.1,2,4.39,3.3,4
CUST0002637,74303.0,8.82,94111.0,4.5,1,4.64,35.1,2
CUST0002638,100265.0,5.07,80802.0,40.3,1,4.07,1.2,4
CUST0002639,109388.0,5.5,500220.0,5.1,1,2.36,30.6,4
CUST0002640,30835.0,9.5,125051.0,22.3,1,4.03,25.2,2
CUST0002641,110411.0,9.78,480904.0,1.6,0,4.67,8.7,3
CUST0002642,84703.0,5.54,462557.0,38.2,2,3.63,18.5,6
CUST0002643,114498.0,8.23,277872.0,22.6,0,3.46,28.9,3
CUST0002644,56291.0,2.64,416141.0,2.9,0,2.77,22.5,6
CUST0002645,68163.0,8.58,218195.0,6.4,1,4.38,18.2,1
CUST0002646,40523.0,1.28,536996.0,12.2,3,2.72,32.7,3
CUST0002647,62316.0,3.18,447841.0,29.9,3,4.13,1.0,1
CUST0002648,80880.0,3.26,206099.0,49.0,1,4.67,27.5,2
CUST0002649,75128.0,6.28,419998.0,28.0,0,4.29,30.7,2
CUST0002650,49703.0,7.71,157491.0,23.3,1,4.31,37.3,4
CUST0002651,88951.0,2.81,518804.0,12.6,1,3.3,20.7,5
CUST0002652,52421.0,3.97,116583.0,14.2,0,3.09,23.0,4
CUST0002653,68979.0,4.01,383861.0,49.0,3,3.67,37.2,3
CUST0002654,57862.0,4.38,532192.0,17.4,0,2.91,22.2,3
CUST0002655,78843.0,3.66,510218.0,37.3,0,3.57,26.5,4
CUST0002656,83760.0,9.67,404224.0,17.7,0,4.01,36.0,5
CUST0002657,119117.0,7.07,301783.0,1.1,3,2.41,21.8,7
CUST0002658,80481.0,5.57,490398.0,40.4,4,2.33,32.2,7
CUST0002659,82385.0,9.06,497750.0,36.2,3,4.71,36.2,6
CUST0002660,39488.0,8.83,174608.0,33.1,1,4.12,4.8,1
CUST0002661,64243.0,6.7,521931.0,29.8,2,2.4,36.6,5
CUST0002662,37672.0,1.04,331268.0,23.5,0,2.68,28.5,1
CUST0002663,48413.0,4.72,198902.0,30.3,1,2.5,17.9,1
CUST0002664,50718.0,3.4,562886.0,47.9,2,4.06,10.5,4
CUST0002665,107309.0,4.32,205963.0,14.6,1,4.11,35.2,2
CUST0002666,61035.0,1.49,390959.0,33.6,0,4.54,29.4,1
CUST0002667,80063.0,8.8,425002.0,9.8,1,2.29,5.6,5
CUST0002668,84465.0,1.59,104055.0,3.4,0,4.88,9.7,3
CUST0002669,36011.0,4.5,117710.0,49.9,2,2.69,34.2,1
CUST0002670,107046.0,3.29,280343.0,49.0,0,3.08,4.7,3
CUST0002671,48172.0,7.97,87200.0,21.7,2,3.88,10.7,3
CUST0002672,87364.0,3.18,455249.0,20.5,1,2.39,3.2,2
CUST0002673,66331.0,4.49,574156.0,45.2,1,4.23,15.6,2
CUST0002674,66882.0,6.18,147993.0,7.6,3,4.28,22.1,3
CUST0002675,92657.0,7.24,307047.0,31.2,3,3.65,8.5,4
CUST0002676,36557.0,1.04,327726.0,21.2,0,4.1,27.4,4
CUST0002677,38159.0,8.93,437178.0,31.7,3,2.62,25.1,6
CUST0002678,115116.0,9.66,549699.0,6.0,0,3.94,16.4,4
CUST0002679,65569.0,2.47,263917.0,39.6,2,3.92,32.3,3
CUST0002680,118827.0,4.15,403423.0,34.3,1,2.55,27.8,4
CUST0002681,78290.0,4.38,186435.0,2.1,3,2.23,34.4,2
CUST0002682,79982.0,1.09,304494.0,40.3,0,2.19,39.1,0
CUST0002683,82449.0,5.57,118264.0,26.4,2,2.62,5.7,5
CUST0002684,44748.0,4.92,449871.0,33.3,3,3.07,14.2,7
CUST0002685,52867.0,3.02,225140.0,6.6,1,2.22,12.3,4
CUST0002686,38299.0,7.29,367438.0,16.8,3,3.83,29.6,0
CUST0002687,117415.0,3.27,429246.0,37.4,2,4.94,11.6,4
CUST0002688,105745.0,6.44,312549.0,18.5,3,2.21,21.8,1
CUST0002689,82561.0,6.79,322482.0,17.1,0,3.69,25.3,6
CUST0002690,98654.0,7.86,183959.0,6.9,3,4.05,5.7,0
CUST0002691,117743.0,7.32,243140.0,29.2,1,2.71,34.3,4
CUST0002692,106040.0,4.46,555759.0,34.7,2,3.69,35.6,3
CUST0002693,72017.0,1.4,192655.0,35.5,2,2.19,27.4,7
CUST0002694,33411.0,5.92,480290.0,27.4,4,4.81,16.4,2
CUST0002695,54032.0,5.89,107629.0,28.4,3,3.09,6.2,0
CUST0002696,59444.0,9.62,258216.0,4.4,1,4.08,22.8,5
CUST0002697,33805.0,2.3,313242.0,7.0,1,2.12,30.8,4
CUST0002698,76186.0,8.91,197462.0,19.4,0,3.98,33.1,2
CUST0002699,91077.0,9.84,336476.0,19.7,0,4.47,0.3,2
CUST0002700,63330.0,1.5,463977.0,37.4,0,2.28,9.5,1
CUST0002701,77431.0,8.27,165824.0,23.5,2,3.55,33.4,4
CUST0002702,68035.0,7.21,274342.0,23.6,0,4.85,0.2,3
CUST0002703,31439.0,4.19,232236.0,32.3,3,2.48,30.0,1
CUST0002704,105370.0,2.41,223861.0,45.4,1,3.12,10.9,2
CUST0002705,67735.0,2.61,210686.0,49.3,0,3.98,16.3,2
CUST0002706,58270.0,8.16,213844.0,26.8,2,2.1,11.7,3
CUST0002707,52870.0,6.72,438123.0,24.9,3,4.2,1.5,5
CUST0002708,88230.0,8.1,241042.0,18.3,4,3.69,27.9,3
CUST0002709,86194.0,4.65,395633.0,18.5,1,4.31,23.8,3
CUST0002710,55917.0,8.48,386072.0,3.3,0,4.88,19.8,1
CUST0002711,83838.0,9.24,338382.0,6.4,0,2.76,11.5,4
CUST0002712,48654.0,5.96,295063.0,48.1,1,4.78,18.8,1
CUST0002713,37062.0,4.76,208410.0,30.8,0,2.17,23.8,4
CUST0002714,108928.0,5.03,453378.0,41.6,3,4.17,22.5,3
CUST0002715,107084.0,3.46,150584.0,12.8,1,4.37,2.7,2
CUST0002716,52554.0,6.77,268826.0,38.3,2,2.59,33.4,4
CUST0002717,52998.0,1.06,382940.0,44.2,4,2.45,32.3,2
CUST0002718,67663.0,3.55,371682.0,24.0,1,2.39,12.1,2
CUST0002719,64398.0,1.79,378916.0,17.3,4,4.09,33.0,1
CUST0002720,76741.0,1.29,376544.0,19.4,0,3.45,5.6,2
CUST0002721,52951.0,9.98,379152.0,17.5,2,3.69,26.4,2
CUST0002722,46621.0,6.72,253738.0,19.6,1,4.79,38.2,3
CUST0002723,96164.0,2.69,269926.0,3.1,0,4.51,35.6,2
CUST0002724,40796.0,1.32,396805.0,23.7,1,4.51,38.5,2
CUST0002725,88367.0,7.55,267086.0,48.8,1,4.75,9.5,1
CUST0002726,51367.0,2.08,590619.0,6.5,1,2.18,18.5,3
CUST0002727,73133.0,4.29,99313.0,17.9,2,2.98,20.3,4
CUST0002728,95916.0,4.38,397698.0,11.9,1,2.87,34.4,5
CUST0002729,107097.0,9.99,323128.0,15.9,1,4.11,25.4,5
CUST0002730,48608.0,1.39,258903.0,46.1,1,4.27,5.4,2
CUST0002731,62976.0,5.39,124852.0,6.8,2,3.92,31.6,2
CUST0002732,115359.0,4.48,513376.0,33.2,0,3.68,32.9,2
CUST0002733,74265.0,6.65,370483.0,7.6,3,4.03,1.8,9
CUST0002734,40331.0,3.72,397306.0,13.7,1,4.08,29.5,3
CUST0002735,59990.0,6.77,158316.0,44.9,1,3.56,32.2,3
CUST0002736,53200.0,5.78,539252.0,19.2,1,3.34,30.3,3
CUST0002737,90728.0,5.31,361579.0,44.4,0,3.18,19.6,4
CUST0002738,105001.0,5.6,189307.0,0.6,1,4.83,18.5,0
CUST0002739,102779.0,7.27,377832.0,24.8,1,4.3,14.0,3
CUST0002740,53456.0,3.51,255844.0,29.4,1,4.83,38.7,4
CUST0002741,33827.0,5.66,216410.0,28.4,1,4.47,8.7,1
CUST0002742,36323.0,6.13,352241.0,3.7,2,4.54,36.8,3
CUST0002743,117584.0,2.61,406387.0,31.6,1,4.06,31.3,2
CUST0002744,75134.0,2.62,289318.0,34.8,0,3.25,14.4,8
CUST0002745,72784.0,7.81,408191.0,33.5,0,4.69,17.1,1
CUST0002746,111061.0,8.39,196998.0,0.6,1,4.45,31.4,1
CUST0002747,66246.0,7.33,90248.0,11.4,1,3.59,16.4,4
CUST0002748,67965.0,8.7,269073.0,40.0,0,3.43,17.1,2
CUST0002749,35887.0,7.35,174906.0,47.8,1,2.47,34.5,3
CUST0002750,103180.0,1.03,437793.0,37.4,3,3.2,38.8,2
CUST0002751,60684.0,7.41,127390.0,30.6,0,4.53,37.9,0
CUST0002752,36106.0,5.21,109561.0,23.3,1,3.38,5.4,4
CUST0002753,79622.0,8.4,437658.0,26.6,2,4.65,23.6,1
CUST0002754,47170.0,9.55,389124.0,26.7,0,2.27,9.6,3
CUST0002755,50240.0,2.52,138014.0,44.3,4,4.97,18.4,2
CUST0002756,47843.0,7.94,523464.0,47.3,0,4.61,33.6,1
CUST0002757,112905.0,4.46,307929.0,45.7,0,3.41,11.7,1
CUST0002758,102611.0,9.11,224685.0,4.7,3,2.45,4.8,2
CUST0002759,101272.0,8.85,387387.0,28.3,1,2.35,19.9,6
CUST0002760,99237.0,9.5,191065.0,15.5,4,3.58,15.7,3
CUST0002761,72447.0,1.15,100901.0,39.5,2,2.84,17.1,3
CUST0002762,103081.0,1.48,413657.0,49.8,3,2.73,39.5,2
CUST0002763,62502.0,3.75,481728.0,21.2,3,3.99,14.1,3
CUST0002764,85371.0,7.1,120853.0,24.8,1,2.56,21.3,4
CUST0002765,43422.0,5.5,113316.0,47.6,2,4.77,31.3,3
CUST0002766,53759.0,6.55,390738.0,12.7,0,4.32,34.1,2
CUST0002767,64500.0,9.27,100256.0,3.6,1,2.32,37.1,2
CUST0002768,84990.0,6.46,403817.0,22.3,4,3.54,17.0,4
CUST0002769,95438.0,4.88,496901.0,14.8,3,4.07,28.9,3
CUST0002770,103624.0,3.51,432139.0,19.8,2,3.12,24.5,2
CUST0002771,89751.0,1.12,310566.0,32.6,1,3.84,27.1,4
CUST0002772,118340.0,2.76,594684.0,40.4,1,2.35,11.9,5
CUST0002773,43244.0,6.61,185713.0,3.7,3,4.28,4.3,5
CUST0002774,77076.0,2.95,481717.0,27.3,0,4.9,4.7,1
CUST0002775,67601.0,7.72,347049.0,38.7,1,2.73,26.0,3
CUST0002776,84736.0,5.73,568392.0,45.0,1,2.5,22.7,4
CUST0002777,93411.0,6.79,463568.0,13.5,0,3.64,11.9,0
CUST0002778,86224.0,2.68,86556.0,33.1,3,2.06,9.6,2
CUST0002779,92577.0,1.36,121931.0,25.8,3,4.73,29.1,0
CUST0002780,91395.0,1.87,210406.0,28.3,1,3.51,28.8,2
CUST0002781,64251.0,1.89,200079.0,15.2,0,4.51,24.9,4
CUST0002782,30389.0,4.18,137238.0,32.9,1,4.6,8.1,2
CUST0002783,36543.0,5.23,333158.0,30.1,2,3.72,12.1,3
CUST0002784,114595.0,6.77,180975.0,36.8,2,2.57,32.5,1
CUST0002785,35713.0,2.82,307734.0,17.3,1,3.61,22.0,4
CUST0002786,89897.0,5.05,236221.0,26.7,1,2.87,35.4,1
CUST0002787,101930.0,9.82,543999.0,30.2,0,4.08,10.5,4
CUST0002788,90782.0,9.75,168067.0,44.7,2,3.09,13.9,1
CUST0002789,93499.0,8.29,311882.0,36.8,2,4.41,7.0,2
CUST0002790,86029.0,6.33,330186.0,13.7,0,3.99,18.3,3
CUST0002791,55348.0,1.41,121028.0,6.1,2,4.62,27.5,5
CUST0002792,91046.0,7.9,395457.0,32.6,1,3.09,7.6,5
CUST0002793,74114.0,7.78,328454.0,28.7,1,2.66,0.1,1
CUST0002794,93424.0,8.32,565292.0,41.1,1,2.89,20.3,1
CUST0002795,66807.0,9.21,131413.0,2.6,3,3.41,18.4,3
CUST0002796,91478.0,7.1,586602.0,27.9,0,2.63,11.2,2
CUST0002797,30165.0,8.94,172934.0,44.9,1,2.3,10.7,2
CUST0002798,96171.0,4.87,205645.0,25.5,2,4.53,1.0,2
CUST0002799,49971.0,3.22,86325.0,13.9,0,3.3,35.4,2
CUST0002800,101464.0,3.69,480815.0,15.7,2,4.54,23.6,3
CUST0002801,81215.0,7.9,194994.0,23.1,2,2.73,11.7,4
CUST0002802,116412.0,6.64,503891.0,14.8,1,4.58,7.5,4
CUST0002803,108526.0,3.76,502425.0,23.8,3,4.69,23.4,4
CUST0002804,47893.0,2.89,424455.0,15.0,0,3.01,11.4,4
CUST0002805,104060.0,3.78,340647.0,41.0,3,3.98,15.6,2
CUST0002806,30794.0,2.0,375298.0,8.5,1,4.25,13.6,7
CUST0002807,52089.0,8.64,533910.0,48.0,1,2.08,33.4,0
CUST0002808,57868.0,7.39,522819.0,9.7,3,4.53,37.8,6
CUST0002809,75182.0,9.27,493121.0,45.9,0,3.01,38.1,1
CUST0002810,64163.0,5.97,86308.0,18.7,0,3.55,15.9,0
CUST0002811,79523.0,9.75,560875.0,8.8,4,4.13,39.9,3
CUST0002812,39817.0,6.98,149034.0,35.5,1,3.78,34.8,2
CUST0002813,49174.0,7.88,387926.0,49.2,4,4.32,28.3,1
CUST0002814,90015.0,3.61,528247.0,34.9,1,4.14,38.2,3
CUST0002815,56949.0,8.92,298758.0,15.1,1,4.65,18.0,4
CUST0002816,59129.0,2.38,291726.0,19.5,4,2.21,24.1,6
CUST0002817,112331.0,6.53,565121.0,44.4,0,3.41,5.8,5
CUST0002818,79943.0,2.2,314721.0,45.9,0,2.64,23.5,4
CUST0002819,115523.0,7.64,146685.0,5.4,2,3.78,14.8,2
CUST0002820,82577.0,6.13,83931.0,20.0,3,4.25,23.4,4
CUST0002821,55776.0,4.71,242534.0,48.8,2,4.07,36.1,5
CUST0002822,48052.0,2.57,202880.0,30.9,1,2.4,32.5,4
CUST0002823,98148.0,5.01,233110.0,5.0,0,2.34,29.7,2
CUST0002824,62652.0,4.11,328477.0,15.6,0,4.12,26.5,4
CUST0002825,106396.0,1.17,175176.0,40.5,4,2.21,38.2,1
CUST0002826,75650.0,4.28,563418.0,1.8,2,2.38,7.9,2
CUST0002827,112322.0,8.17,386584.0,49.3,0,3.41,31.0,1
CUST0002828,37722.0,9.26,249226.0,16.3,4,4.96,2.6,2
CUST0002829,84815.0,2.47,313399.0,40.8,0,2.96,6.2,4
CUST0002830,37001.0,3.44,165295.0,7.6,0,2.96,29.8,6
CUST0002831,32529.0,6.99,575715.0,39.0,0,3.62,24.2,1
CUST0002832,87892.0,3.07,189567.0,34.8,1,3.56,21.6,2
CUST0002833,70200.0,5.58,511347.0,32.5,0,2.01,14.2,2
CUST0002834,69339.0,4.83,152868.0,22.8,0,4.31,27.1,2
CUST0002835,58470.0,1.58,278968.0,38.4,1,4.15,9.0,1
CUST0002836,46833.0,8.13,188202.0,5.5,3,4.1,19.0,1
CUST0002837,59964.0,7.15,429778.0,31.9,1,2.05,26.2,3
CUST0002838,100792.0,9.39,389317.0,17.0,0,2.95,34.7,3
CUST0002839,118923.0,7.77,318459.0,30.5,2,3.71,35.4,5
CUST0002840,59287.0,1.96,533648.0,18.1,1,3.82,25.5,4
CUST0002841,91653.0,9.8,556499.0,16.9,4,2.15,22.7,3
CUST0002842,67385.0,9.12,186246.0,31.6,2,2.71,11.6,2
CUST0002843,59562.0,9.54,324736.0,14.6,1,4.7,21.2,3
CUST0002844,101329.0,7.85,232076.0,39.1,1,4.94,38.8,4
CUST0002845,49648.0,2.12,448119.0,23.4,4,4.76,2.8,4
CUST0002846,103494.0,9.54,591988.0,34.4,0,4.2,18.0,5
CUST0002847,63099.0,9.18,322778.0,25.5,0,3.42,25.5,4
CUST0002848,63815.0,8.52,346143.0,29.6,0,3.76,31.0,1
CUST0002849,101688.0,2.24,139285.0,22.9,3,2.47,30.4,3
CUST0002850,46107.0,2.98,82527.0,28.9,0,3.88,21.1,2
CUST0002851,62677.0,3.8,585642.0,46.3,3,4.75,10.6,2
CUST0002852,70173.0,5.93,410864.0,39.2,2,2.29,7.6,4
CUST0002853,89838.0,7.11,535350.0,39.5,1,2.45,15.2,3
CUST0002854,108229.0,1.82,188930.0,16.4,2,3.22,2.9,1
CUST0002855,50844.0,1.54,483408.0,15.6,1,3.14,32.9,4
CUST0002856,53983.0,8.64,201439.0,46.0,3,4.69,14.6,0
CUST0002857,52076.0,2.33,249400.0,6.5,2,3.76,22.5,3
CUST0002858,90280.0,3.35,260248.0,38.2,1,2.39,8.4,7
CUST0002859,32562.0,5.89,118064.0,2.6,2,2.82,20.0,1
CUST0002860,57776.0,4.99,225803.0,29.3,0,3.22,10.6,3
CUST0002861,83481.0,3.67,598517.0,14.0,0,3.44,35.8,5
CUST0002862,70785.0,3.88,243408.0,30.1,0,4.39,14.0,4
CUST0002863,63608.0,9.96,268031.0,19.6,2,2.92,15.3,5
CUST0002864,97475.0,2.33,288496.0,24.8,1,4.15,10.3,9
CUST0002865,56095.0,5.63,267384.0,5.2,3,2.9,35.3,4
CUST0002866,49717.0,3.89,496077.0,10.3,2,3.36,37.6,4
CUST0002867,91115.0,4.88,462764.0,37.4,1,2.31,26.0,5
CUST0002868,109114.0,9.73,190820.0,25.1,1,2.15,35.8,3
CUST0002869,72424.0,2.94,373864.0,29.7,3,4.61,28.7,3
CUST0002870,75411.0,4.15,505628.0,40.3,2,2.24,39.6,6
CUST0002871,64462.0,3.13,97077.0,16.8,2,2.42,13.1,4
CUST0002872,88382.0,7.87,331105.0,18.7,0,2.56,26.0,6
CUST0002873,72308.0,9.95,293944.0,10.3,3,4.33,29.8,3
CUST0002874,66513.0,5.5,137674.0,10.8,1,3.11,38.4,1
CUST0002875,119948.0,6.78,453538.0,12.6,0,2.26,37.9,2
CUST0002876,96642.0,4.9,131093.0,34.2,2,4.69,1.1,1
CUST0002877,63850.0,5.58,344243.0,35.8,0,3.58,37.9,4
CUST0002878,46146.0,2.17,350451.0,48.0,0,4.1,16.1,2
CUST0002879,47069.0,3.36,220399.0,15.2,1,2.15,36.1,1
CUST0002880,118347.0,7.33,413322.0,9.1,0,4.72,3.6,2
CUST0002881,97593.0,2.18,303283.0,26.3,0,2.8,2.6,3
CUST0002882,43417.0,8.93,552759.0,9.9,1,3.11,32.3,4
CUST0002883,77208.0,10.0,501225.0,15.9,3,3.55,24.3,3
CUST0002884,91394.0,5.05,181259.0,41.5,2,2.59,19.5,3
CUST0002885,58936.0,6.95,449946.0,9.6,0,3.93,18.4,3
CUST0002886,68526.0,6.72,460843.0,36.0,3,2.11,38.2,6
CUST0002887,112025.0,3.57,288753.0,7.7,0,4.82,4.6,1
CUST0002888,81672.0,4.17,258732.0,27.0,0,3.37,18.7,4
CUST0002889,109029.0,3.06,203599.0,39.0,3,3.73,35.0,2
CUST0002890,110521.0,9.97,572918.0,22.4,3,2.88,13.5,4
CUST0002891,118470.0,9.81,430577.0,38.6,0,2.08,1.8,2
CUST0002892,47028.0,2.23,512786.0,26.3,2,4.97,11.6,6
CUST0002893,82454.0,9.71,170558.0,1.6,0,3.49,14.1,7
CUST0002894,31707.0,7.62,516415.0,20.3,1,2.52,35.5,2
CUST0002895,65297.0,6.54,553383.0,7.6,0,2.33,13.0,3
CUST0002896,50076.0,6.45,498952.0,21.7,3,3.05,23.4,1
CUST0002897,94438.0,9.84,209090.0,33.3,4,4.42,14.5,3
CUST0002898,40520.0,6.93,395970.0,4.6,3,3.28,2.6,2
CUST0002899,34568.0,5.86,356377.0,15.8,1,3.05,25.4,4
CUST0002900,108660.0,9.03,436206.0,31.4,1,3.31,23.9,3
CUST0002901,88517.0,4.39,554790.0,34.4,0,4.82,24.9,2
CUST0002902,94241.0,4.16,237754.0,35.5,3,3.54,22.0,2
CUST0002903,31992.0,6.11,95328.0,44.3,0,4.03,15.7,10
CUST0002904,35864.0,4.07,161574.0,1.2,3,2.18,13.4,0
CUST0002905,68123.0,4.51,140712.0,33.5,3,3.52,34.9,0
CUST0002906,109877.0,9.0,457895.0,5.5,2,4.9,10.0,3
CUST0002907,100546.0,1.1,564975.0,49.5,0,2.78,33.0,5
CUST0002908,34499.0,2.03,293362.0,28.7,0,2.66,27.8,1
CUST0002909,52668.0,8.93,340016.0,2.9,0,4.85,31.0,4
CUST0002910,105228.0,9.92,544932.0,43.5,0,4.97,24.6,3
CUST0002911,71970.0,3.99,496887.0,1.6,1,4.19,37.2,0
CUST0002912,39535.0,3.81,218801.0,37.3,1,4.03,26.2,2
CUST0002913,58090.0,6.18,168037.0,35.5,0,2.37,13.7,2
CUST0002914,119527.0,6.34,412667.0,41.7,2,2.6,25.6,5
CUST0002915,61832.0,2.69,560626.0,19.7,1,2.88,24.5,2
CUST0002916,55888.0,1.65,539640.0,20.1,3,4.11,29.0,4
CUST0002917,65527.0,4.73,346435.0,10.2,0,4.23,3.6,5
CUST0002918,69772.0,8.69,424811.0,34.2,2,3.93,21.3,3
CUST0002919,107764.0,8.94,391001.0,30.3,0,4.08,27.4,4
CUST0002920,88500.0,3.43,483710.0,16.0,2,4.28,33.0,2
CUST0002921,49099.0,7.08,306014.0,2.3,3,2.58,10.4,5
CUST0002922,83494.0,6.85,443357.0,43.9,0,4.12,7.8,4
CUST0002923,108990.0,3.96,556237.0,30.0,0,4.38,8.7,7
CUST0002924,77674.0,9.35,218173.0,18.1,0,4.6,39.5,4
CUST0002925,104584.0,3.17,516018.0,45.7,0,3.38,0.7,2
CUST0002926,76489.0,2.56,539964.0,50.0,0,4.83,22.4,4
CUST0002927,72210.0,2.72,499355.0,25.3,2,2.76,23.1,1
CUST0002928,73550.0,3.01,364888.0,20.0,0,2.31,30.3,4
CUST0002929,56447.0,9.51,419262.0,13.3,1,4.07,5.0,9
CUST0002930,103344.0,1.76,444404.0,32.5,2,3.33,24.5,4
CUST0002931,106645.0,4.48,205987.0,41.3,0,3.01,7.0,3
CUST0002932,37863.0,1.8,588499.0,12.7,2,3.66,9.2,2
CUST0002933,64788.0,5.79,229054.0,9.2,1,4.06,3.7,6
CUST0002934,79797.0,8.61,316688.0,9.4,0,3.46,0.1,5
CUST0002935,95704.0,4.72,481921.0,47.7,1,4.9,4.5,5
CUST0002936,75800.0,4.39,526007.0,27.1,0,2.19,39.2,3
CUST0002937,81527.0,9.07,325470.0,27.9,1,2.6,30.2,2
CUST0002938,100483.0,8.32,587635.0,11.5,1,3.71,1.1,2
CUST0002939,91755.0,3.18,86602.0,14.3,0,2.96,25.1,2
CUST0002940,71787.0,6.33,557427.0,42.0,2,4.7,20.9,4
CUST0002941,98024.0,8.47,88300.0,31.6,4,4.48,29.2,5
CUST0002942,97138.0,1.45,585844.0,2.0,3,3.39,30.6,1
CUST0002943,83114.0,9.09,304095.0,2.4,0,2.64,37.7,3
CUST0002944,72484.0,9.11,581645.0,26.4,1,2.94,25.0,3
CUST0002945,58808.0,3.6,501125.0,22.0,0,2.09,28.7,5
CUST0002946,66328.0,7.68,90316.0,34.1,1,3.97,21.2,2
CUST0002947,35697.0,6.06,446162.0,37.0,0,4.36,17.9,1
CUST0002948,55669.0,9.74,325431.0,8.8,1,2.47,17.7,3
CUST0002949,31953.0,9.07,339383.0,37.6,3,3.71,3.3,3
CUST0002950,86045.0,2.21,300552.0,27.9,4,2.05,11.2,1
CUST0002951,40352.0,4.88,449852.0,46.1,1,4.68,2.6,1
CUST0002952,58864.0,7.37,484769.0,11.2,1,3.57,2.1,3
CUST0002953,59538.0,9.8,331309.0,19.7,0,3.4,13.8,3
CUST0002954,106216.0,9.14,461638.0,4.8,0,2.41,7.5,3
CUST0002955,108943.0,8.48,255563.0,12.5,3,2.99,28.2,3
CUST0002956,64778.0,1.3,138365.0,12.6,3,3.48,20.3,1
CUST0002957,82083.0,8.94,588968.0,36.5,0,2.56,22.2,3
CUST0002958,76448.0,1.74,104343.0,14.9,0,4.19,18.3,2
CUST0002959,54642.0,7.95,491503.0,44.3,1,3.89,6.0,2
CUST0002960,79986.0,4.2,326466.0,25.4,0,4.7,12.5,7
CUST0002961,66403.0,7.8,350686.0,5.4,3,4.92,20.7,5
CUST0002962,60106.0,8.33,576733.0,40.3,1,4.06,15.3,4
CUST0002963,38687.0,1.85,281959.0,13.0,1,4.46,30.8,5
CUST0002964,90507.0,9.03,390551.0,34.0,2,4.81,3.8,2
CUST0002965,38707.0,3.59,243598.0,42.1,0,4.62,37.2,2
CUST0002966,38963.0,5.28,394475.0,48.8,2,4.61,11.3,2
CUST0002967,74483.0,6.78,121473.0,2.1,0,3.51,37.0,3
CUST0002968,109163.0,5.97,318678.0,38.1,1,4.04,1.1,5
CUST0002969,90643.0,6.92,331868.0,16.5,2,3.91,29.3,2
CUST0002970,70677.0,6.38,333595.0,22.6,1,3.59,4.2,6
CUST0002971,52092.0,3.64,187907.0,26.6,2,2.85,20.0,2
CUST0002972,56235.0,5.13,166021.0,41.5,4,4.13,10.4,2
CUST0002973,40877.0,5.94,591178.0,12.6,0,2.22,32.3,5
CUST0002974,48619.0,9.78,257710.0,12.2,3,3.85,20.0,2
CUST0002975,99378.0,5.14,257716.0,10.8,4,4.89,6.7,0
CUST0002976,104086.0,9.54,290329.0,16.7,0,4.28,28.3,2
CUST0002977,76098.0,9.64,432100.0,29.7,1,3.7,31.5,2
CUST0002978,37066.0,6.63,599096.0,47.2,0,4.85,29.2,3
CUST0002979,93151.0,7.41,544914.0,3.8,2,3.39,9.8,3
CUST0002980,113861.0,2.01,428790.0,17.0,1,2.3,23.3,1
CUST0002981,84510.0,5.46,431276.0,27.1,1,2.42,21.1,1
CUST0002982,72139.0,7.32,216112.0,21.7,1,2.3,35.8,2
CUST0002983,39303.0,4.03,555804.0,4.4,0,3.36,6.1,4
CUST0002984,59215.0,6.87,146984.0,21.4,2,2.3,8.1,5
CUST0002985,41846.0,2.93,500268.0,13.9,3,4.36,15.8,5
CUST0002986,52399.0,9.03,349176.0,29.3,1,4.48,30.5,4
CUST0002987,42936.0,8.04,173498.0,3.1,0,2.02,10.6,5
CUST0002988,103191.0,9.13,294712.0,25.8,3,2.53,13.9,1
CUST0002989,98633.0,3.28,212531.0,32.6,0,2.89,8.2,2
CUST0002990,58810.0,9.12,501752.0,15.1,0,2.73,5.6,3
CUST0002991,105241.0,9.64,232681.0,44.3,3,3.29,35.3,3
CUST0002992,105236.0,9.32,218808.0,48.5,1,4.23,3.9,1
CUST0002993,47049.0,3.2,282403.0,2.9,3,2.77,13.6,2
CUST0002994,68326.0,3.18,158849.0,41.2,1,4.27,36.3,6
CUST0002995,81643.0,5.75,324393.0,7.5,4,4.98,1.2,3
CUST0002996,62198.0,7.07,210877.0,21.4,3,3.23,6.0,7
CUST0002997,80205.0,6.01,154922.0,5.5,2,2.81,9.4,4
CUST0002998,44432.0,3.21,358143.0,20.2,1,2.84,25.2,1
CUST0002999,81802.0,2.68,279324.0,39.4,1,4.0,5.3,2
CUST0003000,43310.0,3.49,136954.0,22.4,0,4.8,8.5,1
CUST0003001,56494.0,7.2,382711.0,6.0,0,3.5,14.4,3
CUST0003002,30359.0,6.95,267785.0,32.8,4,3.26,29.7,6
CUST0003003,47077.0,7.21,293166.0,34.0,0,4.53,16.4,4
CUST0003004,39770.0,8.36,582519.0,27.2,0,3.01,20.4,4
CUST0003005,107160.0,5.24,298911.0,29.0,1,3.83,10.3,4
CUST0003006,102102.0,4.38,87085.0,19.3,0,3.22,31.3,3
CUST0003007,79488.0,1.95,191707.0,16.2,0,2.79,14.3,3
CUST0003008,51809.0,3.94,436227.0,42.0,0,2.34,24.6,4
CUST0003009,54084.0,3.13,375090.0,5.7,0,2.3,9.4,3
CUST0003010,38326.0,9.95,276291.0,31.9,0,3.84,9.2,1
CUST0003011,117019.0,1.66,437275.0,33.8,2,2.84,6.4,0
CUST0003012,86026.0,1.03,599827.0,7.0,4,2.35,25.5,3
CUST0003013,41150.0,3.95,477473.0,33.1,0,2.42,10.2,5
CUST0003014,71962.0,1.37,266803.0,16.8,2,4.3,1.9,2
CUST0003015,109306.0,6.4,340182.0,15.8,4,4.38,34.1,2
CUST0003016,105502.0,4.41,248757.0,18.7,1,2.12,31.4,5
CUST0003017,45319.0,8.95,584366.0,0.9,0,3.32,29.1,2
CUST0003018,52884.0,1.16,241388.0,41.7,1,2.6,29.1,4
CUST0003019,116582.0,4.15,362128.0,2.0,0,4.65,7.1,0
CUST0003020,119509.0,2.64,127454.0,15.0,2,2.26,22.9,4
CUST0003021,35817.0,5.69,424172.0,37.4,1,3.73,0.2,1
CUST0003022,116522.0,3.67,196505.0,44.8,1,3.41,10.4,2
CUST0003023,56362.0,2.24,516881.0,42.7,3,2.32,17.2,3
CUST0003024,103215.0,9.95,585622.0,33.4,2,3.1,4.0,1
CUST0003025,94050.0,7.21,281635.0,27.9,1,2.82,28.7,6
CUST0003026,35038.0,4.9,506944.0,2.9,2,4.29,23.6,1
CUST0003027,79290.0,2.07,243126.0,29.9,0,3.43,12.9,1
CUST0003028,56286.0,9.08,374564.0,11.3,0,2.37,21.7,3
CUST0003029,112031.0,2.45,156763.0,49.1,1,2.1,18.2,3
CUST0003030,94953.0,9.67,596837.0,3.1,2,4.43,18.1,2
CUST0003031,64653.0,2.75,544568.0,8.8,1,4.48,32.7,2
CUST0003032,70013.0,1.62,342831.0,24.0,2,4.12,28.4,2
CUST0003033,93034.0,7.81,272793.0,41.0,1,2.22,33.8,1
CUST0003034,40453.0,3.58,364348.0,22.8,3,3.35,11.3,5
CUST0003035,82323.0,1.87,216317.0,26.9,0,2.92,16.5,3
CUST0003036,31729.0,1.82,412323.0,37.5,3,3.88,32.9,5
CUST0003037,38249.0,3.81,290299.0,3.5,0,3.31,9.6,4
CUST0003038,46207.0,5.51,117876.0,38.0,1,3.77,32.2,7
CUST0003039,34822.0,9.36,125287.0,48.1,1,2.44,12.7,2
CUST0003040,53699.0,1.83,348297.0,27.7,1,3.33,28.0,2
CUST0003041,36349.0,8.73,253751.0,45.3,0,4.08,23.1,1
CUST0003042,81688.0,2.57,220322.0,36.9,2,2.94,10.2,3
CUST0003043,57116.0,8.05,254103.0,45.8,1,4.55,17.4,4
CUST0003044,51065.0,4.07,268720.0,49.3,2,4.68,2.8,1
CUST0003045,89575.0,9.83,298474.0,25.8,0,2.71,5.9,3
CUST0003046,98606.0,5.47,252177.0,18.6,0,2.85,8.7,4
CUST0003047,54867.0,1.38,533005.0,39.2,2,4.32,4.5,2
CUST0003048,56545.0,1.29,203936.0,7.4,1,2.94,10.2,4
CUST0003049,44937.0,2.1,426965.0,4.3,2,2.4,21.0,1
CUST0003050,114168.0,5.86,319831.0,42.2,1,3.3,5.5,5
CUST0003051,46603.0,4.42,221553.0,24.7,2,4.51,12.6,3
CUST0003052,32079.0,3.26,467228.0,35.9,4,3.56,12.1,0
CUST0003053,96610.0,9.12,170569.0,20.1,0,2.79,0.2,2
CUST0003054,37948.0,3.9,135293.0,1.1,2,2.9,2.6,4
CUST0003055,47730.0,4.73,117127.0,41.6,2,4.99,18.6,4
CUST0003056,68115.0,1.95,381062.0,44.7,3,3.36,7.0,1
CUST0003057,57013.0,6.63,590947.0,39.9,0,2.24,16.2,7
CUST0003058,95697.0,6.63,330378.0,9.9,1,3.45,8.3,5
CUST0003059,73970.0,9.8,483030.0,22.3,0,2.45,26.7,5
CUST0003060,76320.0,7.1,146355.0,18.8,1,4.61,26.9,2
CUST0003061,56954.0,5.42,192451.0,29.7,2,4.33,23.0,0
CUST0003062,55932.0,8.07,303346.0,8.0,1,3.11,32.8,2
CUST0003063,98352.0,8.82,478243.0,41.0,2,2.18,23.7,1
CUST0003064,40700.0,1.2,540260.0,33.7,1,4.51,26.8,2
CUST0003065,74482.0,8.25,110263.0,14.2,0,4.28,23.1,3
CUST0003066,108719.0,9.91,295548.0,33.9,0,2.56,7.7,2
CUST0003067,71188.0,7.79,521010.0,20.4,2,4.2,24.6,5
CUST0003068,104187.0,7.78,482796.0,48.7,0,2.76,35.0,4
CUST0003069,103898.0,6.58,199009.0,21.4,2,4.55,34.6,3
CUST0003070,46273.0,6.9,318242.0,11.1,2,3.33,27.6,3
CUST0003071,44726.0,3.45,125984.0,34.4,3,2.93,33.2,2
CUST0003072,95039.0,2.47,334252.0,15.4,1,4.79,11.1,6
CUST0003073,115965.0,2.08,188204.0,34.0,1,3.84,32.4,5
CUST0003074,60018.0,4.05,455468.0,38.9,0,4.33,18.8,5
CUST0003075,41003.0,9.16,250497.0,13.3,0,3.03,26.2,5
CUST0003076,62382.0,1.79,232998.0,46.0,1,2.99,1.7,1
CUST0003077,74381.0,3.6,380412.0,21.9,2,4.1,4.5,2
CUST0003078,93049.0,1.33,561571.0,33.5,1,3.75,30.9,3
CUST0003079,97708.0,7.05,183727.0,35.4,2,3.48,2.7,4
CUST0003080,62562.0,4.9,442935.0,48.4,2,4.11,16.0,3
CUST0003081,64156.0,8.67,227394.0,30.3,3,2.05,5.7,4
CUST0003082,35767.0,3.23,435093.0,33.3,4,3.72,35.0,1
CUST0003083,38486.0,1.32,527386.0,42.7,1,3.33,29.8,4
CUST0003084,81430.0,9.51,367628.0,50.0,1,3.3,25.8,2
CUST0003085,52618.0,7.71,424173.0,26.1,1,2.02,32.6,1
CUST0003086,104753.0,3.2,140753.0,13.1,4,2.19,2.8,4
CUST0003087,98599.0,6.52,123877.0,43.4,2,2.79,17.8,4
CUST0003088,78406.0,5.8,523745.0,46.2,0,3.21,12.5,0
CUST0003089,30831.0,3.8,360811.0,30.3,1,4.23,39.2,2
CUST0003090,47770.0,5.54,157032.0,26.8,3,4.42,31.2,6
CUST0003091,89149.0,1.53,573655.0,24.2,1,2.38,34.2,2
CUST0003092,88130.0,8.18,434583.0,37.3,2,2.25,18.5,2
CUST0003093,106433.0,8.91,437523.0,47.8,3,2.63,5.1,1
CUST0003094,109931.0,8.54,547040.0,4.8,2,3.65,7.5,3
CUST0003095,66364.0,3.97,591593.0,46.5,1,4.11,25.1,3
CUST0003096,43920.0,3.87,132111.0,15.4,0,4.73,0.1,1
CUST0003097,61489.0,1.35,269089.0,43.2,1,4.55,25.4,3
CUST0003098,44752.0,2.06,357889.0,3.8,0,2.76,11.0,1
CUST0003099,105874.0,6.81,234595.0,22.7,2,3.65,3.9,3
CUST0003100,71596.0,3.86,554570.0,12.8,4,2.68,25.7,0
CUST0003101,67258.0,9.89,348408.0,17.4,1,3.14,2.9,2
CUST0003102,114569.0,8.11,128803.0,46.7,0,3.21,20.9,4
CUST0003103,54115.0,6.69,313152.0,15.0,3,2.58,6.9,3
CUST0003104,34491.0,1.26,439617.0,49.9,2,2.36,23.6,2
CUST0003105,85490.0,2.44,213457.0,37.8,0,3.27,25.1,5
CUST0003106,44054.0,2.21,277929.0,17.8,1,4.14,30.9,2
CUST0003107,78087.0,4.02,459498.0,37.3,3,2.67,4.1,5
CUST0003108,75831.0,3.36,520862.0,35.7,1,2.51,28.9,5
CUST0003109,49354.0,3.99,213038.0,26.1,1,4.26,6.8,1
CUST0003110,44517.0,9.08,406983.0,37.1,1,4.62,21.6,4
CUST0003111,105795.0,5.03,540050.0,11.3,0,3.23,19.4,4
CUST0003112,48013.0,1.32,236164.0,3.5,3,2.14,34.2,1
CUST0003113,90346.0,2.72,112143.0,9.4,3,3.31,31.9,5
CUST0003114,40587.0,4.12,380955.0,24.4,1,2.75,36.2,4
CUST0003115,55505.0,6.97,452881.0,40.9,3,2.21,11.8,1
CUST0003116,62553.0,3.12,550881.0,19.8,2,2.85,14.9,7
CUST0003117,108787.0,2.68,140932.0,42.4,0,2.08,35.4,7
CUST0003118,102761.0,1.06,144278.0,7.6,0,4.04,4.3,0
CUST0003119,115391.0,3.66,480270.0,21.7,1,4.83,7.5,3
CUST0003120,30285.0,1.86,446357.0,14.8,1,4.13,13.0,4
CUST0003121,60075.0,7.61,286240.0,4.4,0,4.27,35.2,2
CUST0003122,87080.0,5.56,369677.0,43.3,0,4.82,37.0,5
CUST0003123,76144.0,2.0,175796.0,29.1,4,4.39,22.8,6
CUST0003124,111000.0,6.07,512292.0,2.8,1,2.95,27.3,5
CUST0003125,50775.0,4.07,223504.0,38.1,3,3.74,32.7,1
CUST0003126,54729.0,6.07,276044.0,41.6,1,4.05,25.7,3
CUST0003127,42723.0,9.23,131738.0,35.4,0,2.81,33.0,6
CUST0003128,99441.0,5.41,591223.0,41.4,0,2.92,0.9,3
CUST0003129,39640.0,8.67,374097.0,22.9,0,3.65,27.6,2
CUST0003130,82762.0,4.91,509484.0,33.5,2,2.82,20.2,1
CUST0003131,40917.0,4.03,347702.0,15.6,0,2.59,17.0,1
CUST0003132,37189.0,2.13,377868.0,36.7,0,4.7,0.9,6
CUST0003133,40949.0,3.69,238290.0,36.8,2,3.2,1.3,3
CUST0003134,57246.0,9.23,375012.0,20.3,0,2.17,12.2,3
CUST0003135,45717.0,9.44,367445.0,14.2,0,2.71,15.9,5
CUST0003136,63788.0,5.4,244777.0,30.9,2,2.39,32.4,2
CUST0003137,99797.0,6.77,529064.0,28.3,0,2.46,3.2,4
CUST0003138,116575.0,4.82,481572.0,39.6,0,4.09,25.2,0
CUST0003139,82528.0,8.96,377500.0,17.7,2,3.42,26.3,2
CUST0003140,76948.0,9.8,453388.0,21.5,2,4.53,29.4,3
CUST0003141,40992.0,5.57,552981.0,31.2,3,4.19,29.3,2
CUST0003142,78419.0,1.56,394536.0,9.8,1,2.18,36.7,3
CUST0003143,97227.0,8.02,254557.0,27.7,1,2.8,10.5,2
CUST0003144,45882.0,7.13,447752.0,49.7,0,4.99,32.1,3
CUST0003145,53043.0,9.32,410409.0,28.0,2,2.51,15.6,3
CUST0003146,84164.0,2.73,534131.0,31.8,0,3.96,7.0,7
CUST0003147,98039.0,9.94,184700.0,2.4,0,2.89,36.2,5
CUST0003148,103977.0,4.34,473062.0,24.3,0,2.71,12.6,5
CUST0003149,92521.0,8.59,231423.0,37.9,2,4.47,3.1,1
CUST0003150,54143.0,5.02,444857.0,17.8,0,4.27,36.0,5
CUST0003151,100386.0,6.52,345031.0,21.7,4,4.77,19.7,2
CUST0003152,52293.0,8.42,447557.0,16.6,1,3.9,21.5,6
CUST0003153,91733.0,8.68,431389.0,48.0,2,2.93,32.8,8
CUST0003154,62607.0,9.81,393992.0,0.7,0,4.0,18.8,2
CUST0003155,103973.0,4.08,409948.0,1.1,0,4.8,36.0,3
CUST0003156,79456.0,6.94,163377.0,9.0,1,3.1,37.3,5
CUST0003157,44831.0,4.31,450166.0,44.6,3,2.75,39.5,1
CUST0003158,76494.0,2.17,382337.0,37.6,2,2.59,10.1,2
CUST0003159,32196.0,7.45,575483.0,41.0,0,4.88,12.9,1
CUST0003160,84142.0,8.83,475727.0,41.7,1,2.41,4.1,2
CUST0003161,42576.0,9.44,109521.0,22.1,2,3.32,17.5,1
CUST0003162,102505.0,8.87,549998.0,24.0,1,4.83,19.0,1
CUST0003163,108912.0,3.73,218160.0,0.8,2,2.45,38.4,1
CUST0003164,57357.0,1.33,311857.0,43.8,1,4.97,4.3,7
CUST0003165,74205.0,6.44,364748.0,48.5,1,3.59,29.3,1
CUST0003166,49990.0,3.51,164073.0,49.7,0,2.6,4.1,3
CUST0003167,93374.0,7.89,280968.0,18.8,1,2.35,32.3,8
CUST0003168,34815.0,9.44,595111.0,45.0,0,4.44,35.8,4
CUST0003169,118410.0,6.6,372032.0,12.5,0,3.36,36.3,6
CUST0003170,48658.0,8.37,173384.0,49.0,2,2.56,10.7,2
CUST0003171,103599.0,5.7,471508.0,39.9,3,3.82,8.3,0
CUST0003172,99406.0,1.87,250258.0,8.4,1,4.09,12.9,1
CUST0003173,97530.0,4.97,154001.0,11.3,2,2.65,34.8,4
CUST0003174,111153.0,3.76,377336.0,19.8,0,4.16,4.4,1
CUST0003175,116480.0,5.04,286727.0,26.9,1,2.6,1.6,3
CUST0003176,62039.0,2.19,231789.0,19.1,2,3.02,30.6,2
CUST0003177,90757.0,4.24,236222.0,41.6,0,3.04,20.9,5
CUST0003178,94819.0,6.39,127817.0,11.0,1,4.66,30.8,4
CUST0003179,32350.0,7.11,475012.0,38.9,0,2.23,15.7,3
CUST0003180,110353.0,6.14,346697.0,7.1,3,3.83,22.8,3
CUST0003181,103570.0,7.5,408334.0,4.7,1,4.35,2.6,2
CUST0003182,33055.0,1.33,577543.0,10.3,0,2.66,22.4,1
CUST0003183,87762.0,5.07,460143.0,13.9,0,4.22,16.4,2
CUST0003184,95702.0,3.77,270082.0,48.1,3,3.31,31.6,6
CUST0003185,98394.0,3.82,299102.0,14.4,1,3.84,23.4,3
CUST0003186,63372.0,5.22,227620.0,6.4,0,4.76,38.8,3
CUST0003187,77236.0,4.84,291297.0,47.2,1,2.69,2.6,2
CUST0003188,90125.0,3.75,271440.0,34.5,0,3.27,7.8,5
CUST0003189,98834.0,2.68,564293.0,3.3,0,4.65,22.5,4
CUST0003190,114960.0,9.17,433447.0,32.5,0,3.65,0.3,3
CUST0003191,70816.0,4.3,417762.0,49.5,0,2.13,25.7,6
CUST0003192,68786.0,3.83,473055.0,25.9,2,2.97,28.1,0
CUST0003193,117222.0,7.49,145424.0,15.8,1,2.85,21.7,4
CUST0003194,42625.0,6.96,434453.0,39.3,1,4.75,6.2,1
CUST0003195,111449.0,3.1,452444.0,17.4,0,4.09,32.0,3
CUST0003196,40619.0,4.28,438353.0,14.6,2,3.02,13.9,3
CUST0003197,69280.0,5.85,273317.0,14.2,0,2.8,33.8,5
CUST0003198,89555.0,8.35,377233.0,39.6,0,3.49,5.0,1
CUST0003199,81566.0,3.58,180863.0,38.3,1,4.98,3.8,6
CUST0003200,79751.0,4.84,500805.0,49.9,0,3.7,39.2,2
CUST0003201,34954.0,8.51,259877.0,48.3,0,3.24,26.5,4
CUST0003202,65477.0,5.61,305465.0,32.4,3,2.04,23.6,3
CUST0003203,41987.0,4.53,479901.0,17.1,1,2.38,6.4,1
CUST0003204,60333.0,3.37,587683.0,44.0,2,3.34,20.4,2
CUST0003205,38662.0,6.78,90543.0,16.3,1,2.16,35.0,5
CUST0003206,100976.0,7.02,189470.0,47.8,0,4.74,9.7,6
CUST0003207,105169.0,7.02,573840.0,10.6,1,4.89,18.1,5
CUST0003208,75593.0,9.58,354452.0,15.8,1,4.72,16.3,5
CUST0003209,32953.0,2.77,496186.0,20.6,1,2.37,27.2,3
CUST0003210,107114.0,3.56,452893.0,35.5,2,2.15,19.0,1
CUST0003211,104026.0,6.09,80253.0,47.2,1,3.02,18.9,3
CUST0003212,115085.0,8.91,306486.0,16.1,2,2.35,6.0,1
CUST0003213,58267.0,8.55,368184.0,23.5,0,3.84,26.8,3
CUST0003214,39723.0,5.3,521375.0,46.3,0,3.1,38.3,4
CUST0003215,103761.0,6.14,109347.0,8.9,2,4.79,31.3,2
CUST0003216,37829.0,7.93,360636.0,31.5,0,3.34,12.0,3
CUST0003217,44394.0,5.06,489290.0,40.9,3,4.47,26.6,0
CUST0003218,40709.0,5.44,139757.0,35.3,2,4.48,27.3,4
CUST0003219,93710.0,7.31,440693.0,30.7,1,2.87,16.9,1
CUST0003220,57431.0,2.57,596696.0,48.4,0,4.18,18.9,6
CUST0003221,98691.0,5.47,550121.0,17.7,2,3.98,3.8,2
CUST0003222,33662.0,9.63,176768.0,42.5,0,4.52,7.2,0
CUST0003223,108225.0,2.15,166431.0,7.2,1,4.33,29.5,2
CUST0003224,39210.0,4.66,470647.0,47.6,0,3.42,32.8,1
CUST0003225,105931.0,7.46,147787.0,4.6,0,4.84,29.0,5
CUST0003226,40462.0,9.97,297615.0,43.9,1,2.49,19.7,3
CUST0003227,60948.0,9.03,200579.0,48.3,0,3.51,35.1,3
CUST0003228,104006.0,2.82,102664.0,47.5,2,2.65,34.3,5
CUST0003229,84030.0,5.72,407579.0,29.8,2,3.36,26.5,1
CUST0003230,99608.0,8.57,452433.0,7.2,3,2.51,8.9,6
CUST0003231,105867.0,9.1,293061.0,18.1,4,3.89,31.3,5
CUST0003232,69587.0,9.99,567195.0,13.4,0,2.75,20.9,3
CUST0003233,110589.0,6.6,147527.0,37.8,1,4.32,5.8,4
CUST0003234,101394.0,2.7,551043.0,49.1,1,3.61,1.0,5
CUST0003235,48665.0,5.77,568393.0,25.6,0,3.51,19.2,0
CUST0003236,69972.0,6.75,531957.0,38.8,4,3.53,19.1,5
CUST0003237,58901.0,4.64,229744.0,10.2,3,4.44,26.7,0
CUST0003238,72032.0,9.87,266760.0,14.8,3,2.04,21.0,1
CUST0003239,78445.0,2.56,106702.0,40.2,1,3.1,6.2,3
CUST0003240,86443.0,5.17,178579.0,15.1,1,4.82,5.2,2
CUST0003241,63728.0,8.88,420354.0,38.6,1,2.5,38.7,0
CUST0003242,32066.0,6.35,102088.0,43.0,0,4.84,1.2,2
CUST0003243,41832.0,7.16,235207.0,27.3,0,4.4,9.6,2
CUST0003244,118537.0,2.88,595531.0,24.6,1,3.87,24.9,6
CUST0003245,32626.0,4.47,565005.0,7.7,3,3.27,31.2,4
CUST0003246,89369.0,2.06,251115.0,45.7,1,2.04,27.7,3
CUST0003247,79185.0,2.65,405771.0,19.0,2,2.15,30.8,3
CUST0003248,66113.0,2.75,444588.0,30.9,3,2.07,13.3,1
CUST0003249,64729.0,5.04,173918.0,17.8,2,2.41,34.8,3
CUST0003250,59124.0,4.16,127978.0,1.2,1,4.57,27.1,5
CUST0003251,113730.0,6.72,478964.0,38.2,0,2.05,21.2,2
CUST0003252,74401.0,6.16,542492.0,21.9,2,3.73,7.9,1
CUST0003253,62440.0,7.46,465888.0,43.6,1,3.14,18.9,3
CUST0003254,102152.0,9.91,108422.0,9.0,0,3.5,21.5,3
CUST0003255,53447.0,4.68,510264.0,41.4,1,4.16,4.5,4
CUST0003256,55138.0,8.46,97576.0,25.0,0,2.67,31.2,5
CUST0003257,105803.0,3.73,181852.0,16.3,2,2.48,35.3,3
CUST0003258,93913.0,3.83,279284.0,24.9,1,2.25,36.6,5
CUST0003259,49776.0,2.65,250298.0,7.0,3,4.42,5.5,5
CUST0003260,106685.0,6.9,308150.0,23.5,1,4.11,29.8,1
CUST0003261,63165.0,5.44,260984.0,25.3,1,4.11,17.2,3
CUST0003262,56660.0,2.91,351050.0,44.2,1,3.84,19.4,4
CUST0003263,94484.0,2.49,306002.0,11.8,2,4.23,38.9,5
CUST0003264,109988.0,6.32,478133.0,38.8,3,2.15,5.0,4
CUST0003265,91076.0,8.71,429233.0,29.5,3,3.99,28.8,4
CUST0003266,115510.0,6.51,304522.0,25.9,0,3.21,14.2,6
CUST0003267,74726.0,7.97,96901.0,1.1,0,3.38,12.7,7
CUST0003268,84980.0,2.07,515710.0,41.1,4,4.84,36.9,1
CUST0003269,35210.0,6.17,218990.0,6.0,1,3.09,18.4,5
CUST0003270,69415.0,1.55,325764.0,44.7,4,2.27,25.7,5
CUST0003271,45219.0,4.67,501722.0,16.1,0,2.83,9.3,3
CUST0003272,90499.0,7.14,247328.0,32.3,1,3.99,26.2,5
CUST0003273,106264.0,2.24,534340.0,10.9,2,3.74,25.6,0
CUST0003274,102101.0,3.91,330965.0,43.2,0,3.73,32.9,1
CUST0003275,90893.0,1.6,578163.0,37.2,2,4.23,6.6,3
CUST0003276,109539.0,5.05,227908.0,5.0,0,3.56,11.5,3
CUST0003277,81152.0,2.81,412311.0,35.2,1,4.37,37.7,2
CUST0003278,103118.0,9.28,398756.0,47.2,0,2.1,3.1,5
CUST0003279,119282.0,7.55,288905.0,13.1,0,2.94,23.1,3
CUST0003280,81978.0,3.06,481898.0,25.0,0,3.08,5.3,2
CUST0003281,37941.0,3.64,394802.0,41.2,1,3.91,31.8,2
CUST0003282,105458.0,3.95,121999.0,17.5,0,2.03,13.4,5
CUST0003283,60302.0,3.48,406065.0,47.5,1,4.58,38.1,1
CUST0003284,39278.0,9.19,447842.0,33.1,0,4.92,1.6,2
CUST0003285,95565.0,1.58,579761.0,40.9,2,2.09,14.6,3
CUST0003286,35877.0,9.8,198884.0,15.9,0,4.72,30.0,4
CUST0003287,79367.0,7.72,455845.0,21.5,1,4.68,12.5,4
CUST0003288,117982.0,4.46,172376.0,6.5,2,3.79,1.4,4
CUST0003289,99652.0,5.91,104585.0,1.8,0,3.15,21.8,1
CUST0003290,81948.0,4.56,431479.0,29.3,4,4.69,9.6,2
CUST0003291,67715.0,1.75,159379.0,41.7,2,3.42,18.1,1
CUST0003292,99297.0,8.86,334487.0,19.1,2,3.49,31.9,6
CUST0003293,94776.0,9.97,172259.0,1.9,3,4.93,5.5,3
CUST0003294,85300.0,6.27,313942.0,47.6,0,4.38,2.1,3
CUST0003295,57569.0,6.13,549695.0,26.8,4,3.8,39.7,2
CUST0003296,48197.0,3.83,391378.0,16.3,0,4.69,20.0,0
CUST0003297,93651.0,2.08,108815.0,8.8,0,3.95,1.5,1
CUST0003298,102632.0,9.2,207791.0,39.4,1,2.88,30.2,3
CUST0003299,49617.0,5.59,482211.0,14.0,2,3.43,0.8,2
CUST0003300,74892.0,2.79,338820.0,19.3,0,3.12,6.9,4
CUST0003301,118747.0,9.97,393699.0,16.7,3,2.28,32.8,5
CUST0003302,67427.0,4.25,175185.0,22.1,3,4.64,11.1,3
CUST0003303,42208.0,3.29,268868.0,8.3,1,2.34,11.1,3
CUST0003304,82488.0,9.3,330379.0,23.8,0,4.45,33.0,6
CUST0003305,49148.0,5.71,118264.0,34.5,1,4.36,37.9,2
CUST0003306,41550.0,8.15,407188.0,16.8,0,3.96,29.8,8
CUST0003307,91490.0,2.93,266427.0,13.6,2,2.62,3.5,6
CUST0003308,31017.0,1.74,369666.0,27.5,2,2.64,20.2,2
CUST0003309,60817.0,7.55,126479.0,7.4,2,4.95,7.6,2
CUST0003310,91335.0,7.84,95866.0,13.5,4,4.91,27.0,3
CUST0003311,56805.0,1.89,579917.0,11.1,0,2.19,20.1,4
CUST0003312,105745.0,5.02,392157.0,5.2,2,4.79,1.3,1
CUST0003313,40635.0,6.43,236626.0,2.4,1,3.33,16.7,8
CUST0003314,37419.0,1.76,435547.0,24.5,0,3.26,40.0,5
CUST0003315,99444.0,9.64,323702.0,23.3,1,3.45,4.2,0
CUST0003316,72521.0,8.18,311259.0,37.2,3,4.91,19.4,8
CUST0003317,31416.0,6.95,385255.0,23.2,0,4.49,25.8,3
CUST0003318,73442.0,8.85,81100.0,39.2,1,4.05,28.5,0
CUST0003319,44995.0,5.96,523234.0,16.8,0,2.34,35.4,1
CUST0003320,63918.0,1.25,297423.0,45.2,0,4.26,29.2,5
CUST0003321,86675.0,1.96,424130.0,42.5,2,2.94,29.4,4
CUST0003322,89107.0,4.28,458676.0,1.8,2,3.07,18.9,3
CUST0003323,48719.0,7.37,361994.0,40.4,2,4.19,23.0,2
CUST0003324,102233.0,7.94,543780.0,44.8,4,2.58,29.2,7
CUST0003325,83373.0,5.03,593468.0,30.0,0,3.44,24.2,2
CUST0003326,68024.0,1.76,317515.0,48.3,3,3.43,24.9,8
CUST0003327,108915.0,9.6,136236.0,39.2,2,4.79,31.0,1
CUST0003328,99421.0,4.22,212335.0,12.2,0,4.58,30.1,0
CUST0003329,91767.0,3.88,515885.0,25.8,2,4.98,23.9,5
CUST0003330,40035.0,3.76,412328.0,22.3,0,2.87,22.6,2
CUST0003331,110000.0,1.07,201283.0,48.8,2,2.53,27.4,3
CUST0003332,110565.0,2.32,208305.0,33.5,3,2.67,25.9,2
CUST0003333,81238.0,6.21,224437.0,35.0,2,3.57,27.2,3
CUST0003334,106609.0,8.16,474207.0,26.1,1,2.88,18.2,4
CUST0003335,34737.0,2.04,157816.0,24.7,1,2.61,19.8,4
CUST0003336,116416.0,5.8,371481.0,17.5,0,2.21,30.0,3
CUST0003337,54356.0,8.1,80009.0,3.7,3,2.89,34.2,2
CUST0003338,59612.0,4.39,185124.0,1.6,4,4.65,35.1,1
CUST0003339,35419.0,7.29,225151.0,45.4,3,3.26,27.4,5
CUST0003340,56896.0,5.27,242832.0,37.7,0,2.28,19.0,3
CUST0003341,93919.0,7.79,147303.0,4.7,2,4.77,23.6,2
CUST0003342,100239.0,9.85,265954.0,17.9,4,3.46,33.7,0
CUST0003343,34159.0,5.99,573010.0,40.1,2,2.24,10.7,1
CUST0003344,64227.0,3.48,358218.0,21.1,1,2.35,12.3,0
CUST0003345,92264.0,3.41,415342.0,26.1,1,2.68,28.5,6
CUST0003346,72771.0,3.42,356650.0,25.0,1,2.86,26.1,2
CUST0003347,46114.0,9.57,408175.0,13.5,1,3.88,9.1,4
CUST0003348,76135.0,3.13,122963.0,36.8,1,3.81,35.7,3
CUST0003349,87833.0,4.99,106485.0,28.5,1,3.61,14.3,7
CUST0003350,96686.0,5.36,572290.0,41.8,3,2.75,23.9,1
CUST0003351,110714.0,3.68,568428.0,13.0,2,2.63,1.2,4
CUST0003352,101001.0,8.92,521070.0,16.6,3,4.8,8.0,3
CUST0003353,42049.0,8.5,276613.0,28.1,2,3.61,18.8,2
CUST0003354,76212.0,9.29,493285.0,17.5,0,3.3,16.3,1
CUST0003355,55595.0,3.32,371762.0,32.3,0,3.27,27.9,2
CUST0003356,109639.0,1.5,297733.0,0.6,2,3.16,24.6,1
CUST0003357,45181.0,6.13,226802.0,18.1,0,3.49,37.0,2
CUST0003358,61519.0,3.76,291837.0,29.0,0,4.92,26.9,4
CUST0003359,63500.0,9.71,320414.0,30.9,3,2.24,7.9,0
CUST0003360,55572.0,3.92,520372.0,36.3,1,2.85,1.7,3
CUST0003361,112485.0,8.82,114608.0,22.3,1,2.9,18.9,6
CUST0003362,91122.0,7.82,550453.0,9.3,0,3.38,39.8,4
CUST0003363,119523.0,7.69,395896.0,30.4,0,2.64,24.0,3
CUST0003364,64826.0,5.75,424976.0,13.6,2,3.54,4.7,3
CUST0003365,111605.0,9.4,590654.0,22.5,3,3.27,21.2,1
CUST0003366,84677.0,9.98,585730.0,47.2,3,2.64,20.8,1
CUST0003367,71588.0,4.05,563677.0,40.1,2,4.81,35.2,1
CUST0003368,74495.0,8.43,551565.0,21.7,1,2.49,8.6,2
CUST0003369,112624.0,9.41,240078.0,25.7,1,2.67,5.8,1
CUST0003370,77196.0,1.28,362798.0,38.7,0,4.24,33.5,3
CUST0003371,109818.0,7.97,346892.0,6.3,0,2.93,11.9,3
CUST0003372,106816.0,2.72,372091.0,6.6,3,3.68,8.1,4
CUST0003373,43594.0,5.65,92374.0,10.8,4,2.82,23.0,3
CUST0003374,59635.0,1.6,200313.0,35.1,0,3.88,9.8,0
CUST0003375,42801.0,6.41,364034.0,11.8,1,4.77,36.1,2
CUST0003376,93146.0,3.43,356438.0,17.8,2,4.55,32.8,4
CUST0003377,37460.0,2.12,125139.0,44.1,2,2.44,6.5,1
CUST0003378,47217.0,6.28,315875.0,9.7,1,4.05,4.6,5
CUST0003379,93160.0,4.31,542778.0,27.4,4,2.99,23.9,3
CUST0003380,51190.0,5.44,156558.0,4.8,1,2.06,1.7,2
CUST0003381,89574.0,2.11,255766.0,0.8,0,4.96,6.4,1
CUST0003382,105642.0,5.72,266329.0,15.4,1,3.27,4.1,1
CUST0003383,108362.0,6.88,471359.0,43.3,2,4.4,36.1,0
CUST0003384,38314.0,7.82,313256.0,13.4,1,3.08,17.2,2
CUST0003385,96877.0,4.01,141924.0,28.5,0,4.84,2.9,2
CUST0003386,30214.0,7.49,450517.0,48.9,1,3.18,21.3,2
CUST0003387,53814.0,9.84,589128.0,7.7,2,2.6,9.1,1
CUST0003388,44153.0,3.58,128725.0,41.4,1,4.02,15.6,4
CUST0003389,66127.0,5.24,223810.0,35.7,2,3.64,6.7,3
CUST0003390,66345.0,4.05,83126.0,45.1,0,3.61,5.1,3
CUST0003391,76150.0,7.69,379427.0,13.7,2,2.95,6.0,5
CUST0003392,56652.0,7.58,131553.0,26.4,0,2.83,7.1,6
CUST0003393,86823.0,5.47,439144.0,38.2,0,2.18,8.7,1
CUST0003394,113687.0,5.65,357250.0,14.3,0,4.48,2.3,1
CUST0003395,63449.0,1.77,553627.0,11.2,1,4.66,18.1,4
CUST0003396,114250.0,7.53,548798.0,7.1,4,4.48,33.3,2
CUST0003397,59923.0,4.76,148614.0,47.6,2,3.41,38.1,3
CUST0003398,86396.0,4.54,274552.0,33.4,0,4.53,28.3,2
CUST0003399,79067.0,5.81,580484.0,25.0,1,4.17,11.0,1
CUST0003400,95781.0,4.46,217540.0,16.2,1,5.0,1.7,4
CUST0003401,110242.0,3.53,164498.0,43.3,0,3.56,9.6,2
CUST0003402,89270.0,9.84,180888.0,4.9,1,3.66,20.0,5
CUST0003403,41974.0,9.95,484560.0,2.0,0,2.77,18.5,3
CUST0003404,73378.0,6.58,577782.0,16.6,0,4.88,39.3,4
CUST0003405,63982.0,6.81,366359.0,22.0,2,2.62,26.6,5
CUST0003406,56226.0,4.38,192586.0,11.3,3,3.49,31.8,5
CUST0003407,81269.0,3.83,224662.0,25.5,0,2.94,36.3,1
CUST0003408,57977.0,1.19,160363.0,16.6,0,2.28,28.3,3
CUST0003409,30124.0,6.24,282067.0,29.1,1,2.91,26.8,2
CUST0003410,55400.0,7.06,357678.0,17.2,0,2.02,8.2,3
CUST0003411,76411.0,8.57,594031.0,11.5,0,3.2,17.4,5
CUST0003412,64260.0,2.95,593759.0,13.8,3,3.82,4.1,4
CUST0003413,82764.0,8.32,214575.0,10.0,2,4.42,10.8,2
CUST0003414,105183.0,6.05,484454.0,24.6,1,3.89,20.5,2
CUST0003415,98658.0,8.69,373271.0,23.9,2,3.83,22.0,2
CUST0003416,98806.0,6.37,522490.0,43.4,0,2.99,5.9,4
CUST0003417,111428.0,7.31,158465.0,12.8,4,4.5,17.5,2
CUST0003418,93470.0,8.74,136014.0,32.1,0,4.66,13.6,3
CUST0003419,80425.0,9.85,232373.0,19.2,1,3.21,36.7,3
CUST0003420,71942.0,3.23,513439.0,1.5,1,4.41,4.5,2
CUST0003421,72009.0,6.54,478581.0,12.5,0,4.84,20.2,4
CUST0003422,37588.0,5.83,258217.0,27.1,2,3.97,18.9,2
CUST0003423,40616.0,7.78,314612.0,27.3,0,2.27,33.3,3
CUST0003424,54408.0,2.89,111634.0,2.9,0,2.44,10.4,3
CUST0003425,74951.0,4.68,236979.0,49.5,2,4.09,3.8,0
CUST0003426,88100.0,2.8,152474.0,18.4,1,4.44,1.5,2
CUST0003427,95769.0,6.38,382919.0,8.5,3,2.89,30.1,6
CUST0003428,49225.0,6.2,469565.0,42.9,1,2.64,9.1,2
CUST0003429,61110.0,8.46,502491.0,25.6,0,3.02,37.2,6
CUST0003430,66722.0,6.25,384340.0,11.3,4,4.44,19.9,5
CUST0003431,104577.0,5.1,213947.0,38.9,0,4.35,14.6,4
CUST0003432,102308.0,3.35,544887.0,45.6,2,2.01,0.8,7
CUST0003433,97482.0,8.99,175886.0,27.4,2,3.03,5.8,1
CUST0003434,68824.0,8.11,303829.0,18.6,1,3.15,15.2,3
CUST0003435,95163.0,9.63,342819.0,46.0,2,3.81,22.6,3
CUST0003436,66590.0,6.58,543068.0,29.3,2,2.18,14.9,5
CUST0003437,95500.0,3.51,178974.0,21.0,2,2.22,1.5,2
CUST0003438,68837.0,4.78,384202.0,2.8,3,2.0,27.3,2
CUST0003439,56705.0,3.25,541630.0,27.7,3,3.69,0.1,2
CUST0003440,55213.0,5.33,530093.0,4.8,2,4.13,37.9,1
CUST0003441,31843.0,9.05,406045.0,39.8,1,3.34,14.7,0
CUST0003442,101916.0,1.21,589385.0,1.5,1,4.16,10.7,2
CUST0003443,91422.0,5.22,83459.0,4.8,2,4.38,2.2,2
CUST0003444,36595.0,5.83,525344.0,2.1,3,2.33,15.9,0
CUST0003445,62793.0,1.2,386282.0,15.2,1,4.69,25.4,3
CUST0003446,38810.0,4.42,149778.0,16.4,2,2.31,34.5,3
CUST0003447,30032.0,1.32,524871.0,15.8,1,4.38,35.3,1
CUST0003448,104856.0,3.93,448426.0,18.6,0,4.61,29.4,3
CUST0003449,40158.0,7.15,489431.0,18.1,0,4.38,23.3,3
CUST0003450,98655.0,2.21,321345.0,15.8,1,4.13,33.3,3
CUST0003451,114999.0,4.98,300962.0,28.8,1,2.93,6.8,8
CUST0003452,45734.0,9.61,165197.0,32.5,2,4.98,14.2,2
CUST0003453,96753.0,2.07,267107.0,18.7,1,4.16,8.3,6
CUST0003454,72079.0,8.74,574055.0,11.7,2,3.66,3.1,3
CUST0003455,46216.0,7.79,557223.0,37.8,1,2.3,13.3,7
CUST0003456,115847.0,2.87,274718.0,18.8,0,4.22,18.5,6
CUST0003457,66044.0,6.89,425479.0,13.7,0,2.13,8.2,3
CUST0003458,68431.0,1.49,133546.0,42.0,0,2.76,17.0,4
CUST0003459,69009.0,1.06,598734.0,47.8,0,3.08,10.8,1
CUST0003460,111369.0,8.51,84873.0,46.4,1,4.72,26.5,3
CUST0003461,48302.0,2.12,227177.0,49.1,1,2.39,1.0,3
CUST0003462,64773.0,3.36,465325.0,27.7,0,2.01,34.2,1
CUST0003463,96765.0,3.14,310728.0,49.8,3,2.94,34.9,2
CUST0003464,89098.0,3.63,531517.0,3.6,0,4.9,15.1,2
CUST0003465,97120.0,7.29,584773.0,37.1,1,2.92,27.8,3
CUST0003466,110023.0,6.3,398376.0,44.1,3,3.63,26.1,1
CUST0003467,66477.0,3.7,380899.0,14.2,1,4.43,5.5,6
CUST0003468,59287.0,1.29,561442.0,5.4,0,2.92,27.9,3
CUST0003469,32656.0,4.19,160125.0,3.7,2,3.59,34.7,5
CUST0003470,117578.0,6.05,332521.0,32.4,2,2.05,12.7,3
CUST0003471,30301.0,3.44,174247.0,19.5,2,2.47,6.7,4
CUST0003472,80696.0,7.88,233614.0,44.6,3,4.58,24.9,5
CUST0003473,68196.0,9.57,257974.0,44.2,0,4.72,5.1,4
CUST0003474,117983.0,7.97,394883.0,4.6,3,2.74,22.3,4
CUST0003475,112122.0,9.38,583315.0,23.5,3,4.64,7.5,5
CUST0003476,105629.0,3.38,583769.0,3.9,0,2.15,16.7,2
CUST0003477,41904.0,4.38,417965.0,7.7,1,4.89,4.9,3
CUST0003478,60475.0,5.56,553965.0,22.2,0,2.93,30.2,1
CUST0003479,84019.0,3.06,242862.0,48.8,1,3.95,19.8,4
CUST0003480,42178.0,8.35,439813.0,32.1,3,2.59,36.9,4
CUST0003481,63324.0,4.41,148850.0,3.7,3,2.53,33.9,6
CUST0003482,93136.0,5.37,475991.0,47.8,0,3.81,37.4,3
CUST0003483,32036.0,5.99,171942.0,7.0,1,3.48,26.1,4
CUST0003484,86001.0,5.84,478879.0,21.8,0,2.73,23.2,0
CUST0003485,34002.0,2.59,589908.0,36.9,3,4.55,15.4,2
CUST0003486,64875.0,7.23,512820.0,13.5,0,4.46,17.2,4
CUST0003487,78759.0,9.65,341081.0,43.9,0,3.64,38.1,1
CUST0003488,73313.0,1.14,320811.0,49.2,2,3.12,11.3,4
CUST0003489,116641.0,6.58,437944.0,9.6,1,2.86,16.1,4
CUST0003490,87216.0,5.59,499154.0,34.4,1,2.51,1.6,3
CUST0003491,57732.0,1.37,262673.0,8.4,1,4.82,19.2,5
CUST0003492,49827.0,6.49,517107.0,27.0,1,4.45,11.3,1
CUST0003493,91956.0,2.35,220376.0,25.5,0,3.1,26.1,1
CUST0003494,117764.0,1.14,485345.0,19.9,3,4.46,31.3,3
CUST0003495,55701.0,9.4,444332.0,1.2,2,3.58,39.2,2
CUST0003496,50630.0,7.11,516143.0,12.3,1,2.18,2.9,1
CUST0003497,52192.0,1.6,204831.0,14.5,3,2.82,16.2,5
CUST0003498,71811.0,7.89,378318.0,40.3,0,3.64,28.1,2
CUST0003499,84013.0,9.71,127498.0,41.9,1,3.62,7.6,3
CUST0003500,44145.0,3.59,125172.0,5.3,0,2.68,5.5,7
CUST0003501,36940.0,3.67,500815.0,1.1,1,2.75,19.1,3
CUST0003502,117847.0,4.18,193220.0,33.5,1,3.05,21.7,3
CUST0003503,106756.0,2.84,406940.0,43.4,2,2.6,29.2,3
CUST0003504,45646.0,4.08,483538.0,28.9,4,3.2,25.3,2
CUST0003505,73439.0,9.55,170067.0,41.7,0,2.59,28.5,1
CUST0003506,106764.0,4.07,92589.0,11.8,2,3.42,34.0,2
CUST0003507,98216.0,1.02,283717.0,20.1,0,2.51,37.1,0
CUST0003508,69217.0,9.75,305331.0,42.2,0,2.86,37.5,2
CUST0003509,65020.0,4.19,340669.0,5.6,0,2.32,28.2,1
CUST0003510,75057.0,8.09,460175.0,2.0,1,4.61,25.9,1
CUST0003511,97466.0,4.48,451138.0,10.2,0,3.67,29.7,4
CUST0003512,90119.0,7.5,489350.0,12.0,2,3.16,37.9,5
CUST0003513,46414.0,7.85,488508.0,11.0,2,2.64,24.0,1
CUST0003514,53611.0,2.34,186450.0,14.1,1,2.95,29.1,2
CUST0003515,96652.0,9.41,539342.0,7.7,2,4.53,38.8,4
CUST0003516,38168.0,5.46,578359.0,28.1,0,3.7,39.5,5
CUST0003517,46731.0,9.65,584308.0,42.3,2,4.17,39.5,3
CUST0003518,45847.0,1.5,286000.0,7.6,3,4.9,27.5,5
CUST0003519,78277.0,8.53,439939.0,28.8,1,4.7,10.1,1
CUST0003520,103977.0,5.22,220476.0,42.0,2,3.2,11.7,4
CUST0003521,89767.0,6.26,264065.0,26.5,1,4.31,33.7,6
CUST0003522,62564.0,7.09,285104.0,16.1,0,2.04,7.3,2
CUST0003523,92555.0,1.36,179849.0,20.0,1,2.72,29.4,3
CUST0003524,80420.0,5.23,274151.0,14.6,1,2.58,19.2,2
CUST0003525,90480.0,7.74,500469.0,43.7,3,2.63,12.4,7
CUST0003526,37695.0,7.79,339642.0,17.7,2,2.7,2.3,3
CUST0003527,69873.0,4.26,456742.0,11.4,4,4.24,27.2,0
CUST0003528,84974.0,8.43,435268.0,4.5,3,3.06,33.9,1
CUST0003529,47664.0,4.74,398749.0,20.9,3,4.96,36.3,5
CUST0003530,55722.0,1.69,302228.0,18.8,1,4.24,37.6,1
CUST0003531,117782.0,9.17,543151.0,45.1,3,2.8,32.3,4
CUST0003532,118044.0,2.92,236765.0,21.9,1,3.19,22.0,5
CUST0003533,79636.0,9.37,276620.0,13.2,0,3.15,36.8,3
CUST0003534,92454.0,3.51,583196.0,38.1,1,2.29,30.8,2
CUST0003535,88280.0,6.71,479409.0,36.5,3,2.71,24.1,1
CUST0003536,55919.0,5.76,396464.0,7.6,3,3.74,23.3,6
CUST0003537,40128.0,4.45,452624.0,16.2,0,3.79,17.0,4
CUST0003538,38769.0,8.06,517235.0,31.2,1,2.69,31.0,5
CUST0003539,82332.0,4.2,346155.0,12.9,4,4.77,22.0,4
CUST0003540,87471.0,5.9,340870.0,14.9,0,3.64,30.3,5
CUST0003541,74759.0,6.19,564431.0,5.5,0,2.46,6.1,4
CUST0003542,95872.0,4.77,275431.0,20.6,4,2.38,7.4,5
CUST0003543,41043.0,9.37,477327.0,42.0,1,4.26,26.4,2
CUST0003544,68077.0,2.45,143491.0,5.8,1,2.43,32.4,7
CUST0003545,74277.0,9.73,96846.0,27.9,4,3.1,33.7,6
CUST0003546,61195.0,2.3,379607.0,15.7,1,4.72,34.8,2
CUST0003547,35277.0,1.57,166173.0,29.5,2,4.45,24.8,4
CUST0003548,62626.0,3.46,285547.0,9.0,3,3.32,15.7,3
CUST0003549,101737.0,8.82,215156.0,35.7,2,2.48,34.8,1
CUST0003550,110071.0,7.37,440057.0,6.6,3,2.52,16.3,4
CUST0003551,83849.0,4.36,339758.0,45.4,2,4.3,14.4,4
CUST0003552,109756.0,7.61,347181.0,10.5,0,3.71,16.0,3
CUST0003553,51638.0,2.55,551844.0,40.1,3,4.61,2.3,2
CUST0003554,105453.0,2.51,300773.0,9.3,2,4.16,20.3,3
CUST0003555,98815.0,1.08,116227.0,33.4,1,2.54,23.5,4
CUST0003556,107398.0,3.13,438139.0,11.4,3,4.5,1.0,8
CUST0003557,64040.0,7.01,94729.0,7.7,2,3.58,22.0,9
CUST0003558,70904.0,6.95,513283.0,23.4,0,4.07,10.0,4
CUST0003559,113578.0,9.16,118759.0,28.6,2,2.68,13.1,2
CUST0003560,98625.0,4.76,183456.0,47.8,0,3.61,33.6,4
CUST0003561,57750.0,9.85,111660.0,0.7,2,3.31,3.8,3
CUST0003562,113596.0,3.44,302328.0,12.9,0,3.48,27.4,1
CUST0003563,105949.0,3.36,208554.0,6.8,0,3.16,14.0,1
CUST0003564,82089.0,1.98,100456.0,47.4,0,2.28,34.4,4
CUST0003565,112120.0,5.41,280515.0,45.4,0,4.2,15.4,3
CUST0003566,61044.0,1.88,98517.0,7.0,1,2.29,20.8,3
CUST0003567,109069.0,8.71,276215.0,33.9,1,3.4,36.5,3
CUST0003568,64829.0,3.8,491807.0,17.9,3,2.87,38.1,3
CUST0003569,60434.0,7.06,481898.0,38.8,2,2.68,6.7,2
CUST0003570,68923.0,4.84,394291.0,16.1,4,3.3,17.7,3
CUST0003571,66567.0,3.7,358361.0,10.9,4,2.1,14.1,5
CUST0003572,103048.0,6.13,374546.0,7.7,2,3.86,29.5,4
CUST0003573,82368.0,9.58,520559.0,43.5,1,3.76,39.2,4
CUST0003574,42273.0,3.11,516263.0,40.6,0,4.05,23.7,2
CUST0003575,87259.0,3.73,219987.0,25.4,4,3.24,16.8,3
CUST0003576,74780.0,6.46,347146.0,47.8,1,2.96,3.3,4
CUST0003577,42829.0,4.22,536070.0,31.4,1,3.71,22.8,5
CUST0003578,86203.0,4.25,342697.0,14.4,0,3.16,5.5,4
CUST0003579,49639.0,2.04,203963.0,14.9,0,3.04,15.3,2
CUST0003580,41698.0,5.98,384561.0,38.8,0,3.99,14.5,1
CUST0003581,53101.0,7.16,173339.0,26.5,1,3.19,3.4,2
CUST0003582,58412.0,1.52,371303.0,5.5,2,3.18,27.8,4
CUST0003583,66266.0,6.15,291306.0,29.7,2,2.61,11.0,4
CUST0003584,77692.0,3.44,382091.0,0.7,1,3.62,14.3,1
CUST0003585,36809.0,7.57,416239.0,2.0,4,2.51,25.9,2
CUST0003586,75831.0,3.77,201110.0,13.5,1,4.09,26.6,4
CUST0003587,107883.0,4.97,284852.0,1.4,1,2.51,24.7,4
CUST0003588,43950.0,3.88,113289.0,25.0,0,4.45,21.5,3
CUST0003589,69094.0,2.29,260619.0,49.4,0,3.21,19.3,2
CUST0003590,47368.0,6.85,157663.0,45.1,0,2.67,4.6,1
CUST0003591,41540.0,6.82,440943.0,31.9,0,3.27,5.1,3
CUST0003592,80838.0,4.09,86712.0,12.3,2,4.96,38.0,5
CUST0003593,43555.0,6.83,163087.0,36.3,0,2.86,4.9,2
CUST0003594,45475.0,6.11,411476.0,2.1,1,3.31,9.2,6
CUST0003595,44136.0,7.54,388006.0,9.9,1,2.16,8.9,3
CUST0003596,82673.0,6.88,556774.0,25.9,1,4.46,33.9,3
CUST0003597,80806.0,7.06,176659.0,19.9,0,2.86,9.0,5
CUST0003598,55737.0,4.76,589492.0,18.0,1,2.7,1.4,4
CUST0003599,110564.0,6.6,197241.0,4.8,1,2.09,31.1,2
CUST0003600,95729.0,5.26,599174.0,45.7,1,2.01,31.3,4
CUST0003601,79523.0,9.66,447789.0,21.2,1,3.28,17.3,3
CUST0003602,111928.0,6.64,130591.0,6.8,0,2.88,33.9,3
CUST0003603,58230.0,7.19,243976.0,42.0,2,3.91,14.9,6
CUST0003604,78476.0,9.26,496336.0,49.1,1,4.07,4.1,3
CUST0003605,41611.0,1.27,237006.0,26.3,0,2.71,32.0,2
CUST0003606,30680.0,5.69,509183.0,10.6,4,3.24,32.2,4
CUST0003607,74174.0,6.27,355582.0,4.1,0,2.55,39.8,0
CUST0003608,57210.0,9.7,120917.0,23.0,2,3.09,9.9,2
CUST0003609,97878.0,7.89,389210.0,26.0,0,2.82,7.7,2
CUST0003610,35570.0,6.18,177362.0,4.3,2,4.0,29.7,6
CUST0003611,90247.0,2.27,240395.0,25.0,1,4.4,17.0,2
CUST0003612,111402.0,6.42,460292.0,41.2,2,2.22,38.7,5
CUST0003613,116220.0,5.43,217420.0,9.0,1,4.51,35.6,3
CUST0003614,95348.0,6.71,167364.0,40.9,2,4.76,7.1,9
CUST0003615,74490.0,9.07,344013.0,41.3,4,3.19,31.9,0
CUST0003616,115364.0,9.79,202173.0,30.0,2,2.89,27.5,2
CUST0003617,61618.0,1.51,343222.0,17.4,1,3.3,9.0,4
CUST0003618,118766.0,6.89,188331.0,7.2,1,4.57,28.7,2
CUST0003619,116780.0,1.2,583835.0,29.9,2,4.76,22.5,5
CUST0003620,35268.0,9.71,155393.0,12.1,1,2.59,27.6,1
CUST0003621,104415.0,6.91,421680.0,41.4,3,4.79,34.3,9
CUST0003622,31828.0,1.72,396243.0,12.5,2,4.91,7.7,6
CUST0003623,56316.0,7.33,185219.0,28.0,2,2.76,36.7,2
CUST0003624,83931.0,6.14,473163.0,27.5,2,3.23,29.4,2
CUST0003625,119810.0,9.64,206272.0,45.5,0,3.76,30.3,0
CUST0003626,57919.0,5.1,308142.0,2.3,1,3.04,4.0,3
CUST0003627,33948.0,2.88,355311.0,21.4,0,3.37,4.8,3
CUST0003628,80020.0,6.15,496246.0,15.0,0,2.23,36.8,3
CUST0003629,54918.0,4.16,594138.0,22.3,3,3.99,11.0,1
CUST0003630,71968.0,8.0,282557.0,49.1,2,2.13,9.8,3
CUST0003631,31759.0,9.75,505290.0,36.2,3,4.7,30.6,3
CUST0003632,68300.0,4.24,494269.0,14.5,0,4.61,22.7,3
CUST0003633,118458.0,1.99,471919.0,36.8,2,4.03,30.2,6
CUST0003634,101359.0,7.77,313365.0,42.4,1,2.9,5.0,1
CUST0003635,34261.0,3.94,386785.0,44.4,2,2.86,35.3,3
CUST0003636,38841.0,7.09,306499.0,48.0,3,4.48,17.0,4
CUST0003637,31438.0,8.85,252453.0,27.2,0,3.51,3.4,5
CUST0003638,65551.0,2.95,312239.0,35.2,2,2.88,25.0,6
CUST0003639,99809.0,1.38,303264.0,36.7,0,2.85,23.8,1
CUST0003640,77986.0,6.66,450347.0,18.5,1,4.03,10.6,2
CUST0003641,74492.0,4.64,336729.0,25.7,0,4.06,5.2,3
CUST0003642,96852.0,1.84,327757.0,46.3,0,2.05,1.1,4
CUST0003643,115482.0,5.27,443094.0,6.4,4,4.68,38.6,5
CUST0003644,96717.0,4.75,458069.0,33.2,1,3.2,30.7,1
CUST0003645,103858.0,2.13,390349.0,14.5,2,4.4,38.3,1
CUST0003646,101300.0,9.79,502056.0,15.2,2,4.45,39.3,2
CUST0003647,109418.0,4.41,143738.0,19.4,1,2.82,34.7,5
CUST0003648,40180.0,9.21,599232.0,8.5,1,3.53,4.3,3
CUST0003649,59964.0,4.12,507504.0,30.6,2,2.4,10.4,4
CUST0003650,32560.0,5.74,318774.0,8.1,0,4.72,31.2,4
CUST0003651,35358.0,5.39,574171.0,23.2,0,3.97,6.5,1
CUST0003652,112752.0,1.37,145878.0,44.6,1,4.04,33.7,4
CUST0003653,106132.0,4.5,589206.0,13.6,3,2.36,26.3,6
CUST0003654,116111.0,2.08,412312.0,16.8,0,4.58,11.0,2
CUST0003655,59687.0,1.2,539751.0,30.6,3,4.01,21.1,1
CUST0003656,116427.0,2.5,204322.0,47.2,0,2.72,27.9,2
CUST0003657,90677.0,9.51,538174.0,7.3,0,2.45,37.9,5
CUST0003658,97182.0,1.79,217523.0,0.6,3,4.64,37.0,2
CUST0003659,105086.0,3.47,390241.0,24.9,1,3.04,9.3,6
CUST0003660,69908.0,9.66,478091.0,6.2,0,4.49,22.0,3
CUST0003661,56143.0,3.99,507937.0,32.0,3,3.03,34.4,4
CUST0003662,84225.0,3.74,284169.0,21.3,2,2.25,29.4,1
CUST0003663,77967.0,5.04,299671.0,26.2,1,3.58,29.1,4
CUST0003664,89479.0,7.74,192624.0,17.0,1,4.31,20.6,4
CUST0003665,43630.0,6.19,236395.0,48.5,2,4.44,31.5,1
CUST0003666,67388.0,6.88,292918.0,30.4,1,2.37,0.4,3
CUST0003667,59094.0,4.52,90693.0,23.7,1,4.41,9.8,1
CUST0003668,113926.0,6.27,150301.0,12.7,2,2.09,1.0,0
CUST0003669,115822.0,7.56,311505.0,30.7,1,2.7,31.8,2
CUST0003670,91766.0,9.2,272791.0,26.1,1,3.86,25.0,1
CUST0003671,89414.0,8.47,131143.0,47.5,2,3.94,18.1,4
CUST0003672,62515.0,4.35,180750.0,38.4,0,2.69,8.6,1
CUST0003673,91466.0,3.05,510749.0,47.1,3,4.25,5.6,3
CUST0003674,91028.0,9.46,440753.0,24.9,0,4.46,37.1,4
CUST0003675,39799.0,5.69,214315.0,26.5,0,4.98,4.7,1
CUST0003676,43635.0,8.84,493915.0,39.6,3,4.51,8.7,1
CUST0003677,111268.0,1.01,404605.0,41.3,3,4.07,7.1,5
CUST0003678,61082.0,3.47,576830.0,9.2,3,3.77,1.4,3
CUST0003679,46246.0,1.92,243119.0,23.3,3,3.98,24.1,1
CUST0003680,50843.0,8.62,589135.0,20.2,0,4.67,34.8,2
CUST0003681,96959.0,1.56,113273.0,1.6,3,4.31,16.9,1
CUST0003682,80536.0,8.38,427552.0,42.6,0,3.13,29.2,3
CUST0003683,39660.0,5.82,370728.0,26.1,0,3.5,9.9,1
CUST0003684,58025.0,9.78,382301.0,31.9,3,2.82,2.8,5
CUST0003685,56214.0,3.91,422043.0,12.6,0,2.69,11.6,4
CUST0003686,103495.0,3.53,441039.0,13.7,3,3.01,16.6,7
CUST0003687,80603.0,1.23,191143.0,35.6,2,4.71,33.1,3
CUST0003688,79098.0,8.55,152429.0,16.3,0,2.48,16.1,3
CUST0003689,42483.0,4.24,204958.0,32.8,2,4.71,7.2,1
CUST0003690,79463.0,6.08,478064.0,11.0,0,2.77,35.3,3
CUST0003691,80352.0,4.03,146990.0,8.9,1,3.48,8.9,4
CUST0003692,44119.0,2.71,589515.0,18.4,1,4.14,0.0,4
CUST0003693,102902.0,8.99,469302.0,10.2,0,3.2,13.8,3
CUST0003694,117452.0,9.65,202351.0,14.3,2,4.99,22.5,2
CUST0003695,97569.0,9.9,487174.0,20.0,2,3.0,3.0,2
CUST0003696,38794.0,4.91,559532.0,8.3,1,3.79,3.1,4
CUST0003697,51003.0,5.37,294840.0,34.6,2,4.22,34.1,2
CUST0003698,56649.0,9.52,353096.0,21.9,4,2.76,32.1,1
CUST0003699,50360.0,5.1,470430.0,11.3,1,2.88,17.6,2
CUST0003700,76513.0,5.38,323785.0,24.3,0,3.85,21.8,3
CUST0003701,115097.0,7.37,441658.0,12.4,1,2.35,37.5,5
CUST0003702,45200.0,2.47,242732.0,2.8,3,4.96,21.2,3
CUST0003703,96066.0,3.94,580302.0,47.4,4,4.05,0.3,2
CUST0003704,75186.0,1.15,130742.0,12.8,2,2.33,12.8,3
CUST0003705,115178.0,2.58,292822.0,18.6,0,2.98,15.7,3
CUST0003706,82100.0,2.08,333026.0,19.6,0,4.12,38.8,0
CUST0003707,85718.0,6.75,131708.0,24.1,0,4.96,21.7,3
CUST0003708,47960.0,4.5,394417.0,48.7,2,4.47,24.1,5
CUST0003709,30304.0,9.6,104122.0,24.2,0,2.01,18.5,3
CUST0003710,61452.0,2.19,321927.0,23.6,1,4.38,27.1,4
CUST0003711,115517.0,6.19,386172.0,14.6,1,4.6,10.6,4
CUST0003712,109748.0,6.76,283598.0,14.7,3,4.53,38.8,2
CUST0003713,67689.0,2.54,302371.0,23.7,1,4.86,30.2,1
CUST0003714,67901.0,1.66,221376.0,32.6,1,3.93,19.1,3
CUST0003715,78388.0,2.39,375229.0,1.9,1,4.59,2.5,3
CUST0003716,61428.0,4.17,538090.0,42.0,0,3.12,8.5,1
CUST0003717,51442.0,4.19,563202.0,47.0,1,3.35,37.8,1
CUST0003718,98217.0,9.34,301884.0,39.0,0,2.27,13.3,2
CUST0003719,58275.0,6.92,296893.0,45.3,4,4.91,31.8,6
CUST0003720,82817.0,8.05,527491.0,7.5,0,2.85,21.7,2
CUST0003721,47322.0,5.14,389758.0,36.9,0,3.75,36.1,0
CUST0003722,110910.0,5.93,451438.0,30.4,0,3.85,19.1,5
CUST0003723,73899.0,5.58,182178.0,26.3,4,3.78,21.7,3
CUST0003724,60435.0,6.92,136753.0,13.2,1,2.76,18.0,5
CUST0003725,41907.0,6.3,426875.0,37.9,1,3.71,20.9,2
CUST0003726,97198.0,2.77,113245.0,47.0,1,3.22,23.0,3
CUST0003727,119641.0,5.26,412163.0,16.4,0,3.41,16.2,2
CUST0003728,116306.0,5.96,255083.0,5.3,0,3.41,25.4,3
CUST0003729,35304.0,3.39,321786.0,40.4,1,3.98,19.1,2
CUST0003730,49401.0,7.96,475609.0,32.0,1,3.79,4.5,3
CUST0003731,111368.0,2.79,406396.0,32.9,2,4.19,30.8,4
CUST0003732,106946.0,6.96,198454.0,10.2,1,4.16,3.3,3
CUST0003733,119623.0,8.76,541420.0,6.5,0,2.9,33.8,3
CUST0003734,81603.0,6.02,362185.0,47.7,0,4.34,26.3,2
CUST0003735,112916.0,4.9,466446.0,36.1,1,4.56,13.1,3
CUST0003736,79077.0,5.88,114969.0,34.3,1,4.05,31.7,2
CUST0003737,90319.0,9.14,287383.0,37.3,2,2.19,31.9,0
CUST0003738,109615.0,8.94,552401.0,15.9,0,3.55,15.5,2
CUST0003739,43606.0,2.04,503775.0,15.6,1,2.97,13.1,2
CUST0003740,96766.0,2.98,123953.0,12.8,1,3.8,18.7,2
CUST0003741,107680.0,2.79,355030.0,2.2,2,4.77,19.6,5
CUST0003742,116301.0,7.63,268617.0,31.5,2,2.38,19.0,3
CUST0003743,39066.0,8.25,507424.0,0.6,0,2.67,26.3,4
CUST0003744,82658.0,8.17,362308.0,28.9,2,4.88,5.7,1
CUST0003745,45165.0,5.81,377171.0,39.6,0,4.38,19.9,3
CUST0003746,54214.0,1.7,552703.0,16.8,0,4.89,25.0,0
CUST0003747,78620.0,1.07,179910.0,5.7,3,3.33,2.1,2
CUST0003748,107733.0,7.73,450484.0,49.3,1,2.99,27.4,2
CUST0003749,91005.0,7.91,323899.0,40.0,2,4.32,18.3,1
CUST0003750,69078.0,9.11,203814.0,35.0,1,2.33,30.3,2
CUST0003751,98854.0,5.69,467011.0,17.2,2,4.82,13.5,4
CUST0003752,65720.0,2.76,524659.0,24.0,0,3.83,36.4,4
CUST0003753,34641.0,3.32,553730.0,6.1,0,2.07,38.3,1
CUST0003754,38653.0,9.72,190293.0,3.8,0,3.02,4.1,3
CUST0003755,85010.0,1.85,224675.0,43.8,0,4.35,30.2,3
CUST0003756,89303.0,8.71,114782.0,13.6,1,3.26,20.4,5
CUST0003757,44212.0,7.2,131896.0,3.3,4,4.8,28.7,2
CUST0003758,91716.0,4.4,496121.0,39.8,1,3.1,32.1,0
CUST0003759,83194.0,2.74,159684.0,40.8,1,4.31,1.7,3
CUST0003760,72905.0,6.01,550510.0,35.6,1,3.97,25.4,2
CUST0003761,43402.0,1.71,573746.0,16.8,0,3.7,3.6,2
CUST0003762,46513.0,5.83,590334.0,19.0,1,4.24,24.2,3
CUST0003763,105677.0,1.49,101289.0,19.4,1,3.85,12.5,5
CUST0003764,111803.0,3.85,122233.0,47.5,0,4.52,36.7,7
CUST0003765,38013.0,5.73,201293.0,40.5,2,4.98,1.2,4
CUST0003766,86260.0,1.62,334324.0,41.2,0,2.34,21.6,2
CUST0003767,118633.0,9.62,424677.0,10.6,0,3.98,18.8,6
CUST0003768,73310.0,9.89,313085.0,21.8,0,3.57,18.2,3
CUST0003769,74559.0,6.36,211268.0,1.5,3,4.8,39.9,0
CUST0003770,114201.0,4.46,460065.0,46.9,2,4.94,31.0,5
CUST0003771,74084.0,8.6,275170.0,22.1,1,4.06,37.9,3
CUST0003772,84990.0,5.51,390099.0,44.4,4,4.27,35.0,6
CUST0003773,106533.0,2.25,162724.0,48.8,2,2.87,25.4,5
CUST0003774,81767.0,3.16,322180.0,49.8,0,4.22,16.8,4
CUST0003775,81029.0,6.98,353796.0,17.8,4,4.14,23.0,1
CUST0003776,37621.0,5.22,294050.0,36.4,0,2.96,3.0,1
CUST0003777,68432.0,3.42,518068.0,20.2,1,3.35,37.7,3
CUST0003778,60259.0,6.82,541965.0,26.2,0,4.69,6.6,2
CUST0003779,55265.0,6.49,479040.0,14.0,2,2.68,22.1,3
CUST0003780,65694.0,5.49,470611.0,30.1,1,4.61,34.0,0
CUST0003781,43913.0,5.2,94749.0,12.8,1,3.96,19.7,1
CUST0003782,93891.0,8.4,205820.0,40.3,2,2.08,23.3,1
CUST0003783,88824.0,6.55,384098.0,1.9,0,4.86,34.6,4
CUST0003784,30929.0,9.07,131465.0,44.7,2,2.08,0.4,7
CUST0003785,92073.0,9.12,215724.0,25.4,0,2.03,19.4,2
CUST0003786,61028.0,6.73,274062.0,34.9,1,2.32,8.7,2
CUST0003787,116780.0,5.68,150767.0,4.5,0,4.07,29.5,3
CUST0003788,112862.0,4.91,148112.0,23.4,1,3.71,30.8,3
CUST0003789,105468.0,5.76,419366.0,29.5,0,4.32,12.0,2
CUST0003790,62289.0,4.62,273614.0,24.0,3,4.31,23.9,1
CUST0003791,97858.0,6.55,402283.0,1.8,3,4.97,15.9,4
CUST0003792,71030.0,2.98,362872.0,8.7,2,4.9,32.1,3
CUST0003793,109867.0,2.75,345243.0,5.7,1,3.07,3.6,3
CUST0003794,111630.0,6.72,171698.0,20.8,2,4.73,8.8,2
CUST0003795,94671.0,5.6,265336.0,39.5,1,2.99,7.0,3
CUST0003796,88226.0,2.61,278871.0,33.4,2,4.87,25.7,0
CUST0003797,80381.0,8.41,485762.0,14.8,2,3.85,27.2,2
CUST0003798,45453.0,3.15,344167.0,19.1,3,4.75,23.8,4
CUST0003799,84767.0,7.64,564907.0,20.6,0,3.57,22.8,3
CUST0003800,78066.0,2.18,275646.0,4.9,2,2.38,31.5,4
CUST0003801,92952.0,2.74,356639.0,15.3,0,2.18,18.7,1
CUST0003802,102208.0,6.74,106290.0,17.4,1,4.64,22.6,2
CUST0003803,112452.0,6.19,469635.0,28.0,1,2.13,32.8,3
CUST0003804,45612.0,4.09,491116.0,34.5,0,4.88,29.3,1
CUST0003805,88014.0,2.1,230283.0,45.2,3,4.2,27.0,2
CUST0003806,56052.0,3.94,274187.0,17.5,0,4.61,33.1,6
CUST0003807,48500.0,1.5,459362.0,46.8,3,2.01,4.0,5
CUST0003808,101725.0,2.74,490583.0,47.7,0,3.38,23.0,3
CUST0003809,89048.0,8.17,459885.0,28.8,3,3.2,23.1,2
CUST0003810,78861.0,5.07,412477.0,31.8,3,3.25,24.3,4
CUST0003811,33307.0,8.38,178928.0,47.9,0,2.49,28.3,5
CUST0003812,47787.0,8.33,569969.0,6.3,0,3.44,31.9,2
CUST0003813,109868.0,9.5,503479.0,33.8,1,3.69,7.3,1
CUST0003814,108387.0,5.49,305959.0,3.9,3,2.39,33.7,4
CUST0003815,100402.0,3.64,471098.0,40.5,4,4.36,10.6,4
CUST0003816,82583.0,4.2,515462.0,44.8,1,2.04,19.7,3
CUST0003817,33876.0,4.03,245557.0,1.6,1,3.76,15.8,4
CUST0003818,108614.0,3.9,425528.0,46.2,1,4.25,14.2,4
CUST0003819,82685.0,6.31,372030.0,20.9,3,3.47,25.2,3
CUST0003820,38424.0,6.79,382032.0,46.8,0,4.32,18.1,4
CUST0003821,40532.0,1.31,356521.0,20.3,4,3.55,3.5,2
CUST0003822,66770.0,4.81,396695.0,10.2,0,3.08,7.3,5
CUST0003823,76262.0,2.45,584640.0,41.7,0,2.3,34.5,3
CUST0003824,117800.0,9.87,395537.0,14.7,1,2.71,39.3,2
CUST0003825,51815.0,8.23,328837.0,49.0,4,2.85,7.0,12
CUST0003826,61293.0,9.94,537334.0,7.9,2,3.58,32.8,5
CUST0003827,72406.0,2.82,177090.0,22.5,0,3.68,27.9,4
CUST0003828,115794.0,3.89,128125.0,24.2,2,2.82,2.1,7
CUST0003829,83036.0,4.76,491807.0,24.0,0,4.26,2.4,4
CUST0003830,41696.0,3.81,566666.0,17.0,1,2.99,11.5,4
CUST0003831,88483.0,5.57,262033.0,24.3,2,4.35,21.6,6
CUST0003832,62343.0,2.3,369278.0,25.3,0,4.69,16.0,6
CUST0003833,105168.0,3.05,559465.0,41.2,0,2.99,15.6,1
CUST0003834,51409.0,7.37,112195.0,33.4,2,4.47,28.8,4
CUST0003835,65597.0,7.43,391648.0,43.5,4,4.71,37.3,5
CUST0003836,47353.0,8.97,400677.0,43.6,0,3.85,32.1,4
CUST0003837,61813.0,8.91,147269.0,32.2,0,2.34,37.5,1
CUST0003838,42325.0,4.31,84632.0,7.6,0,3.93,8.1,4
CUST0003839,78381.0,5.46,581568.0,12.4,1,2.62,28.7,4
CUST0003840,66860.0,3.85,551087.0,13.2,3,2.75,32.7,0
CUST0003841,39990.0,6.33,169637.0,45.6,2,3.66,8.0,4
CUST0003842,50113.0,8.44,289069.0,38.7,4,3.88,35.1,4
CUST0003843,82162.0,7.69,459485.0,12.5,0,2.78,16.4,2
CUST0003844,80884.0,8.04,152129.0,11.3,2,2.29,6.9,5
CUST0003845,49438.0,1.96,303599.0,15.0,1,3.56,17.8,1
CUST0003846,54685.0,8.1,113070.0,24.7,2,4.42,24.9,4
CUST0003847,71223.0,2.62,143511.0,25.3,1,4.28,24.1,3
CUST0003848,69960.0,9.66,194044.0,37.8,2,2.19,2.6,1
CUST0003849,116910.0,8.0,142759.0,29.4,0,2.25,22.3,3
CUST0003850,63684.0,1.87,466757.0,14.0,0,4.41,36.6,3
CUST0003851,98461.0,5.73,206698.0,34.3,1,3.8,18.5,4
CUST0003852,66532.0,8.96,232812.0,31.5,1,3.0,1.4,2
CUST0003853,50846.0,7.27,432371.0,9.8,2,2.55,9.5,1
CUST0003854,67220.0,5.11,285054.0,21.8,2,4.53,2.5,1
CUST0003855,41242.0,2.96,116413.0,34.7,0,2.6,1.8,6
CUST0003856,112447.0,2.21,94190.0,39.1,1,2.74,22.4,4
CUST0003857,67288.0,4.73,132267.0,33.2,0,2.99,31.9,3
CUST0003858,110936.0,8.2,125544.0,11.5,0,2.34,35.7,1
CUST0003859,36139.0,1.9,301852.0,5.7,0,2.27,16.8,2
CUST0003860,50641.0,5.41,585274.0,49.6,0,3.38,38.9,2
CUST0003861,54565.0,8.84,337146.0,38.5,0,2.76,21.7,4
CUST0003862,112430.0,5.7,466920.0,18.8,1,4.53,16.4,3
CUST0003863,64956.0,4.52,398848.0,2.1,3,2.45,30.5,4
CUST0003864,109452.0,8.63,293585.0,26.9,0,3.51,4.1,2
CUST0003865,66836.0,5.47,462683.0,15.0,1,2.67,5.3,3
CUST0003866,81157.0,1.62,237252.0,25.0,2,4.48,33.1,0
CUST0003867,76008.0,5.28,174951.0,34.3,0,3.56,7.1,1
CUST0003868,52965.0,3.35,234590.0,13.6,2,2.89,30.2,2
CUST0003869,32036.0,9.71,261791.0,30.4,2,4.95,11.4,3
CUST0003870,61640.0,7.56,412839.0,37.6,0,4.87,4.8,0
CUST0003871,50420.0,9.15,518328.0,50.0,1,3.37,11.9,3
CUST0003872,114998.0,4.96,189999.0,10.3,4,2.76,36.7,5
CUST0003873,100811.0,6.1,85984.0,9.1,0,2.77,14.1,0
CUST0003874,99020.0,6.17,425929.0,45.4,2,4.88,11.0,5
CUST0003875,67416.0,1.78,117464.0,9.0,1,3.81,27.9,2
CUST0003876,113425.0,2.97,116568.0,27.9,3,2.94,12.1,4
CUST0003877,56838.0,7.68,263231.0,30.5,0,2.87,27.2,5
CUST0003878,80771.0,5.91,323960.0,19.6,3,2.3,3.6,4
CUST0003879,36278.0,5.42,271675.0,22.3,3,2.02,19.7,4
CUST0003880,35505.0,3.66,114150.0,23.6,1,2.17,12.0,3
CUST0003881,110728.0,4.74,107868.0,43.7,1,3.77,7.5,5
CUST0003882,36606.0,3.73,457145.0,16.6,0,3.3,15.4,5
CUST0003883,119040.0,3.19,532778.0,20.7,0,2.52,5.7,2
CUST0003884,85189.0,4.03,134612.0,44.1,2,3.84,29.3,5
CUST0003885,111989.0,2.32,141210.0,35.7,4,3.4,17.6,4
CUST0003886,102196.0,3.93,177314.0,42.8,2,2.13,11.9,2
CUST0003887,83378.0,8.74,296921.0,11.8,2,2.83,4.9,2
CUST0003888,91103.0,2.31,125150.0,12.8,2,2.15,32.8,3
CUST0003889,60939.0,9.63,179245.0,17.7,1,4.88,33.1,1
CUST0003890,74888.0,3.25,492871.0,13.0,2,4.74,19.5,4
CUST0003891,112236.0,2.39,90907.0,5.8,1,4.25,13.1,4
CUST0003892,54795.0,4.97,252729.0,27.0,3,3.19,23.8,1
CUST0003893,46677.0,7.38,334742.0,18.9,0,3.41,19.3,3
CUST0003894,97250.0,7.12,575972.0,24.4,0,2.21,32.2,4
CUST0003895,70685.0,7.15,299157.0,24.5,3,4.48,15.5,1
CUST0003896,31168.0,3.95,156608.0,35.7,0,4.04,39.1,5
CUST0003897,73752.0,4.9,220707.0,25.7,1,2.98,23.5,2
CUST0003898,89073.0,5.46,526873.0,23.6,1,4.25,4.6,2
CUST0003899,72051.0,8.28,479135.0,26.7,1,3.81,15.9,4
CUST0003900,52729.0,2.96,184530.0,48.3,3,5.0,34.7,3
CUST0003901,102326.0,7.71,157928.0,5.0,0,4.45,30.6,3
CUST0003902,54948.0,5.05,349145.0,49.9,0,2.04,23.7,3
CUST0003903,47633.0,2.01,570533.0,18.8,1,2.89,11.2,4
CUST0003904,90942.0,1.45,475513.0,28.4,1,4.89,9.9,5
CUST0003905,99779.0,5.42,429652.0,47.4,0,2.56,13.1,3
CUST0003906,72360.0,2.32,356599.0,30.2,2,4.33,26.8,4
CUST0003907,74309.0,6.28,408933.0,43.5,0,4.05,8.6,5
CUST0003908,40430.0,1.01,195562.0,5.7,2,4.74,26.2,3
CUST0003909,40984.0,3.02,461709.0,30.8,2,3.38,27.6,1
CUST0003910,85138.0,1.41,90685.0,38.7,2,2.33,5.8,4
CUST0003911,63355.0,2.63,280448.0,48.2,3,4.42,24.1,8
CUST0003912,92363.0,7.97,508270.0,5.7,1,4.4,8.6,3
CUST0003913,111913.0,6.74,396582.0,15.6,3,3.96,30.1,3
CUST0003914,100738.0,8.68,391456.0,43.7,0,2.94,0.5,3
CUST0003915,81367.0,3.05,348569.0,22.3,0,2.8,19.6,10
CUST0003916,34572.0,6.46,240708.0,31.8,1,2.43,35.1,7
CUST0003917,30008.0,8.69,581281.0,42.1,1,2.95,10.5,1
CUST0003918,84433.0,4.8,144369.0,9.3,2,3.59,16.7,3
CUST0003919,45409.0,1.96,413234.0,46.6,2,3.8,4.1,2
CUST0003920,115813.0,8.59,396393.0,3.4,1,3.22,14.6,4
CUST0003921,113063.0,7.51,199872.0,6.1,4,3.08,16.5,4
CUST0003922,87976.0,9.72,515761.0,44.7,3,4.09,8.4,1
CUST0003923,88115.0,3.29,294807.0,41.8,2,4.99,9.3,5
CUST0003924,67842.0,3.8,531221.0,45.4,3,2.66,23.5,2
CUST0003925,48520.0,1.84,251739.0,21.0,3,2.7,28.7,2
CUST0003926,107605.0,7.3,524873.0,16.4,2,3.42,19.9,3
CUST0003927,66305.0,9.86,398530.0,42.8,0,2.43,33.9,4
CUST0003928,74176.0,6.98,399855.0,38.3,3,2.87,6.3,4
CUST0003929,37460.0,7.54,455935.0,5.1,2,4.31,32.5,2
CUST0003930,63929.0,7.87,530122.0,5.4,1,3.56,5.2,5
CUST0003931,41842.0,8.62,157988.0,14.5,2,4.64,5.8,3
CUST0003932,52264.0,7.49,309662.0,21.2,2,3.85,29.2,3
CUST0003933,68217.0,8.5,96012.0,29.6,1,2.31,12.4,2
CUST0003934,30053.0,3.09,148433.0,46.2,2,3.65,26.0,3
CUST0003935,69033.0,3.61,223375.0,20.8,1,4.79,20.2,1
CUST0003936,91992.0,8.64,502275.0,17.9,0,2.19,20.1,3
CUST0003937,68979.0,9.37,343376.0,5.7,2,4.73,24.8,1
CUST0003938,79269.0,1.45,204561.0,31.1,3,2.15,31.3,2
CUST0003939,96474.0,6.61,451045.0,37.2,2,4.34,24.7,3
CUST0003940,92551.0,6.99,477234.0,3.3,0,2.37,2.2,5
CUST0003941,59101.0,8.41,559222.0,7.7,0,3.69,30.6,2
CUST0003942,63772.0,3.32,96552.0,45.2,0,2.92,21.6,2
CUST0003943,70041.0,7.49,311800.0,33.6,2,3.5,19.0,1
CUST0003944,79238.0,2.77,156696.0,34.9,0,2.79,28.1,1
CUST0003945,96231.0,6.12,170986.0,16.2,1,4.53,18.6,3
CUST0003946,67006.0,1.04,382850.0,3.9,0,3.54,7.2,4
CUST0003947,79986.0,2.69,264533.0,15.5,0,3.06,36.5,2
CUST0003948,92419.0,9.75,413357.0,33.5,0,4.45,30.7,4
CUST0003949,59573.0,9.37,386265.0,34.2,1,3.38,11.3,1
CUST0003950,59168.0,9.02,422439.0,35.1,0,2.21,19.9,2
CUST0003951,91630.0,7.47,460089.0,20.7,1,3.92,39.1,3
CUST0003952,95786.0,8.15,134665.0,36.4,1,4.93,35.6,3
CUST0003953,89240.0,4.13,339730.0,24.5,0,3.1,18.7,2
CUST0003954,49409.0,3.1,438423.0,32.2,2,4.59,37.3,4
CUST0003955,82346.0,9.85,462068.0,28.1,1,2.77,20.4,3
CUST0003956,47951.0,3.37,127304.0,31.2,0,4.27,31.2,3
CUST0003957,36731.0,7.25,437160.0,18.2,2,2.01,34.2,2
CUST0003958,57248.0,5.1,220887.0,7.7,3,4.54,16.0,1
CUST0003959,30686.0,4.0,462013.0,8.2,2,4.16,11.5,4
CUST0003960,39637.0,6.6,486058.0,15.8,2,4.11,35.1,1
CUST0003961,99850.0,3.23,209908.0,33.4,1,2.67,16.7,1
CUST0003962,64149.0,9.95,269738.0,29.5,2,2.68,12.5,3
CUST0003963,86518.0,7.45,326666.0,45.2,3,3.09,9.4,3
CUST0003964,116341.0,1.77,516249.0,43.4,1,4.15,20.1,6
CUST0003965,62316.0,5.5,484589.0,42.5,0,3.4,9.6,3
CUST0003966,31923.0,1.43,582179.0,7.0,3,3.81,9.9,4
CUST0003967,75533.0,4.99,457747.0,43.5,1,3.86,8.4,5
CUST0003968,59868.0,3.1,265105.0,17.2,0,4.2,14.2,3
CUST0003969,33853.0,4.93,529548.0,33.8,1,3.52,24.6,3
CUST0003970,67035.0,7.24,390355.0,44.9,0,3.92,30.0,2
CUST0003971,39518.0,4.46,107082.0,44.5,0,2.8,10.5,1
CUST0003972,39734.0,9.5,181326.0,34.9,2,3.36,5.4,2
CUST0003973,101380.0,2.12,206450.0,27.1,0,3.62,26.1,3
CUST0003974,76543.0,7.16,398242.0,36.7,1,2.81,1.3,3
CUST0003975,92550.0,7.94,587526.0,40.6,0,3.84,31.2,4
CUST0003976,105639.0,8.34,583757.0,48.3,0,4.31,17.4,0
CUST0003977,92437.0,2.33,343374.0,21.8,2,2.93,3.5,4
CUST0003978,82250.0,5.16,360671.0,47.4,0,3.2,30.8,6
CUST0003979,66438.0,5.31,147658.0,24.7,1,2.38,4.7,1
CUST0003980,53890.0,2.63,82824.0,49.5,1,3.6,34.0,3
CUST0003981,41428.0,3.76,507268.0,33.7,2,4.91,15.9,1
CUST0003982,63938.0,7.15,528795.0,1.1,1,3.98,32.7,6
CUST0003983,42246.0,2.92,455350.0,31.8,0,3.41,11.4,2
CUST0003984,75537.0,5.51,297376.0,3.7,1,2.35,10.6,4
CUST0003985,67045.0,7.45,370727.0,4.1,1,2.37,15.4,5
CUST0003986,96334.0,1.15,106463.0,21.3,1,4.38,13.3,1
CUST0003987,99715.0,9.11,488887.0,5.8,2,4.36,31.1,4
CUST0003988,71399.0,8.26,420868.0,21.8,1,3.73,30.7,3
CUST0003989,63201.0,8.67,210246.0,34.4,1,2.69,19.4,4
CUST0003990,50442.0,5.29,455281.0,27.6,0,3.53,37.5,7
CUST0003991,83274.0,8.76,84277.0,20.8,1,4.66,39.2,2
CUST0003992,91989.0,9.56,130159.0,5.2,0,3.03,21.4,6
CUST0003993,92848.0,6.18,263474.0,12.4,1,3.49,34.3,3
CUST0003994,33919.0,9.26,284319.0,47.0,2,2.68,9.3,5
CUST0003995,86073.0,3.92,505522.0,9.9,0,3.08,28.6,4
CUST0003996,60403.0,3.61,99377.0,15.0,3,4.74,32.5,2
CUST0003997,113858.0,1.0,534001.0,35.1,2,2.13,15.2,2
CUST0003998,53265.0,3.74,113208.0,33.5,0,4.67,35.0,2
CUST0003999,89588.0,9.65,488866.0,33.6,3,4.45,14.7,2
CUST0004000,62244.0,1.69,192315.0,1.3,1,3.67,19.1,2
CUST0004001,75717.0,4.12,474084.0,47.6,2,2.54,33.1,3
CUST0004002,47300.0,1.28,355176.0,35.3,2,3.95,22.8,4
CUST0004003,75863.0,6.25,86108.0,37.0,0,2.81,26.6,2
CUST0004004,38424.0,2.85,449191.0,25.7,2,4.36,18.0,4
CUST0004005,86732.0,7.29,409866.0,28.5,0,3.14,30.1,1
CUST0004006,55452.0,5.58,254895.0,37.9,0,4.61,34.9,2
CUST0004007,33274.0,7.29,247286.0,33.1,1,3.15,24.6,2
CUST0004008,116980.0,9.34,348233.0,37.0,1,2.81,28.8,2
CUST0004009,46405.0,8.3,221383.0,25.4,1,3.68,1.1,1
CUST0004010,59662.0,8.6,128073.0,7.1,0,2.76,21.9,2
CUST0004011,35012.0,3.08,447679.0,28.0,0,4.31,17.3,4
CUST0004012,117658.0,2.52,486562.0,37.2,1,3.81,1.4,4
CUST0004013,32482.0,9.08,188652.0,3.2,2,4.32,11.6,5
CUST0004014,39988.0,4.02,210192.0,41.1,0,4.99,9.8,4
CUST0004015,118414.0,4.97,210374.0,45.3,4,2.7,10.5,2
CUST0004016,71772.0,8.34,491559.0,46.5,1,2.13,32.5,5
CUST0004017,118743.0,6.52,353722.0,36.3,0,2.71,39.0,3
CUST0004018,35905.0,2.85,194645.0,3.3,1,2.02,21.4,5
CUST0004019,109114.0,9.95,368384.0,16.7,1,2.59,38.9,5
CUST0004020,92542.0,4.67,503586.0,10.2,1,4.1,27.7,4
CUST0004021,48011.0,1.84,310752.0,10.9,0,4.68,4.2,2
CUST0004022,84317.0,8.29,548333.0,25.4,0,2.73,25.3,2
CUST0004023,101666.0,7.95,137556.0,20.0,2,4.01,34.7,0
CUST0004024,56174.0,4.34,521595.0,5.1,1,3.16,27.7,3
CUST0004025,103161.0,9.0,134943.0,31.4,3,3.64,34.5,4
CUST0004026,118937.0,6.03,319281.0,3.4,0,3.62,28.4,3
CUST0004027,46719.0,5.59,152721.0,46.4,2,3.62,23.8,7
CUST0004028,59333.0,1.99,449479.0,40.8,3,3.91,8.0,2
CUST0004029,92175.0,1.27,118011.0,6.9,1,4.87,23.2,0
CUST0004030,104378.0,2.58,441065.0,0.7,3,4.55,10.3,2
CUST0004031,119450.0,8.04,90695.0,12.3,3,2.13,0.5,6
CUST0004032,96823.0,1.66,335956.0,46.8,2,2.66,13.3,1
CUST0004033,30053.0,4.76,89413.0,44.4,0,4.93,1.4,2
CUST0004034,82362.0,3.26,467605.0,20.0,0,2.14,17.1,3
CUST0004035,109370.0,8.88,200066.0,41.2,1,4.56,21.3,2
CUST0004036,62528.0,6.27,198862.0,35.1,0,3.81,13.8,3
CUST0004037,48475.0,9.78,370687.0,30.2,4,3.01,31.4,5
CUST0004038,78754.0,1.95,258645.0,17.1,1,3.09,23.3,5
CUST0004039,117126.0,8.0,530302.0,47.1,1,3.57,2.1,5
CUST0004040,57793.0,4.76,428025.0,2.6,2,3.98,33.1,5
CUST0004041,53538.0,7.95,188260.0,2.8,0,2.47,8.5,3
CUST0004042,104608.0,4.87,305177.0,13.7,0,3.44,8.7,3
CUST0004043,54542.0,5.75,272629.0,25.4,1,2.95,17.8,6
CUST0004044,54831.0,4.43,398136.0,35.9,4,3.8,26.9,3
CUST0004045,108308.0,3.89,168759.0,37.3,4,2.77,3.9,0
CUST0004046,81878.0,8.12,566957.0,2.7,0,4.06,38.2,5
CUST0004047,115278.0,3.45,148700.0,13.5,3,4.26,9.6,3
CUST0004048,93140.0,5.49,303706.0,46.5,0,3.28,22.7,1
CUST0004049,109481.0,8.38,427301.0,41.1,4,2.24,38.4,7
CUST0004050,48680.0,6.11,395736.0,0.5,1,2.87,35.8,0
CUST0004051,39363.0,6.15,128208.0,46.9,0,4.95,6.5,3
CUST0004052,98592.0,5.39,491146.0,49.2,0,2.76,11.8,0
CUST0004053,100819.0,6.12,537305.0,41.6,2,4.66,21.6,4
CUST0004054,52824.0,1.81,574563.0,9.2,3,4.99,6.4,3
CUST0004055,35762.0,9.93,231054.0,9.3,3,3.9,23.9,2
CUST0004056,116974.0,1.63,141518.0,18.7,2,2.28,30.2,1
CUST0004057,106120.0,5.27,582412.0,22.4,0,2.51,4.8,1
CUST0004058,87367.0,5.02,248632.0,27.7,3,4.93,21.1,2
CUST0004059,100169.0,7.44,96057.0,12.6,1,4.71,12.6,0
CUST0004060,115109.0,4.86,306622.0,43.7,2,2.73,11.8,0
CUST0004061,117121.0,8.35,402156.0,35.0,2,3.29,9.3,3
CUST0004062,43337.0,3.72,386733.0,36.1,2,3.01,24.7,1
CUST0004063,103776.0,6.3,590302.0,42.1,0,4.51,21.5,3
CUST0004064,110480.0,5.39,386566.0,44.3,3,3.95,34.6,4
CUST0004065,93549.0,8.48,507478.0,9.9,0,2.59,1.1,7
CUST0004066,74795.0,8.53,274681.0,21.6,1,2.91,19.1,4
CUST0004067,93990.0,7.19,141833.0,47.8,1,2.92,26.6,6
CUST0004068,84803.0,5.4,362707.0,18.1,1,3.51,13.0,2
CUST0004069,57550.0,1.07,571303.0,12.4,4,3.33,4.0,1
CUST0004070,90784.0,8.13,588982.0,38.0,1,2.82,23.3,2
CUST0004071,105169.0,4.81,431507.0,38.7,1,4.27,38.0,3
CUST0004072,51215.0,5.71,490558.0,25.6,0,3.02,38.8,0
CUST0004073,69679.0,2.57,444243.0,17.1,3,4.49,32.1,4
CUST0004074,89681.0,1.19,501947.0,24.0,1,2.41,39.5,4
CUST0004075,42649.0,9.1,484277.0,8.9,3,4.5,13.9,2
CUST0004076,61289.0,4.31,273848.0,20.2,1,3.51,33.4,5
CUST0004077,109433.0,8.18,402093.0,34.1,2,3.35,29.0,4
CUST0004078,48649.0,3.21,522871.0,36.7,0,4.71,31.4,2
CUST0004079,33397.0,7.2,575986.0,15.9,2,4.76,37.2,2
CUST0004080,118761.0,9.54,287106.0,21.5,1,4.69,11.1,4
CUST0004081,98273.0,9.42,453669.0,2.7,0,3.05,2.1,6
CUST0004082,52655.0,6.34,166938.0,17.4,1,4.01,29.6,1
CUST0004083,88413.0,1.46,395223.0,49.6,3,2.73,21.8,4
CUST0004084,82058.0,6.3,466614.0,3.8,0,2.21,26.3,2
CUST0004085,91968.0,3.9,220123.0,20.3,0,2.18,8.1,3
CUST0004086,66600.0,5.41,332996.0,19.9,0,4.17,24.6,2
CUST0004087,112235.0,1.7,146234.0,43.1,1,3.52,13.6,3
CUST0004088,98074.0,4.12,401315.0,0.7,0,4.58,13.3,2
CUST0004089,57687.0,9.62,193101.0,7.9,1,3.1,25.7,7
CUST0004090,34020.0,5.93,593283.0,33.5,1,4.42,0.5,4
CUST0004091,77549.0,7.82,365837.0,25.4,1,2.01,1.3,1
CUST0004092,74222.0,1.7,430822.0,14.1,2,3.97,27.1,1
CUST0004093,55671.0,5.61,360217.0,26.8,3,2.44,25.4,2
CUST0004094,37951.0,5.46,177270.0,16.0,1,2.07,13.9,3
CUST0004095,119036.0,8.94,202114.0,20.6,4,2.57,37.4,0
CUST0004096,61306.0,9.68,238400.0,36.5,4,4.13,6.4,5
CUST0004097,34849.0,1.14,223885.0,44.0,1,4.48,6.0,3
CUST0004098,100507.0,7.64,183310.0,48.3,2,2.26,15.6,4
CUST0004099,63748.0,4.26,206733.0,6.2,2,4.62,26.3,2
CUST0004100,91770.0,7.5,409674.0,28.7,2,4.98,4.6,1
CUST0004101,97376.0,6.12,316001.0,43.6,3,4.52,37.1,1
CUST0004102,71523.0,3.17,144619.0,19.5,2,5.0,1.0,6
CUST0004103,98381.0,1.93,136966.0,38.9,0,2.11,18.4,6
CUST0004104,44316.0,4.54,85014.0,7.5,2,4.26,38.5,5
CUST0004105,65242.0,2.11,430086.0,44.6,2,4.69,39.8,0
CUST0004106,42547.0,3.07,365659.0,9.4,3,2.21,12.3,2
CUST0004107,40525.0,5.61,322825.0,10.9,2,2.43,34.2,0
CUST0004108,38324.0,5.51,112114.0,31.2,0,3.51,32.9,4
CUST0004109,115424.0,4.81,427967.0,36.4,3,3.99,27.7,2
CUST0004110,107917.0,8.86,545866.0,38.3,0,3.84,11.7,6
CUST0004111,78960.0,3.49,324658.0,42.1,4,2.99,22.6,2
CUST0004112,117176.0,9.07,126749.0,45.6,1,2.83,17.4,4
CUST0004113,105314.0,2.46,339515.0,12.9,3,3.91,1.9,2
CUST0004114,76135.0,4.21,421769.0,44.0,0,3.51,3.6,1
CUST0004115,108466.0,3.08,522110.0,22.0,3,4.31,23.8,3
CUST0004116,75274.0,5.13,596819.0,22.9,0,2.84,6.7,0
CUST0004117,110289.0,9.26,142313.0,29.4,1,4.47,19.1,3
CUST0004118,50365.0,2.5,160752.0,46.7,0,4.5,5.4,4
CUST0004119,30024.0,8.27,143171.0,7.7,3,2.21,14.2,3
CUST0004120,56832.0,3.76,559260.0,27.2,1,2.45,4.7,5
CUST0004121,38640.0,4.26,469993.0,13.1,0,2.41,34.1,5
CUST0004122,36406.0,2.11,179425.0,11.5,1,3.96,38.1,3
CUST0004123,38316.0,7.7,552031.0,41.4,1,2.26,39.8,1
CUST0004124,37305.0,7.38,402664.0,46.1,1,2.96,15.7,4
CUST0004125,80644.0,7.37,596738.0,9.6,1,4.36,20.4,3
CUST0004126,85701.0,1.08,384985.0,18.4,0,2.26,11.7,3
CUST0004127,49196.0,9.88,365506.0,22.7,0,2.98,32.4,4
CUST0004128,55509.0,1.97,347938.0,24.6,2,4.95,30.6,3
CUST0004129,36930.0,1.28,323607.0,2.4,1,2.91,19.8,3
CUST0004130,87584.0,2.5,234530.0,40.3,3,4.06,36.5,3
CUST0004131,86678.0,9.32,568019.0,43.5,0,4.29,16.6,3
CUST0004132,32700.0,5.91,88766.0,3.3,1,2.95,38.1,5
CUST0004133,102050.0,3.03,196982.0,18.5,0,4.83,6.5,4
CUST0004134,104801.0,4.35,383089.0,34.4,2,4.42,16.8,3
CUST0004135,84701.0,3.05,538189.0,16.8,3,2.5,33.1,1
CUST0004136,100249.0,9.33,406971.0,4.3,1,2.53,27.3,4
CUST0004137,49212.0,3.15,124679.0,17.3,0,2.19,9.4,6
CUST0004138,43975.0,8.05,439506.0,10.0,1,3.25,36.3,6
CUST0004139,62457.0,4.01,542194.0,11.2,1,2.16,4.5,8
CUST0004140,111930.0,7.95,334458.0,19.7,3,2.31,38.1,3
CUST0004141,41595.0,4.36,457851.0,11.8,0,4.04,14.6,1
CUST0004142,104086.0,6.76,226040.0,29.0,3,2.58,25.9,3
CUST0004143,109566.0,2.12,583290.0,22.3,3,2.13,29.3,2
CUST0004144,65462.0,7.62,388556.0,7.2,1,2.18,7.3,6
CUST0004145,91171.0,8.08,543535.0,35.2,0,3.99,21.8,3
CUST0004146,41904.0,1.6,393442.0,7.7,0,2.1,27.1,1
CUST0004147,82851.0,8.3,223083.0,43.4,1,4.6,1.3,4
CUST0004148,49805.0,5.6,547686.0,18.8,3,4.48,14.8,1
CUST0004149,108886.0,2.7,572036.0,42.3,0,2.6,20.8,1
CUST0004150,30653.0,6.06,324974.0,31.1,4,3.0,39.6,5
CUST0004151,110762.0,5.91,203900.0,9.8,2,2.43,38.8,2
CUST0004152,34016.0,6.48,530598.0,6.9,1,4.35,36.4,0
CUST0004153,33022.0,6.77,532203.0,37.3,3,3.87,2.7,4
CUST0004154,37811.0,4.35,140961.0,5.1,1,4.6,27.4,4
CUST0004155,53440.0,6.8,481521.0,4.9,2,3.8,20.1,3
CUST0004156,46545.0,4.53,386202.0,12.3,0,2.71,20.7,3
CUST0004157,90395.0,3.14,110335.0,28.3,3,3.5,25.4,1
CUST0004158,71343.0,4.86,578508.0,30.6,3,4.89,28.2,2
CUST0004159,106815.0,8.53,440202.0,26.5,1,4.07,6.8,1
CUST0004160,76117.0,7.15,580631.0,18.6,0,3.35,10.7,2
CUST0004161,108554.0,7.23,486514.0,16.9,1,4.51,33.3,3
CUST0004162,97295.0,1.67,303250.0,25.6,1,4.79,15.3,2
CUST0004163,119715.0,8.75,317585.0,8.6,0,2.61,9.0,2
CUST0004164,106084.0,4.76,553815.0,29.1,3,3.93,13.4,5
CUST0004165,39790.0,6.89,325366.0,13.2,1,4.16,14.1,2
CUST0004166,38903.0,4.4,250955.0,28.8,2,3.85,6.9,4
CUST0004167,59873.0,3.72,422963.0,49.5,1,4.34,31.6,1
CUST0004168,37361.0,8.27,154821.0,13.4,2,4.79,17.5,3
CUST0004169,110684.0,7.07,462435.0,17.5,2,3.47,15.3,0
CUST0004170,80081.0,9.97,255802.0,34.8,0,3.86,22.3,5
CUST0004171,81485.0,3.77,112633.0,31.4,0,2.77,3.2,2
CUST0004172,48841.0,4.46,334271.0,41.3,1,2.21,16.2,1
CUST0004173,43722.0,4.4,137040.0,22.0,0,3.5,39.4,1
CUST0004174,60571.0,2.92,326633.0,38.9,1,3.64,34.1,4
CUST0004175,85162.0,1.35,268448.0,7.3,1,4.78,38.9,5
CUST0004176,35393.0,7.84,299976.0,27.7,2,3.73,32.5,5
CUST0004177,30595.0,5.34,149823.0,20.1,0,2.07,37.0,2
CUST0004178,79755.0,4.14,583346.0,38.3,0,3.46,13.5,1
CUST0004179,90372.0,8.59,168007.0,34.8,3,3.83,29.5,5
CUST0004180,71056.0,1.45,246388.0,30.2,1,3.33,36.4,2
CUST0004181,83099.0,5.36,225646.0,24.0,1,3.52,7.7,4
CUST0004182,70293.0,9.77,590341.0,27.1,1,4.35,37.1,4
CUST0004183,56409.0,4.53,473290.0,26.3,1,2.01,18.4,0
CUST0004184,86242.0,3.76,184636.0,13.2,0,3.68,3.8,3
CUST0004185,57094.0,9.24,251208.0,24.6,4,3.25,28.3,2
CUST0004186,31961.0,5.8,263081.0,38.4,2,3.74,0.7,2
CUST0004187,118788.0,2.42,556545.0,49.5,1,3.44,11.2,1
CUST0004188,90654.0,8.51,557977.0,45.6,1,2.73,1.3,5
CUST0004189,103146.0,3.36,216476.0,27.3,3,2.83,27.5,0
CUST0004190,92400.0,3.5,140923.0,5.4,1,4.52,2.1,1
CUST0004191,91698.0,1.22,287451.0,12.6,2,3.65,34.5,4
CUST0004192,113642.0,6.33,236799.0,43.3,0,4.67,31.0,2
CUST0004193,106365.0,2.99,427460.0,13.2,3,2.71,30.3,4
CUST0004194,39496.0,5.29,104312.0,14.0,0,4.22,5.3,7
CUST0004195,107276.0,3.29,279303.0,4.6,3,4.99,13.5,2
CUST0004196,115970.0,5.25,264555.0,31.1,0,4.75,18.8,1
CUST0004197,91583.0,6.72,325850.0,13.8,1,3.67,7.4,3
CUST0004198,67102.0,9.76,441375.0,36.6,3,4.35,11.6,3
CUST0004199,96054.0,9.55,540946.0,43.6,1,2.4,20.0,2
CUST0004200,37218.0,2.24,587713.0,46.9,2,4.63,13.8,0
CUST0004201,110293.0,3.12,360596.0,49.6,3,2.7,31.6,1
CUST0004202,63619.0,9.93,353614.0,8.5,0,4.96,22.5,0
CUST0004203,103870.0,8.25,152355.0,24.4,3,3.73,17.3,2
CUST0004204,34061.0,1.12,254643.0,3.3,3,2.69,31.0,3
CUST0004205,42599.0,2.64,448893.0,22.9,3,3.55,5.4,5
CUST0004206,70599.0,8.38,557680.0,10.0,1,2.04,38.5,1
CUST0004207,95842.0,3.32,318231.0,38.5,3,3.84,28.9,2
CUST0004208,79076.0,3.1,207909.0,9.4,0,3.56,7.2,0
CUST0004209,107034.0,7.18,525965.0,8.4,2,2.69,11.7,4
CUST0004210,65009.0,6.56,234256.0,37.2,0,3.74,13.6,2
CUST0004211,63095.0,4.81,594743.0,12.9,0,2.55,19.8,5
CUST0004212,89511.0,7.65,499536.0,47.6,2,4.63,5.9,2
CUST0004213,70493.0,4.11,231318.0,47.1,1,4.12,26.0,4
CUST0004214,54828.0,8.52,251962.0,23.3,1,2.43,39.5,4
CUST0004215,49806.0,6.14,444957.0,23.9,2,2.22,27.8,3
CUST0004216,108537.0,6.58,475110.0,10.4,0,3.0,14.2,1
CUST0004217,84827.0,5.86,399037.0,8.7,4,4.86,16.2,6
CUST0004218,34238.0,5.1,439932.0,47.8,0,3.13,12.9,1
CUST0004219,59047.0,2.82,420969.0,17.2,1,4.81,1.8,3
CUST0004220,116326.0,9.86,260868.0,13.9,0,3.71,30.0,5
CUST0004221,63993.0,4.53,541164.0,40.7,1,4.14,15.7,4
CUST0004222,78482.0,6.59,196448.0,14.2,3,3.07,27.9,4
CUST0004223,104634.0,1.52,282407.0,1.2,0,3.48,27.8,2
CUST0004224,64830.0,2.01,191248.0,31.4,3,4.89,2.1,4
CUST0004225,60494.0,1.83,448047.0,43.4,1,4.31,39.7,1
CUST0004226,104944.0,3.96,568926.0,2.6,1,3.19,0.5,2
CUST0004227,104675.0,5.07,106111.0,40.8,0,4.85,23.3,2
CUST0004228,112681.0,9.52,381479.0,23.7,0,2.29,22.2,4
CUST0004229,45618.0,2.85,560497.0,17.6,1,2.26,7.1,2
CUST0004230,59021.0,6.66,451313.0,17.3,2,2.76,19.9,3
CUST0004231,56903.0,9.89,512442.0,35.4,2,4.16,23.1,3
CUST0004232,79062.0,5.49,262754.0,9.5,2,3.36,27.9,6
CUST0004233,98670.0,2.29,364762.0,44.5,0,4.03,14.7,3
CUST0004234,34137.0,6.81,579685.0,22.7,2,3.24,5.7,4
CUST0004235,50500.0,7.13,479524.0,6.1,2,3.7,35.4,1
CUST0004236,41833.0,4.6,87754.0,29.7,1,3.53,27.2,3
CUST0004237,56931.0,6.68,147461.0,38.4,0,4.47,18.2,3
CUST0004238,57580.0,8.7,151356.0,50.0,1,2.66,29.8,4
CUST0004239,89987.0,2.43,481225.0,15.1,3,4.26,37.5,4
CUST0004240,51557.0,5.92,534256.0,41.2,2,4.75,28.8,5
CUST0004241,33687.0,3.26,253450.0,3.7,1,2.75,19.4,3
CUST0004242,62842.0,9.4,564828.0,23.5,1,3.44,7.7,7
CUST0004243,44782.0,1.84,261608.0,18.9,2,2.32,26.2,5
CUST0004244,46850.0,5.8,386459.0,2.3,0,4.49,27.7,3
CUST0004245,77515.0,8.4,116079.0,11.3,4,2.94,6.1,3
CUST0004246,76073.0,4.84,119027.0,2.4,0,3.63,13.8,4
CUST0004247,99277.0,9.43,189016.0,18.5,1,3.07,12.7,3
CUST0004248,33626.0,1.94,223069.0,1.4,4,2.44,24.7,2
CUST0004249,32715.0,4.85,367883.0,28.3,1,2.96,16.2,3
CUST0004250,71267.0,1.21,103001.0,22.0,1,3.14,32.5,4
CUST0004251,96259.0,6.33,436845.0,11.7,3,4.82,27.2,2
CUST0004252,31009.0,4.42,567404.0,6.8,2,4.27,18.1,4
CUST0004253,38927.0,7.38,208037.0,7.6,0,4.21,26.4,4
CUST0004254,50617.0,7.69,471293.0,30.4,2,2.1,13.3,6
CUST0004255,43566.0,9.13,106659.0,39.5,3,3.58,23.9,0
CUST0004256,87455.0,4.09,530805.0,35.7,2,2.28,13.8,2
CUST0004257,84856.0,2.28,509776.0,16.3,0,4.21,11.4,6
CUST0004258,103289.0,4.93,340573.0,3.0,2,4.09,33.0,4
CUST0004259,110126.0,2.11,402167.0,37.5,4,4.3,7.9,1
CUST0004260,60646.0,1.95,302576.0,38.5,0,2.02,30.0,4
CUST0004261,118148.0,6.04,455554.0,20.0,0,4.48,33.3,6
CUST0004262,114772.0,5.1,332140.0,16.9,0,3.24,9.2,2
CUST0004263,115560.0,6.34,234361.0,35.7,0,3.59,1.0,3
CUST0004264,116961.0,6.64,94709.0,13.8,1,4.5,2.9,1
CUST0004265,49600.0,3.71,270049.0,29.3,1,3.93,26.9,5
CUST0004266,99478.0,4.63,336683.0,34.1,1,2.54,37.8,3
CUST0004267,72528.0,8.43,440506.0,33.9,1,4.08,2.4,4
CUST0004268,100128.0,7.96,220787.0,13.7,0,3.01,12.4,3
CUST0004269,99778.0,9.0,459752.0,39.6,1,3.52,31.0,5
CUST0004270,102483.0,7.65,162695.0,16.7,3,2.39,24.2,2
CUST0004271,47108.0,8.02,581435.0,39.2,1,4.83,31.0,6
CUST0004272,41186.0,7.15,469172.0,13.6,1,3.85,10.9,4
CUST0004273,65412.0,9.52,169181.0,15.1,3,2.94,38.0,2
CUST0004274,115284.0,7.62,309055.0,26.7,0,2.29,1.9,1
CUST0004275,39927.0,3.33,595643.0,38.1,1,2.64,39.7,2
CUST0004276,64350.0,1.55,423048.0,16.7,0,4.09,31.5,0
CUST0004277,111758.0,4.13,487828.0,42.0,1,4.52,12.6,2
CUST0004278,43527.0,8.48,316645.0,25.7,2,4.77,11.6,1
CUST0004279,89633.0,7.05,169008.0,38.4,1,3.62,16.9,5
CUST0004280,91365.0,4.79,426950.0,6.3,1,4.39,30.1,2
CUST0004281,58772.0,2.93,415812.0,1.3,1,3.05,18.9,4
CUST0004282,102369.0,3.04,585936.0,11.8,3,3.65,0.0,4
CUST0004283,32914.0,4.94,444270.0,7.3,0,2.43,4.3,0
CUST0004284,91218.0,2.19,256089.0,12.7,0,4.81,7.7,5
CUST0004285,116236.0,1.82,572726.0,27.9,2,4.76,30.5,1
CUST0004286,91496.0,5.88,181784.0,41.2,1,4.94,31.5,3
CUST0004287,31594.0,6.89,317347.0,3.7,3,3.98,0.7,4
CUST0004288,49319.0,7.88,165198.0,48.8,4,2.52,7.3,2
CUST0004289,112984.0,1.05,592137.0,16.7,2,4.61,33.8,6
CUST0004290,86180.0,9.39,145629.0,8.8,1,4.64,30.2,3
CUST0004291,81661.0,4.61,392068.0,44.3,0,2.42,6.7,3
CUST0004292,110447.0,2.16,565424.0,29.7,0,3.66,38.8,3
CUST0004293,37182.0,6.64,560813.0,38.5,3,3.39,30.0,1
CUST0004294,70145.0,5.09,230308.0,23.7,2,2.69,0.8,6
CUST0004295,113251.0,8.67,423671.0,36.4,0,4.35,38.7,2
CUST0004296,86173.0,1.42,350056.0,10.7,1,3.78,21.6,3
CUST0004297,107379.0,5.43,532530.0,31.0,0,2.74,27.1,2
CUST0004298,94927.0,3.34,217535.0,26.9,3,2.6,24.5,2
CUST0004299,77630.0,7.82,315399.0,37.9,3,3.12,0.2,1
CUST0004300,82784.0,6.53,399981.0,12.0,1,4.06,26.7,2
CUST0004301,110751.0,8.01,97104.0,30.5,1,4.48,33.0,2
CUST0004302,91169.0,4.2,516975.0,47.6,3,2.85,17.6,3
CUST0004303,31127.0,9.88,435106.0,23.6,0,3.46,1.2,3
CUST0004304,85184.0,3.81,360997.0,0.9,0,4.83,15.8,5
CUST0004305,48899.0,4.39,258917.0,21.3,0,3.73,37.9,3
CUST0004306,78569.0,2.74,462103.0,18.9,4,3.06,24.1,2
CUST0004307,49775.0,8.05,129529.0,47.4,1,3.98,10.4,2
CUST0004308,34447.0,9.76,476708.0,19.4,1,4.43,20.8,4
CUST0004309,46223.0,7.47,515731.0,9.1,2,4.72,31.9,8
CUST0004310,39178.0,8.26,591580.0,39.5,2,3.54,7.7,6
CUST0004311,84595.0,5.75,291620.0,0.5,0,4.72,31.4,2
CUST0004312,43825.0,4.72,231786.0,8.0,2,4.03,9.2,2
CUST0004313,104491.0,3.63,266407.0,14.1,4,2.35,32.2,8
CUST0004314,47306.0,5.54,339461.0,48.3,2,3.24,16.6,1
CUST0004315,53767.0,3.3,578227.0,33.1,3,4.58,20.8,3
CUST0004316,105037.0,5.9,250266.0,3.5,2,3.52,35.5,4
CUST0004317,38282.0,8.68,227796.0,13.3,0,3.66,19.6,1
CUST0004318,75477.0,8.33,233780.0,27.8,0,3.02,23.0,2
CUST0004319,104114.0,7.77,181267.0,48.4,1,3.87,21.2,5
CUST0004320,91937.0,6.2,440172.0,31.7,1,2.09,33.5,2
CUST0004321,39953.0,1.77,544617.0,25.7,1,2.73,21.0,2
CUST0004322,101008.0,2.19,504584.0,18.7,1,3.15,11.6,2
CUST0004323,55402.0,2.59,482066.0,5.9,0,3.37,7.2,4
CUST0004324,51079.0,4.05,583937.0,1.9,0,4.75,21.0,6
CUST0004325,104228.0,1.93,522813.0,4.6,0,2.36,21.4,8
CUST0004326,34804.0,3.15,88142.0,23.1,1,2.45,39.4,4
CUST0004327,72882.0,8.08,115557.0,20.1,0,2.09,21.2,4
CUST0004328,35169.0,3.76,584009.0,44.5,3,3.46,11.3,3
CUST0004329,97027.0,4.05,214439.0,25.9,4,3.02,39.1,1
CUST0004330,92931.0,9.95,162797.0,19.4,2,3.02,2.8,1
CUST0004331,48359.0,3.47,548896.0,26.6,0,3.87,28.2,1
CUST0004332,67058.0,9.6,321261.0,45.7,1,4.54,14.4,4
CUST0004333,89427.0,8.64,537131.0,24.2,1,4.45,39.3,3
CUST0004334,34431.0,1.49,591342.0,13.4,0,4.47,28.8,5
CUST0004335,97300.0,8.45,131238.0,28.2,1,3.54,37.7,1
CUST0004336,34559.0,8.59,371649.0,21.0,0,2.53,5.6,5
CUST0004337,80089.0,8.7,435763.0,5.7,0,3.89,22.9,3
CUST0004338,41503.0,9.17,101797.0,5.5,2,4.74,6.4,3
CUST0004339,106822.0,2.41,510609.0,37.6,0,2.75,1.0,2
CUST0004340,73367.0,6.39,127063.0,20.9,3,2.54,6.7,4
CUST0004341,77616.0,8.3,310805.0,20.0,1,2.28,39.3,5
CUST0004342,113788.0,4.87,376648.0,3.3,1,4.4,26.5,5
CUST0004343,97897.0,3.5,264645.0,26.2,2,2.6,13.9,3
CUST0004344,99248.0,1.17,201438.0,32.3,0,4.51,23.5,6
CUST0004345,82477.0,5.86,519341.0,44.7,2,2.68,26.2,2
CUST0004346,44311.0,6.8,437294.0,9.2,3,4.86,8.7,2
CUST0004347,60204.0,6.47,308351.0,31.6,3,2.48,31.7,1
CUST0004348,44070.0,4.05,465510.0,31.1,1,3.85,20.7,3
CUST0004349,46035.0,8.04,582469.0,6.0,0,4.99,35.7,6
CUST0004350,50144.0,9.9,574120.0,46.7,2,4.8,23.1,3
CUST0004351,73657.0,8.72,464604.0,10.7,0,2.9,3.2,1
CUST0004352,118060.0,3.35,171094.0,4.7,0,4.49,6.8,4
CUST0004353,82571.0,6.95,463384.0,33.6,1,3.58,8.1,2
CUST0004354,74381.0,5.54,314889.0,8.4,0,4.99,2.1,3
CUST0004355,55213.0,5.84,176312.0,21.8,4,3.12,7.9,1
CUST0004356,112551.0,6.13,368550.0,30.1,1,2.17,38.3,5
CUST0004357,100791.0,2.33,529314.0,38.9,0,3.81,13.6,7
CUST0004358,66002.0,7.19,547653.0,44.9,1,2.6,22.2,4
CUST0004359,81725.0,8.88,592412.0,28.3,2,4.5,4.5,3
CUST0004360,57865.0,4.78,546165.0,33.3,1,3.21,12.4,2
CUST0004361,49242.0,3.96,198007.0,23.9,1,2.98,12.5,2
CUST0004362,114726.0,4.3,530994.0,12.1,1,3.67,4.6,2
CUST0004363,93854.0,1.96,568443.0,27.9,0,3.57,4.5,3
CUST0004364,116759.0,6.02,420892.0,41.5,0,4.57,5.2,3
CUST0004365,67408.0,5.36,587360.0,17.2,3,3.97,35.3,2
CUST0004366,46460.0,9.73,453073.0,1.5,1,4.43,38.5,2
CUST0004367,65059.0,2.05,380846.0,2.5,2,2.09,26.1,0
CUST0004368,109863.0,1.21,505953.0,36.6,0,3.24,21.0,5
CUST0004369,43929.0,8.58,422132.0,36.7,3,2.78,33.8,3
CUST0004370,37203.0,7.71,530513.0,27.1,0,4.28,12.6,0
CUST0004371,93449.0,6.31,325634.0,45.4,1,3.34,3.4,1
CUST0004372,67591.0,2.99,196721.0,48.9,0,4.35,26.0,6
CUST0004373,43583.0,8.65,590001.0,11.2,2,2.96,22.9,3
CUST0004374,64432.0,6.19,439093.0,2.3,2,2.04,24.3,2
CUST0004375,116133.0,7.62,167403.0,44.9,1,3.75,1.8,2
CUST0004376,81777.0,6.02,495074.0,27.3,1,4.57,22.2,1
CUST0004377,35589.0,7.33,257892.0,40.6,0,2.72,35.2,2
CUST0004378,93394.0,5.91,220463.0,38.1,0,2.37,11.3,6
CUST0004379,110510.0,4.87,528837.0,44.8,0,3.71,9.6,5
CUST0004380,106733.0,9.32,231818.0,44.3,0,4.61,15.1,1
CUST0004381,35397.0,9.41,423035.0,48.6,0,2.01,22.0,3
CUST0004382,81524.0,2.96,597502.0,41.7,2,3.25,38.5,2
CUST0004383,100690.0,5.26,595381.0,31.8,2,2.97,9.1,0
CUST0004384,100475.0,6.41,329511.0,31.9,0,3.14,36.1,2
CUST0004385,84124.0,3.12,418195.0,14.6,4,2.48,18.6,3
CUST0004386,42105.0,1.91,110581.0,30.7,1,3.3,4.8,0
CUST0004387,117555.0,2.64,303017.0,25.9,1,3.06,8.6,6
CUST0004388,62152.0,7.37,156736.0,16.5,0,4.02,28.4,4
CUST0004389,41023.0,5.78,142670.0,47.4,3,4.72,11.1,4
CUST0004390,42518.0,8.44,363743.0,26.1,0,3.75,9.3,2
CUST0004391,89502.0,6.17,236654.0,2.5,2,2.81,31.6,3
CUST0004392,60710.0,2.3,500486.0,43.6,1,3.56,9.6,5
CUST0004393,61342.0,8.61,565801.0,35.9,3,2.21,4.8,4
CUST0004394,62334.0,2.11,581116.0,42.3,2,3.12,21.2,8
CUST0004395,35964.0,9.43,594168.0,20.0,1,2.05,34.3,4
CUST0004396,65165.0,5.72,157975.0,15.9,2,4.32,34.5,5
CUST0004397,99702.0,4.42,535221.0,17.4,0,2.35,36.7,1
CUST0004398,86091.0,1.45,598225.0,35.5,1,2.82,34.4,3
CUST0004399,82996.0,6.44,507362.0,38.5,1,2.88,2.0,1
CUST0004400,39847.0,2.92,416035.0,11.8,0,4.81,39.3,2
CUST0004401,112273.0,6.6,304945.0,28.9,1,4.33,15.3,6
CUST0004402,51724.0,7.57,353133.0,30.7,1,4.03,23.0,3
CUST0004403,68154.0,9.08,387720.0,33.8,1,4.75,2.5,2
CUST0004404,62158.0,5.65,528258.0,33.4,2,3.14,20.7,4
CUST0004405,68444.0,6.94,506240.0,10.6,1,4.52,19.9,1
CUST0004406,71732.0,3.36,580249.0,34.5,0,2.61,1.6,0
CUST0004407,44542.0,9.11,476978.0,48.5,2,4.92,14.9,1
CUST0004408,76054.0,3.23,324017.0,14.2,0,2.25,12.0,5
CUST0004409,55135.0,1.12,580450.0,21.7,1,3.24,23.9,4
CUST0004410,51592.0,9.44,144158.0,23.2,1,2.95,17.9,0
CUST0004411,45525.0,5.35,451619.0,30.4,0,4.93,15.9,0
CUST0004412,46564.0,5.82,161316.0,43.0,2,4.6,35.2,2
CUST0004413,114257.0,7.13,578389.0,34.0,0,3.35,19.0,1
CUST0004414,91226.0,5.45,422194.0,34.5,1,3.36,26.8,5
CUST0004415,106446.0,7.95,179271.0,25.9,3,3.87,31.0,3
CUST0004416,116113.0,5.15,111088.0,33.6,3,2.98,6.8,4
CUST0004417,107333.0,2.1,335229.0,3.8,0,2.84,22.3,3
CUST0004418,86627.0,7.79,118680.0,41.2,1,3.46,35.8,2
CUST0004419,40751.0,5.79,204440.0,8.3,2,4.99,9.6,6
CUST0004420,31997.0,5.01,172957.0,7.8,0,4.77,22.5,6
CUST0004421,82165.0,2.2,515222.0,22.3,2,4.3,36.5,2
CUST0004422,98451.0,3.14,168295.0,2.8,0,3.33,29.3,1
CUST0004423,52046.0,5.1,98819.0,20.4,2,3.01,27.5,3
CUST0004424,79817.0,4.65,588349.0,29.5,3,4.75,28.8,3
CUST0004425,67531.0,2.88,237105.0,49.2,1,3.6,5.1,4
CUST0004426,63617.0,3.62,116709.0,40.0,0,2.33,39.0,2
CUST0004427,41685.0,4.71,484266.0,45.1,1,4.17,14.5,2
CUST0004428,65809.0,8.24,119784.0,42.7,4,3.56,10.0,7
CUST0004429,115900.0,9.14,247754.0,1.8,1,4.22,32.6,2
CUST0004430,60688.0,8.52,257820.0,41.6,0,2.91,30.5,2
CUST0004431,32586.0,8.09,527939.0,10.1,1,3.73,33.3,4
CUST0004432,63157.0,9.7,184612.0,4.3,1,2.84,19.4,6
CUST0004433,85909.0,8.48,204399.0,46.8,0,3.82,23.2,2
CUST0004434,106966.0,3.78,106781.0,17.0,0,4.98,34.5,2
CUST0004435,92388.0,1.48,182036.0,14.8,1,3.65,20.1,3
CUST0004436,111573.0,5.12,279987.0,49.0,4,4.75,31.1,1
CUST0004437,88706.0,2.58,270226.0,40.3,1,2.13,31.2,4
CUST0004438,54942.0,7.64,244516.0,47.4,2,2.28,0.1,5
CUST0004439,42735.0,7.82,165868.0,46.6,0,2.83,16.8,7
CUST0004440,94435.0,4.63,153645.0,48.9,1,4.02,13.5,1
CUST0004441,45381.0,5.6,310468.0,48.4,3,3.52,0.3,2
CUST0004442,52961.0,2.78,101779.0,13.5,2,3.84,20.4,3
CUST0004443,109088.0,6.56,534684.0,7.0,1,4.39,31.3,3
CUST0004444,77938.0,2.51,428270.0,28.6,1,3.77,14.3,2
CUST0004445,68887.0,5.98,276177.0,41.6,3,3.05,37.0,5
CUST0004446,72858.0,7.72,574898.0,29.5,1,4.02,19.8,3
CUST0004447,87209.0,3.35,175028.0,41.7,2,4.08,32.6,5
CUST0004448,81416.0,1.65,462479.0,19.5,1,4.33,4.0,2
CUST0004449,84318.0,9.59,557147.0,26.3,3,2.57,15.5,2
CUST0004450,100541.0,2.24,570420.0,31.3,1,3.59,22.9,4
CUST0004451,96694.0,7.67,535314.0,19.9,2,4.94,2.8,4
CUST0004452,83296.0,2.97,451877.0,36.1,3,2.99,25.2,5
CUST0004453,79585.0,7.55,390926.0,23.4,0,4.09,28.2,4
CUST0004454,109139.0,5.64,540631.0,13.2,2,2.7,14.7,2
CUST0004455,84321.0,7.95,545225.0,11.0,0,2.51,2.2,1
CUST0004456,119172.0,1.62,197489.0,43.3,3,3.09,24.7,2
CUST0004457,69752.0,9.4,163248.0,36.6,0,2.44,39.2,7
CUST0004458,107773.0,3.73,405788.0,13.9,1,2.85,22.6,3
CUST0004459,83465.0,3.07,579028.0,40.5,0,3.36,16.7,4
CUST0004460,91943.0,2.7,81977.0,19.4,1,3.61,27.6,6
CUST0004461,90141.0,4.59,321625.0,38.0,0,2.73,36.4,3
CUST0004462,108366.0,7.36,114361.0,36.6,0,4.25,20.4,3
CUST0004463,32713.0,9.75,163439.0,27.6,1,4.13,19.8,4
CUST0004464,33189.0,5.0,405301.0,40.0,3,3.27,29.4,4
CUST0004465,113601.0,1.47,166688.0,47.7,2,3.24,32.9,1
CUST0004466,117900.0,4.51,437736.0,32.9,0,4.08,26.8,4
CUST0004467,60373.0,7.49,371903.0,12.7,3,4.96,8.5,3
CUST0004468,118040.0,1.23,490079.0,29.5,1,4.6,18.1,3
CUST0004469,80965.0,9.98,358086.0,18.5,2,4.56,0.7,2
CUST0004470,79783.0,5.4,80670.0,43.4,0,4.91,14.9,4
CUST0004471,102414.0,4.71,142345.0,11.9,0,4.2,18.3,3
CUST0004472,117181.0,8.43,284199.0,6.7,0,4.14,13.0,3
CUST0004473,36068.0,4.22,397566.0,38.4,0,2.73,12.8,4
CUST0004474,43193.0,7.95,215288.0,29.1,0,3.48,32.5,1
CUST0004475,52939.0,4.19,360283.0,46.4,1,3.23,32.5,7
CUST0004476,46126.0,6.39,343739.0,16.2,0,3.35,22.7,0
CUST0004477,58153.0,7.06,185523.0,44.4,1,4.97,17.5,4
CUST0004478,83513.0,1.75,449901.0,40.2,1,4.14,31.4,0
CUST0004479,106849.0,7.24,272411.0,21.1,0,4.66,18.5,7
CUST0004480,55273.0,4.59,463952.0,36.4,0,2.57,37.3,3
CUST0004481,81511.0,6.3,162206.0,5.1,2,3.69,36.2,5
CUST0004482,48043.0,9.51,484903.0,2.8,3,2.1,3.4,9
CUST0004483,94415.0,8.98,277360.0,40.0,0,2.16,13.1,4
CUST0004484,116332.0,1.25,215712.0,41.9,0,2.61,10.7,5
CUST0004485,33494.0,7.88,363223.0,22.3,2,2.87,25.9,3
CUST0004486,70605.0,7.71,588268.0,22.6,2,4.51,25.2,3
CUST0004487,106748.0,7.86,95437.0,20.5,3,3.02,8.9,5
CUST0004488,96058.0,3.8,324904.0,4.1,0,4.7,26.4,1
CUST0004489,83101.0,6.33,360838.0,23.2,0,3.94,32.5,2
CUST0004490,96510.0,1.71,197866.0,29.5,0,3.58,2.0,0
CUST0004491,111511.0,6.92,419684.0,30.0,0,3.41,29.7,3
CUST0004492,81685.0,7.86,230991.0,12.1,0,4.16,2.6,3
CUST0004493,35164.0,6.37,356510.0,28.3,2,4.47,1.0,4
CUST0004494,37500.0,9.3,281774.0,41.4,2,4.33,24.5,1
CUST0004495,85718.0,3.54,307359.0,16.5,0,3.68,36.3,2
CUST0004496,82284.0,2.68,332820.0,0.9,2,3.92,8.7,5
CUST0004497,94554.0,2.56,520609.0,11.9,0,4.12,1.0,1
CUST0004498,74491.0,9.48,409311.0,38.8,0,4.62,2.3,2
CUST0004499,92735.0,4.8,216424.0,22.3,4,4.54,5.2,2
CUST0004500,110890.0,9.66,139992.0,48.4,1,2.73,30.4,5
CUST0004501,56148.0,4.6,162120.0,27.2,1,2.07,25.3,5
CUST0004502,56969.0,7.85,145808.0,46.4,1,3.4,18.5,4
CUST0004503,69411.0,7.47,296429.0,10.7,0,2.14,39.0,3
CUST0004504,96688.0,4.23,550674.0,43.3,0,4.58,9.0,4
CUST0004505,89918.0,6.86,204781.0,29.5,3,2.15,26.4,4
CUST0004506,101822.0,5.08,108388.0,15.5,0,2.65,31.2,3
CUST0004507,52879.0,4.59,182739.0,22.2,0,4.48,38.1,1
CUST0004508,57287.0,8.85,317593.0,47.9,1,2.23,9.4,4
CUST0004509,35077.0,2.51,110996.0,43.1,0,3.71,20.5,7
CUST0004510,46660.0,9.15,132050.0,49.7,0,2.76,6.6,2
CUST0004511,71317.0,6.95,187835.0,28.4,0,4.64,39.2,2
CUST0004512,91506.0,9.96,505552.0,32.4,3,2.09,1.4,3
CUST0004513,51953.0,7.7,116514.0,6.0,1,2.69,28.3,4
CUST0004514,35827.0,6.71,135147.0,28.4,0,2.45,3.7,3
CUST0004515,106031.0,7.54,220242.0,30.0,2,3.19,17.6,2
CUST0004516,80893.0,3.5,590590.0,44.6,0,4.26,8.1,1
CUST0004517,34997.0,2.44,298427.0,33.8,3,4.03,22.3,5
CUST0004518,101448.0,9.63,182392.0,7.6,2,2.92,5.3,2
CUST0004519,32959.0,3.26,96238.0,4.8,3,3.13,10.3,2
CUST0004520,78871.0,1.82,427230.0,30.9,2,3.51,4.3,5
CUST0004521,92762.0,7.05,397323.0,39.5,1,3.44,15.3,2
CUST0004522,102070.0,8.59,122719.0,5.8,2,2.28,2.4,5
CUST0004523,90164.0,4.54,85878.0,32.4,1,2.67,18.2,2
CUST0004524,110823.0,6.59,587227.0,14.9,1,4.86,23.5,2
CUST0004525,40944.0,5.19,475032.0,15.0,1,2.99,32.5,4
CUST0004526,39971.0,8.35,266167.0,43.1,2,3.59,26.9,2
CUST0004527,52465.0,4.28,170000.0,21.4,0,4.8,16.0,3
CUST0004528,70587.0,2.92,95317.0,8.7,3,2.99,0.3,3
CUST0004529,111744.0,6.34,413419.0,18.7,0,4.97,28.7,6
CUST0004530,58316.0,9.22,311044.0,5.3,2,3.85,0.1,3
CUST0004531,81466.0,8.84,335709.0,41.3,3,2.12,5.6,1
CUST0004532,84930.0,2.56,279819.0,18.3,0,3.21,2.8,1
CUST0004533,41933.0,2.45,590828.0,34.3,4,3.16,28.1,0
CUST0004534,75140.0,7.76,438570.0,42.8,3,4.65,22.3,3
CUST0004535,58938.0,5.89,216158.0,49.5,0,2.05,20.0,3
CUST0004536,40835.0,2.15,307526.0,38.9,1,2.18,22.9,4
CUST0004537,31453.0,3.04,201839.0,3.7,3,4.78,20.2,5
CUST0004538,89825.0,1.62,241090.0,33.0,4,3.14,6.6,4
CUST0004539,66028.0,7.02,159283.0,43.4,3,3.43,23.8,4
CUST0004540,82958.0,2.65,209426.0,17.7,0,2.85,6.1,2
CUST0004541,46355.0,9.65,538647.0,27.6,0,3.54,11.4,2
CUST0004542,75354.0,9.17,123384.0,33.0,1,2.1,35.9,4
CUST0004543,64686.0,5.98,514918.0,10.5,0,3.67,24.7,2
CUST0004544,33009.0,1.87,471793.0,16.4,1,3.01,14.3,5
CUST0004545,42283.0,9.05,516529.0,1.0,1,4.03,26.3,1
CUST0004546,89486.0,3.73,137577.0,41.3,0,3.63,38.1,5
CUST0004547,100722.0,3.73,580142.0,16.2,0,4.22,6.8,4
CUST0004548,98909.0,7.03,504738.0,8.4,4,4.75,17.1,4
CUST0004549,77169.0,8.49,286015.0,12.6,3,3.65,22.0,3
CUST0004550,96819.0,9.49,407758.0,33.0,2,4.3,29.9,6
CUST0004551,89375.0,4.63,455005.0,38.8,1,3.95,39.4,4
CUST0004552,83471.0,7.64,413244.0,40.9,0,4.43,26.5,2
CUST0004553,41866.0,6.15,484741.0,3.0,0,3.57,16.6,3
CUST0004554,83671.0,7.56,270500.0,43.6,0,4.58,34.4,4
CUST0004555,114882.0,8.86,281166.0,8.4,2,3.49,28.7,5
CUST0004556,43976.0,9.53,264073.0,27.3,4,2.64,5.0,5
CUST0004557,91886.0,4.27,380145.0,16.2,2,2.29,21.1,2
CUST0004558,68174.0,6.15,380079.0,31.9,2,3.18,26.9,5
CUST0004559,98840.0,4.44,115147.0,28.5,1,2.73,0.4,5
CUST0004560,117711.0,8.18,180377.0,30.0,1,4.49,2.0,3
CUST0004561,39444.0,2.55,212685.0,46.4,4,3.18,3.7,5
CUST0004562,90025.0,2.39,585569.0,21.2,1,2.2,29.8,2
CUST0004563,102474.0,4.84,115806.0,40.6,1,3.24,29.8,1
CUST0004564,45631.0,5.26,288466.0,18.7,0,4.28,4.2,3
CUST0004565,54310.0,5.27,376933.0,41.3,3,2.07,4.9,0
CUST0004566,80978.0,5.44,394983.0,42.4,0,4.14,3.7,2
CUST0004567,52721.0,6.3,183019.0,40.5,1,3.43,7.2,3
CUST0004568,92947.0,9.06,399936.0,26.2,0,3.38,29.2,4
CUST0004569,40251.0,9.23,330585.0,20.0,1,3.37,17.1,2
CUST0004570,63934.0,6.02,591931.0,25.6,0,2.37,35.4,1
CUST0004571,77936.0,2.08,124756.0,47.2,0,2.65,11.9,0
CUST0004572,111682.0,1.83,364933.0,5.6,0,4.36,11.7,2
CUST0004573,34596.0,7.3,514027.0,11.9,0,2.56,18.4,2
CUST0004574,67060.0,1.42,241776.0,14.3,1,4.41,22.7,1
CUST0004575,59276.0,2.31,419109.0,11.0,0,3.85,31.0,5
CUST0004576,115153.0,1.94,394828.0,18.8,2,4.14,14.1,7
CUST0004577,44624.0,4.01,294879.0,26.9,2,3.61,16.5,4
CUST0004578,80203.0,7.26,176064.0,1.4,0,4.75,25.5,2
CUST0004579,98283.0,2.81,447005.0,42.4,0,3.81,38.9,3
CUST0004580,55969.0,7.07,516096.0,11.3,1,4.24,32.8,7
CUST0004581,39842.0,4.45,577003.0,42.8,1,3.85,10.9,1
CUST0004582,72241.0,9.62,386539.0,10.4,0,3.84,8.3,3
CUST0004583,98923.0,4.33,514311.0,24.3,1,2.45,38.8,3
CUST0004584,76907.0,5.99,263911.0,20.0,1,4.95,16.2,2
CUST0004585,81358.0,7.25,461190.0,44.6,0,4.64,36.6,2
CUST0004586,118261.0,8.12,492555.0,24.0,0,2.76,37.1,4
CUST0004587,58234.0,8.15,210181.0,11.3,4,2.53,30.3,6
CUST0004588,84981.0,4.02,307471.0,12.2,1,4.12,1.9,5
CUST0004589,52239.0,4.66,296991.0,10.7,1,4.41,30.6,1
CUST0004590,77784.0,7.47,531336.0,43.9,1,3.18,39.6,7
CUST0004591,70000.0,1.42,454301.0,14.3,4,4.23,11.2,0
CUST0004592,56813.0,5.74,536715.0,41.2,2,4.55,10.5,1
CUST0004593,92706.0,9.22,381751.0,18.7,2,4.83,20.2,1
CUST0004594,33536.0,3.57,410745.0,21.1,2,4.59,14.5,4
CUST0004595,117789.0,9.18,184887.0,18.1,3,4.58,18.2,5
CUST0004596,34547.0,1.24,350260.0,6.4,3,4.49,31.7,3
CUST0004597,86125.0,6.49,351642.0,33.3,0,4.11,25.4,2
CUST0004598,107986.0,9.07,491754.0,9.6,0,3.67,20.8,2
CUST0004599,100410.0,6.48,131847.0,3.3,0,4.08,1.6,3
CUST0004600,117584.0,8.86,178798.0,10.6,4,4.72,15.5,3
CUST0004601,98054.0,2.68,232489.0,42.7,1,3.1,34.7,2
CUST0004602,105725.0,1.81,219508.0,23.9,1,3.93,21.6,2
CUST0004603,102502.0,4.19,299558.0,46.0,2,2.2,29.4,5
CUST0004604,115084.0,4.8,553318.0,21.4,3,4.28,14.8,3
CUST0004605,70490.0,8.52,570920.0,36.2,0,2.76,28.6,3
CUST0004606,103285.0,8.33,510248.0,21.2,2,2.56,0.1,3
CUST0004607,115022.0,3.67,453459.0,29.4,0,3.99,15.3,3
CUST0004608,92257.0,8.37,315019.0,2.0,4,4.39,38.4,4
CUST0004609,106479.0,7.39,404261.0,13.0,0,3.46,14.4,3
CUST0004610,96533.0,1.97,216686.0,38.1,2,3.26,24.9,1
CUST0004611,48614.0,2.27,326145.0,33.0,3,3.71,5.5,2
CUST0004612,98602.0,7.33,172272.0,14.2,1,2.65,5.1,3
CUST0004613,69116.0,8.0,267045.0,11.4,0,2.31,22.8,2
CUST0004614,62130.0,2.94,101115.0,6.2,1,3.79,14.3,3
CUST0004615,82234.0,2.38,477412.0,49.4,1,3.26,19.4,3
CUST0004616,59168.0,5.8,178597.0,32.6,1,4.79,2.4,7
CUST0004617,77713.0,8.08,325132.0,46.8,0,4.71,33.3,2
CUST0004618,110335.0,3.63,400422.0,33.8,1,3.94,13.8,1
CUST0004619,83617.0,6.61,197424.0,45.4,1,2.82,2.9,1
CUST0004620,73446.0,6.18,544326.0,9.6,3,2.2,0.9,2
CUST0004621,112309.0,6.95,203429.0,3.6,1,3.03,11.4,1
CUST0004622,65166.0,9.82,434494.0,29.9,1,3.12,38.9,4
CUST0004623,40055.0,3.8,350630.0,44.1,0,4.14,30.5,5
CUST0004624,49659.0,7.58,111550.0,21.5,2,4.03,25.6,1
CUST0004625,115622.0,6.06,324780.0,10.2,2,3.5,21.9,2
CUST0004626,95832.0,9.6,461798.0,21.9,0,4.6,11.1,6
CUST0004627,73481.0,2.06,578838.0,27.0,3,3.65,12.3,0
CUST0004628,85980.0,9.85,113490.0,12.0,2,4.75,37.5,5
CUST0004629,80748.0,4.18,126462.0,10.9,3,2.85,4.7,6
CUST0004630,96148.0,3.55,379097.0,44.9,1,4.95,18.9,4
CUST0004631,83759.0,4.92,215065.0,13.7,4,4.34,15.4,1
CUST0004632,74361.0,2.18,389610.0,33.3,0,4.7,16.5,0
CUST0004633,57180.0,2.44,177603.0,6.0,0,3.88,21.8,1
CUST0004634,65043.0,8.55,185853.0,7.5,0,4.65,34.9,5
CUST0004635,85801.0,1.25,318057.0,26.2,4,4.33,22.7,0
CUST0004636,51641.0,8.92,186591.0,44.9,0,4.72,18.3,2
CUST0004637,109189.0,1.85,233311.0,12.5,0,4.41,11.7,3
CUST0004638,91515.0,1.01,99827.0,41.1,1,3.43,35.6,3
CUST0004639,77911.0,1.65,325399.0,44.0,3,2.4,7.7,0
CUST0004640,64510.0,9.09,518647.0,9.3,0,4.25,28.0,1
CUST0004641,106334.0,7.64,513879.0,36.9,2,4.85,11.1,2
CUST0004642,119966.0,6.33,468534.0,46.4,0,3.84,29.6,4
CUST0004643,53384.0,2.35,363955.0,40.9,3,3.46,32.0,5
CUST0004644,67230.0,2.78,375895.0,13.1,4,2.42,21.6,3
CUST0004645,108143.0,9.6,299159.0,46.4,1,3.42,28.8,3
CUST0004646,105772.0,8.04,196922.0,24.3,2,3.6,12.3,5
CUST0004647,105283.0,5.57,544017.0,13.4,1,5.0,18.3,5
CUST0004648,49424.0,4.92,591057.0,23.0,0,4.79,32.9,4
CUST0004649,84615.0,8.15,407264.0,30.2,1,2.14,18.7,4
CUST0004650,84492.0,6.98,571071.0,44.3,0,4.23,31.0,1
CUST0004651,36952.0,5.33,294035.0,49.1,2,4.99,11.9,1
CUST0004652,83098.0,1.22,530327.0,10.7,2,3.67,3.0,2
CUST0004653,56742.0,9.4,168267.0,21.2,1,4.68,6.1,4
CUST0004654,88546.0,8.73,460800.0,19.6,1,3.22,33.8,5
CUST0004655,81900.0,4.12,418551.0,5.1,0,4.13,30.6,5
CUST0004656,104441.0,9.31,84804.0,37.6,0,3.89,27.5,2
CUST0004657,36253.0,1.84,279551.0,1.4,3,4.82,9.9,6
CUST0004658,49862.0,5.9,313626.0,18.2,1,4.66,27.0,3
CUST0004659,62855.0,2.67,449111.0,39.8,3,2.06,7.0,3
CUST0004660,70345.0,4.19,575949.0,27.2,1,3.4,38.0,1
CUST0004661,105355.0,7.76,113916.0,40.4,1,4.8,1.2,5
CUST0004662,55340.0,9.27,344228.0,5.9,1,2.09,37.9,2
CUST0004663,68470.0,2.15,587687.0,29.5,1,3.12,0.7,5
CUST0004664,63638.0,2.99,447248.0,22.4,4,2.15,1.0,8
CUST0004665,49361.0,3.16,442621.0,29.7,0,3.45,19.9,2
CUST0004666,102525.0,1.0,427094.0,38.2,3,3.51,13.2,1
CUST0004667,73849.0,8.03,380943.0,17.5,2,2.74,11.5,1
CUST0004668,109497.0,6.01,254732.0,28.0,0,2.13,28.1,3
CUST0004669,74411.0,2.53,216085.0,46.7,2,4.32,38.2,4
CUST0004670,106068.0,6.72,284333.0,25.6,1,3.75,21.9,5
CUST0004671,39011.0,3.1,590911.0,3.3,4,2.48,7.1,4
CUST0004672,100312.0,2.64,430557.0,26.3,1,3.51,30.4,3
CUST0004673,94514.0,4.97,241223.0,31.3,0,3.82,21.4,2
CUST0004674,105889.0,6.41,436849.0,5.5,1,3.83,13.4,2
CUST0004675,109020.0,9.59,278263.0,30.5,3,2.42,7.1,4
CUST0004676,84821.0,6.83,102293.0,23.3,2,4.84,19.4,6
CUST0004677,110717.0,3.95,548537.0,8.4,0,2.94,18.9,2
CUST0004678,109472.0,4.56,259458.0,18.6,1,4.78,9.0,6
CUST0004679,87092.0,8.16,302224.0,16.1,0,3.13,23.2,4
CUST0004680,68415.0,8.31,178955.0,48.5,4,2.14,37.8,2
CUST0004681,119849.0,6.99,398612.0,27.7,1,3.3,11.7,1
CUST0004682,49683.0,3.63,178543.0,47.1,2,3.69,26.3,3
CUST0004683,111220.0,5.24,352824.0,15.1,0,4.72,4.5,5
CUST0004684,100741.0,2.18,259212.0,15.2,0,3.82,18.1,5
CUST0004685,104969.0,8.59,141574.0,8.0,0,3.24,12.2,3
CUST0004686,66490.0,8.74,103117.0,15.1,0,2.33,6.8,3
CUST0004687,70318.0,4.01,227846.0,5.1,0,2.78,21.4,5
CUST0004688,57617.0,7.71,191660.0,18.0,2,4.96,25.5,1
CUST0004689,108894.0,4.57,112571.0,3.2,1,3.26,36.4,4
CUST0004690,54405.0,4.37,95497.0,39.4,2,2.07,0.6,7
CUST0004691,81504.0,6.86,98781.0,47.8,1,4.43,5.0,3
CUST0004692,67681.0,7.95,424447.0,11.8,2,2.37,31.4,1
CUST0004693,119678.0,6.45,286441.0,8.3,1,4.23,9.7,7
CUST0004694,63800.0,5.49,286340.0,9.9,2,4.37,36.1,0
CUST0004695,91334.0,9.85,339259.0,32.3,0,4.77,18.6,2
CUST0004696,119900.0,1.31,311390.0,5.9,1,4.46,7.5,1
CUST0004697,38707.0,5.48,364732.0,47.0,3,4.03,34.5,2
CUST0004698,89957.0,9.52,399642.0,37.3,2,3.56,4.1,1
CUST0004699,42158.0,5.89,245075.0,40.9,1,3.52,20.9,4
CUST0004700,115816.0,3.86,270355.0,18.3,2,2.3,25.7,1
CUST0004701,48617.0,1.68,252877.0,34.3,1,3.38,7.5,2
CUST0004702,69899.0,8.49,97054.0,7.9,3,2.28,0.6,2
CUST0004703,42121.0,4.77,291732.0,24.4,0,2.16,3.3,6
CUST0004704,39814.0,3.58,264514.0,42.8,1,3.68,11.6,0
CUST0004705,55825.0,4.46,524045.0,7.8,1,3.21,16.3,3
CUST0004706,57557.0,5.0,456542.0,18.6,1,2.06,24.6,3
CUST0004707,113573.0,9.21,525241.0,28.8,2,2.83,23.5,2
CUST0004708,84978.0,2.75,264006.0,17.6,3,2.62,7.3,4
CUST0004709,101315.0,4.26,558073.0,5.4,0,3.94,36.3,5
CUST0004710,47071.0,4.55,470754.0,20.9,2,2.35,26.8,5
CUST0004711,68913.0,4.61,87224.0,5.2,0,3.68,31.7,2
CUST0004712,68796.0,8.19,372193.0,37.6,0,3.5,24.6,1
CUST0004713,84290.0,7.13,443833.0,49.3,0,4.51,16.7,5
CUST0004714,58647.0,2.79,190682.0,47.1,1,2.51,7.6,3
CUST0004715,48917.0,1.9,224639.0,18.2,1,2.55,30.4,3
CUST0004716,105074.0,8.6,426686.0,39.0,1,2.84,31.4,1
CUST0004717,53230.0,5.1,419998.0,10.6,0,2.12,16.4,4
CUST0004718,41238.0,7.31,362835.0,14.7,0,4.95,12.5,2
CUST0004719,97724.0,1.17,404172.0,9.9,0,3.46,8.8,2
CUST0004720,44530.0,4.16,366724.0,11.2,0,2.32,12.1,4
CUST0004721,117553.0,3.27,539659.0,37.2,2,3.5,31.4,4
CUST0004722,101843.0,3.08,444369.0,4.7,4,2.98,39.6,4
CUST0004723,52223.0,8.69,593263.0,28.1,2,3.05,10.1,1
CUST0004724,84840.0,7.02,220682.0,42.9,1,3.3,24.5,7
CUST0004725,101434.0,6.52,107436.0,7.9,1,4.05,9.7,2
CUST0004726,49271.0,4.28,281949.0,28.4,3,4.04,32.9,4
CUST0004727,65686.0,3.3,165357.0,36.0,1,4.0,36.1,1
CUST0004728,54129.0,6.76,117098.0,44.2,0,3.74,22.7,6
CUST0004729,57209.0,8.41,105291.0,42.0,3,2.81,29.6,3
CUST0004730,50130.0,4.87,311367.0,31.1,1,4.82,28.0,2
CUST0004731,64159.0,2.29,210923.0,33.1,1,3.64,39.7,4
CUST0004732,113928.0,6.48,220510.0,2.2,1,2.49,39.5,2
CUST0004733,89999.0,2.46,587843.0,8.6,4,3.97,2.8,5
CUST0004734,37152.0,7.2,493096.0,42.2,0,4.75,14.9,5
CUST0004735,46631.0,2.88,505018.0,43.8,2,3.8,8.9,3
CUST0004736,71229.0,7.06,550544.0,13.6,1,4.57,12.1,4
CUST0004737,99946.0,8.66,401259.0,17.2,1,4.0,18.6,3
CUST0004738,116137.0,7.65,561674.0,49.6,1,3.91,38.8,4
CUST0004739,95244.0,2.59,287401.0,41.2,3,4.92,34.7,1
CUST0004740,64490.0,1.96,249769.0,40.2,3,3.74,13.0,5
CUST0004741,116416.0,5.3,150403.0,1.4,2,3.82,22.5,3
CUST0004742,35886.0,4.99,186991.0,1.4,1,4.41,11.1,0
CUST0004743,65510.0,1.38,308999.0,5.2,2,3.57,20.6,4
CUST0004744,94948.0,8.33,208726.0,16.7,0,3.15,9.6,1
CUST0004745,117486.0,2.78,535718.0,4.8,1,4.59,28.2,6
CUST0004746,84016.0,3.12,489252.0,46.2,2,4.26,26.7,2
CUST0004747,105625.0,9.81,290868.0,5.8,0,4.72,38.1,4
CUST0004748,78545.0,4.48,482142.0,18.5,1,3.43,2.2,2
CUST0004749,36170.0,5.77,529899.0,49.8,4,2.99,18.6,4
CUST0004750,46736.0,1.23,505403.0,4.1,3,2.96,19.3,5
CUST0004751,80720.0,7.3,499933.0,31.5,0,4.72,37.3,3
CUST0004752,83892.0,1.37,453551.0,8.5,1,2.86,0.6,5
CUST0004753,73696.0,9.83,291355.0,19.4,3,2.62,31.8,1
CUST0004754,83731.0,7.32,310880.0,44.0,2,4.03,31.3,2
CUST0004755,44648.0,6.28,313932.0,17.5,3,2.22,6.2,4
CUST0004756,104969.0,1.89,288875.0,1.6,3,2.6,29.1,1
CUST0004757,111312.0,2.26,596281.0,6.2,3,4.07,35.1,2
CUST0004758,46197.0,4.77,450208.0,16.1,3,2.98,5.5,5
CUST0004759,108896.0,7.11,526611.0,17.5,0,4.82,3.8,2
CUST0004760,80432.0,5.24,451978.0,8.5,2,3.9,29.4,4
CUST0004761,52287.0,8.5,505194.0,24.9,2,2.96,32.2,2
CUST0004762,67685.0,2.1,191970.0,37.6,0,4.86,26.8,3
CUST0004763,35545.0,7.52,138667.0,24.6,4,4.96,35.8,2
CUST0004764,75814.0,5.36,445759.0,20.0,0,3.02,0.9,2
CUST0004765,33040.0,3.63,337988.0,20.6,2,3.72,24.1,5
CUST0004766,51868.0,7.81,100368.0,21.9,2,3.08,9.1,3
CUST0004767,102826.0,5.06,516840.0,20.8,1,3.98,7.4,2
CUST0004768,34306.0,3.72,516911.0,8.5,2,4.53,0.7,4
CUST0004769,65845.0,5.86,589350.0,18.0,0,2.75,37.9,2
CUST0004770,117305.0,6.14,121272.0,3.9,3,3.42,14.8,5
CUST0004771,110206.0,1.33,543328.0,23.7,2,2.79,33.2,3
CUST0004772,108368.0,3.25,325569.0,12.0,1,3.0,10.8,4
CUST0004773,33018.0,7.87,195365.0,12.4,1,2.22,15.4,2
CUST0004774,31991.0,3.46,476680.0,4.3,0,2.5,0.4,4
CUST0004775,37527.0,5.05,271467.0,37.8,2,2.17,38.4,1
CUST0004776,42535.0,9.17,293677.0,16.9,0,3.12,14.6,3
CUST0004777,39794.0,2.0,377284.0,10.2,1,2.46,30.2,2
CUST0004778,42343.0,5.41,435183.0,17.4,2,2.75,10.7,3
CUST0004779,51105.0,8.7,365043.0,35.3,0,3.48,35.3,4
CUST0004780,47520.0,9.8,99230.0,3.4,1,4.23,13.4,6
CUST0004781,87720.0,9.09,244837.0,37.8,1,2.23,23.9,2
CUST0004782,47340.0,3.56,569917.0,10.7,0,3.07,28.6,4
CUST0004783,46256.0,1.37,341684.0,17.7,1,2.89,16.5,3
CUST0004784,115180.0,9.52,313194.0,20.4,2,4.9,39.2,3
CUST0004785,97068.0,3.84,553445.0,19.5,3,4.7,22.5,4
CUST0004786,87786.0,6.75,531954.0,46.4,0,4.0,0.2,6
CUST0004787,94905.0,8.43,317534.0,32.9,2,2.43,32.9,5
CUST0004788,56393.0,7.15,124487.0,13.3,1,2.64,30.1,1
CUST0004789,119016.0,4.41,594982.0,49.5,1,3.34,24.8,2
CUST0004790,89424.0,3.52,472497.0,5.2,0,3.79,35.0,1
CUST0004791,44710.0,9.45,254931.0,7.5,1,3.16,38.6,5
CUST0004792,77448.0,5.18,591889.0,26.5,1,2.31,25.6,3
CUST0004793,93590.0,2.76,178589.0,21.1,1,4.22,16.6,3
CUST0004794,35620.0,2.21,352380.0,35.4,1,3.61,19.7,1
CUST0004795,90999.0,1.21,198234.0,3.3,0,3.53,20.8,5
CUST0004796,101802.0,1.79,122952.0,47.4,2,3.51,9.1,2
CUST0004797,67162.0,3.97,375594.0,10.4,3,2.09,34.6,6
CUST0004798,57946.0,2.82,510915.0,5.7,0,2.33,21.6,0
CUST0004799,74982.0,8.14,480525.0,5.0,3,2.1,10.8,4
CUST0004800,78892.0,1.28,176042.0,0.9,1,3.64,13.6,1
CUST0004801,117540.0,9.68,174630.0,48.2,0,2.31,29.5,4
CUST0004802,110755.0,9.58,463109.0,18.1,1,3.25,34.7,1
CUST0004803,94424.0,5.86,402138.0,46.9,0,2.39,28.2,3
CUST0004804,103398.0,2.92,374926.0,20.9,0,2.49,9.3,0
CUST0004805,44191.0,4.79,295015.0,42.3,0,2.12,20.7,4
CUST0004806,78608.0,7.01,466674.0,47.4,1,3.14,9.3,5
CUST0004807,72028.0,9.84,246162.0,33.2,3,4.09,36.2,2
CUST0004808,107558.0,8.79,553762.0,6.8,3,3.73,29.8,1
CUST0004809,73814.0,6.89,394540.0,39.4,3,2.33,18.5,6
CUST0004810,41075.0,8.71,492053.0,45.5,2,2.26,30.8,5
CUST0004811,101329.0,3.73,474159.0,48.6,0,2.86,36.4,4
CUST0004812,46322.0,3.23,161601.0,9.8,2,2.59,14.7,4
CUST0004813,59287.0,4.48,522190.0,22.8,1,3.35,34.9,3
CUST0004814,89298.0,9.91,177760.0,24.1,0,3.31,36.9,3
CUST0004815,117063.0,3.08,133740.0,22.0,0,4.66,22.0,5
CUST0004816,56950.0,7.09,567252.0,4.4,0,4.32,19.9,4
CUST0004817,97860.0,3.26,97241.0,17.3,2,4.03,27.4,3
CUST0004818,98120.0,1.4,460751.0,23.5,0,2.41,14.0,2
CUST0004819,97016.0,2.06,361617.0,32.3,2,2.27,17.5,3
CUST0004820,89410.0,6.57,544863.0,30.0,3,4.13,13.0,3
CUST0004821,30835.0,5.91,183141.0,23.3,0,2.83,28.8,4
CUST0004822,107585.0,1.72,456818.0,5.0,3,3.18,10.0,2
CUST0004823,93839.0,8.41,299981.0,29.7,4,4.19,14.1,4
CUST0004824,99046.0,8.49,202984.0,34.9,3,3.18,27.2,4
CUST0004825,71798.0,6.6,277836.0,36.2,1,2.02,0.4,2
CUST0004826,71601.0,4.94,256571.0,25.0,1,2.06,38.8,2
CUST0004827,72463.0,3.93,454641.0,11.3,0,2.89,16.4,0
CUST0004828,103969.0,8.42,201399.0,8.9,0,2.64,26.2,2
CUST0004829,101062.0,4.66,181744.0,45.2,2,2.53,5.7,4
CUST0004830,99730.0,1.14,450897.0,35.8,1,2.69,30.2,2
CUST0004831,75850.0,6.93,298744.0,7.0,2,3.86,28.4,4
CUST0004832,116533.0,3.13,97661.0,35.9,0,4.92,1.1,4
CUST0004833,77552.0,7.81,203654.0,25.4,3,2.95,34.7,2
CUST0004834,72038.0,5.71,395317.0,46.5,0,4.94,20.9,1
CUST0004835,105633.0,4.5,205030.0,15.4,0,2.35,2.0,2
CUST0004836,97015.0,6.04,466029.0,1.7,2,2.66,35.0,3
CUST0004837,114149.0,5.97,429087.0,17.0,0,2.16,39.5,3
CUST0004838,86262.0,1.2,575747.0,0.9,2,3.92,26.1,1
CUST0004839,70006.0,9.53,287117.0,11.3,2,2.96,33.6,5
CUST0004840,107919.0,8.22,201331.0,39.1,2,2.52,8.4,4
CUST0004841,49492.0,5.78,342578.0,5.3,1,4.49,3.7,3
CUST0004842,44943.0,1.15,359580.0,20.5,0,3.96,22.5,2
CUST0004843,114273.0,8.91,338628.0,16.8,1,2.9,23.3,4
CUST0004844,58127.0,2.69,394211.0,42.5,0,2.08,22.8,4
CUST0004845,31249.0,9.3,392624.0,9.2,2,3.88,2.8,8
CUST0004846,38539.0,7.7,131515.0,21.6,1,3.68,29.5,8
CUST0004847,69844.0,5.66,246435.0,4.7,2,3.91,3.1,2
CUST0004848,51489.0,1.86,520715.0,4.6,0,3.25,10.6,6
CUST0004849,107643.0,1.82,303651.0,33.0,0,3.63,33.0,4
CUST0004850,65602.0,2.71,451670.0,27.4,0,2.52,6.9,0
CUST0004851,94831.0,9.51,580382.0,34.5,0,4.19,23.2,6
CUST0004852,114580.0,4.55,399345.0,29.6,2,4.72,21.8,2
CUST0004853,86378.0,6.68,497231.0,16.1,0,3.82,13.2,2
CUST0004854,89460.0,9.76,297928.0,46.5,0,4.47,7.2,2
CUST0004855,30631.0,3.19,371558.0,18.0,2,3.7,19.6,2
CUST0004856,96988.0,9.96,213985.0,12.3,0,3.32,36.2,2
CUST0004857,75860.0,3.59,122166.0,14.6,4,3.87,10.0,2
CUST0004858,109689.0,7.68,435829.0,35.5,3,3.48,8.9,1
CUST0004859,103890.0,4.81,294045.0,10.2,3,3.02,11.0,3
CUST0004860,35702.0,3.09,162899.0,26.5,1,3.9,38.3,5
CUST0004861,77981.0,3.71,316936.0,42.3,4,2.61,34.4,0
CUST0004862,76428.0,8.51,560180.0,44.9,0,2.79,34.9,1
CUST0004863,48244.0,4.96,91651.0,13.2,3,3.11,10.2,2
CUST0004864,87951.0,8.84,548016.0,35.5,1,2.04,20.2,2
CUST0004865,98045.0,9.02,596619.0,21.3,1,2.47,9.8,4
CUST0004866,59103.0,5.83,200402.0,34.3,3,2.11,14.5,0
CUST0004867,45649.0,5.15,126632.0,24.1,3,4.47,17.5,1
CUST0004868,57004.0,9.96,536748.0,40.4,0,2.75,7.1,3
CUST0004869,33487.0,8.46,270517.0,10.4,3,2.52,22.5,2
CUST0004870,38597.0,4.55,463549.0,34.4,1,3.13,26.9,3
CUST0004871,82630.0,2.52,204623.0,14.0,3,3.48,30.2,5
CUST0004872,50582.0,6.37,374740.0,44.9,0,3.39,25.3,8
CUST0004873,75816.0,1.2,524106.0,32.7,2,3.09,19.9,2
CUST0004874,53099.0,7.02,453607.0,17.2,0,4.84,32.8,3
CUST0004875,60068.0,7.74,243225.0,5.1,3,3.03,16.8,4
CUST0004876,83639.0,5.06,103304.0,11.1,3,4.99,32.1,6
CUST0004877,53612.0,3.79,449981.0,18.6,1,3.1,3.4,3
CUST0004878,96366.0,9.93,239851.0,39.8,1,4.29,16.5,2
CUST0004879,114346.0,3.61,454509.0,15.6,0,3.61,21.4,3
CUST0004880,52814.0,8.97,194148.0,17.7,1,4.18,20.8,3
CUST0004881,53571.0,3.11,139104.0,49.2,2,2.12,11.9,2
CUST0004882,112934.0,8.91,495308.0,10.7,3,4.06,22.3,2
CUST0004883,116748.0,5.41,217937.0,38.5,1,2.21,20.8,2
CUST0004884,66917.0,1.11,253964.0,13.6,3,4.94,37.3,1
CUST0004885,34003.0,3.9,200630.0,41.5,1,4.47,11.8,4
CUST0004886,51449.0,2.09,296946.0,17.0,1,3.62,18.7,4
CUST0004887,39812.0,9.66,177204.0,44.8,0,2.64,18.5,2
CUST0004888,113036.0,3.76,243208.0,10.2,2,2.06,1.1,3
CUST0004889,64077.0,2.54,148366.0,34.7,0,4.61,36.9,6
CUST0004890,89928.0,7.39,512371.0,6.1,0,3.84,33.3,2
CUST0004891,37816.0,9.31,449032.0,24.8,3,4.32,30.9,3
CUST0004892,72046.0,9.23,568761.0,35.6,3,3.52,7.0,0
CUST0004893,57825.0,3.29,222041.0,15.9,0,4.63,33.9,1
CUST0004894,57654.0,7.73,302525.0,20.4,4,2.19,21.9,2
CUST0004895,56168.0,6.33,347263.0,40.1,0,4.5,19.8,0
CUST0004896,78299.0,2.41,396565.0,47.4,2,3.61,17.8,2
CUST0004897,101418.0,4.68,253754.0,21.8,1,4.05,35.4,1
CUST0004898,34528.0,1.17,129247.0,31.0,0,2.98,24.8,3
CUST0004899,59678.0,9.84,195817.0,13.3,3,3.55,13.8,4
CUST0004900,88692.0,4.44,381766.0,7.2,1,2.35,2.6,3
CUST0004901,107850.0,2.03,282706.0,26.6,1,3.22,14.7,1
CUST0004902,73087.0,8.3,80797.0,7.2,1,3.3,35.8,6
CUST0004903,116707.0,8.12,338596.0,2.9,1,4.5,4.4,3
CUST0004904,52711.0,5.68,259801.0,20.2,0,2.77,16.5,1
CUST0004905,72756.0,2.57,208773.0,40.8,3,4.31,39.8,3
CUST0004906,79296.0,5.69,598926.0,30.5,4,3.47,13.7,6
CUST0004907,100569.0,1.74,330885.0,49.4,3,4.72,7.9,2
CUST0004908,83294.0,7.05,232118.0,25.3,4,4.59,28.6,2
CUST0004909,65479.0,5.95,579880.0,17.6,0,2.8,0.3,4
CUST0004910,42984.0,2.09,516502.0,48.8,1,4.54,25.0,1
CUST0004911,62141.0,7.79,569461.0,40.8,0,4.12,22.9,0
CUST0004912,61185.0,1.53,385361.0,31.3,3,4.11,28.2,4
CUST0004913,91334.0,9.04,339969.0,36.7,1,4.82,3.1,2
CUST0004914,58658.0,9.5,464767.0,25.1,0,2.65,33.2,3
CUST0004915,115650.0,1.72,229519.0,2.2,0,2.35,2.2,0
CUST0004916,46063.0,5.4,124389.0,8.0,0,4.19,4.1,1
CUST0004917,63921.0,6.48,572670.0,46.8,0,2.99,32.3,4
CUST0004918,63837.0,3.41,451138.0,29.0,3,5.0,33.1,2
CUST0004919,43391.0,5.45,242876.0,40.7,4,3.7,26.0,3
CUST0004920,32041.0,8.04,310650.0,50.0,1,3.08,8.4,4
CUST0004921,47481.0,8.14,398491.0,30.6,2,3.32,18.0,2
CUST0004922,83471.0,7.73,454452.0,39.3,0,4.54,4.3,2
CUST0004923,88413.0,1.77,411672.0,3.4,1,3.06,18.2,0
CUST0004924,54929.0,6.89,342921.0,5.9,3,3.08,30.5,0
CUST0004925,64632.0,8.29,389745.0,22.9,3,4.4,4.0,4
CUST0004926,77750.0,6.02,383858.0,20.7,0,2.45,37.9,3
CUST0004927,99607.0,9.81,192989.0,7.4,3,2.45,5.3,2
CUST0004928,57289.0,9.18,394350.0,24.0,2,3.57,5.5,2
CUST0004929,61435.0,5.78,548277.0,31.0,0,3.61,9.7,3
CUST0004930,115001.0,9.4,461764.0,34.8,4,3.42,25.1,2
CUST0004931,82715.0,2.65,153410.0,18.7,0,4.3,1.6,4
CUST0004932,84992.0,9.72,503357.0,20.1,3,4.35,17.3,2
CUST0004933,110278.0,4.97,87287.0,6.1,0,4.27,18.0,3
CUST0004934,65911.0,4.03,464493.0,7.4,1,2.6,18.0,1
CUST0004935,76100.0,3.89,504350.0,46.7,1,4.57,19.8,2
CUST0004936,86190.0,2.03,597112.0,40.9,1,2.6,26.2,2
CUST0004937,83581.0,6.76,527018.0,42.1,0,2.5,37.3,3
CUST0004938,104957.0,8.16,219283.0,26.3,2,4.0,30.2,4
CUST0004939,85000.0,5.34,153443.0,19.6,2,3.6,13.4,1
CUST0004940,92694.0,6.3,439212.0,22.9,3,4.91,6.3,1
CUST0004941,103607.0,2.15,596305.0,49.4,0,4.17,19.7,2
CUST0004942,85716.0,4.98,348956.0,17.1,4,2.14,8.4,2
CUST0004943,85557.0,7.24,152191.0,40.0,0,4.53,29.1,3
CUST0004944,49282.0,5.52,469091.0,29.5,0,4.63,40.0,3
CUST0004945,41528.0,7.98,577916.0,36.7,0,3.75,3.6,1
CUST0004946,101395.0,4.0,358442.0,30.7,3,3.64,25.2,5
CUST0004947,60567.0,3.79,417211.0,3.1,2,3.88,16.8,3
CUST0004948,51554.0,5.39,336416.0,18.4,0,2.19,1.9,4
CUST0004949,30182.0,5.82,331856.0,26.0,4,2.84,24.8,7
CUST0004950,42020.0,2.37,497001.0,18.0,2,2.35,38.7,3
CUST0004951,110823.0,4.1,183043.0,23.4,2,4.41,38.5,5
CUST0004952,96278.0,9.79,294900.0,20.4,0,4.24,28.9,1
CUST0004953,87411.0,9.58,537422.0,38.7,4,3.77,31.5,2
CUST0004954,93889.0,5.31,146645.0,14.3,0,2.37,5.6,2
CUST0004955,97892.0,7.03,204499.0,4.0,0,2.83,10.6,1
CUST0004956,103022.0,1.86,535950.0,42.4,1,3.13,20.1,3
CUST0004957,32241.0,4.19,592651.0,8.7,0,2.14,37.6,5
CUST0004958,58677.0,6.89,158873.0,20.8,0,2.77,1.6,1
CUST0004959,46877.0,4.91,521210.0,48.9,0,4.39,29.7,3
CUST0004960,101508.0,5.25,469149.0,14.1,3,2.18,24.4,1
CUST0004961,67993.0,3.81,124230.0,36.0,0,4.59,37.1,6
CUST0004962,114940.0,1.84,281598.0,28.9,1,3.58,2.3,5
CUST0004963,104438.0,3.36,390945.0,41.6,0,3.82,10.4,1
CUST0004964,61350.0,3.76,355003.0,19.5,3,3.07,29.6,5
CUST0004965,59729.0,6.37,473001.0,22.7,1,4.21,32.3,3
CUST0004966,73098.0,1.45,446300.0,18.9,1,3.49,17.4,1
CUST0004967,57175.0,1.97,550294.0,24.3,0,3.07,29.4,2
CUST0004968,113914.0,3.71,465412.0,33.7,3,3.27,25.3,6
CUST0004969,37563.0,2.73,530290.0,37.8,0,3.84,34.6,4
CUST0004970,70891.0,9.83,267593.0,28.5,1,4.57,17.0,6
CUST0004971,33168.0,2.61,98658.0,16.7,2,4.47,12.1,2
CUST0004972,47050.0,6.14,317475.0,3.4,0,4.25,4.2,5
CUST0004973,81199.0,8.63,450914.0,22.6,1,2.28,33.8,6
CUST0004974,30142.0,3.96,95374.0,19.5,3,3.88,12.4,5
CUST0004975,48939.0,3.28,137772.0,12.3,2,2.05,23.2,3
CUST0004976,115407.0,5.46,507543.0,24.3,3,4.28,7.6,5
CUST0004977,100125.0,5.95,400692.0,48.9,3,4.08,39.6,3
CUST0004978,58568.0,7.17,544394.0,34.5,2,3.64,11.3,1
CUST0004979,86966.0,6.53,484313.0,7.3,0,3.02,7.4,4
CUST0004980,91787.0,7.77,238710.0,17.6,1,4.83,37.3,2
CUST0004981,52422.0,3.89,430421.0,15.8,2,3.43,39.9,3
CUST0004982,34707.0,3.18,409515.0,25.0,1,2.29,32.6,1
CUST0004983,68034.0,9.01,354560.0,8.4,2,3.79,0.9,1
CUST0004984,102703.0,2.24,377888.0,39.1,2,2.65,14.8,1
CUST0004985,96157.0,8.99,143683.0,10.0,1,3.51,13.6,3
CUST0004986,41643.0,6.8,512298.0,31.4,0,4.87,37.9,3
CUST0004987,31346.0,9.95,597501.0,25.8,0,4.64,29.1,2
CUST0004988,108525.0,9.19,212839.0,2.6,1,4.28,24.3,3
CUST0004989,53549.0,2.62,410639.0,19.2,0,2.29,29.1,5
CUST0004990,30440.0,2.48,125639.0,3.4,2,3.89,4.1,2
CUST0004991,73589.0,6.68,332488.0,8.5,2,2.12,38.9,2
CUST0004992,50999.0,3.75,354727.0,26.1,2,4.54,35.3,3
CUST0004993,86439.0,8.8,304792.0,24.8,0,4.89,6.6,0
CUST0004994,92949.0,6.89,82246.0,24.2,3,4.43,15.0,4
CUST0004995,61223.0,8.99,411937.0,14.2,1,4.46,32.8,4
CUST0004996,103448.0,7.09,154188.0,42.4,0,3.36,1.3,5
CUST0004997,108141.0,8.01,569565.0,12.8,1,3.6,19.2,4
CUST0004998,63058.0,1.83,482230.0,45.6,2,4.05,36.9,2
CUST0004999,55894.0,4.63,462134.0,27.7,2,2.87,7.2,2
CUST0005000,43073.0,5.92,88287.0,36.7,4,4.86,2.8,2
