customer_id,comment,severity
C00001,The technician never showed up. I took a day off work for nothing.,5
C00001,The outage was resolved. It would have been nice to get a notification.,5
C00001,My outage has been going on for 5 days and no one cares. Disgusting.,5
C00001,Technician arrived on time but the fix took longer than expected.,4
C00003,Service is generally okay. Had a minor billing discrepancy last month.,1
C00003,My billing issue was resolved within hours. Highly recommend.,2
C00004,"Terrible service, waited 3 weeks for someone to show up. Completely unacceptable.",3
C00004,Service interruption was brief. Would like better communication next time.,4
C00004,I am absolutely furious — my bill doubled for no reason and no one can explain it.,4
C00005,No major problems but the website is a bit slow.,3
C00005,My service was cut off without warning. I demand an explanation.,5
C00005,Nothing special to report. Service has been average.,4
C00006,Very pleased with the resolution. Great team.,3
C00006,My billing issue was resolved within hours. Highly recommend.,3
C00007,Billing seems correct this month. Last month there was a small issue.,5
C00007,Billing errors again! Third month in a row. Completely incompetent.,3
C00007,I am absolutely furious — my bill doubled for no reason and no one can explain it.,3
C00007,Had to follow up twice to get my meter reading corrected.,4
C00007,I am absolutely furious — my bill doubled for no reason and no one can explain it.,5
C00008,The new meter reading service is fantastic.,3
C00008,I am absolutely furious — my bill doubled for no reason and no one can explain it.,2
C00009,This is the worst experience I have ever had. Planning to switch provider immediately.,2
C00009,"Quick and helpful customer service, thank you!",1
C00010,Service interruption was brief. Would like better communication next time.,3
C00010,Had to follow up twice to get my meter reading corrected.,2
C00011,My billing issue was resolved within hours. Highly recommend.,2
C00012,I have called 7 times and nobody fixes the problem. I want to cancel my account.,4
C00012,I have called 7 times and nobody fixes the problem. I want to cancel my account.,4
C00012,Service is generally okay. Had a minor billing discrepancy last month.,4
C00012,I am done. Switching to a competitor as soon as possible. Nightmare.,5
C00012,I am done. Switching to a competitor as soon as possible. Nightmare.,5
C00015,"Great experience, the technician was professional and efficient.",2
C00016,"Outstanding service quality, no issues whatsoever.",1
C00017,"Outstanding service quality, no issues whatsoever.",3
C00018,"Quick and helpful customer service, thank you!",2
C00018,"Quick and helpful customer service, thank you!",1
C00019,I am done. Switching to a competitor as soon as possible. Nightmare.,2
C00020,"Very happy with the service, everything works great.",1
C00020,"Excellent response time, I am very satisfied.",1
C00021,Very pleased with the resolution. Great team.,3
C00021,I have called 7 times and nobody fixes the problem. I want to cancel my account.,3
C00023,Unresponsive support and endless hold times. Absolutely awful.,5
C00023,I have called 7 times and nobody fixes the problem. I want to cancel my account.,5
C00023,Billing errors again! Third month in a row. Completely incompetent.,3
C00023,Nothing special to report. Service has been average.,4
C00024,Very pleased with the resolution. Great team.,3
C00025,Account change was processed but took a few extra days.,2
C00025,The new meter reading service is fantastic.,2
C00026,My service was cut off without warning. I demand an explanation.,4
C00026,Nothing special to report. Service has been average.,3
C00026,The technician never showed up. I took a day off work for nothing.,5
C00026,Had to follow up twice to get my meter reading corrected.,3
C00026,Service is generally okay. Had a minor billing discrepancy last month.,5
C00029,My billing issue was resolved within hours. Highly recommend.,2
C00031,I am absolutely furious — my bill doubled for no reason and no one can explain it.,2
C00031,I have called 7 times and nobody fixes the problem. I want to cancel my account.,1
C00032,I am done. Switching to a competitor as soon as possible. Nightmare.,3
C00033,Had to follow up twice to get my meter reading corrected.,3
C00033,Had to follow up twice to get my meter reading corrected.,3
C00033,My outage has been going on for 5 days and no one cares. Disgusting.,4
C00033,My service was cut off without warning. I demand an explanation.,5
C00033,Billing errors again! Third month in a row. Completely incompetent.,4
C00034,"Great experience, the technician was professional and efficient.",1
C00034,Nothing special to report. Service has been average.,1
C00035,The technician never showed up. I took a day off work for nothing.,3
C00035,My service was cut off without warning. I demand an explanation.,5
C00035,The outage was resolved. It would have been nice to get a notification.,4
C00036,The support team was extremely helpful and resolved my issue quickly.,1
C00036,"Very happy with the service, everything works great.",1
C00037,The outage was resolved. It would have been nice to get a notification.,2
C00037,Service is generally okay. Had a minor billing discrepancy last month.,1
C00039,"Great experience, the technician was professional and efficient.",1
C00039,Service interruption was brief. Would like better communication next time.,1
C00041,"Excellent response time, I am very satisfied.",2
C00041,"Excellent response time, I am very satisfied.",3
C00042,Technician arrived on time but the fix took longer than expected.,3
C00042,I have called 7 times and nobody fixes the problem. I want to cancel my account.,4
C00042,I am absolutely furious — my bill doubled for no reason and no one can explain it.,3
C00042,Service is generally okay. Had a minor billing discrepancy last month.,5
C00043,This is the worst experience I have ever had. Planning to switch provider immediately.,5
C00043,"Terrible service, waited 3 weeks for someone to show up. Completely unacceptable.",4
C00043,I am absolutely furious — my bill doubled for no reason and no one can explain it.,4
C00043,Billing errors again! Third month in a row. Completely incompetent.,4
C00044,Account change was processed but took a few extra days.,1
C00044,"Very happy with the service, everything works great.",2
C00045,My billing issue was resolved within hours. Highly recommend.,3
C00046,The outage was resolved. It would have been nice to get a notification.,1
C00047,My service was cut off without warning. I demand an explanation.,5
C00047,I am done. Switching to a competitor as soon as possible. Nightmare.,4
C00047,I have called 7 times and nobody fixes the problem. I want to cancel my account.,4
C00047,I am done. Switching to a competitor as soon as possible. Nightmare.,4
C00047,Technician arrived on time but the fix took longer than expected.,3
C00051,The support person was polite but couldn't fully resolve my issue.,1
C00051,Very pleased with the resolution. Great team.,3
C00052,The support team was extremely helpful and resolved my issue quickly.,2
C00053,No major problems but the website is a bit slow.,2
C00054,I am done. Switching to a competitor as soon as possible. Nightmare.,4
C00054,Service is generally okay. Had a minor billing discrepancy last month.,3
C00054,Technician arrived on time but the fix took longer than expected.,4
C00054,I have called 7 times and nobody fixes the problem. I want to cancel my account.,4
C00054,My service was cut off without warning. I demand an explanation.,4
C00054,No major problems but the website is a bit slow.,4
C00056,Had to follow up twice to get my meter reading corrected.,1
C00058,This is the worst experience I have ever had. Planning to switch provider immediately.,3
C00058,The technician never showed up. I took a day off work for nothing.,3
C00058,I am done. Switching to a competitor as soon as possible. Nightmare.,3
C00058,My outage has been going on for 5 days and no one cares. Disgusting.,3
C00058,This is the worst experience I have ever had. Planning to switch provider immediately.,5
C00058,"Terrible service, waited 3 weeks for someone to show up. Completely unacceptable.",4
C00059,Billing seems correct this month. Last month there was a small issue.,3
C00059,"Excellent response time, I am very satisfied.",1
C00060,I am absolutely furious — my bill doubled for no reason and no one can explain it.,5
C00060,My outage has been going on for 5 days and no one cares. Disgusting.,4
C00060,The technician never showed up. I took a day off work for nothing.,5
C00060,"Terrible service, waited 3 weeks for someone to show up. Completely unacceptable.",3
C00062,"Outstanding service quality, no issues whatsoever.",3
C00065,The outage was resolved. It would have been nice to get a notification.,1
C00065,My billing issue was resolved within hours. Highly recommend.,3
C00066,Had to follow up twice to get my meter reading corrected.,5
C00066,"Terrible service, waited 3 weeks for someone to show up. Completely unacceptable.",4
C00066,The technician never showed up. I took a day off work for nothing.,4
C00066,The outage was resolved. It would have been nice to get a notification.,5
C00066,I am absolutely furious — my bill doubled for no reason and no one can explain it.,5
C00068,Unresponsive support and endless hold times. Absolutely awful.,5
C00068,Account change was processed but took a few extra days.,5
C00068,This is the worst experience I have ever had. Planning to switch provider immediately.,5
C00068,This is the worst experience I have ever had. Planning to switch provider immediately.,5
C00068,I am absolutely furious — my bill doubled for no reason and no one can explain it.,4
C00068,Billing errors again! Third month in a row. Completely incompetent.,3
C00070,Service interruption was brief. Would like better communication next time.,3
C00070,This is the worst experience I have ever had. Planning to switch provider immediately.,4
C00070,I am done. Switching to a competitor as soon as possible. Nightmare.,3
C00070,My outage has been going on for 5 days and no one cares. Disgusting.,3
C00070,Had to follow up twice to get my meter reading corrected.,3
C00071,The outage was resolved. It would have been nice to get a notification.,1
C00072,"Love the online portal, makes managing my account super easy.",1
C00076,My service was cut off without warning. I demand an explanation.,4
C00076,Billing errors again! Third month in a row. Completely incompetent.,3
C00076,The outage was resolved. It would have been nice to get a notification.,3
C00076,Account change was processed but took a few extra days.,4
C00076,This is the worst experience I have ever had. Planning to switch provider immediately.,5
C00076,I am done. Switching to a competitor as soon as possible. Nightmare.,3
C00077,I am absolutely furious — my bill doubled for no reason and no one can explain it.,1
C00077,"Great experience, the technician was professional and efficient.",2
C00079,Account change was processed but took a few extra days.,1
C00080,"Great experience, the technician was professional and efficient.",1
C00080,Account change was processed but took a few extra days.,3
C00081,Technician arrived on time but the fix took longer than expected.,1
C00081,"Terrible service, waited 3 weeks for someone to show up. Completely unacceptable.",1
C00082,Had to follow up twice to get my meter reading corrected.,1
C00082,"Outstanding service quality, no issues whatsoever.",1
C00083,Very pleased with the resolution. Great team.,1
C00083,The support team was extremely helpful and resolved my issue quickly.,2
C00085,The technician never showed up. I took a day off work for nothing.,4
C00085,This is the worst experience I have ever had. Planning to switch provider immediately.,5
C00085,Service is generally okay. Had a minor billing discrepancy last month.,5
C00086,Billing seems correct this month. Last month there was a small issue.,2
C00086,Billing seems correct this month. Last month there was a small issue.,3
C00087,Service interruption was brief. Would like better communication next time.,1
C00088,My service was cut off without warning. I demand an explanation.,3
C00088,I am done. Switching to a competitor as soon as possible. Nightmare.,5
C00088,Had to follow up twice to get my meter reading corrected.,5
C00088,My service was cut off without warning. I demand an explanation.,4
C00088,Account change was processed but took a few extra days.,5
C00088,I have called 7 times and nobody fixes the problem. I want to cancel my account.,3
C00090,Service interruption was brief. Would like better communication next time.,4
C00090,This is the worst experience I have ever had. Planning to switch provider immediately.,4
C00090,I have called 7 times and nobody fixes the problem. I want to cancel my account.,5
C00091,"Excellent response time, I am very satisfied.",1
C00091,"Love the online portal, makes managing my account super easy.",2
C00093,Service is generally okay. Had a minor billing discrepancy last month.,3
C00093,The technician never showed up. I took a day off work for nothing.,5
C00093,This is the worst experience I have ever had. Planning to switch provider immediately.,4
C00093,Technician arrived on time but the fix took longer than expected.,5
C00094,No major problems but the website is a bit slow.,3
C00094,Service is generally okay. Had a minor billing discrepancy last month.,1
C00095,I am absolutely furious — my bill doubled for no reason and no one can explain it.,5
C00095,Billing seems correct this month. Last month there was a small issue.,5
C00095,My service was cut off without warning. I demand an explanation.,4
C00096,This is the worst experience I have ever had. Planning to switch provider immediately.,2
C00097,No major problems but the website is a bit slow.,3
C00097,My outage has been going on for 5 days and no one cares. Disgusting.,4
C00097,Technician arrived on time but the fix took longer than expected.,4
C00097,Billing errors again! Third month in a row. Completely incompetent.,4
C00098,The support team was extremely helpful and resolved my issue quickly.,3
C00099,Technician arrived on time but the fix took longer than expected.,3
C00100,The technician never showed up. I took a day off work for nothing.,4
C00100,My service was cut off without warning. I demand an explanation.,3
C00100,I have called 7 times and nobody fixes the problem. I want to cancel my account.,5
C00100,Had to follow up twice to get my meter reading corrected.,4
C00101,"Excellent response time, I am very satisfied.",2
C00101,"Love the online portal, makes managing my account super easy.",3
C00102,"Love the online portal, makes managing my account super easy.",3
C00102,Had to follow up twice to get my meter reading corrected.,3
C00103,Service is generally okay. Had a minor billing discrepancy last month.,2
C00104,"Very happy with the service, everything works great.",1
C00107,Service is generally okay. Had a minor billing discrepancy last month.,2
C00107,"Outstanding service quality, no issues whatsoever.",2
C00110,Service is generally okay. Had a minor billing discrepancy last month.,3
C00110,Unresponsive support and endless hold times. Absolutely awful.,3
C00110,Service is generally okay. Had a minor billing discrepancy last month.,3
C00113,Service interruption was brief. Would like better communication next time.,3
C00113,Service interruption was brief. Would like better communication next time.,2
C00114,I have called 7 times and nobody fixes the problem. I want to cancel my account.,1
C00115,"Outstanding service quality, no issues whatsoever.",1
C00115,Service interruption was brief. Would like better communication next time.,1
C00116,Account change was processed but took a few extra days.,1
C00117,"Quick and helpful customer service, thank you!",2
C00118,Service interruption was brief. Would like better communication next time.,4
C00118,Nothing special to report. Service has been average.,4
C00118,The technician never showed up. I took a day off work for nothing.,4
C00118,I am absolutely furious — my bill doubled for no reason and no one can explain it.,5
C00118,Unresponsive support and endless hold times. Absolutely awful.,4
C00119,My billing issue was resolved within hours. Highly recommend.,1
C00120,My billing issue was resolved within hours. Highly recommend.,1
C00121,Very pleased with the resolution. Great team.,3
C00122,Nothing special to report. Service has been average.,1
C00123,Unresponsive support and endless hold times. Absolutely awful.,4
C00123,I am done. Switching to a competitor as soon as possible. Nightmare.,4
C00123,I am done. Switching to a competitor as soon as possible. Nightmare.,5
C00123,Account change was processed but took a few extra days.,4
C00123,I am done. Switching to a competitor as soon as possible. Nightmare.,5
C00125,"Excellent response time, I am very satisfied.",2
C00125,"Quick and helpful customer service, thank you!",2
C00127,I am absolutely furious — my bill doubled for no reason and no one can explain it.,5
C00127,The technician never showed up. I took a day off work for nothing.,3
C00127,Unresponsive support and endless hold times. Absolutely awful.,3
C00127,Service interruption was brief. Would like better communication next time.,4
C00127,This is the worst experience I have ever had. Planning to switch provider immediately.,3
C00128,"Love the online portal, makes managing my account super easy.",1
C00130,My billing issue was resolved within hours. Highly recommend.,2
C00131,Billing seems correct this month. Last month there was a small issue.,2
C00131,"Quick and helpful customer service, thank you!",2
C00132,My service was cut off without warning. I demand an explanation.,5
C00132,Unresponsive support and endless hold times. Absolutely awful.,4
C00132,Service is generally okay. Had a minor billing discrepancy last month.,3
C00132,No major problems but the website is a bit slow.,5
C00133,The technician never showed up. I took a day off work for nothing.,3
C00133,My billing issue was resolved within hours. Highly recommend.,2
C00134,Technician arrived on time but the fix took longer than expected.,3
C00136,I am absolutely furious — my bill doubled for no reason and no one can explain it.,4
C00136,Service is generally okay. Had a minor billing discrepancy last month.,3
C00136,Nothing special to report. Service has been average.,3
C00136,My service was cut off without warning. I demand an explanation.,3
C00138,"Excellent response time, I am very satisfied.",3
C00138,The support person was polite but couldn't fully resolve my issue.,2
C00139,I am absolutely furious — my bill doubled for no reason and no one can explain it.,4
C00139,My outage has been going on for 5 days and no one cares. Disgusting.,5
C00139,I am absolutely furious — my bill doubled for no reason and no one can explain it.,4
C00139,I am absolutely furious — my bill doubled for no reason and no one can explain it.,4
C00139,Had to follow up twice to get my meter reading corrected.,5
C00140,My outage has been going on for 5 days and no one cares. Disgusting.,3
C00140,The technician never showed up. I took a day off work for nothing.,4
C00140,My outage has been going on for 5 days and no one cares. Disgusting.,5
C00140,"Terrible service, waited 3 weeks for someone to show up. Completely unacceptable.",5
C00140,I am absolutely furious — my bill doubled for no reason and no one can explain it.,5
C00141,Very pleased with the resolution. Great team.,1
C00141,No major problems but the website is a bit slow.,2
C00142,"Terrible service, waited 3 weeks for someone to show up. Completely unacceptable.",3
C00142,I have called 7 times and nobody fixes the problem. I want to cancel my account.,4
C00142,The technician never showed up. I took a day off work for nothing.,3
C00142,The outage was resolved. It would have been nice to get a notification.,3
C00142,"Terrible service, waited 3 weeks for someone to show up. Completely unacceptable.",3
C00142,I am done. Switching to a competitor as soon as possible. Nightmare.,5
C00143,Technician arrived on time but the fix took longer than expected.,1
C00143,Technician arrived on time but the fix took longer than expected.,2
C00145,Account change was processed but took a few extra days.,3
C00146,Account change was processed but took a few extra days.,2
C00148,"Outstanding service quality, no issues whatsoever.",2
C00148,Unresponsive support and endless hold times. Absolutely awful.,1
C00152,Account change was processed but took a few extra days.,2
C00152,I am done. Switching to a competitor as soon as possible. Nightmare.,3
C00153,Service interruption was brief. Would like better communication next time.,2
C00154,Very pleased with the resolution. Great team.,3
C00154,The support person was polite but couldn't fully resolve my issue.,3
C00155,Had to follow up twice to get my meter reading corrected.,2
C00155,Had to follow up twice to get my meter reading corrected.,2
C00156,My service was cut off without warning. I demand an explanation.,3
C00156,The technician never showed up. I took a day off work for nothing.,3
C00156,I am absolutely furious — my bill doubled for no reason and no one can explain it.,4
C00156,The outage was resolved. It would have been nice to get a notification.,3
C00156,I am done. Switching to a competitor as soon as possible. Nightmare.,5
C00156,I have called 7 times and nobody fixes the problem. I want to cancel my account.,5
C00157,Nothing special to report. Service has been average.,5
C00157,The technician never showed up. I took a day off work for nothing.,3
C00157,"Terrible service, waited 3 weeks for someone to show up. Completely unacceptable.",3
C00157,My outage has been going on for 5 days and no one cares. Disgusting.,5
C00157,"Terrible service, waited 3 weeks for someone to show up. Completely unacceptable.",3
C00157,Unresponsive support and endless hold times. Absolutely awful.,4
C00158,The support person was polite but couldn't fully resolve my issue.,3
C00158,"Outstanding service quality, no issues whatsoever.",2
C00159,"Love the online portal, makes managing my account super easy.",2
C00159,Billing seems correct this month. Last month there was a small issue.,3
C00160,Had to follow up twice to get my meter reading corrected.,2
C00160,No major problems but the website is a bit slow.,1
C00161,Technician arrived on time but the fix took longer than expected.,2
C00162,My outage has been going on for 5 days and no one cares. Disgusting.,3
C00162,Billing seems correct this month. Last month there was a small issue.,4
C00162,I am absolutely furious — my bill doubled for no reason and no one can explain it.,4
C00162,The support person was polite but couldn't fully resolve my issue.,5
C00162,Billing errors again! Third month in a row. Completely incompetent.,5
C00162,I have called 7 times and nobody fixes the problem. I want to cancel my account.,3
C00163,"Quick and helpful customer service, thank you!",3
C00165,My service was cut off without warning. I demand an explanation.,5
C00165,The technician never showed up. I took a day off work for nothing.,5
C00165,I am done. Switching to a competitor as soon as possible. Nightmare.,4
C00165,Billing seems correct this month. Last month there was a small issue.,4
C00165,No major problems but the website is a bit slow.,5
C00165,I have called 7 times and nobody fixes the problem. I want to cancel my account.,3
C00166,"Quick and helpful customer service, thank you!",1
C00168,"Excellent response time, I am very satisfied.",3
C00168,"Very happy with the service, everything works great.",1
C00170,"Very happy with the service, everything works great.",3
C00170,"Excellent response time, I am very satisfied.",1
C00171,"Very happy with the service, everything works great.",1
C00172,Had to follow up twice to get my meter reading corrected.,3
C00172,Very pleased with the resolution. Great team.,1
C00173,Technician arrived on time but the fix took longer than expected.,1
C00173,My outage has been going on for 5 days and no one cares. Disgusting.,1
C00174,My service was cut off without warning. I demand an explanation.,4
C00174,Billing seems correct this month. Last month there was a small issue.,4
C00174,This is the worst experience I have ever had. Planning to switch provider immediately.,4
C00174,Technician arrived on time but the fix took longer than expected.,4
C00174,Unresponsive support and endless hold times. Absolutely awful.,3
C00175,Unresponsive support and endless hold times. Absolutely awful.,1
C00175,The new meter reading service is fantastic.,2
C00176,The support person was polite but couldn't fully resolve my issue.,2
C00176,My service was cut off without warning. I demand an explanation.,1
C00177,Billing errors again! Third month in a row. Completely incompetent.,1
C00178,My outage has been going on for 5 days and no one cares. Disgusting.,1
C00179,I have called 7 times and nobody fixes the problem. I want to cancel my account.,5
C00179,My outage has been going on for 5 days and no one cares. Disgusting.,4
C00179,Account change was processed but took a few extra days.,4
C00179,I am absolutely furious — my bill doubled for no reason and no one can explain it.,3
C00180,The support team was extremely helpful and resolved my issue quickly.,2
C00180,I am done. Switching to a competitor as soon as possible. Nightmare.,1
C00182,Very pleased with the resolution. Great team.,2
C00183,Very pleased with the resolution. Great team.,2
C00184,Billing errors again! Third month in a row. Completely incompetent.,5
C00184,Unresponsive support and endless hold times. Absolutely awful.,3
C00184,The technician never showed up. I took a day off work for nothing.,5
C00184,This is the worst experience I have ever had. Planning to switch provider immediately.,5
C00184,Billing errors again! Third month in a row. Completely incompetent.,5
C00185,I am done. Switching to a competitor as soon as possible. Nightmare.,3
C00186,Billing seems correct this month. Last month there was a small issue.,3
C00187,Service interruption was brief. Would like better communication next time.,3
C00187,"Very happy with the service, everything works great.",3
C00189,Account change was processed but took a few extra days.,4
C00189,This is the worst experience I have ever had. Planning to switch provider immediately.,5
C00189,I am absolutely furious — my bill doubled for no reason and no one can explain it.,3
C00189,The technician never showed up. I took a day off work for nothing.,3
C00190,The outage was resolved. It would have been nice to get a notification.,4
C00190,"Terrible service, waited 3 weeks for someone to show up. Completely unacceptable.",3
C00190,Unresponsive support and endless hold times. Absolutely awful.,3
C00190,Unresponsive support and endless hold times. Absolutely awful.,3
C00190,Account change was processed but took a few extra days.,5
C00190,The outage was resolved. It would have been nice to get a notification.,5
C00192,"Excellent response time, I am very satisfied.",1
C00193,"Excellent response time, I am very satisfied.",2
C00193,"Quick and helpful customer service, thank you!",2
C00194,Billing errors again! Third month in a row. Completely incompetent.,3
C00194,This is the worst experience I have ever had. Planning to switch provider immediately.,4
C00194,Billing seems correct this month. Last month there was a small issue.,5
C00194,The support person was polite but couldn't fully resolve my issue.,3
C00194,My service was cut off without warning. I demand an explanation.,5
C00195,"Quick and helpful customer service, thank you!",1
C00197,"Love the online portal, makes managing my account super easy.",2
C00197,Billing seems correct this month. Last month there was a small issue.,2
C00198,The technician never showed up. I took a day off work for nothing.,4
C00198,The outage was resolved. It would have been nice to get a notification.,5
C00198,This is the worst experience I have ever had. Planning to switch provider immediately.,3
C00198,My service was cut off without warning. I demand an explanation.,4
C00198,My outage has been going on for 5 days and no one cares. Disgusting.,4
C00198,I have called 7 times and nobody fixes the problem. I want to cancel my account.,3
C00199,"Very happy with the service, everything works great.",1
C00200,No major problems but the website is a bit slow.,1
C00200,"Love the online portal, makes managing my account super easy.",3
C00203,I am absolutely furious — my bill doubled for no reason and no one can explain it.,5
C00203,My service was cut off without warning. I demand an explanation.,3
C00203,Nothing special to report. Service has been average.,4
C00204,Billing seems correct this month. Last month there was a small issue.,1
C00205,This is the worst experience I have ever had. Planning to switch provider immediately.,4
C00205,Nothing special to report. Service has been average.,3
C00205,Had to follow up twice to get my meter reading corrected.,4
C00206,"Terrible service, waited 3 weeks for someone to show up. Completely unacceptable.",3
C00206,The technician never showed up. I took a day off work for nothing.,5
C00206,This is the worst experience I have ever had. Planning to switch provider immediately.,3
C00206,The support person was polite but couldn't fully resolve my issue.,5
C00206,Technician arrived on time but the fix took longer than expected.,4
C00206,This is the worst experience I have ever had. Planning to switch provider immediately.,3
C00207,The new meter reading service is fantastic.,1
C00208,Very pleased with the resolution. Great team.,1
C00209,Service interruption was brief. Would like better communication next time.,2
C00209,The technician never showed up. I took a day off work for nothing.,2
C00210,Service interruption was brief. Would like better communication next time.,2
C00211,Technician arrived on time but the fix took longer than expected.,3
C00211,Service is generally okay. Had a minor billing discrepancy last month.,1
C00212,My service was cut off without warning. I demand an explanation.,5
C00212,Unresponsive support and endless hold times. Absolutely awful.,5
C00212,Had to follow up twice to get my meter reading corrected.,3
C00212,I am done. Switching to a competitor as soon as possible. Nightmare.,3
C00212,Account change was processed but took a few extra days.,5
C00213,Service is generally okay. Had a minor billing discrepancy last month.,3
C00213,Technician arrived on time but the fix took longer than expected.,3
C00213,I am absolutely furious — my bill doubled for no reason and no one can explain it.,5
C00213,My outage has been going on for 5 days and no one cares. Disgusting.,3
C00214,The outage was resolved. It would have been nice to get a notification.,1
C00214,"Quick and helpful customer service, thank you!",2
C00215,Unresponsive support and endless hold times. Absolutely awful.,3
C00215,Had to follow up twice to get my meter reading corrected.,3
C00215,Account change was processed but took a few extra days.,5
C00215,This is the worst experience I have ever had. Planning to switch provider immediately.,4
C00215,Nothing special to report. Service has been average.,4
C00216,My billing issue was resolved within hours. Highly recommend.,1
C00216,My billing issue was resolved within hours. Highly recommend.,2
C00217,Billing seems correct this month. Last month there was a small issue.,2
C00218,"Quick and helpful customer service, thank you!",1
C00220,Service interruption was brief. Would like better communication next time.,3
C00220,"Excellent response time, I am very satisfied.",2
C00221,"Excellent response time, I am very satisfied.",3
C00221,The support person was polite but couldn't fully resolve my issue.,3
C00224,"Quick and helpful customer service, thank you!",3
C00224,No major problems but the website is a bit slow.,1
C00226,"Love the online portal, makes managing my account super easy.",3
C00226,The support person was polite but couldn't fully resolve my issue.,3
C00227,"Outstanding service quality, no issues whatsoever.",3
C00229,The outage was resolved. It would have been nice to get a notification.,3
C00229,My billing issue was resolved within hours. Highly recommend.,2
C00230,"Terrible service, waited 3 weeks for someone to show up. Completely unacceptable.",4
C00230,"Terrible service, waited 3 weeks for someone to show up. Completely unacceptable.",5
C00230,I am done. Switching to a competitor as soon as possible. Nightmare.,5
C00230,My outage has been going on for 5 days and no one cares. Disgusting.,4
C00230,Had to follow up twice to get my meter reading corrected.,5
C00230,Unresponsive support and endless hold times. Absolutely awful.,5
C00232,My service was cut off without warning. I demand an explanation.,5
C00232,The outage was resolved. It would have been nice to get a notification.,3
C00232,The technician never showed up. I took a day off work for nothing.,3
C00232,Billing seems correct this month. Last month there was a small issue.,4
C00232,Billing errors again! Third month in a row. Completely incompetent.,5
C00234,"Outstanding service quality, no issues whatsoever.",1
C00235,Unresponsive support and endless hold times. Absolutely awful.,2
C00236,Technician arrived on time but the fix took longer than expected.,3
C00236,The support team was extremely helpful and resolved my issue quickly.,2
C00237,Unresponsive support and endless hold times. Absolutely awful.,5
C00237,I am done. Switching to a competitor as soon as possible. Nightmare.,5
C00237,Unresponsive support and endless hold times. Absolutely awful.,3
C00237,The technician never showed up. I took a day off work for nothing.,4
C00238,I have called 7 times and nobody fixes the problem. I want to cancel my account.,5
C00238,The support person was polite but couldn't fully resolve my issue.,5
C00238,"Terrible service, waited 3 weeks for someone to show up. Completely unacceptable.",5
C00238,This is the worst experience I have ever had. Planning to switch provider immediately.,4
C00239,This is the worst experience I have ever had. Planning to switch provider immediately.,1
C00241,Billing seems correct this month. Last month there was a small issue.,3
C00241,My billing issue was resolved within hours. Highly recommend.,2
C00243,This is the worst experience I have ever had. Planning to switch provider immediately.,4
C00243,The outage was resolved. It would have been nice to get a notification.,5
C00243,Service interruption was brief. Would like better communication next time.,5
C00243,I have called 7 times and nobody fixes the problem. I want to cancel my account.,4
C00244,Had to follow up twice to get my meter reading corrected.,5
C00244,The outage was resolved. It would have been nice to get a notification.,5
C00244,My service was cut off without warning. I demand an explanation.,5
C00244,"Terrible service, waited 3 weeks for someone to show up. Completely unacceptable.",4
C00246,Had to follow up twice to get my meter reading corrected.,2
C00246,"Very happy with the service, everything works great.",2
C00247,Nothing special to report. Service has been average.,2
C00247,The outage was resolved. It would have been nice to get a notification.,1
C00248,Nothing special to report. Service has been average.,4
C00248,I am done. Switching to a competitor as soon as possible. Nightmare.,5
C00248,Unresponsive support and endless hold times. Absolutely awful.,3
C00249,"Outstanding service quality, no issues whatsoever.",2
C00249,The outage was resolved. It would have been nice to get a notification.,2
C00250,The support team was extremely helpful and resolved my issue quickly.,1
C00251,"Very happy with the service, everything works great.",1
C00251,My outage has been going on for 5 days and no one cares. Disgusting.,2
C00252,The new meter reading service is fantastic.,2
C00252,"Great experience, the technician was professional and efficient.",3
C00253,Account change was processed but took a few extra days.,1
C00253,Service is generally okay. Had a minor billing discrepancy last month.,1
C00254,The new meter reading service is fantastic.,3
C00254,Unresponsive support and endless hold times. Absolutely awful.,2
C00255,"Very happy with the service, everything works great.",1
C00257,"Terrible service, waited 3 weeks for someone to show up. Completely unacceptable.",1
C00258,The technician never showed up. I took a day off work for nothing.,1
C00260,Billing errors again! Third month in a row. Completely incompetent.,2
C00260,I am done. Switching to a competitor as soon as possible. Nightmare.,1
C00261,Very pleased with the resolution. Great team.,3
C00261,The support team was extremely helpful and resolved my issue quickly.,1
C00262,I have called 7 times and nobody fixes the problem. I want to cancel my account.,1
C00262,Account change was processed but took a few extra days.,2
C00263,"Love the online portal, makes managing my account super easy.",3
C00264,I am absolutely furious — my bill doubled for no reason and no one can explain it.,3
C00264,"Terrible service, waited 3 weeks for someone to show up. Completely unacceptable.",4
C00264,My outage has been going on for 5 days and no one cares. Disgusting.,3
C00266,Billing errors again! Third month in a row. Completely incompetent.,3
C00266,Billing errors again! Third month in a row. Completely incompetent.,4
C00266,Technician arrived on time but the fix took longer than expected.,4
C00266,Service is generally okay. Had a minor billing discrepancy last month.,3
C00267,The new meter reading service is fantastic.,3
C00267,Had to follow up twice to get my meter reading corrected.,2
C00268,Account change was processed but took a few extra days.,1
C00268,I am absolutely furious — my bill doubled for no reason and no one can explain it.,1
C00269,This is the worst experience I have ever had. Planning to switch provider immediately.,2
C00269,No major problems but the website is a bit slow.,2
C00270,"Great experience, the technician was professional and efficient.",1
C00270,Service is generally okay. Had a minor billing discrepancy last month.,1
C00271,The support team was extremely helpful and resolved my issue quickly.,1
C00271,"Very happy with the service, everything works great.",3
C00272,Very pleased with the resolution. Great team.,3
C00272,"Outstanding service quality, no issues whatsoever.",2
C00273,"Excellent response time, I am very satisfied.",2
C00274,My outage has been going on for 5 days and no one cares. Disgusting.,2
C00277,"Outstanding service quality, no issues whatsoever.",2
C00281,"Quick and helpful customer service, thank you!",2
C00283,My service was cut off without warning. I demand an explanation.,4
C00283,"Terrible service, waited 3 weeks for someone to show up. Completely unacceptable.",5
C00283,Nothing special to report. Service has been average.,4
C00284,"Love the online portal, makes managing my account super easy.",2
C00285,I am absolutely furious — my bill doubled for no reason and no one can explain it.,3
C00285,"Quick and helpful customer service, thank you!",2
C00286,Service is generally okay. Had a minor billing discrepancy last month.,3
C00286,This is the worst experience I have ever had. Planning to switch provider immediately.,4
C00286,Unresponsive support and endless hold times. Absolutely awful.,3
C00286,Unresponsive support and endless hold times. Absolutely awful.,5
C00286,The support person was polite but couldn't fully resolve my issue.,5
C00288,Had to follow up twice to get my meter reading corrected.,1
C00288,"Very happy with the service, everything works great.",1
C00289,Billing seems correct this month. Last month there was a small issue.,1
C00289,Billing seems correct this month. Last month there was a small issue.,1
C00291,Technician arrived on time but the fix took longer than expected.,3
C00291,"Quick and helpful customer service, thank you!",3
C00292,This is the worst experience I have ever had. Planning to switch provider immediately.,3
C00292,Service interruption was brief. Would like better communication next time.,5
C00292,I am absolutely furious — my bill doubled for no reason and no one can explain it.,4
C00294,No major problems but the website is a bit slow.,2
C00295,Service interruption was brief. Would like better communication next time.,3
C00295,"Love the online portal, makes managing my account super easy.",1
C00296,My billing issue was resolved within hours. Highly recommend.,3
C00297,My service was cut off without warning. I demand an explanation.,5
C00297,The technician never showed up. I took a day off work for nothing.,4
C00297,The support person was polite but couldn't fully resolve my issue.,5
C00299,The technician never showed up. I took a day off work for nothing.,2
C00299,The support team was extremely helpful and resolved my issue quickly.,1
C00300,"Outstanding service quality, no issues whatsoever.",1
C00300,Technician arrived on time but the fix took longer than expected.,1
C00301,"Love the online portal, makes managing my account super easy.",3
C00302,Service is generally okay. Had a minor billing discrepancy last month.,1
C00303,I have called 7 times and nobody fixes the problem. I want to cancel my account.,3
C00303,The technician never showed up. I took a day off work for nothing.,5
C00303,I am absolutely furious — my bill doubled for no reason and no one can explain it.,3
C00303,I am absolutely furious — my bill doubled for no reason and no one can explain it.,5
C00303,My outage has been going on for 5 days and no one cares. Disgusting.,5
C00303,I am absolutely furious — my bill doubled for no reason and no one can explain it.,5
C00304,Very pleased with the resolution. Great team.,2
C00304,Technician arrived on time but the fix took longer than expected.,3
C00305,My outage has been going on for 5 days and no one cares. Disgusting.,4
C00305,"Terrible service, waited 3 weeks for someone to show up. Completely unacceptable.",4
C00305,Unresponsive support and endless hold times. Absolutely awful.,4
C00305,I am done. Switching to a competitor as soon as possible. Nightmare.,4
C00305,I have called 7 times and nobody fixes the problem. I want to cancel my account.,3
C00307,Billing seems correct this month. Last month there was a small issue.,1
C00311,The support team was extremely helpful and resolved my issue quickly.,2
C00312,I am absolutely furious — my bill doubled for no reason and no one can explain it.,5
C00312,I have called 7 times and nobody fixes the problem. I want to cancel my account.,3
C00312,The technician never showed up. I took a day off work for nothing.,3
C00312,"Terrible service, waited 3 weeks for someone to show up. Completely unacceptable.",5
C00312,Billing errors again! Third month in a row. Completely incompetent.,3
C00313,The outage was resolved. It would have been nice to get a notification.,1
C00313,The support team was extremely helpful and resolved my issue quickly.,2
C00314,Service is generally okay. Had a minor billing discrepancy last month.,1
C00317,The new meter reading service is fantastic.,3
C00319,Billing errors again! Third month in a row. Completely incompetent.,5
C00319,Unresponsive support and endless hold times. Absolutely awful.,4
C00319,I have called 7 times and nobody fixes the problem. I want to cancel my account.,4
C00319,Nothing special to report. Service has been average.,5
C00321,"Outstanding service quality, no issues whatsoever.",1
C00321,Nothing special to report. Service has been average.,2
C00325,Had to follow up twice to get my meter reading corrected.,5
C00325,Service is generally okay. Had a minor billing discrepancy last month.,3
C00325,Billing errors again! Third month in a row. Completely incompetent.,5
C00326,Service is generally okay. Had a minor billing discrepancy last month.,2
C00326,The new meter reading service is fantastic.,2
C00327,I have called 7 times and nobody fixes the problem. I want to cancel my account.,5
C00327,Account change was processed but took a few extra days.,5
C00327,No major problems but the website is a bit slow.,5
C00327,"Terrible service, waited 3 weeks for someone to show up. Completely unacceptable.",4
C00327,My service was cut off without warning. I demand an explanation.,5
C00327,Unresponsive support and endless hold times. Absolutely awful.,5
C00328,"Love the online portal, makes managing my account super easy.",2
C00328,"Terrible service, waited 3 weeks for someone to show up. Completely unacceptable.",2
C00329,Very pleased with the resolution. Great team.,2
C00329,The new meter reading service is fantastic.,1
C00330,"Love the online portal, makes managing my account super easy.",1
C00330,Technician arrived on time but the fix took longer than expected.,2
C00331,No major problems but the website is a bit slow.,1
C00333,"Outstanding service quality, no issues whatsoever.",2
C00334,Very pleased with the resolution. Great team.,2
C00334,"Love the online portal, makes managing my account super easy.",3
C00335,I have called 7 times and nobody fixes the problem. I want to cancel my account.,3
C00335,The technician never showed up. I took a day off work for nothing.,5
C00335,The outage was resolved. It would have been nice to get a notification.,4
C00336,No major problems but the website is a bit slow.,1
C00337,This is the worst experience I have ever had. Planning to switch provider immediately.,3
C00337,Service interruption was brief. Would like better communication next time.,2
C00338,This is the worst experience I have ever had. Planning to switch provider immediately.,4
C00338,I have called 7 times and nobody fixes the problem. I want to cancel my account.,5
C00338,Billing errors again! Third month in a row. Completely incompetent.,5
C00338,The technician never showed up. I took a day off work for nothing.,4
C00338,My service was cut off without warning. I demand an explanation.,3
C00338,I am absolutely furious — my bill doubled for no reason and no one can explain it.,5
C00340,The support team was extremely helpful and resolved my issue quickly.,1
C00342,Service is generally okay. Had a minor billing discrepancy last month.,2
C00343,Account change was processed but took a few extra days.,3
C00343,I am absolutely furious — my bill doubled for no reason and no one can explain it.,3
C00343,My service was cut off without warning. I demand an explanation.,5
C00344,"Love the online portal, makes managing my account super easy.",1
C00345,Billing seems correct this month. Last month there was a small issue.,1
C00347,Account change was processed but took a few extra days.,2
C00347,Nothing special to report. Service has been average.,2
C00348,I am absolutely furious — my bill doubled for no reason and no one can explain it.,5
C00348,"Terrible service, waited 3 weeks for someone to show up. Completely unacceptable.",4
C00348,The support person was polite but couldn't fully resolve my issue.,4
C00348,My outage has been going on for 5 days and no one cares. Disgusting.,4
C00348,The outage was resolved. It would have been nice to get a notification.,3
C00348,My service was cut off without warning. I demand an explanation.,5
C00350,Service is generally okay. Had a minor billing discrepancy last month.,3
C00350,Very pleased with the resolution. Great team.,3
C00352,The new meter reading service is fantastic.,1
C00352,"Excellent response time, I am very satisfied.",2
C00353,"Very happy with the service, everything works great.",1
C00354,No major problems but the website is a bit slow.,4
C00354,The support person was polite but couldn't fully resolve my issue.,3
C00354,The technician never showed up. I took a day off work for nothing.,3
C00354,Had to follow up twice to get my meter reading corrected.,3
C00354,This is the worst experience I have ever had. Planning to switch provider immediately.,5
C00354,Technician arrived on time but the fix took longer than expected.,4
C00355,Unresponsive support and endless hold times. Absolutely awful.,3
C00355,I am absolutely furious — my bill doubled for no reason and no one can explain it.,5
C00355,Service interruption was brief. Would like better communication next time.,3
C00357,Billing seems correct this month. Last month there was a small issue.,2
C00357,"Very happy with the service, everything works great.",3
C00358,"Quick and helpful customer service, thank you!",3
C00358,"Great experience, the technician was professional and efficient.",1
C00359,My service was cut off without warning. I demand an explanation.,3
C00361,My outage has been going on for 5 days and no one cares. Disgusting.,4
C00361,My outage has been going on for 5 days and no one cares. Disgusting.,4
C00361,Unresponsive support and endless hold times. Absolutely awful.,3
C00361,Account change was processed but took a few extra days.,4
C00361,This is the worst experience I have ever had. Planning to switch provider immediately.,3
C00363,No major problems but the website is a bit slow.,1
C00363,Nothing special to report. Service has been average.,3
C00365,"Quick and helpful customer service, thank you!",3
C00366,Very pleased with the resolution. Great team.,2
C00366,No major problems but the website is a bit slow.,3
C00367,"Quick and helpful customer service, thank you!",1
C00368,The outage was resolved. It would have been nice to get a notification.,1
C00368,Had to follow up twice to get my meter reading corrected.,3
C00369,"Quick and helpful customer service, thank you!",2
C00370,Nothing special to report. Service has been average.,3
C00370,"Very happy with the service, everything works great.",3
C00373,The support person was polite but couldn't fully resolve my issue.,1
C00374,"Great experience, the technician was professional and efficient.",3
C00374,The outage was resolved. It would have been nice to get a notification.,2
C00375,"Very happy with the service, everything works great.",1
C00376,Had to follow up twice to get my meter reading corrected.,3
C00376,This is the worst experience I have ever had. Planning to switch provider immediately.,1
C00377,My outage has been going on for 5 days and no one cares. Disgusting.,2
C00377,Service interruption was brief. Would like better communication next time.,3
C00378,Service is generally okay. Had a minor billing discrepancy last month.,4
C00378,I am done. Switching to a competitor as soon as possible. Nightmare.,3
C00378,The technician never showed up. I took a day off work for nothing.,4
C00378,The outage was resolved. It would have been nice to get a notification.,3
C00378,My outage has been going on for 5 days and no one cares. Disgusting.,5
C00378,Billing errors again! Third month in a row. Completely incompetent.,3
C00379,Account change was processed but took a few extra days.,4
C00379,My service was cut off without warning. I demand an explanation.,4
C00379,I am done. Switching to a competitor as soon as possible. Nightmare.,3
C00379,My service was cut off without warning. I demand an explanation.,3
C00379,Billing errors again! Third month in a row. Completely incompetent.,4
C00379,Billing seems correct this month. Last month there was a small issue.,4
C00382,"Quick and helpful customer service, thank you!",3
C00384,I am done. Switching to a competitor as soon as possible. Nightmare.,1
C00384,The outage was resolved. It would have been nice to get a notification.,2
C00385,Had to follow up twice to get my meter reading corrected.,1
C00385,"Excellent response time, I am very satisfied.",3
C00386,The new meter reading service is fantastic.,1
C00387,"Quick and helpful customer service, thank you!",2
C00388,"Excellent response time, I am very satisfied.",3
C00388,My outage has been going on for 5 days and no one cares. Disgusting.,3
C00390,The outage was resolved. It would have been nice to get a notification.,5
C00390,Technician arrived on time but the fix took longer than expected.,3
C00390,This is the worst experience I have ever had. Planning to switch provider immediately.,3
C00390,Service is generally okay. Had a minor billing discrepancy last month.,4
C00391,"Terrible service, waited 3 weeks for someone to show up. Completely unacceptable.",5
C00391,The support person was polite but couldn't fully resolve my issue.,3
C00391,My service was cut off without warning. I demand an explanation.,4
C00391,No major problems but the website is a bit slow.,3
C00391,My service was cut off without warning. I demand an explanation.,4
C00391,The technician never showed up. I took a day off work for nothing.,3
C00393,The outage was resolved. It would have been nice to get a notification.,3
C00393,"Excellent response time, I am very satisfied.",3
C00394,Had to follow up twice to get my meter reading corrected.,2
C00395,The support team was extremely helpful and resolved my issue quickly.,3
C00396,Billing seems correct this month. Last month there was a small issue.,1
C00397,Service interruption was brief. Would like better communication next time.,2
C00397,Very pleased with the resolution. Great team.,2
C00398,I am absolutely furious — my bill doubled for no reason and no one can explain it.,4
C00398,This is the worst experience I have ever had. Planning to switch provider immediately.,4
C00398,Service interruption was brief. Would like better communication next time.,3
C00399,I am absolutely furious — my bill doubled for no reason and no one can explain it.,5
C00399,No major problems but the website is a bit slow.,3
C00399,Technician arrived on time but the fix took longer than expected.,3
C00399,This is the worst experience I have ever had. Planning to switch provider immediately.,3
C00400,The technician never showed up. I took a day off work for nothing.,4
C00400,Unresponsive support and endless hold times. Absolutely awful.,5
C00400,"Terrible service, waited 3 weeks for someone to show up. Completely unacceptable.",5
C00400,This is the worst experience I have ever had. Planning to switch provider immediately.,3
C00400,Service interruption was brief. Would like better communication next time.,4
C00401,Account change was processed but took a few extra days.,1
C00401,I am absolutely furious — my bill doubled for no reason and no one can explain it.,3
C00402,Unresponsive support and endless hold times. Absolutely awful.,4
C00402,Service is generally okay. Had a minor billing discrepancy last month.,3
C00402,My service was cut off without warning. I demand an explanation.,3
C00403,"Great experience, the technician was professional and efficient.",2
C00404,"Quick and helpful customer service, thank you!",3
C00404,The new meter reading service is fantastic.,2
C00405,Billing errors again! Third month in a row. Completely incompetent.,4
C00405,I am absolutely furious — my bill doubled for no reason and no one can explain it.,3
C00405,I have called 7 times and nobody fixes the problem. I want to cancel my account.,4
C00405,Nothing special to report. Service has been average.,4
C00405,This is the worst experience I have ever had. Planning to switch provider immediately.,5
C00405,My service was cut off without warning. I demand an explanation.,4
C00406,My billing issue was resolved within hours. Highly recommend.,3
C00407,The technician never showed up. I took a day off work for nothing.,2
C00407,"Great experience, the technician was professional and efficient.",2
C00408,The new meter reading service is fantastic.,2
C00409,No major problems but the website is a bit slow.,2
C00410,My service was cut off without warning. I demand an explanation.,5
C00410,My outage has been going on for 5 days and no one cares. Disgusting.,5
C00410,The outage was resolved. It would have been nice to get a notification.,5
C00410,My outage has been going on for 5 days and no one cares. Disgusting.,5
C00411,I am absolutely furious — my bill doubled for no reason and no one can explain it.,4
C00411,Service interruption was brief. Would like better communication next time.,3
C00411,I have called 7 times and nobody fixes the problem. I want to cancel my account.,4
C00411,This is the worst experience I have ever had. Planning to switch provider immediately.,3
C00411,No major problems but the website is a bit slow.,5
C00411,I am done. Switching to a competitor as soon as possible. Nightmare.,4
C00412,Billing errors again! Third month in a row. Completely incompetent.,3
C00413,No major problems but the website is a bit slow.,1
C00413,No major problems but the website is a bit slow.,3
C00415,This is the worst experience I have ever had. Planning to switch provider immediately.,5
C00415,Technician arrived on time but the fix took longer than expected.,3
C00415,This is the worst experience I have ever had. Planning to switch provider immediately.,5
C00415,Service is generally okay. Had a minor billing discrepancy last month.,3
C00416,No major problems but the website is a bit slow.,2
C00417,The technician never showed up. I took a day off work for nothing.,4
C00417,Billing errors again! Third month in a row. Completely incompetent.,3
C00417,I am absolutely furious — my bill doubled for no reason and no one can explain it.,3
C00417,I am done. Switching to a competitor as soon as possible. Nightmare.,5
C00417,The outage was resolved. It would have been nice to get a notification.,5
C00417,The technician never showed up. I took a day off work for nothing.,3
C00418,The technician never showed up. I took a day off work for nothing.,3
C00418,Service interruption was brief. Would like better communication next time.,4
C00418,Billing errors again! Third month in a row. Completely incompetent.,5
C00418,Account change was processed but took a few extra days.,5
C00418,Unresponsive support and endless hold times. Absolutely awful.,4
C00418,Billing seems correct this month. Last month there was a small issue.,5
C00420,My outage has been going on for 5 days and no one cares. Disgusting.,4
C00420,Account change was processed but took a few extra days.,5
C00420,No major problems but the website is a bit slow.,3
C00421,No major problems but the website is a bit slow.,1
C00421,"Very happy with the service, everything works great.",2
C00422,I am absolutely furious — my bill doubled for no reason and no one can explain it.,2
C00423,Had to follow up twice to get my meter reading corrected.,2
C00425,Billing seems correct this month. Last month there was a small issue.,3
C00426,"Quick and helpful customer service, thank you!",1
C00428,Account change was processed but took a few extra days.,5
C00428,The technician never showed up. I took a day off work for nothing.,3
C00428,This is the worst experience I have ever had. Planning to switch provider immediately.,4
C00428,Unresponsive support and endless hold times. Absolutely awful.,3
C00429,The support team was extremely helpful and resolved my issue quickly.,3
C00430,"Excellent response time, I am very satisfied.",3
C00430,"Very happy with the service, everything works great.",2
C00431,"Excellent response time, I am very satisfied.",1
C00432,"Love the online portal, makes managing my account super easy.",1
C00433,"Great experience, the technician was professional and efficient.",1
C00434,The outage was resolved. It would have been nice to get a notification.,1
C00434,My billing issue was resolved within hours. Highly recommend.,3
C00435,No major problems but the website is a bit slow.,1
C00436,"Outstanding service quality, no issues whatsoever.",2
C00437,This is the worst experience I have ever had. Planning to switch provider immediately.,5
C00437,Billing errors again! Third month in a row. Completely incompetent.,5
C00437,My outage has been going on for 5 days and no one cares. Disgusting.,5
C00437,Technician arrived on time but the fix took longer than expected.,3
C00437,This is the worst experience I have ever had. Planning to switch provider immediately.,3
C00438,The support person was polite but couldn't fully resolve my issue.,5
C00438,The outage was resolved. It would have been nice to get a notification.,5
C00438,The support person was polite but couldn't fully resolve my issue.,3
C00438,Billing errors again! Third month in a row. Completely incompetent.,4
C00438,I am absolutely furious — my bill doubled for no reason and no one can explain it.,3
C00439,"Outstanding service quality, no issues whatsoever.",1
C00439,Nothing special to report. Service has been average.,2
C00441,Billing seems correct this month. Last month there was a small issue.,1
C00441,"Very happy with the service, everything works great.",3
C00442,The technician never showed up. I took a day off work for nothing.,5
C00442,Unresponsive support and endless hold times. Absolutely awful.,5
C00442,Had to follow up twice to get my meter reading corrected.,5
C00442,My outage has been going on for 5 days and no one cares. Disgusting.,3
C00442,My outage has been going on for 5 days and no one cares. Disgusting.,3
C00442,My outage has been going on for 5 days and no one cares. Disgusting.,5
C00444,I have called 7 times and nobody fixes the problem. I want to cancel my account.,5
C00444,The technician never showed up. I took a day off work for nothing.,3
C00444,I am done. Switching to a competitor as soon as possible. Nightmare.,5
C00444,This is the worst experience I have ever had. Planning to switch provider immediately.,3
C00444,Had to follow up twice to get my meter reading corrected.,3
C00444,Billing errors again! Third month in a row. Completely incompetent.,4
C00445,Very pleased with the resolution. Great team.,2
C00446,Nothing special to report. Service has been average.,3
C00446,"Excellent response time, I am very satisfied.",1
C00447,I have called 7 times and nobody fixes the problem. I want to cancel my account.,3
C00447,Technician arrived on time but the fix took longer than expected.,4
C00447,I am absolutely furious — my bill doubled for no reason and no one can explain it.,4
C00448,"Love the online portal, makes managing my account super easy.",1
C00448,Service interruption was brief. Would like better communication next time.,3
C00449,I am done. Switching to a competitor as soon as possible. Nightmare.,2
C00449,No major problems but the website is a bit slow.,1
C00452,I am absolutely furious — my bill doubled for no reason and no one can explain it.,4
C00452,This is the worst experience I have ever had. Planning to switch provider immediately.,4
C00452,My service was cut off without warning. I demand an explanation.,5
C00452,My outage has been going on for 5 days and no one cares. Disgusting.,5
C00455,The new meter reading service is fantastic.,2
C00455,My billing issue was resolved within hours. Highly recommend.,2
C00456,Billing errors again! Third month in a row. Completely incompetent.,2
C00456,"Excellent response time, I am very satisfied.",2
C00457,"Very happy with the service, everything works great.",1
C00459,"Excellent response time, I am very satisfied.",3
C00460,My billing issue was resolved within hours. Highly recommend.,3
C00462,The support team was extremely helpful and resolved my issue quickly.,3
C00462,Nothing special to report. Service has been average.,3
C00463,Billing errors again! Third month in a row. Completely incompetent.,4
C00463,Service is generally okay. Had a minor billing discrepancy last month.,3
C00463,This is the worst experience I have ever had. Planning to switch provider immediately.,3
C00464,Service interruption was brief. Would like better communication next time.,2
C00465,"Terrible service, waited 3 weeks for someone to show up. Completely unacceptable.",5
C00465,My outage has been going on for 5 days and no one cares. Disgusting.,4
C00465,My service was cut off without warning. I demand an explanation.,4
C00465,Nothing special to report. Service has been average.,3
C00465,The technician never showed up. I took a day off work for nothing.,4
C00466,Service interruption was brief. Would like better communication next time.,2
C00466,Account change was processed but took a few extra days.,3
C00467,"Excellent response time, I am very satisfied.",2
C00467,Very pleased with the resolution. Great team.,1
C00471,Service interruption was brief. Would like better communication next time.,3
C00471,The technician never showed up. I took a day off work for nothing.,3
C00471,Technician arrived on time but the fix took longer than expected.,4
C00474,"Very happy with the service, everything works great.",3
C00474,"Quick and helpful customer service, thank you!",2
C00475,Account change was processed but took a few extra days.,3
C00477,I am absolutely furious — my bill doubled for no reason and no one can explain it.,5
C00477,I am done. Switching to a competitor as soon as possible. Nightmare.,5
C00477,Technician arrived on time but the fix took longer than expected.,5
C00477,Had to follow up twice to get my meter reading corrected.,5
C00477,Billing errors again! Third month in a row. Completely incompetent.,5
C00478,Billing seems correct this month. Last month there was a small issue.,3
C00479,Nothing special to report. Service has been average.,5
C00479,"Terrible service, waited 3 weeks for someone to show up. Completely unacceptable.",5
C00479,Billing errors again! Third month in a row. Completely incompetent.,3
C00482,"Great experience, the technician was professional and efficient.",2
C00482,"Love the online portal, makes managing my account super easy.",3
C00483,Billing errors again! Third month in a row. Completely incompetent.,4
C00483,Billing seems correct this month. Last month there was a small issue.,3
C00483,This is the worst experience I have ever had. Planning to switch provider immediately.,4
C00484,I am done. Switching to a competitor as soon as possible. Nightmare.,5
C00484,"Terrible service, waited 3 weeks for someone to show up. Completely unacceptable.",4
C00484,My outage has been going on for 5 days and no one cares. Disgusting.,3
C00484,The outage was resolved. It would have been nice to get a notification.,4
C00484,My service was cut off without warning. I demand an explanation.,4
C00485,No major problems but the website is a bit slow.,3
C00486,"Excellent response time, I am very satisfied.",1
C00486,Account change was processed but took a few extra days.,3
C00487,This is the worst experience I have ever had. Planning to switch provider immediately.,5
C00487,I have called 7 times and nobody fixes the problem. I want to cancel my account.,4
C00487,This is the worst experience I have ever had. Planning to switch provider immediately.,3
C00488,Very pleased with the resolution. Great team.,2
C00488,Nothing special to report. Service has been average.,3
C00489,I have called 7 times and nobody fixes the problem. I want to cancel my account.,1
C00490,Billing errors again! Third month in a row. Completely incompetent.,3
C00490,Unresponsive support and endless hold times. Absolutely awful.,5
C00490,I am done. Switching to a competitor as soon as possible. Nightmare.,5
C00491,The outage was resolved. It would have been nice to get a notification.,5
C00491,Had to follow up twice to get my meter reading corrected.,3
C00491,My service was cut off without warning. I demand an explanation.,5
C00491,Service interruption was brief. Would like better communication next time.,5
C00491,The technician never showed up. I took a day off work for nothing.,5
C00491,My outage has been going on for 5 days and no one cares. Disgusting.,4
C00492,"Great experience, the technician was professional and efficient.",3
C00492,No major problems but the website is a bit slow.,2
C00494,Very pleased with the resolution. Great team.,3
C00495,Billing errors again! Third month in a row. Completely incompetent.,5
C00495,The support person was polite but couldn't fully resolve my issue.,5
C00495,I am absolutely furious — my bill doubled for no reason and no one can explain it.,4
C00495,Billing errors again! Third month in a row. Completely incompetent.,4
C00495,Unresponsive support and endless hold times. Absolutely awful.,5
C00495,Billing seems correct this month. Last month there was a small issue.,4
C00496,My billing issue was resolved within hours. Highly recommend.,1
C00496,Had to follow up twice to get my meter reading corrected.,1
C00498,Unresponsive support and endless hold times. Absolutely awful.,3
C00501,Unresponsive support and endless hold times. Absolutely awful.,5
C00501,My outage has been going on for 5 days and no one cares. Disgusting.,5
C00501,Unresponsive support and endless hold times. Absolutely awful.,3
C00501,Billing errors again! Third month in a row. Completely incompetent.,4
C00502,"Quick and helpful customer service, thank you!",1
C00503,The new meter reading service is fantastic.,2
C00505,Service interruption was brief. Would like better communication next time.,2
C00505,"Very happy with the service, everything works great.",3
C00506,Unresponsive support and endless hold times. Absolutely awful.,5
C00506,The technician never showed up. I took a day off work for nothing.,5
C00506,This is the worst experience I have ever had. Planning to switch provider immediately.,3
C00508,I am done. Switching to a competitor as soon as possible. Nightmare.,3
C00508,The support person was polite but couldn't fully resolve my issue.,4
C00508,My outage has been going on for 5 days and no one cares. Disgusting.,3
C00508,Billing errors again! Third month in a row. Completely incompetent.,3
C00509,The support person was polite but couldn't fully resolve my issue.,2
C00511,No major problems but the website is a bit slow.,2
C00511,"Excellent response time, I am very satisfied.",3
C00513,"Excellent response time, I am very satisfied.",2
C00514,This is the worst experience I have ever had. Planning to switch provider immediately.,3
C00514,I am absolutely furious — my bill doubled for no reason and no one can explain it.,4
C00514,Unresponsive support and endless hold times. Absolutely awful.,3
C00516,"Love the online portal, makes managing my account super easy.",1
C00516,"Quick and helpful customer service, thank you!",1
C00518,Billing seems correct this month. Last month there was a small issue.,2
C00519,"Excellent response time, I am very satisfied.",2
C00521,"Quick and helpful customer service, thank you!",1
C00521,"Outstanding service quality, no issues whatsoever.",3
C00522,Technician arrived on time but the fix took longer than expected.,1
C00523,"Very happy with the service, everything works great.",1
C00524,Technician arrived on time but the fix took longer than expected.,2
C00524,Nothing special to report. Service has been average.,2
C00528,The support team was extremely helpful and resolved my issue quickly.,1
C00529,"Outstanding service quality, no issues whatsoever.",2
C00529,Technician arrived on time but the fix took longer than expected.,1
C00530,The outage was resolved. It would have been nice to get a notification.,3
C00530,I am done. Switching to a competitor as soon as possible. Nightmare.,4
C00530,Service interruption was brief. Would like better communication next time.,3
C00530,This is the worst experience I have ever had. Planning to switch provider immediately.,5
C00532,The new meter reading service is fantastic.,3
C00533,This is the worst experience I have ever had. Planning to switch provider immediately.,1
C00533,"Quick and helpful customer service, thank you!",1
C00534,Billing seems correct this month. Last month there was a small issue.,3
C00534,"Very happy with the service, everything works great.",3
C00535,Billing errors again! Third month in a row. Completely incompetent.,3
C00535,My outage has been going on for 5 days and no one cares. Disgusting.,3
C00535,Service is generally okay. Had a minor billing discrepancy last month.,3
C00535,I have called 7 times and nobody fixes the problem. I want to cancel my account.,3
C00535,I am absolutely furious — my bill doubled for no reason and no one can explain it.,4
C00536,My outage has been going on for 5 days and no one cares. Disgusting.,4
C00536,"Terrible service, waited 3 weeks for someone to show up. Completely unacceptable.",5
C00536,"Terrible service, waited 3 weeks for someone to show up. Completely unacceptable.",5
C00536,My outage has been going on for 5 days and no one cares. Disgusting.,4
C00538,Billing errors again! Third month in a row. Completely incompetent.,4
C00538,Unresponsive support and endless hold times. Absolutely awful.,4
C00538,This is the worst experience I have ever had. Planning to switch provider immediately.,3
C00539,Technician arrived on time but the fix took longer than expected.,3
C00539,My service was cut off without warning. I demand an explanation.,4
C00539,"Terrible service, waited 3 weeks for someone to show up. Completely unacceptable.",5
C00539,My outage has been going on for 5 days and no one cares. Disgusting.,5
C00539,The outage was resolved. It would have been nice to get a notification.,4
C00540,The outage was resolved. It would have been nice to get a notification.,1
C00541,I am absolutely furious — my bill doubled for no reason and no one can explain it.,3
C00544,"Excellent response time, I am very satisfied.",1
C00545,The new meter reading service is fantastic.,2
C00546,The outage was resolved. It would have been nice to get a notification.,3
C00547,The technician never showed up. I took a day off work for nothing.,3
C00547,The technician never showed up. I took a day off work for nothing.,4
C00547,The technician never showed up. I took a day off work for nothing.,3
C00547,My service was cut off without warning. I demand an explanation.,3
C00547,Technician arrived on time but the fix took longer than expected.,3
C00547,Billing seems correct this month. Last month there was a small issue.,3
C00548,Had to follow up twice to get my meter reading corrected.,3
C00549,The support person was polite but couldn't fully resolve my issue.,2
C00550,"Very happy with the service, everything works great.",1
C00550,The support person was polite but couldn't fully resolve my issue.,3
C00552,My service was cut off without warning. I demand an explanation.,2
C00553,My outage has been going on for 5 days and no one cares. Disgusting.,5
C00553,The technician never showed up. I took a day off work for nothing.,5
C00553,My service was cut off without warning. I demand an explanation.,3
C00553,This is the worst experience I have ever had. Planning to switch provider immediately.,5
C00554,"Terrible service, waited 3 weeks for someone to show up. Completely unacceptable.",5
C00554,My outage has been going on for 5 days and no one cares. Disgusting.,4
C00554,Service is generally okay. Had a minor billing discrepancy last month.,4
C00554,I am done. Switching to a competitor as soon as possible. Nightmare.,4
C00554,Billing seems correct this month. Last month there was a small issue.,4
C00554,"Terrible service, waited 3 weeks for someone to show up. Completely unacceptable.",4
C00555,Billing seems correct this month. Last month there was a small issue.,2
C00555,"Great experience, the technician was professional and efficient.",2
C00557,The support team was extremely helpful and resolved my issue quickly.,1
C00558,Billing errors again! Third month in a row. Completely incompetent.,5
C00558,Billing seems correct this month. Last month there was a small issue.,5
C00558,My outage has been going on for 5 days and no one cares. Disgusting.,4
C00559,This is the worst experience I have ever had. Planning to switch provider immediately.,3
C00560,Account change was processed but took a few extra days.,2
C00560,"Quick and helpful customer service, thank you!",3
C00564,"Love the online portal, makes managing my account super easy.",3
C00565,Service interruption was brief. Would like better communication next time.,2
C00565,Service interruption was brief. Would like better communication next time.,2
C00566,My outage has been going on for 5 days and no one cares. Disgusting.,1
C00567,"Outstanding service quality, no issues whatsoever.",1
C00568,Technician arrived on time but the fix took longer than expected.,4
C00568,I am absolutely furious — my bill doubled for no reason and no one can explain it.,4
C00568,Service interruption was brief. Would like better communication next time.,3
C00568,My service was cut off without warning. I demand an explanation.,3
C00568,The support person was polite but couldn't fully resolve my issue.,4
C00570,Very pleased with the resolution. Great team.,1
C00571,The new meter reading service is fantastic.,3
C00573,The support team was extremely helpful and resolved my issue quickly.,2
C00574,"Outstanding service quality, no issues whatsoever.",3
C00574,No major problems but the website is a bit slow.,1
C00576,"Excellent response time, I am very satisfied.",3
C00576,"Excellent response time, I am very satisfied.",2
C00577,"Excellent response time, I am very satisfied.",1
C00578,Very pleased with the resolution. Great team.,2
C00578,Account change was processed but took a few extra days.,2
C00579,Billing seems correct this month. Last month there was a small issue.,3
C00579,"Terrible service, waited 3 weeks for someone to show up. Completely unacceptable.",3
C00579,This is the worst experience I have ever had. Planning to switch provider immediately.,4
C00579,I have called 7 times and nobody fixes the problem. I want to cancel my account.,5
C00580,Service interruption was brief. Would like better communication next time.,2
C00581,Nothing special to report. Service has been average.,2
C00582,"Quick and helpful customer service, thank you!",1
C00583,My billing issue was resolved within hours. Highly recommend.,1
C00584,I am done. Switching to a competitor as soon as possible. Nightmare.,1
C00584,"Excellent response time, I am very satisfied.",1
C00585,Billing seems correct this month. Last month there was a small issue.,2
C00586,"Love the online portal, makes managing my account super easy.",2
C00586,Nothing special to report. Service has been average.,3
C00587,"Excellent response time, I am very satisfied.",2
C00587,Had to follow up twice to get my meter reading corrected.,3
C00588,I am absolutely furious — my bill doubled for no reason and no one can explain it.,4
C00588,My service was cut off without warning. I demand an explanation.,3
C00588,My outage has been going on for 5 days and no one cares. Disgusting.,5
C00588,The technician never showed up. I took a day off work for nothing.,3
C00588,I have called 7 times and nobody fixes the problem. I want to cancel my account.,5
C00589,"Very happy with the service, everything works great.",1
C00590,No major problems but the website is a bit slow.,2
C00593,"Great experience, the technician was professional and efficient.",3
C00594,The support person was polite but couldn't fully resolve my issue.,1
C00594,The support person was polite but couldn't fully resolve my issue.,3
C00595,My billing issue was resolved within hours. Highly recommend.,2
C00595,Service is generally okay. Had a minor billing discrepancy last month.,3
C00596,Billing seems correct this month. Last month there was a small issue.,4
C00596,Billing errors again! Third month in a row. Completely incompetent.,5
C00596,I am done. Switching to a competitor as soon as possible. Nightmare.,3
C00597,The outage was resolved. It would have been nice to get a notification.,2
C00598,"Great experience, the technician was professional and efficient.",2
C00598,Very pleased with the resolution. Great team.,1
C00599,My billing issue was resolved within hours. Highly recommend.,3
C00599,The technician never showed up. I took a day off work for nothing.,1
C00600,My billing issue was resolved within hours. Highly recommend.,1
C00602,"Quick and helpful customer service, thank you!",2
C00602,The support team was extremely helpful and resolved my issue quickly.,2
C00603,My outage has been going on for 5 days and no one cares. Disgusting.,1
C00603,Had to follow up twice to get my meter reading corrected.,2
C00604,I have called 7 times and nobody fixes the problem. I want to cancel my account.,4
C00604,Nothing special to report. Service has been average.,5
C00604,I am absolutely furious — my bill doubled for no reason and no one can explain it.,5
C00604,Service interruption was brief. Would like better communication next time.,5
C00607,Very pleased with the resolution. Great team.,1
C00607,Billing errors again! Third month in a row. Completely incompetent.,3
C00608,Billing seems correct this month. Last month there was a small issue.,1
C00608,Account change was processed but took a few extra days.,1
C00609,"Quick and helpful customer service, thank you!",2
C00609,The technician never showed up. I took a day off work for nothing.,3
C00610,"Terrible service, waited 3 weeks for someone to show up. Completely unacceptable.",3
C00610,Billing seems correct this month. Last month there was a small issue.,4
C00610,"Terrible service, waited 3 weeks for someone to show up. Completely unacceptable.",5
C00610,Billing errors again! Third month in a row. Completely incompetent.,5
C00610,I am done. Switching to a competitor as soon as possible. Nightmare.,4
C00610,The outage was resolved. It would have been nice to get a notification.,5
C00611,Technician arrived on time but the fix took longer than expected.,1
C00611,My service was cut off without warning. I demand an explanation.,2
C00612,This is the worst experience I have ever had. Planning to switch provider immediately.,3
C00614,"Terrible service, waited 3 weeks for someone to show up. Completely unacceptable.",3
C00614,Unresponsive support and endless hold times. Absolutely awful.,5
C00614,Billing errors again! Third month in a row. Completely incompetent.,5
C00615,The new meter reading service is fantastic.,3
C00616,Very pleased with the resolution. Great team.,3
C00616,"Very happy with the service, everything works great.",1
C00618,"Great experience, the technician was professional and efficient.",2
C00620,The technician never showed up. I took a day off work for nothing.,2
C00620,"Very happy with the service, everything works great.",1
C00621,"Very happy with the service, everything works great.",1
C00622,My outage has been going on for 5 days and no one cares. Disgusting.,3
C00622,I have called 7 times and nobody fixes the problem. I want to cancel my account.,3
C00622,No major problems but the website is a bit slow.,3
C00623,Nothing special to report. Service has been average.,2
C00623,"Very happy with the service, everything works great.",3
C00625,The new meter reading service is fantastic.,2
C00626,My service was cut off without warning. I demand an explanation.,5
C00626,My outage has been going on for 5 days and no one cares. Disgusting.,3
C00626,Service interruption was brief. Would like better communication next time.,3
C00627,The support team was extremely helpful and resolved my issue quickly.,3
C00629,This is the worst experience I have ever had. Planning to switch provider immediately.,4
C00629,Technician arrived on time but the fix took longer than expected.,3
C00629,Service interruption was brief. Would like better communication next time.,4
C00629,I am done. Switching to a competitor as soon as possible. Nightmare.,3
C00630,Billing seems correct this month. Last month there was a small issue.,3
C00630,"Outstanding service quality, no issues whatsoever.",2
C00632,Very pleased with the resolution. Great team.,2
C00633,Unresponsive support and endless hold times. Absolutely awful.,1
C00633,Very pleased with the resolution. Great team.,1
C00636,The support person was polite but couldn't fully resolve my issue.,3
C00636,Very pleased with the resolution. Great team.,1
C00638,"Outstanding service quality, no issues whatsoever.",2
C00639,"Quick and helpful customer service, thank you!",1
C00639,Nothing special to report. Service has been average.,2
C00640,The technician never showed up. I took a day off work for nothing.,3
C00640,Billing seems correct this month. Last month there was a small issue.,4
C00640,Technician arrived on time but the fix took longer than expected.,3
C00640,Unresponsive support and endless hold times. Absolutely awful.,5
C00640,I am done. Switching to a competitor as soon as possible. Nightmare.,4
C00641,Account change was processed but took a few extra days.,3
C00642,"Very happy with the service, everything works great.",3
C00643,Billing errors again! Third month in a row. Completely incompetent.,4
C00643,Billing errors again! Third month in a row. Completely incompetent.,5
C00643,I have called 7 times and nobody fixes the problem. I want to cancel my account.,3
C00643,This is the worst experience I have ever had. Planning to switch provider immediately.,5
C00643,"Terrible service, waited 3 weeks for someone to show up. Completely unacceptable.",5
C00644,Account change was processed but took a few extra days.,2
C00644,My billing issue was resolved within hours. Highly recommend.,1
C00646,Had to follow up twice to get my meter reading corrected.,2
C00647,Service is generally okay. Had a minor billing discrepancy last month.,3
C00648,The technician never showed up. I took a day off work for nothing.,3
C00648,My service was cut off without warning. I demand an explanation.,4
C00648,The technician never showed up. I took a day off work for nothing.,4
C00648,My outage has been going on for 5 days and no one cares. Disgusting.,3
C00648,I am absolutely furious — my bill doubled for no reason and no one can explain it.,4
C00649,The technician never showed up. I took a day off work for nothing.,3
C00649,I am done. Switching to a competitor as soon as possible. Nightmare.,3
C00649,The outage was resolved. It would have been nice to get a notification.,4
C00649,My outage has been going on for 5 days and no one cares. Disgusting.,4
C00650,No major problems but the website is a bit slow.,1
C00651,Had to follow up twice to get my meter reading corrected.,3
C00651,Service is generally okay. Had a minor billing discrepancy last month.,1
C00652,No major problems but the website is a bit slow.,1
C00652,Technician arrived on time but the fix took longer than expected.,2
C00654,Service is generally okay. Had a minor billing discrepancy last month.,4
C00654,This is the worst experience I have ever had. Planning to switch provider immediately.,3
C00654,Billing errors again! Third month in a row. Completely incompetent.,5
C00655,"Great experience, the technician was professional and efficient.",3
C00656,Service is generally okay. Had a minor billing discrepancy last month.,5
C00656,I am absolutely furious — my bill doubled for no reason and no one can explain it.,5
C00656,The technician never showed up. I took a day off work for nothing.,3
C00657,"Outstanding service quality, no issues whatsoever.",3
C00658,This is the worst experience I have ever had. Planning to switch provider immediately.,5
C00658,I am done. Switching to a competitor as soon as possible. Nightmare.,5
C00658,Technician arrived on time but the fix took longer than expected.,3
C00658,Nothing special to report. Service has been average.,5
C00658,I am done. Switching to a competitor as soon as possible. Nightmare.,5
C00658,My outage has been going on for 5 days and no one cares. Disgusting.,3
C00660,My outage has been going on for 5 days and no one cares. Disgusting.,5
C00660,Billing seems correct this month. Last month there was a small issue.,4
C00660,I am done. Switching to a competitor as soon as possible. Nightmare.,3
C00660,I am absolutely furious — my bill doubled for no reason and no one can explain it.,3
C00661,I have called 7 times and nobody fixes the problem. I want to cancel my account.,2
C00662,"Outstanding service quality, no issues whatsoever.",2
C00662,"Quick and helpful customer service, thank you!",3
C00663,"Very happy with the service, everything works great.",3
C00663,"Outstanding service quality, no issues whatsoever.",3
C00665,"Terrible service, waited 3 weeks for someone to show up. Completely unacceptable.",3
C00665,Billing errors again! Third month in a row. Completely incompetent.,5
C00665,My service was cut off without warning. I demand an explanation.,5
C00665,I am absolutely furious — my bill doubled for no reason and no one can explain it.,4
C00665,I have called 7 times and nobody fixes the problem. I want to cancel my account.,3
C00666,Had to follow up twice to get my meter reading corrected.,2
C00668,My billing issue was resolved within hours. Highly recommend.,3
C00669,Very pleased with the resolution. Great team.,2
C00670,My billing issue was resolved within hours. Highly recommend.,1
C00671,"Great experience, the technician was professional and efficient.",3
C00672,This is the worst experience I have ever had. Planning to switch provider immediately.,2
C00674,"Terrible service, waited 3 weeks for someone to show up. Completely unacceptable.",5
C00674,Had to follow up twice to get my meter reading corrected.,3
C00674,The technician never showed up. I took a day off work for nothing.,5
C00674,Unresponsive support and endless hold times. Absolutely awful.,4
C00674,The technician never showed up. I took a day off work for nothing.,5
C00674,The technician never showed up. I took a day off work for nothing.,3
C00675,My billing issue was resolved within hours. Highly recommend.,2
C00677,Nothing special to report. Service has been average.,1
C00677,The support team was extremely helpful and resolved my issue quickly.,1
C00678,Very pleased with the resolution. Great team.,2
C00679,I am absolutely furious — my bill doubled for no reason and no one can explain it.,4
C00679,The technician never showed up. I took a day off work for nothing.,3
C00679,Billing seems correct this month. Last month there was a small issue.,3
C00679,This is the worst experience I have ever had. Planning to switch provider immediately.,4
C00679,Unresponsive support and endless hold times. Absolutely awful.,5
C00680,Billing errors again! Third month in a row. Completely incompetent.,2
C00681,Nothing special to report. Service has been average.,2
C00682,I am absolutely furious — my bill doubled for no reason and no one can explain it.,4
C00682,Account change was processed but took a few extra days.,4
C00682,No major problems but the website is a bit slow.,3
C00682,The technician never showed up. I took a day off work for nothing.,5
C00684,My billing issue was resolved within hours. Highly recommend.,3
C00684,Account change was processed but took a few extra days.,2
C00685,My outage has been going on for 5 days and no one cares. Disgusting.,1
C00686,Very pleased with the resolution. Great team.,1
C00686,Unresponsive support and endless hold times. Absolutely awful.,1
C00687,Had to follow up twice to get my meter reading corrected.,5
C00687,Service is generally okay. Had a minor billing discrepancy last month.,4
C00687,Technician arrived on time but the fix took longer than expected.,5
C00687,Technician arrived on time but the fix took longer than expected.,4
C00688,This is the worst experience I have ever had. Planning to switch provider immediately.,3
C00688,The technician never showed up. I took a day off work for nothing.,3
C00688,This is the worst experience I have ever had. Planning to switch provider immediately.,5
C00688,I have called 7 times and nobody fixes the problem. I want to cancel my account.,3
C00688,Unresponsive support and endless hold times. Absolutely awful.,4
C00688,The outage was resolved. It would have been nice to get a notification.,4
C00690,The outage was resolved. It would have been nice to get a notification.,1
C00692,Technician arrived on time but the fix took longer than expected.,2
C00692,Very pleased with the resolution. Great team.,1
C00693,"Outstanding service quality, no issues whatsoever.",3
C00693,"Outstanding service quality, no issues whatsoever.",2
C00695,The new meter reading service is fantastic.,2
C00695,Billing seems correct this month. Last month there was a small issue.,3
C00697,Service is generally okay. Had a minor billing discrepancy last month.,3
C00699,Had to follow up twice to get my meter reading corrected.,2
C00699,"Quick and helpful customer service, thank you!",1
C00700,The support team was extremely helpful and resolved my issue quickly.,2
C00701,"Outstanding service quality, no issues whatsoever.",1
C00701,Service is generally okay. Had a minor billing discrepancy last month.,1
C00702,Account change was processed but took a few extra days.,3
C00702,Service interruption was brief. Would like better communication next time.,5
C00702,The outage was resolved. It would have been nice to get a notification.,3
C00702,The outage was resolved. It would have been nice to get a notification.,3
C00703,This is the worst experience I have ever had. Planning to switch provider immediately.,5
C00703,My outage has been going on for 5 days and no one cares. Disgusting.,3
C00703,Service is generally okay. Had a minor billing discrepancy last month.,3
C00703,I am absolutely furious — my bill doubled for no reason and no one can explain it.,3
C00704,Technician arrived on time but the fix took longer than expected.,3
C00704,"Great experience, the technician was professional and efficient.",2
C00705,Billing seems correct this month. Last month there was a small issue.,1
C00705,Billing seems correct this month. Last month there was a small issue.,3
C00708,The support person was polite but couldn't fully resolve my issue.,3
C00708,Service interruption was brief. Would like better communication next time.,3
C00709,Technician arrived on time but the fix took longer than expected.,1
C00710,Billing seems correct this month. Last month there was a small issue.,5
C00710,Unresponsive support and endless hold times. Absolutely awful.,4
C00710,My service was cut off without warning. I demand an explanation.,4
C00710,"Terrible service, waited 3 weeks for someone to show up. Completely unacceptable.",4
C00710,I am absolutely furious — my bill doubled for no reason and no one can explain it.,5
C00710,Billing seems correct this month. Last month there was a small issue.,4
C00711,"Excellent response time, I am very satisfied.",1
C00711,"Excellent response time, I am very satisfied.",1
C00712,"Love the online portal, makes managing my account super easy.",3
C00712,"Quick and helpful customer service, thank you!",1
C00713,"Very happy with the service, everything works great.",1
C00713,The support team was extremely helpful and resolved my issue quickly.,2
C00714,"Great experience, the technician was professional and efficient.",2
C00716,"Love the online portal, makes managing my account super easy.",1
C00717,I am absolutely furious — my bill doubled for no reason and no one can explain it.,4
C00717,Unresponsive support and endless hold times. Absolutely awful.,5
C00717,I am done. Switching to a competitor as soon as possible. Nightmare.,5
C00717,The technician never showed up. I took a day off work for nothing.,5
C00717,I am absolutely furious — my bill doubled for no reason and no one can explain it.,3
C00720,No major problems but the website is a bit slow.,3
C00721,The new meter reading service is fantastic.,2
C00722,"Excellent response time, I am very satisfied.",2
C00723,"Great experience, the technician was professional and efficient.",1
C00725,The support person was polite but couldn't fully resolve my issue.,1
C00727,My billing issue was resolved within hours. Highly recommend.,2
C00727,Billing errors again! Third month in a row. Completely incompetent.,1
C00730,Nothing special to report. Service has been average.,3
C00731,Service interruption was brief. Would like better communication next time.,1
C00731,Had to follow up twice to get my meter reading corrected.,1
C00732,Very pleased with the resolution. Great team.,1
C00733,The support person was polite but couldn't fully resolve my issue.,2
C00733,"Very happy with the service, everything works great.",3
C00734,Service interruption was brief. Would like better communication next time.,2
C00736,Billing seems correct this month. Last month there was a small issue.,2
C00736,Very pleased with the resolution. Great team.,3
C00740,Service is generally okay. Had a minor billing discrepancy last month.,3
C00740,No major problems but the website is a bit slow.,2
C00741,My service was cut off without warning. I demand an explanation.,3
C00741,Unresponsive support and endless hold times. Absolutely awful.,3
C00741,I have called 7 times and nobody fixes the problem. I want to cancel my account.,5
C00743,"Quick and helpful customer service, thank you!",1
C00743,Technician arrived on time but the fix took longer than expected.,1
C00744,Technician arrived on time but the fix took longer than expected.,3
C00744,"Quick and helpful customer service, thank you!",3
C00745,The technician never showed up. I took a day off work for nothing.,4
C00745,My service was cut off without warning. I demand an explanation.,4
C00745,No major problems but the website is a bit slow.,4
C00745,The technician never showed up. I took a day off work for nothing.,5
C00745,No major problems but the website is a bit slow.,5
C00746,Technician arrived on time but the fix took longer than expected.,4
C00746,I am done. Switching to a competitor as soon as possible. Nightmare.,4
C00746,I am done. Switching to a competitor as soon as possible. Nightmare.,4
C00746,This is the worst experience I have ever had. Planning to switch provider immediately.,4
C00746,The outage was resolved. It would have been nice to get a notification.,5
C00747,This is the worst experience I have ever had. Planning to switch provider immediately.,2
C00747,Very pleased with the resolution. Great team.,1
C00748,This is the worst experience I have ever had. Planning to switch provider immediately.,4
C00748,Service interruption was brief. Would like better communication next time.,3
C00748,I am done. Switching to a competitor as soon as possible. Nightmare.,4
C00748,I am absolutely furious — my bill doubled for no reason and no one can explain it.,5
C00748,The technician never showed up. I took a day off work for nothing.,4
C00748,"Terrible service, waited 3 weeks for someone to show up. Completely unacceptable.",4
C00749,I am done. Switching to a competitor as soon as possible. Nightmare.,4
C00749,The technician never showed up. I took a day off work for nothing.,5
C00749,My outage has been going on for 5 days and no one cares. Disgusting.,4
C00751,Service interruption was brief. Would like better communication next time.,3
C00751,I am done. Switching to a competitor as soon as possible. Nightmare.,3
C00751,This is the worst experience I have ever had. Planning to switch provider immediately.,4
C00751,I am done. Switching to a competitor as soon as possible. Nightmare.,5
C00751,Had to follow up twice to get my meter reading corrected.,5
C00754,"Great experience, the technician was professional and efficient.",3
C00754,Had to follow up twice to get my meter reading corrected.,1
C00755,The new meter reading service is fantastic.,2
C00755,Very pleased with the resolution. Great team.,1
C00756,Account change was processed but took a few extra days.,2
C00759,Account change was processed but took a few extra days.,5
C00759,I am done. Switching to a competitor as soon as possible. Nightmare.,3
C00759,Billing errors again! Third month in a row. Completely incompetent.,5
C00759,I am absolutely furious — my bill doubled for no reason and no one can explain it.,3
C00759,"Terrible service, waited 3 weeks for someone to show up. Completely unacceptable.",3
C00759,I have called 7 times and nobody fixes the problem. I want to cancel my account.,4
C00760,"Excellent response time, I am very satisfied.",2
C00761,Unresponsive support and endless hold times. Absolutely awful.,4
C00761,I am done. Switching to a competitor as soon as possible. Nightmare.,5
C00761,"Terrible service, waited 3 weeks for someone to show up. Completely unacceptable.",5
C00761,My outage has been going on for 5 days and no one cares. Disgusting.,3
C00761,Had to follow up twice to get my meter reading corrected.,5
C00761,Nothing special to report. Service has been average.,5
C00763,The support team was extremely helpful and resolved my issue quickly.,2
C00764,"Excellent response time, I am very satisfied.",2
C00764,I am absolutely furious — my bill doubled for no reason and no one can explain it.,3
C00765,I am absolutely furious — my bill doubled for no reason and no one can explain it.,5
C00765,I have called 7 times and nobody fixes the problem. I want to cancel my account.,5
C00765,I am absolutely furious — my bill doubled for no reason and no one can explain it.,5
C00765,My service was cut off without warning. I demand an explanation.,3
C00766,"Excellent response time, I am very satisfied.",1
C00767,The support team was extremely helpful and resolved my issue quickly.,3
C00767,"Great experience, the technician was professional and efficient.",1
C00768,My billing issue was resolved within hours. Highly recommend.,1
C00769,I am done. Switching to a competitor as soon as possible. Nightmare.,5
C00769,My outage has been going on for 5 days and no one cares. Disgusting.,5
C00769,"Terrible service, waited 3 weeks for someone to show up. Completely unacceptable.",4
C00769,My outage has been going on for 5 days and no one cares. Disgusting.,5
C00770,No major problems but the website is a bit slow.,3
C00771,Billing errors again! Third month in a row. Completely incompetent.,5
C00771,Had to follow up twice to get my meter reading corrected.,4
C00771,This is the worst experience I have ever had. Planning to switch provider immediately.,5
C00771,I am done. Switching to a competitor as soon as possible. Nightmare.,3
C00771,Unresponsive support and endless hold times. Absolutely awful.,5
C00771,Billing errors again! Third month in a row. Completely incompetent.,5
C00772,The technician never showed up. I took a day off work for nothing.,3
C00773,"Excellent response time, I am very satisfied.",2
C00773,Technician arrived on time but the fix took longer than expected.,3
C00774,The outage was resolved. It would have been nice to get a notification.,2
C00774,I am done. Switching to a competitor as soon as possible. Nightmare.,3
C00775,This is the worst experience I have ever had. Planning to switch provider immediately.,5
C00775,Unresponsive support and endless hold times. Absolutely awful.,5
C00775,My outage has been going on for 5 days and no one cares. Disgusting.,5
C00775,My outage has been going on for 5 days and no one cares. Disgusting.,5
C00775,I am done. Switching to a competitor as soon as possible. Nightmare.,5
C00776,The technician never showed up. I took a day off work for nothing.,1
C00777,I am done. Switching to a competitor as soon as possible. Nightmare.,4
C00777,No major problems but the website is a bit slow.,5
C00777,Unresponsive support and endless hold times. Absolutely awful.,4
C00777,The technician never showed up. I took a day off work for nothing.,4
C00777,I am done. Switching to a competitor as soon as possible. Nightmare.,4
C00778,I am absolutely furious — my bill doubled for no reason and no one can explain it.,3
C00778,Billing errors again! Third month in a row. Completely incompetent.,4
C00778,Unresponsive support and endless hold times. Absolutely awful.,5
C00778,I am absolutely furious — my bill doubled for no reason and no one can explain it.,4
C00778,My service was cut off without warning. I demand an explanation.,3
C00778,Billing errors again! Third month in a row. Completely incompetent.,4
C00779,I am absolutely furious — my bill doubled for no reason and no one can explain it.,5
C00779,I am done. Switching to a competitor as soon as possible. Nightmare.,4
C00779,Service interruption was brief. Would like better communication next time.,3
C00780,Unresponsive support and endless hold times. Absolutely awful.,5
C00780,I am done. Switching to a competitor as soon as possible. Nightmare.,3
C00780,My service was cut off without warning. I demand an explanation.,4
C00780,I have called 7 times and nobody fixes the problem. I want to cancel my account.,4
C00781,My billing issue was resolved within hours. Highly recommend.,1
C00782,My billing issue was resolved within hours. Highly recommend.,2
C00783,My billing issue was resolved within hours. Highly recommend.,3
C00783,"Excellent response time, I am very satisfied.",1
C00784,"Great experience, the technician was professional and efficient.",1
C00784,"Great experience, the technician was professional and efficient.",1
C00785,"Outstanding service quality, no issues whatsoever.",3
C00787,The technician never showed up. I took a day off work for nothing.,2
C00787,"Very happy with the service, everything works great.",3
C00788,Account change was processed but took a few extra days.,5
C00788,My service was cut off without warning. I demand an explanation.,3
C00788,This is the worst experience I have ever had. Planning to switch provider immediately.,3
C00789,Account change was processed but took a few extra days.,2
C00789,I am absolutely furious — my bill doubled for no reason and no one can explain it.,2
C00790,Service interruption was brief. Would like better communication next time.,4
C00790,I am done. Switching to a competitor as soon as possible. Nightmare.,3
C00790,This is the worst experience I have ever had. Planning to switch provider immediately.,5
C00790,This is the worst experience I have ever had. Planning to switch provider immediately.,3
C00790,The support person was polite but couldn't fully resolve my issue.,3
C00790,I am done. Switching to a competitor as soon as possible. Nightmare.,5
C00791,"Terrible service, waited 3 weeks for someone to show up. Completely unacceptable.",5
C00791,My outage has been going on for 5 days and no one cares. Disgusting.,5
C00791,Account change was processed but took a few extra days.,5
C00791,Nothing special to report. Service has been average.,5
C00792,"Very happy with the service, everything works great.",2
C00793,Billing seems correct this month. Last month there was a small issue.,1
C00794,This is the worst experience I have ever had. Planning to switch provider immediately.,4
C00794,I have called 7 times and nobody fixes the problem. I want to cancel my account.,3
C00794,My service was cut off without warning. I demand an explanation.,3
C00795,Unresponsive support and endless hold times. Absolutely awful.,5
C00795,I am absolutely furious — my bill doubled for no reason and no one can explain it.,4
C00795,My service was cut off without warning. I demand an explanation.,4
C00796,"Very happy with the service, everything works great.",1
C00797,Had to follow up twice to get my meter reading corrected.,1
C00797,"Excellent response time, I am very satisfied.",2
C00798,Billing errors again! Third month in a row. Completely incompetent.,3
C00798,I am absolutely furious — my bill doubled for no reason and no one can explain it.,4
C00798,My service was cut off without warning. I demand an explanation.,3
C00798,Billing errors again! Third month in a row. Completely incompetent.,5
C00798,I am done. Switching to a competitor as soon as possible. Nightmare.,5
C00800,The new meter reading service is fantastic.,2
C00801,"Very happy with the service, everything works great.",2
C00801,Very pleased with the resolution. Great team.,3
C00802,The support team was extremely helpful and resolved my issue quickly.,1
C00803,"Great experience, the technician was professional and efficient.",1
C00803,"Excellent response time, I am very satisfied.",1
C00804,No major problems but the website is a bit slow.,3
C00807,Service is generally okay. Had a minor billing discrepancy last month.,2
C00807,The support person was polite but couldn't fully resolve my issue.,1
C00808,"Great experience, the technician was professional and efficient.",3
C00809,I am absolutely furious — my bill doubled for no reason and no one can explain it.,1
C00809,The support team was extremely helpful and resolved my issue quickly.,3
C00810,"Love the online portal, makes managing my account super easy.",2
C00810,"Very happy with the service, everything works great.",1
C00811,"Love the online portal, makes managing my account super easy.",1
C00812,Service is generally okay. Had a minor billing discrepancy last month.,4
C00812,"Terrible service, waited 3 weeks for someone to show up. Completely unacceptable.",4
C00812,My service was cut off without warning. I demand an explanation.,3
C00812,I have called 7 times and nobody fixes the problem. I want to cancel my account.,5
C00812,I am done. Switching to a competitor as soon as possible. Nightmare.,5
C00812,Billing errors again! Third month in a row. Completely incompetent.,3
C00813,No major problems but the website is a bit slow.,1
C00815,Service is generally okay. Had a minor billing discrepancy last month.,1
C00816,The outage was resolved. It would have been nice to get a notification.,3
C00816,My service was cut off without warning. I demand an explanation.,4
C00816,The outage was resolved. It would have been nice to get a notification.,5
C00816,I have called 7 times and nobody fixes the problem. I want to cancel my account.,5
C00816,I am done. Switching to a competitor as soon as possible. Nightmare.,3
C00817,I am absolutely furious — my bill doubled for no reason and no one can explain it.,5
C00817,I have called 7 times and nobody fixes the problem. I want to cancel my account.,4
C00817,I have called 7 times and nobody fixes the problem. I want to cancel my account.,4
C00817,Unresponsive support and endless hold times. Absolutely awful.,4
C00817,I am absolutely furious — my bill doubled for no reason and no one can explain it.,5
C00817,I am done. Switching to a competitor as soon as possible. Nightmare.,3
C00818,Very pleased with the resolution. Great team.,2
C00818,This is the worst experience I have ever had. Planning to switch provider immediately.,1
C00821,Very pleased with the resolution. Great team.,1
C00821,"Great experience, the technician was professional and efficient.",3
C00822,Service interruption was brief. Would like better communication next time.,3
C00823,"Excellent response time, I am very satisfied.",3
C00824,"Very happy with the service, everything works great.",1
C00824,Had to follow up twice to get my meter reading corrected.,3
C00826,Had to follow up twice to get my meter reading corrected.,3
C00826,Service interruption was brief. Would like better communication next time.,5
C00826,Billing seems correct this month. Last month there was a small issue.,3
C00826,I am absolutely furious — my bill doubled for no reason and no one can explain it.,3
C00828,My service was cut off without warning. I demand an explanation.,1
C00829,Unresponsive support and endless hold times. Absolutely awful.,3
C00830,"Excellent response time, I am very satisfied.",2
C00831,"Love the online portal, makes managing my account super easy.",2
C00831,No major problems but the website is a bit slow.,3
C00832,Billing errors again! Third month in a row. Completely incompetent.,4
C00832,The technician never showed up. I took a day off work for nothing.,4
C00832,Service interruption was brief. Would like better communication next time.,4
C00832,I am done. Switching to a competitor as soon as possible. Nightmare.,3
C00832,Nothing special to report. Service has been average.,3
C00834,Nothing special to report. Service has been average.,2
C00834,"Quick and helpful customer service, thank you!",1
C00835,Nothing special to report. Service has been average.,4
C00835,Nothing special to report. Service has been average.,3
C00835,My service was cut off without warning. I demand an explanation.,3
C00835,I have called 7 times and nobody fixes the problem. I want to cancel my account.,3
C00835,Unresponsive support and endless hold times. Absolutely awful.,5
C00836,I am absolutely furious — my bill doubled for no reason and no one can explain it.,5
C00836,My service was cut off without warning. I demand an explanation.,4
C00836,Had to follow up twice to get my meter reading corrected.,4
C00836,I am done. Switching to a competitor as soon as possible. Nightmare.,5
C00836,Account change was processed but took a few extra days.,5
C00836,No major problems but the website is a bit slow.,4
C00837,I am absolutely furious — my bill doubled for no reason and no one can explain it.,3
C00837,The support team was extremely helpful and resolved my issue quickly.,2
C00838,"Outstanding service quality, no issues whatsoever.",1
C00839,Had to follow up twice to get my meter reading corrected.,2
C00839,I have called 7 times and nobody fixes the problem. I want to cancel my account.,2
C00840,"Terrible service, waited 3 weeks for someone to show up. Completely unacceptable.",4
C00840,My outage has been going on for 5 days and no one cares. Disgusting.,3
C00840,This is the worst experience I have ever had. Planning to switch provider immediately.,4
C00843,"Quick and helpful customer service, thank you!",3
C00843,The support team was extremely helpful and resolved my issue quickly.,1
C00844,Unresponsive support and endless hold times. Absolutely awful.,5
C00844,Unresponsive support and endless hold times. Absolutely awful.,5
C00844,Unresponsive support and endless hold times. Absolutely awful.,5
C00844,The support person was polite but couldn't fully resolve my issue.,3
C00846,"Quick and helpful customer service, thank you!",2
C00846,Technician arrived on time but the fix took longer than expected.,3
C00848,"Terrible service, waited 3 weeks for someone to show up. Completely unacceptable.",4
C00848,I am done. Switching to a competitor as soon as possible. Nightmare.,3
C00848,The technician never showed up. I took a day off work for nothing.,4
C00848,I have called 7 times and nobody fixes the problem. I want to cancel my account.,4
C00849,Technician arrived on time but the fix took longer than expected.,5
C00849,The outage was resolved. It would have been nice to get a notification.,4
C00849,My outage has been going on for 5 days and no one cares. Disgusting.,3
C00849,My service was cut off without warning. I demand an explanation.,5
C00849,I am absolutely furious — my bill doubled for no reason and no one can explain it.,3
C00849,My service was cut off without warning. I demand an explanation.,5
C00850,The support person was polite but couldn't fully resolve my issue.,1
C00850,Billing seems correct this month. Last month there was a small issue.,1
C00851,My service was cut off without warning. I demand an explanation.,3
C00851,I am absolutely furious — my bill doubled for no reason and no one can explain it.,5
C00851,This is the worst experience I have ever had. Planning to switch provider immediately.,3
C00851,My outage has been going on for 5 days and no one cares. Disgusting.,3
C00851,Account change was processed but took a few extra days.,3
C00852,My billing issue was resolved within hours. Highly recommend.,2
C00852,Service is generally okay. Had a minor billing discrepancy last month.,3
C00853,No major problems but the website is a bit slow.,4
C00853,My outage has been going on for 5 days and no one cares. Disgusting.,4
C00853,I have called 7 times and nobody fixes the problem. I want to cancel my account.,5
C00853,Account change was processed but took a few extra days.,4
C00856,"Quick and helpful customer service, thank you!",3
C00857,"Quick and helpful customer service, thank you!",2
C00857,Nothing special to report. Service has been average.,3
C00858,"Outstanding service quality, no issues whatsoever.",1
C00858,"Very happy with the service, everything works great.",3
C00859,My outage has been going on for 5 days and no one cares. Disgusting.,5
C00859,This is the worst experience I have ever had. Planning to switch provider immediately.,3
C00859,The technician never showed up. I took a day off work for nothing.,3
C00861,Very pleased with the resolution. Great team.,3
C00862,"Very happy with the service, everything works great.",2
C00862,"Love the online portal, makes managing my account super easy.",3
C00863,Had to follow up twice to get my meter reading corrected.,2
C00863,"Very happy with the service, everything works great.",1
C00864,"Quick and helpful customer service, thank you!",2
C00865,The technician never showed up. I took a day off work for nothing.,3
C00865,Billing errors again! Third month in a row. Completely incompetent.,3
C00865,The technician never showed up. I took a day off work for nothing.,5
C00865,I am absolutely furious — my bill doubled for no reason and no one can explain it.,3
C00866,The technician never showed up. I took a day off work for nothing.,4
C00866,Service interruption was brief. Would like better communication next time.,4
C00866,Billing errors again! Third month in a row. Completely incompetent.,4
C00868,This is the worst experience I have ever had. Planning to switch provider immediately.,4
C00868,Unresponsive support and endless hold times. Absolutely awful.,4
C00868,"Terrible service, waited 3 weeks for someone to show up. Completely unacceptable.",5
C00868,The technician never showed up. I took a day off work for nothing.,4
C00868,I am absolutely furious — my bill doubled for no reason and no one can explain it.,4
C00868,Unresponsive support and endless hold times. Absolutely awful.,4
C00869,Service is generally okay. Had a minor billing discrepancy last month.,2
C00870,"Great experience, the technician was professional and efficient.",1
C00870,"Very happy with the service, everything works great.",1
C00871,The support team was extremely helpful and resolved my issue quickly.,3
C00871,"Very happy with the service, everything works great.",1
C00872,"Great experience, the technician was professional and efficient.",3
C00873,"Very happy with the service, everything works great.",1
C00873,"Love the online portal, makes managing my account super easy.",3
C00874,The outage was resolved. It would have been nice to get a notification.,2
C00874,Billing seems correct this month. Last month there was a small issue.,2
C00875,Technician arrived on time but the fix took longer than expected.,4
C00875,My outage has been going on for 5 days and no one cares. Disgusting.,4
C00875,The support person was polite but couldn't fully resolve my issue.,3
C00876,My service was cut off without warning. I demand an explanation.,2
C00877,"Outstanding service quality, no issues whatsoever.",3
C00877,Nothing special to report. Service has been average.,1
C00879,No major problems but the website is a bit slow.,1
C00881,This is the worst experience I have ever had. Planning to switch provider immediately.,4
C00881,I am absolutely furious — my bill doubled for no reason and no one can explain it.,4
C00881,I am done. Switching to a competitor as soon as possible. Nightmare.,3
C00881,Had to follow up twice to get my meter reading corrected.,3
C00881,I am absolutely furious — my bill doubled for no reason and no one can explain it.,4
C00883,The new meter reading service is fantastic.,1
C00883,Account change was processed but took a few extra days.,2
C00884,The support person was polite but couldn't fully resolve my issue.,2
C00885,Billing seems correct this month. Last month there was a small issue.,5
C00885,I am done. Switching to a competitor as soon as possible. Nightmare.,4
C00885,The outage was resolved. It would have been nice to get a notification.,4
C00886,My billing issue was resolved within hours. Highly recommend.,2
C00886,Very pleased with the resolution. Great team.,3
C00887,My billing issue was resolved within hours. Highly recommend.,1
C00888,My billing issue was resolved within hours. Highly recommend.,1
C00888,"Great experience, the technician was professional and efficient.",3
C00889,"Terrible service, waited 3 weeks for someone to show up. Completely unacceptable.",5
C00889,Unresponsive support and endless hold times. Absolutely awful.,3
C00889,Unresponsive support and endless hold times. Absolutely awful.,3
C00890,Very pleased with the resolution. Great team.,2
C00890,"Quick and helpful customer service, thank you!",1
C00892,The support person was polite but couldn't fully resolve my issue.,3
C00892,My outage has been going on for 5 days and no one cares. Disgusting.,3
C00892,I have called 7 times and nobody fixes the problem. I want to cancel my account.,4
C00892,The technician never showed up. I took a day off work for nothing.,4
C00892,Technician arrived on time but the fix took longer than expected.,4
C00893,I am done. Switching to a competitor as soon as possible. Nightmare.,3
C00893,"Love the online portal, makes managing my account super easy.",1
C00895,"Terrible service, waited 3 weeks for someone to show up. Completely unacceptable.",3
C00895,I am done. Switching to a competitor as soon as possible. Nightmare.,4
C00895,I am absolutely furious — my bill doubled for no reason and no one can explain it.,4
C00897,Service interruption was brief. Would like better communication next time.,3
C00899,"Very happy with the service, everything works great.",1
C00900,Service interruption was brief. Would like better communication next time.,4
C00900,The technician never showed up. I took a day off work for nothing.,5
C00900,I have called 7 times and nobody fixes the problem. I want to cancel my account.,5
C00900,Service interruption was brief. Would like better communication next time.,4
C00900,My service was cut off without warning. I demand an explanation.,5
C00900,I have called 7 times and nobody fixes the problem. I want to cancel my account.,5
C00902,"Excellent response time, I am very satisfied.",2
C00904,The technician never showed up. I took a day off work for nothing.,4
C00904,This is the worst experience I have ever had. Planning to switch provider immediately.,4
C00904,The support person was polite but couldn't fully resolve my issue.,4
C00904,The support person was polite but couldn't fully resolve my issue.,4
C00905,"Love the online portal, makes managing my account super easy.",1
C00908,The support team was extremely helpful and resolved my issue quickly.,2
C00908,Nothing special to report. Service has been average.,3
C00909,I am absolutely furious — my bill doubled for no reason and no one can explain it.,5
C00909,My service was cut off without warning. I demand an explanation.,3
C00909,"Terrible service, waited 3 weeks for someone to show up. Completely unacceptable.",4
C00910,Account change was processed but took a few extra days.,1
C00911,"Love the online portal, makes managing my account super easy.",2
C00913,The outage was resolved. It would have been nice to get a notification.,4
C00913,Unresponsive support and endless hold times. Absolutely awful.,4
C00913,I am done. Switching to a competitor as soon as possible. Nightmare.,4
C00913,Billing errors again! Third month in a row. Completely incompetent.,3
C00914,"Excellent response time, I am very satisfied.",2
C00915,I have called 7 times and nobody fixes the problem. I want to cancel my account.,3
C00915,Nothing special to report. Service has been average.,1
C00916,"Outstanding service quality, no issues whatsoever.",2
C00920,My billing issue was resolved within hours. Highly recommend.,2
C00920,No major problems but the website is a bit slow.,1
C00921,"Very happy with the service, everything works great.",3
C00921,"Quick and helpful customer service, thank you!",1
C00924,"Love the online portal, makes managing my account super easy.",1
C00924,"Terrible service, waited 3 weeks for someone to show up. Completely unacceptable.",3
C00925,"Love the online portal, makes managing my account super easy.",2
C00925,The new meter reading service is fantastic.,3
C00926,The outage was resolved. It would have been nice to get a notification.,1
C00928,Account change was processed but took a few extra days.,2
C00928,I am done. Switching to a competitor as soon as possible. Nightmare.,1
C00929,Service is generally okay. Had a minor billing discrepancy last month.,4
C00929,Unresponsive support and endless hold times. Absolutely awful.,5
C00929,No major problems but the website is a bit slow.,5
C00929,Service interruption was brief. Would like better communication next time.,3
C00929,Billing seems correct this month. Last month there was a small issue.,5
C00930,The technician never showed up. I took a day off work for nothing.,3
C00931,"Great experience, the technician was professional and efficient.",3
C00931,The support person was polite but couldn't fully resolve my issue.,3
C00932,The support team was extremely helpful and resolved my issue quickly.,2
C00933,My outage has been going on for 5 days and no one cares. Disgusting.,3
C00933,Billing errors again! Third month in a row. Completely incompetent.,3
C00933,I am done. Switching to a competitor as soon as possible. Nightmare.,5
C00934,I have called 7 times and nobody fixes the problem. I want to cancel my account.,4
C00934,Unresponsive support and endless hold times. Absolutely awful.,4
C00934,The technician never showed up. I took a day off work for nothing.,3
C00934,The outage was resolved. It would have been nice to get a notification.,3
C00935,The new meter reading service is fantastic.,1
C00935,This is the worst experience I have ever had. Planning to switch provider immediately.,2
C00936,My service was cut off without warning. I demand an explanation.,4
C00936,"Terrible service, waited 3 weeks for someone to show up. Completely unacceptable.",5
C00936,Billing seems correct this month. Last month there was a small issue.,4
C00937,I am absolutely furious — my bill doubled for no reason and no one can explain it.,3
C00937,"Terrible service, waited 3 weeks for someone to show up. Completely unacceptable.",4
C00937,This is the worst experience I have ever had. Planning to switch provider immediately.,3
C00937,I am absolutely furious — my bill doubled for no reason and no one can explain it.,3
C00938,"Love the online portal, makes managing my account super easy.",3
C00938,My service was cut off without warning. I demand an explanation.,2
C00939,Nothing special to report. Service has been average.,4
C00939,This is the worst experience I have ever had. Planning to switch provider immediately.,4
C00939,No major problems but the website is a bit slow.,4
C00939,My service was cut off without warning. I demand an explanation.,5
C00939,Technician arrived on time but the fix took longer than expected.,3
C00940,No major problems but the website is a bit slow.,3
C00940,Billing seems correct this month. Last month there was a small issue.,5
C00940,I am absolutely furious — my bill doubled for no reason and no one can explain it.,4
C00942,Unresponsive support and endless hold times. Absolutely awful.,3
C00942,"Love the online portal, makes managing my account super easy.",2
C00943,Technician arrived on time but the fix took longer than expected.,1
C00943,The new meter reading service is fantastic.,1
C00946,No major problems but the website is a bit slow.,5
C00946,This is the worst experience I have ever had. Planning to switch provider immediately.,4
C00946,This is the worst experience I have ever had. Planning to switch provider immediately.,4
C00946,My service was cut off without warning. I demand an explanation.,4
C00947,"Outstanding service quality, no issues whatsoever.",1
C00947,This is the worst experience I have ever had. Planning to switch provider immediately.,3
C00948,Unresponsive support and endless hold times. Absolutely awful.,3
C00948,This is the worst experience I have ever had. Planning to switch provider immediately.,4
C00948,Technician arrived on time but the fix took longer than expected.,4
C00948,Technician arrived on time but the fix took longer than expected.,3
C00949,No major problems but the website is a bit slow.,2
C00949,Billing seems correct this month. Last month there was a small issue.,2
C00951,The outage was resolved. It would have been nice to get a notification.,3
C00952,The technician never showed up. I took a day off work for nothing.,4
C00952,Nothing special to report. Service has been average.,4
C00952,This is the worst experience I have ever had. Planning to switch provider immediately.,4
C00952,I have called 7 times and nobody fixes the problem. I want to cancel my account.,3
C00952,This is the worst experience I have ever had. Planning to switch provider immediately.,4
C00954,My billing issue was resolved within hours. Highly recommend.,1
C00957,Service is generally okay. Had a minor billing discrepancy last month.,3
C00957,"Outstanding service quality, no issues whatsoever.",3
C00958,Technician arrived on time but the fix took longer than expected.,1
C00959,I am absolutely furious — my bill doubled for no reason and no one can explain it.,3
C00959,Account change was processed but took a few extra days.,3
C00959,Billing errors again! Third month in a row. Completely incompetent.,4
C00959,Billing errors again! Third month in a row. Completely incompetent.,4
C00960,Billing errors again! Third month in a row. Completely incompetent.,3
C00961,"Quick and helpful customer service, thank you!",2
C00961,Account change was processed but took a few extra days.,3
C00962,"Quick and helpful customer service, thank you!",3
C00964,I am done. Switching to a competitor as soon as possible. Nightmare.,2
C00964,"Terrible service, waited 3 weeks for someone to show up. Completely unacceptable.",1
C00965,Had to follow up twice to get my meter reading corrected.,3
C00965,The support team was extremely helpful and resolved my issue quickly.,1
C00966,The outage was resolved. It would have been nice to get a notification.,3
C00966,The technician never showed up. I took a day off work for nothing.,5
C00966,My outage has been going on for 5 days and no one cares. Disgusting.,4
C00966,Technician arrived on time but the fix took longer than expected.,3
C00967,"Quick and helpful customer service, thank you!",2
C00968,"Excellent response time, I am very satisfied.",2
C00969,The new meter reading service is fantastic.,3
C00970,Account change was processed but took a few extra days.,3
C00970,"Great experience, the technician was professional and efficient.",2
C00971,Service is generally okay. Had a minor billing discrepancy last month.,1
C00973,Very pleased with the resolution. Great team.,2
C00973,"Very happy with the service, everything works great.",2
C00974,Service interruption was brief. Would like better communication next time.,2
C00975,My service was cut off without warning. I demand an explanation.,1
C00975,Account change was processed but took a few extra days.,3
C00976,Nothing special to report. Service has been average.,2
C00977,"Love the online portal, makes managing my account super easy.",3
C00977,"Great experience, the technician was professional and efficient.",1
C00978,The outage was resolved. It would have been nice to get a notification.,3
C00978,I am done. Switching to a competitor as soon as possible. Nightmare.,3
C00978,Technician arrived on time but the fix took longer than expected.,3
C00978,Unresponsive support and endless hold times. Absolutely awful.,3
C00978,Technician arrived on time but the fix took longer than expected.,5
C00979,My billing issue was resolved within hours. Highly recommend.,3
C00979,I am absolutely furious — my bill doubled for no reason and no one can explain it.,2
C00982,The new meter reading service is fantastic.,3
C00983,Billing seems correct this month. Last month there was a small issue.,3
C00983,I am absolutely furious — my bill doubled for no reason and no one can explain it.,5
C00983,Account change was processed but took a few extra days.,4
C00983,I am absolutely furious — my bill doubled for no reason and no one can explain it.,4
C00983,The technician never showed up. I took a day off work for nothing.,5
C00986,The support person was polite but couldn't fully resolve my issue.,3
C00987,This is the worst experience I have ever had. Planning to switch provider immediately.,4
C00987,My service was cut off without warning. I demand an explanation.,3
C00987,Technician arrived on time but the fix took longer than expected.,4
C00987,I am done. Switching to a competitor as soon as possible. Nightmare.,5
C00989,The technician never showed up. I took a day off work for nothing.,1
C00990,The outage was resolved. It would have been nice to get a notification.,3
C00990,"Great experience, the technician was professional and efficient.",3
C00991,The technician never showed up. I took a day off work for nothing.,1
C00992,Unresponsive support and endless hold times. Absolutely awful.,4
C00992,The support person was polite but couldn't fully resolve my issue.,5
C00992,Service interruption was brief. Would like better communication next time.,3
C00993,The technician never showed up. I took a day off work for nothing.,1
C00994,Service is generally okay. Had a minor billing discrepancy last month.,2
C00995,"Outstanding service quality, no issues whatsoever.",3
C00996,Billing seems correct this month. Last month there was a small issue.,3
C00997,"Outstanding service quality, no issues whatsoever.",2
C00997,I am done. Switching to a competitor as soon as possible. Nightmare.,1
C00998,Service is generally okay. Had a minor billing discrepancy last month.,3
C00998,Nothing special to report. Service has been average.,2
C01000,"Outstanding service quality, no issues whatsoever.",3
C01000,Account change was processed but took a few extra days.,2
